ci_idx,ai_idx,distance
0,74305,0.006607671491801735
1,12070,0.004238333187531683
2,77335,0.00945465859025717
3,31708,0.008036278896033765
4,1612,0.012057185266166927
5,25237,0.021214669048786165
6,5671,0.004021694604307411
7,21707,0.007217052830383182
8,9610,0.002993511352688074
9,95991,0.0042838945984840435
10,92809,0.005880371406674386
11,22201,0.00942047730088234
12,55044,0.008022630438208576
13,53120,0.007218078947626053
14,87429,0.006941885519772772
15,33502,0.0064929488394409405
16,43000,0.0032951993308961386
17,97992,0.007545557329431173
18,97682,0.004092400497756899
19,38361,0.005576109909452502
20,91337,0.012542844414710994
21,36356,0.003901304453611371
22,26541,0.005286726206541059
23,46084,0.0047397429635748275
24,87844,0.006297001056373114
25,98724,0.0029016034957021503
26,72639,0.004041282436810435
27,56081,0.007175954142585395
28,44334,0.012140076616778976
29,53195,0.005685916710644955
30,64502,0.00454636562615633
31,85075,0.004564915040973576
32,45101,0.004979822933673857
33,6106,0.014725765660405154
34,48114,0.01850725084077567
35,75307,0.006200989224016662
36,8357,0.005470780860632656
37,94073,0.005134171871468425
38,65609,0.003330573006533091
39,35734,0.007614368693903088
40,85340,0.004236333121079952
41,88076,0.009818001701496541
42,85301,0.004972061379812657
43,75416,0.011838402638677506
44,65529,0.003356412798166273
45,61027,0.006661747572943567
46,83944,0.011075615491718059
47,26936,0.003943841108120974
48,2861,0.010939795030280945
49,54019,0.0037457902915775717
50,22505,0.009050261583179234
51,61009,0.003078858549706637
52,50178,0.0059665496647357975
53,15882,0.007504792436957362
54,30682,0.011882381439208993
55,11241,0.030717872679233555
56,9205,0.012473818084690719
57,74553,0.0033617336116731136
58,3182,0.00801412331871688
59,17071,0.013851089179515837
60,85809,0.013571221278980375
61,96224,0.007915564654394984
62,23336,0.019790848195552827
63,94467,0.00472068014089018
64,59443,0.006386413276195527
65,52907,0.002993758330121635
66,66958,0.007318322509527201
67,3840,0.0031124967336654706
68,86750,0.005104687176644803
69,87392,0.004492785558104516
70,51768,0.01778231829404831
71,76756,0.003901676516979938
72,24076,0.00398842575028539
73,60351,0.009724810677580532
74,96714,0.014720557592809203
75,56853,0.003904678721446549
76,39136,0.004623707309365275
77,19803,0.007149463165551425
78,97915,0.007684197151102128
79,62184,0.009948636405169969
80,68861,0.004466551407240336
81,34977,0.011197045180015268
82,47589,0.013103731572628027
83,68877,0.007540654409676785
84,63836,0.005754422838799657
85,94874,0.005039534834213551
86,33616,0.005503270626068122
87,27268,0.01842355936765671
88,38715,0.00423133970005438
89,20702,0.005822162218391904
90,6578,0.0017152931378223051
91,85836,0.0035424139257520413
92,46933,0.003417525622062384
93,79592,0.00520281821489334
94,60556,0.00717593645676971
95,30170,0.008445452470332383
96,17624,0.002129006172763184
97,41354,0.005535264285281305
98,78062,0.0057887818478047845
99,23341,0.008890198767185213
100,90488,0.005592767773196102
101,92033,0.019506054371595388
102,40697,0.00460984164848924
103,603,0.01182194435037672
104,26729,0.01039455571677536
105,46038,0.005304924589581791
106,73148,0.006622849488630894
107,65789,0.004229650704655794
108,91155,0.013243348896503445
109,34424,0.008944015624001626
110,90901,0.004090642648516227
111,65210,0.004168754275888206
112,90683,0.005391914024949073
113,85343,0.022833039388060566
114,86238,0.011844985797069968
115,74475,0.00622090503573418
116,32460,0.003735942728817461
117,90455,0.0062378119677305235
118,86143,0.003141571301966904
119,9366,0.005832702716579659
120,31484,0.004544826596975323
121,70984,0.006472856327891354
122,32843,0.009986457787454127
123,87507,0.0046155275404453295
124,88119,0.004427268765866759
125,28237,0.008506581271067263
126,55108,0.01771273732185363
127,78933,0.004276243443600829
128,14555,0.009379953574389227
129,85840,0.0051348856207914665
130,57089,0.0074178199423477085
131,26946,0.005891855210065841
132,14321,0.004475326917599884
133,65096,0.005813361648470157
134,44892,0.0055947450362145885
135,39560,0.011114095966331663
136,44378,0.003310923485551028
137,99134,0.007012277198955415
138,43116,0.01544316053390503
139,60705,0.011961903758347034
140,67799,0.007272408115677532
141,58022,0.007206196691840889
142,65201,0.003096339209005235
143,79333,0.012033290867693721
144,86031,0.007092316672205924
145,81349,0.00364433597773314
146,24794,0.007065003961324696
147,61231,0.020406054668128493
148,31261,0.00314422885770909
149,79653,0.0028060045221354837
150,45140,0.0037593500316143048
151,47410,0.0038267807429656388
152,21620,0.0055525641515851
153,8764,0.004363435413688422
154,61114,0.010711190290749073
155,84019,0.004969557684380567
156,33409,0.0059138776361942315
157,37806,0.006531489812768996
158,7721,0.005689175194129344
159,47076,0.010484074228443208
160,3527,0.006654794336063782
161,73057,0.014121466875076295
162,20264,0.004932564161717897
163,47074,0.004413185864686966
164,35050,0.006318095144815741
165,66713,0.0071477422048337735
166,98348,0.008583413152955478
167,2281,0.00481467962963507
168,86745,0.007951645851135248
169,7035,0.004737361804582178
170,79967,0.012900318950414647
171,56979,0.0034516725142020757
172,76132,0.007643388411961494
173,62564,0.017643337249755853
174,70785,0.007752897022292017
175,56357,0.0029124771989882006
176,89255,0.003880780464969575
177,64386,0.004877959409495816
178,17955,0.00689433075487614
179,60449,0.0043249903665855535
180,43014,0.03954641334712505
181,54506,0.004854614138603211
182,15265,0.0049695927137509005
183,21134,0.016796756386756893
184,59858,0.015229187011718747
185,3644,0.01267404668964446
186,2709,0.009033015482127664
187,54731,0.008620784021914005
188,47390,0.00572558952029795
189,99121,0.02186192870140076
190,53562,0.008238343833945689
191,79216,0.007060546847060313
192,91612,0.015441037360578771
193,98110,0.005242995209991929
194,91157,0.0069413332641124655
195,71830,0.003427813490852712
196,45244,0.00204723495990038
197,74137,0.016207837532274425
198,59333,0.002608642615377901
199,760,0.0025614009960554535
200,90827,0.002559834788553416
201,35872,0.02056538237258792
202,9898,0.010036597251892092
203,65981,0.007356531899422408
204,75893,0.008987083556130525
205,77291,0.005918186735361817
206,17625,0.004503399867098779
207,86811,0.004291022282559424
208,46668,0.00415353128686547
209,72182,0.0034864370245486524
210,57264,0.0054296143283136195
211,75061,0.00490335297770798
212,70668,0.004310932513326408
213,29973,0.0030938122142106293
214,33573,0.011750033050775528
215,43761,0.00639830779284238
216,87257,0.003999383363407103
217,66330,0.005792207568883896
218,70417,0.004519887436181302
219,31743,0.005093290247023102
220,76351,0.00514515468850732
221,63686,0.00323763198684901
222,3822,0.0052580749616026965
223,52764,0.005564393075183036
224,31844,0.004438810413703323
225,1814,0.00749546670820564
226,87782,0.014168657809495928
227,76899,0.007516855821013452
228,63912,0.008550865408033133
229,51932,0.0030679969443008267
230,8605,0.010734623705502606
231,77268,0.006157578267157082
232,13720,0.024176824055612087
233,98616,0.0027456199051812246
234,70078,0.004326180387288332
235,25122,0.0057621279032900935
236,4385,0.008368804613128309
237,64732,0.005324705829843873
238,95257,0.008534783148206763
239,98568,0.021725577255710962
240,86205,0.0031044229795224934
241,4423,0.003911796282045541
242,60999,0.008331089988350865
243,34379,0.007558843782171611
244,68924,0.00524231296032667
245,38350,0.008524813856929537
246,17720,0.005887518506497144
247,98332,0.006039347946643828
248,69098,0.00791231334209442
249,3646,0.0028476506331935525
250,17164,0.005613710925681521
251,74083,0.007196898274123674
252,17448,0.00486863315105438
253,95443,0.00917158782482147
254,84901,0.010700459624640642
255,5072,0.011136918514966964
256,43067,0.004831826342269778
257,41703,0.008851369898766275
258,26978,0.009962162449955939
259,61448,0.004830087490845472
260,78624,0.004082866450771687
261,31187,0.008486126384232191
262,4714,0.007482716403901581
263,98157,0.006978256776928901
264,1858,0.01027967929840088
265,78915,0.008922599507495755
266,96684,0.005730401985347269
267,74128,0.010965725556015968
268,66251,0.012213642112910745
269,87321,0.005816384106874463
270,90438,0.009241392910480501
271,35854,0.006550299879163501
272,60987,0.01931632161140442
273,80976,0.0047239994583651405
274,92422,0.005612981300801031
275,85307,0.015651893876492982
276,31497,0.007466828029137106
277,25759,0.009467272663023319
278,28634,0.01084026342723519
279,40037,0.026529865544289356
280,90916,0.009172404780983929
281,68227,0.003096233005635445
282,34072,0.006755813257768752
283,28285,0.005055074431002139
284,87576,0.006438194438815122
285,53919,0.0065133462101221095
286,30875,0.00328007858712226
287,26754,0.0016324477561283823
288,36760,0.004052889922168103
289,94787,0.00642871825490147
290,22207,0.019086347520351415
291,62443,0.0058373107388615605
292,22667,0.0030834858980961144
293,70396,0.010230623371899122
294,72841,0.010576940183527766
295,82058,0.004109321720898156
296,27877,0.0037107371725142004
297,46556,0.0037083117011934555
298,74864,0.006694631900172679
299,14102,0.011916313879191872
300,70605,0.008778213262557986
301,32253,0.004354658331722023
302,56769,0.02060722334310413
303,36746,0.011128087043762207
304,17377,0.004348875768482686
305,41491,0.02490099281072617
306,70090,0.008390149958431722
307,15692,0.016562114506959918
308,17245,0.005044508525170383
309,47905,0.007505809557624162
310,50464,0.009103496838361027
311,54672,0.014779644473455842
312,15179,0.0043727022036910024
313,91328,0.009532839804887769
314,44741,0.003927639457397167
315,2965,0.003720451346598566
316,77912,0.009253624154953287
317,14061,0.004041371641214941
318,61846,0.012209191322326665
319,47574,0.004551289528608324
320,95573,0.010683071240782745
321,34104,0.0035630796477198593
322,39166,0.00699969021603465
323,46656,0.005033446066081523
324,25302,0.0008863241062499537
325,57694,0.011528167463839056
326,39447,0.005270152259618043
327,55467,0.01004464341327548
328,56730,0.00555896383710206
329,5818,0.003099656789563597
330,21406,0.004986697435379028
331,85645,0.0044032053509727095
332,28142,0.006191390217281876
333,94818,0.01183406643569469
334,91528,0.00532219247892499
335,84538,0.005946501754224305
336,45977,0.010015229284763335
337,44306,0.0048476493731141115
338,88878,0.0014952198986429737
339,14876,0.0074254338396713155
340,52388,0.004597997274249797
341,39694,0.006093476377427574
342,99246,0.004705563504248859
343,34291,0.009460762219969186
344,56961,0.0030332745984196618
345,58238,0.0047203663922846355
346,6165,0.004178382884711023
347,9509,0.003451408483088017
348,33986,0.0036693147197365775
349,37554,0.016333919409662487
350,68503,0.005495356665924192
351,58820,0.0037077784677967403
352,71514,0.016285718455910682
353,89819,0.012206962406635284
354,33916,0.004027213285444305
355,91174,0.010305719864554705
356,777,0.008152329921722417
357,85297,0.002582441009581091
358,56556,0.006719485549256206
359,84499,0.008329668492078782
360,65383,0.003575593112036584
361,19098,0.006981411719461903
362,19010,0.0038389370404183845
363,60871,0.011879407986998556
364,54851,0.0038384059490636007
365,57630,0.005017133411020043
366,81204,0.005096642093267293
367,39739,0.0040785380825400334
368,5588,0.015305985431186858
369,34229,0.011466553062200542
370,67668,0.008086549844592809
371,67225,0.007587897591292861
372,41072,0.008466579129453748
373,41676,0.012253511734306808
374,36114,0.0036935276165604566
375,57595,0.013343241582624616
376,56925,0.0025352842849679313
377,41988,0.004724988136440518
378,36905,0.005935983690433204
379,77302,0.007105594668537378
380,41857,0.004327057227492331
381,70269,0.007166974616702646
382,15141,0.02109965421259403
383,16124,0.01087554771453142
384,30566,0.006094647273421291
385,31783,0.003714689053595069
386,55823,0.0037219801405444755
387,32230,0.004177777939476074
388,22567,0.010886557996273038
389,93483,0.025103959143161776
390,67369,0.006390947252511978
391,95198,0.007922026044689121
392,51415,0.011828049272298816
393,6518,0.003479441839735956
394,95883,0.0030197807354852557
395,97934,0.012358932346105574
396,60731,0.004224024442955854
397,17348,0.004652515663765372
398,44955,0.006858259020373226
399,85448,0.007222540751099587
400,230,0.017839471865445378
401,73982,0.006618321090936662
402,46988,0.004555771518498657
403,34126,0.017621314045973124
404,63885,0.008301187902688977
405,34119,0.009260353557765482
406,42134,0.005975070819258693
407,36016,0.008848709836602209
408,45280,0.005634078681468969
409,21571,0.004137756717391314
410,50767,0.008388547659851612
411,18379,0.010821947492659093
412,65402,0.013444938538596034
413,36594,0.007174207251518964
414,25351,0.01278504949063063
415,19463,0.006819229144603011
416,60411,0.008634049929678438
417,42167,0.008308932296931741
418,59559,0.003606936861760908
419,64693,0.03206580579280853
420,48630,0.007832009708508848
421,52606,0.004414252266287796
422,12831,0.005431513651274149
423,52521,0.005282298768870533
424,90504,0.00497997432947159
425,36213,0.01622945751063526
426,70323,0.003987598373787477
427,81830,0.004386600106954577
428,30201,0.006719760345295072
429,44576,0.010221444824710487
430,96299,0.01293163701193407
431,6773,0.003979486239841207
432,207,0.009736242815852168
433,32446,0.010117525225505236
434,7445,0.002573779672384261
435,21113,0.0036532265506684794
436,90958,0.004740051273256539
437,34067,0.00964229655335657
438,10604,0.002839950281195346
439,73118,0.009233011454343793
440,93465,0.004885772485285999
441,29452,0.0053232634533196726
442,62952,0.003950907401740552
443,69478,0.013435215950012208
444,13263,0.003385632690042258
445,37025,0.007423714315518741
446,65103,0.013417004942893983
447,45780,0.004054993074387314
448,63403,0.008800546005368231
449,81456,0.009065710795111953
450,23328,0.010653335987590256
451,23457,0.0050299932155758184
452,4008,0.009796425122767686
453,32276,0.004169480334967374
454,51519,0.0030283303861506267
455,58715,0.0068927064631134245
456,42197,0.002452512159943581
457,61028,0.011269777063280346
458,30249,0.0
459,42604,0.005538162309676414
460,51002,0.006419339850544926
461,87827,0.004428794942796229
462,69113,0.006307696066796782
463,65130,0.011920724660158154
464,30513,0.005533959865570069
465,23866,0.003161573447287084
466,22951,0.03229774391278624
467,92850,0.012517775744199754
468,31605,0.013122465144842865
469,81266,0.006180895306169986
470,68796,0.008895732462406155
471,7421,0.015446216277778155
472,39388,0.006322504747658968
473,71255,0.0039185506291687456
474,43147,0.005124814445152878
475,42533,0.012238540798425675
476,94831,0.0028578702197410155
477,67139,0.006149979350157084
478,98857,0.00412551197689027
479,82664,0.003887808560393749
480,67195,0.003895221520215273
481,17365,0.005484667010605335
482,97694,0.01582456599920988
483,2567,0.006622548089362689
484,58656,0.012274042181670669
485,48827,0.012233549263328316
486,90033,0.004178447580197823
487,29026,0.010458205882459878
488,43153,0.008070196360349651
489,54810,0.007101530656218529
490,76036,0.004797974075190722
491,50855,0.005810356461443007
492,48335,0.004543261355720461
493,37781,0.005801771548576652
494,41523,0.004931972846388816
495,52239,0.009056785181164737
496,86029,0.007900659213773907
497,19071,0.0035511897224932854
498,31340,0.010518767449539156
499,95592,0.006199565883725883
500,93687,0.008729645493440328
501,27678,0.017385153472423552
502,89210,0.010981524735689164
503,61557,0.0027448705676943073
504,4584,0.009150362610816958
505,88135,0.005162822119891641
506,52395,0.0032208185154013317
507,62024,0.005414334163069721
508,45352,0.007984057054854932
509,36789,0.0
510,64695,0.004693589303642513
511,44070,0.004929803814738988
512,48243,0.0033858995418995616
513,55057,0.012277625761926168
514,63918,0.0011787177622318268
515,95324,0.010210627105552704
516,95701,0.003248013453558089
517,34685,0.010027498872950673
518,75246,0.004297066074796027
519,27968,0.006771304197609428
520,8277,0.004815394433680923
521,87037,0.006692976532503959
522,94642,0.009213752294890586
523,96240,0.004757847376167777
524,71071,0.00739754658192396
525,35141,0.004641368673183028
526,6446,0.006892626769840718
527,10639,0.010709699057042594
528,81884,0.004553118497133255
529,55745,0.012576488275080922
530,10758,0.003699501510709524
531,41239,0.006659938143566258
532,71262,0.004832870662212373
533,18800,0.00397961139678955
534,402,0.00426453934982419
535,78777,0.003390689361840485
536,86068,0.0070596494339406485
537,27535,0.003613203971181065
538,22548,0.008889175262302164
539,21109,0.004983171708881854
540,60182,0.01476948410272598
541,97341,0.0076656218245625485
542,74272,0.010774223692715166
543,55481,0.010227055698633193
544,60281,0.01888814091682434
545,89921,0.004558477867394686
546,92524,0.004789870008826257
547,58296,0.003201856017112733
548,80512,0.007258314592763783
549,47679,0.0050580986589193345
550,71144,0.0037079226784408107
551,47519,0.011865692138671873
552,41985,0.005295663923025133
553,8560,0.007029937081970271
554,35399,0.010777928736060866
555,64202,0.011729437513276937
556,68005,0.01450409069657326
557,43578,0.01094399906694889
558,28444,0.007719361521303651
559,53185,0.014004272259771827
560,21501,0.009221429824829097
561,16487,0.0023148042708635358
562,4853,0.004107700854074212
563,41671,0.005082751698791983
564,97906,0.003837579619139434
565,43181,0.006966730449348686
566,79640,0.007028599120676515
567,55366,0.01790786406956613
568,60917,0.05292834036052228
569,75326,0.00987140508368612
570,16008,0.01626456990838051
571,68325,0.003402528988663107
572,46407,0.003997832937166095
573,36607,0.006132960342802106
574,98351,0.010684378929436206
575,93438,0.006484249765053393
576,61184,0.004559579100459815
577,37817,0.013965523391962048
578,37559,0.006758803725242614
579,42224,0.00558957913890481
580,10385,0.00567513658897951
581,39856,0.0041493032500147815
582,16922,0.014443301260471346
583,83627,0.00674671865999699
584,81682,0.003250570832751693
585,10659,0.0041719058342278015
586,65508,0.004001116678118706
587,92899,0.00663935467600823
588,32550,0.0036598996818065672
589,31412,0.015919076316058635
590,89043,0.007622236143797638
591,92975,0.005913848429918291
592,96906,0.007065416364930571
593,4654,0.011420665979385375
594,29764,0.003413692619651556
595,46716,0.011513041183352467
596,78885,0.004264025837182996
597,150,0.005430556568317119
598,45933,0.005641681833658361
599,82865,0.014165975749492642
600,46192,0.0028930902434512983
601,60199,0.014321978245861825
602,56074,0.005081317257136107
603,5387,0.006834829039871693
604,88964,0.015795101411640644
605,21906,0.011110229566693306
606,73912,0.002844484029337767
607,12368,0.0032329831086099154
608,77280,0.014699377417564394
609,85728,0.013413368910551072
610,75902,0.0076857840642333055
611,33324,0.004686692543327809
612,33784,0.005739446640945969
613,90098,0.0024496199307031887
614,73262,0.0032827135827392315
615,9814,0.0032461555232293875
616,48163,0.007599656544625754
617,59088,0.008947025090456005
618,80416,0.008398144245147704
619,95673,0.005335593223571778
620,64945,0.005291582620702686
621,33907,0.002168645698111507
622,29638,0.016471516191959377
623,16539,0.0034386813815217463
624,13019,0.004351372262462976
625,89649,0.01007210989482701
626,84069,0.004817593907937407
627,33128,0.013009383969474583
628,78854,0.004901511035859585
629,72750,0.005622831112705174
630,67761,0.003186580883339052
631,20489,0.006926099620759489
632,24828,0.023189757168293
633,56269,0.003744331989437342
634,24466,0.0024423399474471806
635,72510,0.013755577504634856
636,18474,0.004885900728404521
637,39500,0.005249402220360932
638,44299,0.0031853642594069248
639,13919,0.0033130480302497756
640,19814,0.0070582367293536685
641,58495,0.00435587152838707
642,47171,0.0052418845146894434
643,36783,0.0025266339001245803
644,18279,0.017379847764968877
645,69070,0.014778950107283893
646,65956,0.004909862019121648
647,19147,0.0041815751418471355
648,49871,0.003363976739346978
649,8257,0.0035412707179784788
650,57121,0.00540999020449817
651,56062,0.0026282546296715727
652,87679,0.010322813633829355
653,42337,0.006681640786118803
654,62587,0.04357355890795589
655,56786,0.0
656,92938,0.004338866784237325
657,46053,0.007076027784496547
658,57441,0.01005169935524464
659,64320,0.006605967283248901
660,55599,0.008087681978940966
661,93364,0.019555804617702965
662,37915,0.005265827514231198
663,18911,0.010459775058552624
664,45058,0.0055439465632662124
665,42356,0.005178426280617716
666,82347,0.004228989409748465
667,84906,0.00529436971992254
668,46298,0.004678019490092995
669,86863,0.007275862906826662
670,71229,0.009123447332531212
671,61762,0.013213339485228064
672,26538,0.009653472509235142
673,42843,0.004137767469510436
674,17834,0.004733972102403643
675,16676,0.0127078103646636
676,67106,0.005337528195232156
677,69678,0.004187063798308367
678,10507,0.0034383264929056124
679,16816,0.023419405743479733
680,98617,0.007974475212395186
681,93715,0.006595045253634449
682,49550,0.0027019036514684533
683,28022,0.00688045516610146
684,87918,0.0030071074422448893
685,61306,0.002965526231564574
686,11847,0.004095307677052915
687,77534,0.009411226538941261
688,59227,0.011355184093117712
689,64878,0.0032168393954634666
690,10095,0.009841167349368338
691,57837,0.007249056696891783
692,33269,0.004331363216042517
693,67827,0.008239724468439817
694,40790,0.011187362223863606
695,2405,0.006582088060677048
696,37075,0.012322429232299325
697,4697,0.015017779767513275
698,19205,0.0034374194918200397
699,55074,0.005990045890212064
700,90732,0.008230634089559324
701,55829,0.009455578173510728
702,91120,0.003448343947529791
703,45002,0.012094547236338257
704,34653,0.004194994606077671
705,70610,0.006916426494717597
706,30868,0.006798580866307021
707,16078,0.004401281066238882
708,17687,0.00849355578422546
709,37005,0.009261848628520966
710,57716,0.006491369493305682
711,81211,0.003973494097590449
712,75925,0.006970366239547724
713,44482,0.005702078212052582
714,6964,0.010294440202414988
715,63177,0.003765484041068701
716,37235,0.004431119039654735
717,31962,0.011559758745133875
718,32700,0.004379087239503864
719,95406,0.00932229101657868
720,76780,0.003210755004547536
721,49181,0.007811934156343339
722,49656,0.004544250364415348
723,99785,0.006849204562604424
724,70525,0.004190393965691328
725,30516,0.004711905319709335
726,98244,0.007779686534777286
727,67941,0.005649367072619502
728,90164,0.0060320340236648924
729,46339,0.009753019325435167
730,11767,0.004973817989230158
731,43343,0.005233482355251911
732,30022,0.008402632898651065
733,44850,0.002741324738599364
734,19531,0.002309633188415318
735,15545,0.006480250677559526
736,78963,0.007891935855150222
737,54468,0.004142145616933704
738,36701,0.0029942757636308714
739,35852,0.006627512462437153
740,20169,0.0052391251921653755
741,24099,0.010529839172959335
742,77057,0.02891020342707634
743,83252,0.0024686192360241
744,70063,0.010814535026438534
745,32202,0.0014046856854110956
746,4681,0.007834500288590797
747,28405,0.01247509211301804
748,44689,0.01144376817159355
749,20463,0.00297286386601627
750,69699,0.00898372472031042
751,29531,0.014316413104534145
752,24175,0.01656949376687407
753,42542,0.008170658648014065
754,3558,0.007958072288893163
755,35975,0.009413570947945114
756,8217,0.005405738102272155
757,79767,0.00639204226434231
758,13629,0.008170931627973908
759,87016,0.005247539130505171
760,82202,0.009656340181827544
761,26526,0.002441140674054624
762,25284,0.004704199205152687
763,63434,0.003674841681495307
764,66340,0.0034638593997806336
765,97209,0.0041254082787782
766,59953,0.011985628604888913
767,42691,0.007698146426118905
768,30491,0.003802482872270049
769,50933,0.006175445807166394
770,27687,0.0019494581432081765
771,88169,0.011705121845006947
772,45632,0.00732075808569789
773,10577,0.0047466974705457675
774,42073,0.007691531479358674
775,15324,0.007875442868098614
776,35241,0.012294060671702026
777,57777,0.0028992289747111506
778,37862,0.005156023036688561
779,6984,0.016144214570522307
780,41506,0.0048015726287849265
781,60707,0.004753200747072699
782,48771,0.01620326150208712
783,38989,0.015243200808763499
784,92429,0.0023821801436133645
785,71788,0.003384596528485414
786,25518,0.0035329949622973818
787,56099,0.006698669455945494
788,6750,0.0180205587297678
789,66602,0.00423490799963474
790,94391,0.003796151429414752
791,45563,0.005949079096317294
792,80036,0.003191319550387562
793,49212,0.006255760528147216
794,58990,0.009991111017297948
795,72520,0.004953588414937258
796,70505,0.005503999637439846
797,75155,0.02096166836097836
798,87324,0.0023571375571191278
799,1752,0.0026771252346225087
800,95715,0.003151636489201341
801,28353,0.016536883804947135
802,61997,0.008642551004886631
803,20798,0.005423060422763232
804,61250,0.0047414923342876175
805,75766,0.0029649356566369555
806,17653,0.004976508640684181
807,96989,0.02332111239433288
808,6262,0.007755565401166681
809,33852,0.013997793197631841
810,44541,0.005077543426305054
811,90242,0.008057824298739438
812,3322,0.004330071599688381
813,75940,0.005500616133213043
814,15268,0.0075430916529148784
815,76961,0.0
816,94668,0.003679402917623518
817,25272,0.004787258729338647
818,39104,0.01255271239206195
819,41813,0.006765960473567249
820,20,0.0025055023562163114
821,42559,0.004063290264457465
822,92395,0.0052059542760252925
823,61494,0.003564850576221943
824,54611,0.011604667305946345
825,81311,0.0025215896964073145
826,38825,0.007831082479096951
827,97526,0.024372966708615423
828,76015,0.0036965920217335232
829,355,0.029409847557544704
830,58516,0.00804777681827545
831,71486,0.009520967584103349
832,38809,0.0038340861164033457
833,76814,0.005646240375936029
834,10721,0.004886464308947328
835,86846,0.008416642080992458
836,78068,0.0025709072872996327
837,3917,0.005991049129515886
838,6179,0.0036631550267338764
839,93504,0.0064786437712609736
840,52471,0.006484575234353545
841,81920,0.003866370690520856
842,82989,0.006325897270580751
843,4924,0.012745680510997776
844,37512,0.004610352534800771
845,33994,0.005370198257733138
846,78705,0.016938801705837253
847,95556,0.00847781074931845
848,48525,0.015505551397800445
849,29356,0.007710715611465279
850,46010,0.007022285535931587
851,19620,0.0041063990816474025
852,64435,0.004456319243181501
853,83828,0.009124963991343979
854,80901,0.004720880147069694
855,34695,0.010335174351930619
856,26491,0.005641336636617784
857,68549,0.005007764715701349
858,25984,0.004385362938046457
859,15382,0.003841610366944222
860,86932,0.0034747265628539085
861,68081,0.0053714079037308704
862,35970,0.0030693494714796577
863,45826,0.008142207982018593
864,42110,0.011492818593978882
865,29364,0.0035141795128583895
866,41618,0.00341073153540492
867,28031,0.0036968248337507226
868,2836,0.003249051473103465
869,36629,0.01845868945121765
870,63894,0.0035170491086319085
871,5318,0.0041738626919686755
872,11063,0.01796209007501602
873,87018,0.00784861028194427
874,58796,0.012250986546278002
875,16272,0.006823095735162493
876,75684,0.005607251673936844
877,4057,0.0038617798057384812
878,111,0.027327791471034285
879,76422,0.0036047720164060597
880,9717,0.0053794110380113135
881,94829,0.002871498106978833
882,33131,0.011397837474942208
883,27786,0.012070614378899341
884,94606,0.0071698940813075766
885,66939,0.004737474131397903
886,97650,0.00517579692183062
887,32304,0.00567655491176993
888,92591,0.005154741182923316
889,24596,0.008859292743727563
890,77776,0.005366953723132607
891,17468,0.007996330410242083
892,13671,0.004339675400406119
893,87590,0.003791121449321507
894,67274,0.00348291538888589
895,46386,0.005501458868384361
896,90638,0.017663342952728277
897,27290,0.0058256122749298775
898,50263,0.006701870933175087
899,75962,0.005172984478995204
900,10775,0.003916368759237233
901,78093,0.00830161967780441
902,9582,0.007108250735327595
903,38746,0.006372986789792772
904,18016,0.0037609509192407125
905,18931,0.003596300818026062
906,93447,0.007976267933845524
907,32151,0.002860471142921597
908,5809,0.007655576029792428
909,67236,0.001783123268978671
910,28762,0.01846960339229554
911,36515,0.0014895701780915272
912,55200,0.014522392749786377
913,51583,0.0018717533454764624
914,83179,0.003497091704048214
915,53167,0.004444568250328304
916,71868,0.005363143756985667
917,55233,0.015816054940223694
918,47819,0.004746621602680532
919,49796,0.005577502930536868
920,8009,0.009158086460083724
921,22626,0.004664589017629625
922,58693,0.004916875902563333
923,14367,0.00825212735682726
924,71076,0.007857281938195232
925,26599,0.0057596476003527654
926,43229,0.010309356823563579
927,47228,0.003721857306081802
928,99023,0.009429679512977594
929,58508,0.0077539262222126116
930,58876,0.0031805367209017297
931,60129,0.005295921911019835
932,44632,0.004668297809548671
933,49420,0.004335742965340618
934,82455,0.007233899919083346
935,27240,0.004078849814832211
936,83466,0.012152902833186088
937,91572,0.004850535588338974
938,5626,0.014339890405535698
939,84182,0.015298782289028163
940,18509,0.0062560107558965634
941,50598,0.010960771925747393
942,13846,0.007033678973093628
943,416,0.012344897072762252
944,64206,0.007058157529681926
945,15561,0.004146006479859353
946,82790,0.007530707968398928
947,20437,0.009396728053689001
948,69361,0.00352128617465496
949,60891,0.008064453746192161
950,67587,0.00432400373276323
951,50049,0.0030984096787869944
952,714,0.004280164651572707
953,90332,0.007091184630990026
954,77500,0.008939682245254515
955,59184,0.0025637071160599582
956,8499,0.006513577257283032
957,75826,0.005682816244661806
958,49077,0.013340226411819457
959,73815,0.002852145200595258
960,60496,0.009115873053669928
961,59420,0.00373215943574905
962,34768,0.020557588338851927
963,37076,0.005806933324784039
964,13304,0.009683751165866854
965,87905,0.01194577166810632
966,34636,0.002965346053242685
967,92051,0.02479142431402579
968,30783,0.004850929677486421
969,14249,0.00516989480704069
970,87692,0.02743970811367035
971,41838,0.009947192780673506
972,61823,0.00481005782261491
973,76209,0.01032723784446716
974,40278,0.005583724086172882
975,5584,0.0034931011439766732
976,44184,0.008695304673165082
977,15934,0.010449263146147131
978,56181,0.007014628909528252
979,1563,0.012005574852228166
980,16382,0.0034948770049959394
981,73431,0.004273944036103791
982,86118,0.0024926171218976403
983,49750,0.008905053054913875
984,88910,0.0039056374831125122
985,5358,0.0023693851893767694
986,45669,0.00863050134852529
987,95325,0.0036504366248846076
988,28226,0.0037022956088185303
989,28476,0.008144946657121184
990,80838,0.005083216568455098
991,53834,0.006551014534197746
992,27315,0.008890912532806397
993,59699,0.006795853413641449
994,33206,0.007489221431314947
995,62463,0.009387523662298917
996,34088,0.008528545573353767
997,76318,0.0030051953345537224
998,6714,0.004755357536487277
999,58071,0.004760953842196612
1000,93545,0.004971629604697226
1001,67559,0.004553514942526817
1002,98916,0.0036894691549241507
1003,70767,0.00364354201126844
1004,90063,0.004812286270316688
1005,20209,0.004056768380105496
1006,15716,0.0068946138769388245
1007,14113,0.012963704727590087
1008,87994,0.003173058419488371
1009,81257,0.011275567412376402
1010,92726,0.005391375337494535
1011,95743,0.005166884902864693
1012,44826,0.007111688619479536
1013,87769,0.011498839035630232
1014,43289,0.009209157070145014
1015,45546,0.01657854750752449
1016,4684,0.005082974545657635
1017,56104,0.00754470898769796
1018,7560,0.04292866088449956
1019,68883,0.00563815794885159
1020,24308,0.008095798026770351
1021,3394,0.004920007036998868
1022,7092,0.0055340167507529235
1023,29134,0.003965539853088554
1024,15039,0.003041702397167687
1025,62062,0.009984481148421761
1026,30517,0.012417839393019672
1027,82838,0.0034572423342615387
1028,43794,0.003976840926334262
1029,87132,0.011651723468676212
1030,27145,0.0038701500068418692
1031,74973,0.006144923302344974
1032,95028,0.009169141575694085
1033,17325,0.008581175399012864
1034,96979,0.00491676471196115
1035,68791,0.00424585985485464
1036,1863,0.004185483870096503
1037,3223,0.011634845510125162
1038,45158,0.003143430792260914
1039,46403,0.0047022445779293775
1040,3519,0.004242662708275018
1041,79066,0.005674139466136692
1042,71990,0.015771003812551497
1043,47237,0.018253366351127617
1044,87801,0.005278044668957592
1045,25891,0.00421753288246691
1046,18899,0.006899287216365338
1047,50744,0.009192555844783781
1048,63748,0.013209559572860597
1049,75129,0.003180245929397643
1050,20890,0.0028020788263529543
1051,38047,0.009533526538871224
1052,54909,0.012337271468713879
1053,28988,0.011520010121166708
1054,4928,0.004766006469726564
1055,15399,0.005245163943618537
1056,37382,0.0038727071788162044
1057,4412,0.003894539757166052
1058,77487,0.0033051225019153194
1059,99377,0.006841283377725637
1060,84723,0.0036429473292082532
1061,60570,0.007332385946065192
1062,16852,0.002791628515115006
1063,76720,0.004034087201580408
1064,11190,0.007898698635399343
1065,67865,0.007828265689313415
1066,94053,0.004531386676244435
1067,77824,0.007847272558137773
1068,49700,0.00576751288957894
1069,81951,0.003374675791710618
1070,57389,0.004978675153106446
1071,94644,0.009519209079444412
1072,81714,0.0029584534466266616
1073,63066,0.006458056345582005
1074,30478,0.008692078348249192
1075,44430,0.004333335086703297
1076,23358,0.012799497395753865
1077,29782,0.004240941419266166
1078,54641,0.004788209944963456
1079,69097,0.005799100250005724
1080,98298,0.012324686422944063
1081,7182,0.016271450808271765
1082,51571,0.006604984831064937
1083,9526,0.025192291289567948
1084,33860,0.02381725400686264
1085,84479,0.006270623132586478
1086,28706,0.007133754380047318
1087,95283,0.006942296251654626
1088,43667,0.0025860773026943162
1089,63035,0.011957061588764193
1090,41942,0.00788266132585704
1091,58346,0.004756818129681052
1092,36841,0.005789840854704379
1093,14413,0.008898704312741758
1094,63762,0.005610443111509085
1095,40215,0.015358110219240188
1096,75756,0.00249686753377318
1097,22523,0.003967674747109415
1098,81159,0.010574191301129767
1099,90900,0.00798102555330843
1100,53667,0.0053778436966240425
1101,1297,0.009998935386538507
1102,88681,0.015807620249688632
1103,85188,0.003911571111530068
1104,91126,0.003591740876436233
1105,73352,0.006026609595865007
1106,16669,0.01166650289669633
1107,14636,0.021480918768793343
1108,37776,0.0035233223671093643
1109,3376,0.005192464352585379
1110,60959,0.004117150213569404
1111,88448,0.006012212187051769
1112,77078,0.00979066986124963
1113,90152,0.013169348835945128
1114,22767,0.00782401552423835
1115,52951,0.004067943058907988
1116,17247,0.007430108957923943
1117,30742,0.014632590115070348
1118,37321,0.004585579847916959
1119,30317,0.0020609811064787216
1120,85889,0.013987887557595969
1121,24802,0.003108485182747244
1122,49702,0.00465140332700685
1123,14784,0.020942096482031047
1124,66456,0.014295793157070876
1125,11483,0.010860563274472948
1126,93989,0.009602900668978686
1127,69996,0.004082079487852754
1128,46955,0.0046480596554465585
1129,76968,0.010241501200944187
1130,35724,0.004101718813180927
1131,44069,0.0038096939399838454
1132,92111,0.0071572224330157036
1133,57696,0.0037127987854182736
1134,42393,0.014427556693553922
1135,8475,0.011666035018861296
1136,43072,0.020142439212650066
1137,58639,0.0038056661933660463
1138,46745,0.005299545666202902
1139,39907,0.00313104694709182
1140,51580,0.006232852265238767
1141,98951,0.014871535450220108
1142,31011,0.00983676075935364
1143,67637,0.03010930567979813
1144,7099,0.003466919213533405
1145,14197,0.003988418169319624
1146,73611,0.008159278072416785
1147,51097,0.006604717243462806
1148,50639,0.005009658653289074
1149,43350,0.004369194842875009
1150,28514,0.003659242894500492
1151,26654,0.012988812159746888
1152,62934,0.002797721726819868
1153,39660,0.009256118908524517
1154,34370,0.002226537577807906
1155,23356,0.0038107024319469955
1156,66371,0.015139775425195694
1157,53753,0.0027994844596833015
1158,68903,0.008848667461425073
1159,45230,0.006678668782114983
1160,97711,0.0034827042743563645
1161,17929,0.007992419200018046
1162,65588,0.012357286512851716
1163,13842,0.014967547655105596
1164,91106,0.00438230718486011
1165,13048,0.01244090733118355
1166,68631,0.0050432007433846605
1167,37709,0.002520305057987568
1168,89252,0.028053679019212727
1169,47846,0.0062522361241281015
1170,64726,0.003585513178259128
1171,44820,0.0049462560471147336
1172,73008,0.009275487167760737
1173,59744,0.003643494388088585
1174,58930,0.0026445319270715093
1175,65640,0.014980753660202031
1176,91763,0.004306939840316771
1177,43142,0.008171199262142185
1178,86911,0.007274687755852934
1179,83607,0.005656607281416655
1180,38906,0.004812368024140596
1181,30245,0.004138996005058286
1182,92278,0.007419399465434251
1183,70108,0.0021068626595661015
1184,72413,0.004803590863011771
1185,7251,0.009297224432229995
1186,90226,0.0025773830339312536
1187,53464,0.017434097006917004
1188,81242,0.006883229501545428
1189,41895,0.003616860192269086
1190,72423,0.007811594409868116
1191,9380,0.004832567842677234
1192,13183,0.004056949361693118
1193,64634,0.0041364549100399006
1194,89363,0.005096147259464489
1195,54797,0.0020652864873409275
1196,54735,0.0030361824389547078
1197,73847,0.014821918830275536
1198,20245,0.005941696930676699
1199,73781,0.004505118727684023
1200,56127,0.012758456021547316
1201,21198,0.006809158124960962
1202,36209,0.006152595269959416
1203,21526,0.008624441251158715
1204,49789,0.008033135533332826
1205,93949,0.00991185379214585
1206,85021,0.004261728078126901
1207,21419,0.015394850075244907
1208,46535,0.009037488996982574
1209,99472,0.005670911781489851
1210,72340,0.0020708028622902913
1211,4686,0.004872350783552981
1212,94667,0.0033630829863250233
1213,27561,0.007448000758886341
1214,13922,0.011498389183543626
1215,12878,0.0031421468593180206
1216,56042,0.004609110201708972
1217,77196,0.00882350962376222
1218,1425,0.007300609834492203
1219,70202,0.004546252584550525
1220,66817,0.007859277534298601
1221,44115,0.009459200252313168
1222,54933,0.004385889908298855
1223,52113,0.005841914471238859
1224,50560,0.003250574748963119
1225,50763,0.0034244608739390924
1226,88827,0.008513636207208039
1227,73375,0.004451339319348336
1228,2291,0.0056470183935016394
1229,91969,0.013088092831894754
1230,33253,0.0036469882819801583
1231,74561,0.0045025224145501825
1232,55518,0.0019328168407082551
1233,98765,0.009878218926023691
1234,72438,0.010680867135524744
1235,79436,0.00942525146761909
1236,83423,0.012713193297386172
1237,39143,0.015856166891753676
1238,24616,0.004817252651555466
1239,62459,0.005412135724909607
1240,77558,0.005977097824215888
1241,78433,0.003628204874694346
1242,64688,0.007868713953066615
1243,27312,0.010379915158264337
1244,75458,0.003833823814056814
1245,85665,0.01410557359457015
1246,65119,0.004064525917638092
1247,96958,0.015566627979278566
1248,70739,0.004589301273226731
1249,15339,0.004097814364358778
1250,99064,0.00848383794771507
1251,64246,0.016537797525525096
1252,91042,0.005241672955453396
1253,55523,0.00362938175909221
1254,96284,0.006316291540861124
1255,98216,0.007869373015128071
1256,16258,0.004916485771536824
1257,274,0.002808639667928218
1258,61428,0.002707666773349044
1259,69548,0.005872693615965544
1260,93800,0.0035813791677355754
1261,69465,0.003147149672731757
1262,76254,0.003050612241495397
1263,31179,0.005379729843698441
1264,81017,0.007127796954009683
1265,71780,0.019091307613998656
1266,78097,0.005865082771051677
1267,73055,0.0033539187954738734
1268,84205,0.012235442996025083
1269,89243,0.004986362373456357
1270,87464,0.0038458744622766996
1271,93656,0.005851720005739478
1272,42480,0.00433430766686797
1273,37547,0.003994096200913189
1274,87581,0.0
1275,27017,0.004485675389878452
1276,74886,0.004808175303041931
1277,99331,0.0035966991074383235
1278,34973,0.01567330386489629
1279,45330,0.006681460561230779
1280,59411,0.0012979691848158852
1281,69952,0.0071677230019122325
1282,7068,0.00882680330425501
1283,97036,0.005824420526623725
1284,35321,0.0025989571493119008
1285,7385,0.005518033648841084
1286,40958,0.010188577696681024
1287,29013,0.015721585154533393
1288,58066,0.005213227942585951
1289,55037,0.006447811312973499
1290,38803,0.0035667070979252483
1291,26055,0.008069048859179015
1292,25989,0.0044763010041788225
1293,11969,0.00590427428018302
1294,97342,0.009222072446718814
1295,59910,0.004963957220315931
1296,93842,0.008468857556581498
1297,71434,0.005022070370614533
1298,58353,0.00406754625961184
1299,15223,0.003949311755131929
1300,7842,0.005993571626022459
1301,85941,0.0065943136997520906
1302,70182,0.009511902313679457
1303,64967,0.004343325749505313
1304,51557,0.006505938163027169
1305,67714,0.011481668278574941
1306,14463,0.004007253288291393
1307,13369,0.005360275502316651
1308,57001,0.0040520182624459306
1309,63749,0.00507986960466951
1310,78732,0.0060723533853888545
1311,20602,0.008289156220853333
1312,11836,0.006035005724988881
1313,41973,0.004385219030082229
1314,10177,0.0043879545014351585
1315,32048,0.0061846299842
1316,57440,0.007444253638386723
1317,1398,0.005420601242221894
1318,70532,0.013508576750755303
1319,29121,0.0030231854249723267
1320,2738,0.006248983629047874
1321,60884,0.007584855854511266
1322,26760,0.012954048337414854
1323,75737,0.006472110585309566
1324,84632,0.008347183093428615
1325,78920,0.013093213690444826
1326,49688,0.006228836132213472
1327,31189,0.024150095675140617
1328,38884,0.013503471761941908
1329,4339,0.0019077169755473801
1330,13161,0.007677698042243722
1331,36619,0.009076493326574564
1332,33961,0.005839452240616086
1333,67965,0.014253845941275359
1334,75918,0.004831594242714341
1335,12226,0.003819547295570371
1336,78146,0.006796778147108852
1337,43884,0.003513332232832912
1338,40557,0.006183313429355623
1339,94320,0.0026190987450536354
1340,53345,0.00553610008209944
1341,26151,0.005598435983993112
1342,66054,0.006161448769271372
1343,28547,0.006840892471373082
1344,84035,0.02176424562931061
1345,76534,0.00402338698040694
1346,29910,0.011264202818274503
1347,26896,0.003911521988920865
1348,6634,0.007470531975850461
1349,34971,0.004984642816707494
1350,85643,0.003870789577485995
1351,48911,0.008947767652571208
1352,13015,0.0040862754266709125
1353,45871,0.0028623486985452414
1354,78198,0.004031972168013454
1355,11703,0.009655802692286665
1356,76866,0.003130866561550645
1357,37846,0.004920642469078303
1358,94626,0.008134576119482522
1359,22373,0.021617781817913063
1360,82905,0.0021312537323683496
1361,41199,0.007012275457382196
1362,77657,0.0031671788170933744
1363,38353,0.008572207260876893
1364,38023,0.007250615335069596
1365,54360,0.005404909555800266
1366,76025,0.013176260509062562
1367,83643,0.02576866261661053
1368,98140,0.005102942152880131
1369,44229,0.005191525481641299
1370,60567,0.009736986604984852
1371,25900,0.0069562500575557325
1372,74415,0.012044685150031001
1373,24264,0.0051324119744822405
1374,94933,0.005926450341939927
1375,48505,0.029860060028731827
1376,26079,0.009753845930099484
1377,76676,0.0019222040893509993
1378,70863,0.010759686194360258
1379,80619,0.005309837087988854
1380,71313,0.0047922622412443225
1381,16673,0.016761243520304565
1382,20118,0.004259844543412327
1383,5264,0.0059706465434283115
1384,24670,0.005250261854380372
1385,43077,0.013034126758575437
1386,26218,0.013044122457504267
1387,37928,0.0029226435394957666
1388,36464,0.004855497479438781
1389,17270,0.0028745922073721876
1390,33302,0.00620825529098511
1391,31035,0.0037935359030962
1392,34433,0.005580538557842381
1393,73064,0.01218159854412079
1394,2442,0.007670031040906911
1395,44801,0.009542204551398752
1396,32725,0.01103558091446757
1397,17517,0.011788161545991898
1398,38177,0.003385929083451631
1399,90147,0.0073056254163384425
1400,67621,0.004327093241736296
1401,38792,0.013725063819438218
1402,50014,0.0027998568769544326
1403,44043,0.0036768077593296745
1404,83016,0.004834782741963862
1405,23111,0.012450893190689384
1406,42028,0.004878044694196438
1407,69953,0.00790365867316723
1408,41371,0.003292194175301123
1409,85270,0.014781896583735944
1410,67851,0.0038983641937375053
1411,32939,0.003559299658518282
1412,73135,0.009290917483158414
1413,14325,0.004171721623279156
1414,58561,0.0028850527759641488
1415,65353,0.010366113781929018
1416,43328,0.0037375079840421665
1417,88854,0.004634939953684803
1418,37653,0.0039517665840685355
1419,53842,0.005323723694309596
1420,20830,0.015462717963382604
1421,70826,0.006090077087283131
1422,58147,0.004099800698459151
1423,63973,0.006210529492236671
1424,4672,0.008691796069033446
1425,88698,0.004641890153288845
1426,58929,0.008940436225384473
1427,75291,0.007253521243110301
1428,86323,0.007745017111301429
1429,54188,0.003231808543205262
1430,92736,0.009504337981343276
1431,95611,0.004579029679298401
1432,62246,0.005353571884334086
1433,97247,0.008253769036382438
1434,97300,0.00436065586749464
1435,69162,0.012194383433088662
1436,42753,0.00817546430975199
1437,40868,0.01310189552023075
1438,24771,0.005086002610623835
1439,8832,0.03374685699120164
1440,87208,0.007696369178593159
1441,21258,0.006885505765676495
1442,61924,0.012857903232797976
1443,279,0.013022975325584408
1444,6278,0.005229561571031807
1445,33118,0.00300677592866123
1446,25445,0.004554189927875994
1447,10904,0.013763347864151001
1448,16532,0.002454428522614761
1449,22040,0.007752485293895005
1450,26094,0.01169212628621608
1451,44720,0.005929185207933189
1452,14161,0.009355738013982776
1453,13771,0.005348880365490914
1454,98324,0.006135107502341268
1455,64500,0.015511610209941868
1456,83623,0.0031079426547512387
1457,58129,0.014755304530262947
1458,34949,0.0189023757725954
1459,13398,0.0056359537015669
1460,97199,0.002918633169028909
1461,55038,0.007412644177675247
1462,55067,0.004536504270508889
1463,45833,0.005798829998821021
1464,79119,0.022065943181514735
1465,40772,0.0046795595157891464
1466,22361,0.0050953176827169926
1467,12758,0.003738970665726809
1468,96988,0.01034988599829376
1469,59279,0.010078265089541677
1470,2578,0.008453380602877588
1471,21056,0.00569771539419889
1472,89329,0.006466453187167645
1473,65757,0.007152510210871695
1474,77392,0.006194872837513688
1475,55176,0.0
1476,59895,0.0060058009845670324
1477,22867,0.00926364090293646
1478,44370,0.005726981312036514
1479,92821,0.007537628896534443
1480,72889,0.011619440913200378
1481,83471,0.005538424756377932
1482,89060,0.008826777525246144
1483,28694,0.007145078061148518
1484,98118,0.00823507022112608
1485,79560,0.0058093184418976295
1486,81600,0.005532422289252286
1487,22070,0.008030133619904518
1488,77681,0.004769366625696419
1489,32027,0.0076978315785527236
1490,8088,0.005295545663684602
1491,12077,0.0030938753800001002
1492,69217,0.00914279695600271
1493,7818,0.003467206321656706
1494,23177,0.0035270202043466304
1495,83544,0.009445908083580434
1496,39116,0.004255957994610069
1497,1657,0.009004838885739448
1498,67531,0.00940044756745919
1499,86690,0.005524221546947957
1500,55008,0.004332259772345427
1501,5126,0.005185888372361664
1502,85648,0.004198112823069097
1503,85351,0.011131114959716797
1504,86560,0.0037956143775954854
1505,30078,0.005734630245715382
1506,65576,0.004579978510737418
1507,86362,0.007234507217071953
1508,54406,0.0027296542376279848
1509,8782,0.004989827107638122
1510,25071,0.0034781526727601904
1511,67724,0.0027780030574649592
1512,31773,0.0034348266944289234
1513,51101,0.002652779687196018
1514,71386,0.003882866427302366
1515,53760,0.004066474400460722
1516,32665,0.004521750751882787
1517,26678,0.008367869704961773
1518,11470,0.017225889861583705
1519,56442,0.010476338379085062
1520,7047,0.0052535716444253935
1521,47281,0.005289421416819094
1522,27301,0.007841904242523012
1523,64391,0.011096543185412882
1524,38012,0.004951358265243467
1525,81392,0.02014600172638893
1526,6390,0.003261498326901345
1527,28965,0.006761516386177389
1528,80927,0.00275002204347402
1529,9145,0.004703292981721463
1530,56897,0.004425174016505478
1531,31811,0.006936441622674465
1532,27546,0.003987001348286858
1533,52089,0.006358648538589479
1534,18052,0.005939292348921301
1535,64062,0.0025052287918515496
1536,38688,0.00318133705994114
1537,56456,0.0062337485142052165
1538,76690,0.004598875727970159
1539,51474,0.005562087441794573
1540,8104,0.006484637479297816
1541,94704,0.008077364042401319
1542,93616,0.007565740551799536
1543,9350,0.0033010802220087487
1544,47623,0.009180801101028917
1545,35670,0.00418475279118866
1546,57472,0.006541755758225918
1547,99016,0.007933775540441272
1548,3908,0.014901152104139328
1549,32813,0.012607347778975965
1550,21694,0.0051712782541289935
1551,41917,0.007884837724268437
1552,79120,0.007200116976164277
1553,95251,0.02579804684966802
1554,48466,0.0076717761904001175
1555,17767,0.00617638751864433
1556,95343,0.0038702838681638294
1557,90867,0.01323722974397242
1558,97426,0.011662619411945348
1559,69409,0.005335907870903616
1560,84328,0.003997156247496607
1561,16746,0.0029305973928421747
1562,53002,0.008058084361255172
1563,65675,0.0034451542701572175
1564,69167,0.00447907015914098
1565,77252,0.010406344919465483
1566,77223,0.007212831657379865
1567,49425,0.003295916765928268
1568,15332,0.004220683295279741
1569,82693,0.0031109958700835712
1570,14391,0.007460993218701332
1571,98891,0.007109948350116611
1572,32955,0.004364420219790192
1573,81312,0.003263983507640661
1574,94924,0.00408045566640794
1575,51388,0.007239313330501319
1576,80105,0.00425750071182847
1577,27887,0.00923816364724189
1578,57930,0.01545949339866638
1579,18959,0.010945641398429868
1580,35337,0.010388351231813437
1581,31993,0.004615988545119764
1582,42010,0.011189149413257842
1583,49263,0.007951378505676981
1584,76896,0.004734766371548177
1585,49975,0.0027402598410844834
1586,44859,0.004113863445818426
1587,52699,0.004157554693520069
1588,60024,0.015934750325977805
1589,61266,0.004374277219176294
1590,74086,0.0063178425282239895
1591,44387,0.009906218447722498
1592,17139,0.006028850823640821
1593,36359,0.009848940987139943
1594,57318,0.010428819954395296
1595,10476,0.012580394148826604
1596,74106,0.013103518784046173
1597,19522,0.002630992389749733
1598,69079,0.006542418585158883
1599,61468,0.002872737729921939
1600,82915,0.01023572356440127
1601,69271,0.0038252830877900127
1602,46776,0.002963199932128191
1603,66413,0.009099819380789999
1604,11683,0.0035817547515034675
1605,14975,0.01160080558620394
1606,40262,0.0031534926709719012
1607,80501,0.010236137695610523
1608,95960,0.012592333136126396
1609,42685,0.01099436741322279
1610,97607,0.006474919510073963
1611,92070,0.004791325035039334
1612,62117,0.006705031841993333
1613,38133,0.008077853731811045
1614,57386,0.0066756621468812205
1615,87179,0.005722435764037075
1616,49159,0.003185073118656878
1617,2206,0.004455946083180606
1618,74325,0.004213503673672671
1619,48303,0.0056509672850370354
1620,83726,0.012310895966365932
1621,35926,0.00433493467979133
1622,67835,0.005463020000606781
1623,9212,0.0088382188975811
1624,92715,0.005197601332329213
1625,27872,0.030773005038499838
1626,44108,0.00659667360596359
1627,2401,0.010689570307731624
1628,73340,0.005253569881897418
1629,2251,0.008408424993976949
1630,28919,0.005753280450589955
1631,84614,0.013755515813827517
1632,40829,0.0068986496096476915
1633,79971,0.003944366574287415
1634,46107,0.014155850037932396
1635,21536,0.0031680650543421526
1636,51242,0.00594766337424517
1637,34391,0.004055129662156103
1638,61621,0.006345878541469577
1639,97860,0.008873849296942354
1640,982,0.0060537411458790324
1641,20738,0.009861551425419755
1642,68061,0.00437700882554054
1643,46276,0.00577687803655863
1644,2388,0.005004929676651959
1645,45326,0.007279572151601313
1646,24253,0.0051805851329118045
1647,34855,0.007180626392364504
1648,46929,0.004232944794930516
1649,10649,0.004885690747760239
1650,29837,0.005963640320114793
1651,11341,0.004700556525494907
1652,80022,0.004726112363860011
1653,5688,0.0018359204777516442
1654,77277,0.003926806179806591
1655,78570,0.004138763844966892
1656,82683,0.005629157423973085
1657,38306,0.00772701691836118
1658,69443,0.005093681775033474
1659,26372,0.007998375892639159
1660,16129,0.01052084058523178
1661,5537,0.0035842326050624274
1662,98424,0.005488122194074093
1663,56824,0.00878811208996922
1664,61570,0.007307505551725627
1665,13157,0.0046135256066918385
1666,43250,0.0038258329674135875
1667,81052,0.01366323262453079
1668,40061,0.005305603668093683
1669,53923,0.004926024600863454
1670,14490,0.004501824788749216
1671,45437,0.015844224691390994
1672,48255,0.012094633132219312
1673,5707,0.003800160279497501
1674,52781,0.008149943649768827
1675,78122,0.008018522709608076
1676,39002,0.002762715690769254
1677,20810,0.0035679493076167983
1678,20214,0.0278336152434349
1679,5811,0.009248878546059134
1680,73578,0.007800960056483742
1681,7716,0.012475289795547722
1682,41498,0.006180159598588943
1683,48492,0.009958502990193668
1684,99044,0.010798983918502926
1685,8697,0.004653204423375428
1686,24740,0.009031367897987367
1687,87272,0.0036392473056912383
1688,34985,0.00800984043627977
1689,13893,0.008643740005791187
1690,36616,0.015417679278180002
1691,38167,0.009157100096344947
1692,10748,0.006247813752852372
1693,82085,0.0035982151981443196
1694,82835,0.005996878601145004
1695,12664,0.005126739805564283
1696,75582,0.008808297067880631
1697,43881,0.005473719406872989
1698,7701,0.003577505212742836
1699,41553,0.0039312422182410985
1700,8011,0.004903432875871652
1701,73807,0.004351838827133178
1702,78654,0.004838045563083141
1703,29389,0.003859541192650795
1704,92697,0.002682878305204214
1705,71940,0.022143515907227997
1706,16648,0.008870650820899755
1707,98789,0.004885637089610109
1708,67503,0.005754093937575819
1709,12814,0.005775996861048042
1710,17084,0.007469951375387602
1711,89451,0.004663823954761032
1712,25561,0.005021496638655663
1713,38640,0.007632754966616629
1714,95903,0.002602343764156103
1715,36966,0.018101801574230195
1716,25055,0.007313001665752378
1717,99554,0.011625654846429826
1718,20819,0.009370202533900739
1719,16486,0.003662135528866205
1720,86446,0.007283917954191567
1721,45142,0.0058779522590339224
1722,60475,0.003425164874643085
1723,61755,0.016466266885399816
1724,15542,0.00431933790910989
1725,90545,0.02996762365102768
1726,45357,0.004252457232214512
1727,26479,0.005972960004582999
1728,58355,0.008603728152811529
1729,56355,0.006051505040377379
1730,64323,0.0123171603307128
1731,75207,0.005649724665563556
1732,73780,0.006942403092980384
1733,57165,0.003755744767840953
1734,93493,0.0042081617610529075
1735,13345,0.005582728513982148
1736,35624,0.0053884699009358866
1737,12317,0.007578749619424344
1738,66516,0.015176987573504446
1739,10128,0.0036929212883114798
1740,6664,0.005933061167597771
1741,71405,0.012657749131321915
1742,66510,0.004293742440640926
1743,39738,0.004367791272234172
1744,561,0.010204692338593307
1745,16278,0.011077650990337135
1746,32855,0.01282333865761757
1747,68165,0.010161829600110653
1748,94080,0.0038111038133502003
1749,19053,0.012056978978216646
1750,73671,0.006413514248561113
1751,22480,0.007806958146393295
1752,6431,0.029734464809298512
1753,3387,0.005808443212881684
1754,36331,0.003894253531470894
1755,72633,0.008787355917738753
1756,55099,0.0030689968122169344
1757,57785,0.00484519138932228
1758,89510,0.00860078101977706
1759,52263,0.013316243886947634
1760,9279,0.0038675034465268264
1761,27306,0.011896626316010952
1762,64893,0.01142049226909876
1763,73721,0.012097722962498659
1764,54613,0.009750734250992536
1765,9064,0.004763834835030137
1766,66146,0.027125438898801802
1767,27437,0.00970124657265842
1768,97312,0.00831997282803058
1769,68996,0.0055268061719834834
1770,25431,0.0035312953405082226
1771,48210,0.02374698311090469
1772,86256,0.0054180913697928134
1773,54475,0.01473257675766945
1774,69805,0.015230400040745735
1775,92118,0.01930009212344885
1776,74620,0.016627753297798337
1777,37727,0.012079981155693533
1778,84247,0.006166539341211318
1779,18015,0.003381686965003612
1780,29162,0.011104215513914821
1781,63923,0.014472277546301485
1782,37436,0.013197886687703433
1783,77708,0.004947162712924182
1784,55891,0.012363109048455957
1785,75009,0.00984336188063026
1786,36482,0.007984502315521242
1787,86106,0.005766080319881441
1788,82016,0.0036000358872115665
1789,48675,0.0028509097686037423
1790,98722,0.00389653021469712
1791,83472,0.009492425173521044
1792,99392,0.0036189273558557057
1793,44495,0.006728863725438712
1794,62657,0.005610290728509425
1795,26984,0.004340970069169996
1796,90635,0.004311096221208573
1797,75577,0.023250057101249697
1798,2029,0.004993401654064655
1799,26018,0.0026959030423313393
1800,99310,0.004518979800632225
1801,82981,0.007676065936684603
1802,27799,0.005611450634896758
1803,47165,0.0053808655892498836
1804,11750,0.004742227317765356
1805,1504,0.014466213546693325
1806,84683,0.0051302130334079255
1807,45804,0.003651511056814342
1808,10607,0.004090396687388424
1809,2318,0.013013303279876712
1810,24911,0.004296806864440442
1811,68578,0.009226381964981557
1812,36662,0.00445951348170638
1813,31711,0.004336808715015652
1814,39594,0.008485308941453695
1815,15505,0.012597844488918783
1816,55208,0.004850049093365669
1817,31487,0.007018485642038283
1818,30108,0.011405620276927946
1819,60930,0.008111194837838412
1820,29569,0.004367406200617552
1821,30813,0.006001519858837127
1822,41049,0.006955923759378499
1823,10305,0.0032366070710122593
1824,56179,0.0192796596349217
1825,97075,0.015881929635070267
1826,30564,0.0037537160702049784
1827,70239,0.0030528887035325223
1828,92048,0.011726631727069616
1829,44457,0.005590937403030694
1830,13213,0.006876847930252553
1831,6569,0.0109971270011738
1832,96656,0.005115446448326107
1833,66441,0.012654069662094118
1834,2858,0.00814738150686026
1835,38075,0.005369087457656863
1836,90670,0.005638059473130855
1837,91563,0.0053362719155848
1838,19854,0.020985209960490466
1839,67517,0.007534654289484021
1840,45621,0.005657669915817684
1841,58970,0.004297249242663385
1842,86103,0.0069376041740179095
1843,83203,0.008613341001328085
1844,53025,0.009754001777619122
1845,11578,0.010903447894379498
1846,95016,0.01562379375100136
1847,76832,0.007889026920311152
1848,64064,0.005249308273196221
1849,77654,0.01989942882210017
1850,51050,0.017963304221630103
1851,91340,0.016193202137947085
1852,75236,0.009651784636080265
1853,76336,0.007845568212214856
1854,1680,0.0033009215071797366
1855,7956,0.005785881546325981
1856,37577,0.005252023208886382
1857,51476,0.006496766917407513
1858,36316,0.00432374891359359
1859,67367,0.0055780786275863616
1860,4188,0.005247293747961522
1861,34242,0.0026716576260514572
1862,69209,0.018653980791568752
1863,2230,0.007452304102480409
1864,21716,0.01225291469134391
1865,72832,0.005098287370055913
1866,5212,0.003947431119158866
1867,8735,0.004408285766839981
1868,81742,0.0031888088956475245
1869,48535,0.02844952173531055
1870,78076,0.009806255027651787
1871,70422,0.008911552149802444
1872,27922,0.008487681746482845
1873,27932,0.009209103416651486
1874,46460,0.0054887941386550666
1875,57468,0.0028862130083143703
1876,72690,0.008355065286159515
1877,13991,0.004210151334991679
1878,25697,0.003717144224792721
1879,46934,0.0072807645332068245
1880,86809,0.022998425364494316
1881,30846,0.004161626547574997
1882,81931,0.013180811759084464
1883,70390,0.003150492026470602
1884,93758,0.005696674543432893
1885,15657,0.016637371159158653
1886,56228,0.0092821255326271
1887,51829,0.007074777088128033
1888,25086,0.0246233569458127
1889,90813,0.008062724657356739
1890,22701,0.005266045052558187
1891,94003,0.0023149404674768486
1892,64536,0.004816820286214353
1893,22435,0.0036490275850519483
1894,71957,0.0028535143285989793
1895,36591,0.010844416506588463
1896,34965,0.0034431774169206577
1897,53370,0.008800027966499329
1898,75703,0.0033257776428945365
1899,75892,0.003441101515199993
1900,29957,0.005488151386380192
1901,87823,0.006338849188759927
1902,28504,0.006370373815298086
1903,1239,0.004342758320271969
1904,68515,0.005047646216116846
1905,60890,0.0021995091554708754
1906,12577,0.008540475221816448
1907,68731,0.004149661888368428
1908,86292,0.003502733140485362
1909,57330,0.003964517642743887
1910,27869,0.006018567103892565
1911,37518,0.005211450569331647
1912,16696,0.014137675282545382
1913,72755,0.0020909451926127073
1914,32844,0.00284679485601373
1915,92461,0.011946365991607309
1916,93233,0.005787762380205092
1917,37252,0.022454153732396655
1918,46209,0.0028668873803690082
1919,17038,0.0041634872183203666
1920,54873,0.01017931059002876
1921,49639,0.002945459741167722
1922,39645,0.005314019119832672
1923,53217,0.004196817565243687
1924,54511,0.0038445896701887272
1925,65947,0.004404052970930935
1926,55118,0.0030498190224170704
1927,12570,0.004632035512477156
1928,2844,0.010668284399434921
1929,89072,0.0034458406642079386
1930,68546,0.011666533555835487
1931,57617,0.010170909604057672
1932,77978,0.009369751140475276
1933,46849,0.003234449252486231
1934,75978,0.006233413144946104
1935,58028,0.01634363674093038
1936,78704,0.011130615770816803
1937,9269,0.016512611098587506
1938,35225,0.004638347774744036
1939,77328,0.005172724723815916
1940,80352,0.0033196079544722994
1941,85601,0.009171702060848472
1942,55776,0.013526042569428682
1943,81003,0.011139229312539101
1944,63312,0.007817305917851628
1945,17375,0.005788287717150527
1946,93243,0.005400539580732585
1947,77083,0.015021190103143454
1948,17431,0.003144092373549932
1949,96473,0.009035802027210587
1950,7575,0.01276976499706507
1951,22143,0.00521935302065685
1952,34808,0.005095746926963327
1953,57028,0.014482311317697167
1954,69709,0.016374002695083618
1955,73894,0.00899325938429683
1956,93407,0.008001982904970648
1957,85147,0.022267812574282283
1958,14205,0.002699929662048816
1959,79785,0.009625127017498016
1960,47123,0.004387484313920142
1961,10703,0.019156897664070128
1962,63193,0.004874573796987528
1963,33209,0.004380271099507817
1964,49725,0.009148634243756535
1965,71818,0.00959878525696695
1966,13722,0.013530415631830696
1967,10905,0.017330224765464662
1968,18993,0.011807780759409074
1969,46595,0.011342898923903702
1970,88711,0.003227202277630568
1971,7169,0.013990669790655372
1972,94409,0.010514150727540257
1973,87744,0.004256762051954865
1974,43238,0.015368352122604846
1975,52589,0.008713106870418414
1976,74453,0.0054015001654624945
1977,94479,0.023152661919593812
1978,51726,0.0055260420637205255
1979,55910,0.010161127820610998
1980,36295,0.015241322517395017
1981,10871,0.006771561233326793
1982,57534,0.002906410843133927
1983,33277,0.004646538575179871
1984,67801,0.005302023489493879
1985,7653,0.01643867462873459
1986,34064,0.028945276737213137
1987,83296,0.007014436908066267
1988,35559,0.01556878910632804
1989,93668,0.003999297115951775
1990,81540,0.002664772786665709
1991,4231,0.009855357361957428
1992,10406,0.012266946523450317
1993,20812,0.0075460130348801585
1994,57438,0.013747575134038926
1995,25433,0.004642736706882714
1996,86355,0.009081487907096744
1997,61696,0.016680070338770746
1998,55357,0.0036286303540691667
1999,88249,0.0072694360790774215
2000,61441,0.010778013942763209
2001,16245,0.007983885742723941
2002,68258,0.0044534308160655185
2003,57040,0.003209349205717448
2004,94540,0.005373881016857924
2005,73876,0.002857557359384367
2006,47425,0.008407902270555496
2007,78393,0.006254245787858957
2008,82144,0.0036396858794614665
2009,28530,0.0050298632425256
2010,52580,0.009709630948491393
2011,23426,0.005515585001558063
2012,37816,0.0053060409182216954
2013,50301,0.011595121026039124
2014,90696,0.004134698919951912
2015,31974,0.003571842457167805
2016,46174,0.008687692955136295
2017,36109,0.004431446422822774
2018,44535,0.011855632308870555
2019,45843,0.0038582720980048185
2020,15220,0.0031081592617556455
2021,87732,0.004364324323832991
2022,67831,0.01701157029718161
2023,18987,0.005825761938467618
2024,23086,0.0072055761935189405
2025,61681,0.012575574964284894
2026,64464,0.006659689163789156
2027,92145,0.004510594140738252
2028,97565,0.010989782810211178
2029,21434,0.007194077223539357
2030,56072,0.02498298853635788
2031,88318,0.004162470679730173
2032,43028,0.005194212589412928
2033,93168,0.0044488264247775095
2034,40864,0.01017397318035364
2035,14949,0.008219600166194135
2036,59741,0.0037818213179707538
2037,83271,0.006379142515361307
2038,66575,0.006065562057774513
2039,88322,0.009494464839808642
2040,22828,0.008388896870892497
2041,68213,0.012107291049323976
2042,40673,0.03507062375545501
2043,75229,0.004357566684484485
2044,44100,0.017694181799888607
2045,28759,0.01478855341672897
2046,43087,0.004478388801217079
2047,4071,0.003801018446683884
2048,15666,0.006969719293992968
2049,59609,0.006820527277886873
2050,15739,0.007870529592037202
2051,3620,0.005124945240095255
2052,62504,0.00465662308502942
2053,93547,0.005981077458709476
2054,49445,0.0124341441038996
2055,50442,0.009485263521783058
2056,17172,0.0064177739503793445
2057,57668,0.005403513251803813
2058,88342,0.0049964222684502554
2059,95150,0.0068492921628057965
2060,35398,0.005369510364253072
2061,16421,0.005626311805099246
2062,19972,0.02047015890479088
2063,46402,0.029056881964206697
2064,90849,0.00462505592033267
2065,28264,0.004165082611143593
2066,44127,0.00953545551747084
2067,4678,0.006535858721472323
2068,5313,0.005275361239910127
2069,10368,0.004148500279989095
2070,28880,0.0026446806290186934
2071,73268,0.015287126302719117
2072,84772,0.005370501503348348
2073,62030,0.0036613648198544966
2074,10260,0.005138430520892143
2075,65762,0.008318646475672722
2076,34972,0.006781486347317695
2077,93036,0.0099322073161602
2078,56605,0.0030191748635843433
2079,34434,0.003152764402329923
2080,21009,0.02005135118961335
2081,21500,0.00853994496166706
2082,10648,0.0034289122372865672
2083,6042,0.009128337986767293
2084,63499,0.008272672295570372
2085,1685,0.002687115623848514
2086,97339,0.0039017225499264957
2087,98677,0.006151442714035515
2088,96816,0.008878692965954543
2089,53256,0.014154914142563936
2090,74811,0.0027973445132374788
2091,25225,0.0042399207502603516
2092,46550,0.003871589954942464
2093,89539,0.007983419974334539
2094,10690,0.013863346157595519
2095,19114,0.0037707310542464275
2096,86209,0.0042753868177533155
2097,3849,0.0035173970460891735
2098,19831,0.006266503557562822
2099,23145,0.0029360183700919175
2100,49482,0.007780724652111531
2101,15970,0.011745041776448488
2102,39496,0.013922703359276055
2103,56970,0.004075613915920255
2104,67926,0.01615965649485588
2105,93933,0.00255923388991505
2106,47673,0.012164849638938902
2107,44638,0.017553502246737483
2108,56519,0.004280603141523901
2109,59058,0.00840397374238819
2110,23523,0.0050120422244071955
2111,69298,0.011387812756001951
2112,99225,0.00857388131320477
2113,60130,0.007364315818995234
2114,9772,0.007914571946021166
2115,31740,0.008983797580003745
2116,66155,0.0027494533173739936
2117,88089,0.0053249404951930075
2118,71690,0.011854433738626543
2119,45670,0.00721759587526322
2120,82555,0.010768130542710426
2121,62736,0.004516565247904513
2122,77092,0.004191177827306096
2123,61726,0.0037930786982178716
2124,11976,0.01265633404254914
2125,45934,0.004160044188611208
2126,57679,0.003408410102128984
2127,69732,0.0059869229700416325
2128,25508,0.0025990887812804425
2129,45320,0.009622291680425409
2130,13375,0.004896381720900537
2131,31301,0.004504453197587288
2132,90800,0.007279156148433689
2133,933,0.026239613145589827
2134,90371,0.0020439301524311287
2135,56152,0.0038611264247447223
2136,87791,0.003733473848551515
2137,59065,0.002806307405699044
2138,9514,0.002438831304898484
2139,91027,0.01794791996479034
2140,3655,0.005083768665790559
2141,2156,0.004781123660504814
2142,63432,0.003340859003365039
2143,36657,0.0071344509534537765
2144,84921,0.01229038819670677
2145,93876,0.014446765258908272
2146,95915,0.0034611807204782984
2147,51238,0.004429912446066736
2148,56866,0.0048905735323205605
2149,14708,0.009921822547912601
2150,46971,0.004485920770093801
2151,46457,0.009866773572284727
2152,99789,0.005689363181591033
2153,37624,0.005033008139580486
2154,14544,0.004596358234994107
2155,69690,0.011149923391640186
2156,32015,0.019301764667034156
2157,33359,0.010662656109780075
2158,62219,0.004295034065144137
2159,62588,0.004507289396133269
2160,85193,0.0024050225690007204
2161,6654,0.004922345047816633
2162,28693,0.008752073301002389
2163,29792,0.005203085641842337
2164,51704,0.004651676695793866
2165,83912,0.020134101174771785
2166,33065,0.002476780768483875
2167,33170,0.006499158907681704
2168,59395,0.0061967708542943045
2169,82940,0.004361307672224941
2170,47306,0.011089869327843189
2171,53329,0.0032056158781051626
2172,9602,0.005132720619440085
2173,59726,0.00353370720986277
2174,47323,0.007497277967631812
2175,14372,0.013712796196341514
2176,82965,0.004157957974821323
2177,83683,0.03374750755727291
2178,5180,0.005050727352499958
2179,51859,0.004568828977644444
2180,97687,0.00415295666200109
2181,58951,0.003093609118368472
2182,69653,0.0033499967725947543
2183,24176,0.008750084030907601
2184,44237,0.02275522142648697
2185,79634,0.006108542699366811
2186,83941,0.005540429851971562
2187,47480,0.02270997815765441
2188,57563,0.014151678122580053
2189,59240,0.0050363121926784524
2190,20076,0.0025698560848832143
2191,43245,0.0015955298487097013
2192,70823,0.004471230035414917
2193,84875,0.0025263098347932094
2194,59774,0.0036084325239062343
2195,4123,0.007771858279593288
2196,13986,0.013263830840587612
2197,69128,0.0098581556417048
2198,8734,0.013408135995268824
2199,6235,0.003843128765001895
2200,18568,0.0035304708220064633
2201,79207,0.00959031887352467
2202,64312,0.0070258277654647846
2203,51840,0.01397896345704794
2204,50069,0.0036224984191358107
2205,37720,0.002566846015397458
2206,71923,0.0052982841432094585
2207,15007,0.01470759304240346
2208,48772,0.003818172253668312
2209,58902,0.003069855787325655
2210,92743,0.0032107679825276137
2211,9823,0.008489887155592441
2212,62791,0.00360849563963711
2213,61917,0.0074915112927555995
2214,50147,0.010330424532294276
2215,26503,0.027921229624189428
2216,50514,0.005970226787030706
2217,19201,0.0036491242796182636
2218,14239,0.015283980816602705
2219,56118,0.013592006862163547
2220,87283,0.0043342971918173155
2221,85655,0.004729351955465973
2222,75986,0.0033268946083262548
2223,89554,0.008502978137694302
2224,2897,0.009951106701046226
2225,68247,0.0024548347573727348
2226,5059,0.018670132756233214
2227,2429,0.006062304396182298
2228,77894,0.006636299900710584
2229,24628,0.007682753428816798
2230,84426,0.0028568775393068803
2231,43574,0.012588012404739857
2232,32814,0.004019539905712007
2233,32113,0.01548041880130768
2234,86625,0.003969513608608394
2235,53260,0.008571849912405016
2236,22282,0.006137215988710526
2237,7029,0.010046873325482012
2238,39708,0.0074946539523079985
2239,53917,0.005545485988259317
2240,65465,0.006134787350893018
2241,83906,0.0040736383479088555
2242,2439,0.021173941493034358
2243,62895,0.00577724361792207
2244,61847,0.012340295067988331
2245,35907,0.006487978994846339
2246,69062,0.008262557461857795
2247,49487,0.0056319521646946685
2248,59831,0.0027311595785431556
2249,55398,0.009792812019586566
2250,5559,0.009811061844229698
2251,48123,0.004449227442964913
2252,20837,0.007505105764139442
2253,35800,0.013882918618619448
2254,36558,0.004948269333690403
2255,71414,0.0076615227188449285
2256,26948,0.002788400375284255
2257,750,0.003506988361477863
2258,29172,0.007262128656730056
2259,27511,0.012203206005506215
2260,37758,0.012571473717689508
2261,32720,0.007411569161340596
2262,47950,0.008901763558387754
2263,86860,0.0049245313834398955
2264,93751,0.006317585930228231
2265,49994,0.0059716829657554624
2266,59195,0.016098197400569912
2267,91510,0.008541979752480989
2268,73734,0.003987828791141505
2269,28435,0.0029975901544094046
2270,62887,0.005290154106914998
2271,18032,0.003491065376438206
2272,35512,0.008948883775155993
2273,40056,0.015187141480855648
2274,51114,0.0061605110764503465
2275,41040,0.0053910793503746425
2276,86253,0.006341022413689646
2277,14141,0.008217899203300476
2278,34783,0.001018783620093014
2279,83006,0.013549210503697395
2280,58627,0.00443456427194178
2281,30906,0.007457541301846506
2282,5167,0.0
2283,27147,0.011099362596869467
2284,54480,0.0032337020151317133
2285,83569,0.007482117637991906
2286,41052,0.0035454907594248634
2287,99114,0.010040164215024563
2288,59258,0.0035867061745375383
2289,56229,0.003957127360627054
2290,1837,0.0065907562384381856
2291,66646,0.00431875675916672
2292,19543,0.011093681789934636
2293,96276,0.004449976235628127
2294,27433,0.008335087024606766
2295,97405,0.009414226221852007
2296,63519,0.00892432558350265
2297,63074,0.004572592973709111
2298,68908,0.015054646688513461
2299,61811,0.014456488527357576
2300,60743,0.01505917839705944
2301,34319,0.006132175428792826
2302,38840,0.0046246922342106705
2303,1350,0.017129907389171424
2304,15794,0.005659268200397495
2305,83537,0.014704971872270108
2306,59716,0.008304925225675105
2307,61187,0.007104788571596143
2308,90596,0.0055213106423616445
2309,61285,0.025117913112044338
2310,55632,0.0041984158381819705
2311,832,0.00880528915207833
2312,5219,0.004245649678632622
2313,45629,0.0026076027564704424
2314,54746,0.00431521698832512
2315,68370,0.026311364597640923
2316,9701,0.0027637447649613033
2317,64430,0.005085165910422797
2318,13807,0.0035078851971775266
2319,93121,0.005220585181377831
2320,40074,0.005125148445367813
2321,88729,0.011569051742553715
2322,91480,0.0173798662237823
2323,31578,0.0
2324,19454,0.004283187612891199
2325,42885,0.00573920287191868
2326,62350,0.004618697389960289
2327,26487,0.01109296779613942
2328,47889,0.005315965733025223
2329,44083,0.008219864089041944
2330,94045,0.014442772865295408
2331,84099,0.015139774428680539
2332,83072,0.017860442847013477
2333,48238,0.006829333552159362
2334,26281,0.0062545289658010005
2335,64598,0.004016901357099416
2336,70753,0.008344014920294286
2337,12249,0.004623289196752008
2338,58098,0.002762685734778641
2339,59865,0.004855870939791205
2340,53556,0.013921042820438746
2341,73797,0.005674491953104731
2342,66131,0.005009645158424971
2343,6843,0.003553957939147946
2344,70777,0.015426056683063502
2345,88816,0.0021378645719960293
2346,24724,0.011359341870993377
2347,95155,0.003400511350482703
2348,69976,0.007442951109260321
2349,5143,0.00529912536032498
2350,50470,0.0033659191802144044
2351,6247,0.008194475248456
2352,79072,0.005198384369723496
2353,46414,0.002665814869105814
2354,24021,0.006231187377125025
2355,3779,0.007160708382725716
2356,94816,0.006110401339828966
2357,57706,0.006003831699490553
2358,97798,0.0062993227236438545
2359,8994,0.0039748424291610705
2360,90728,0.004411409692838791
2361,8103,0.005432902835309502
2362,24849,0.011202304901089517
2363,1661,0.013555297031998634
2364,66379,0.0038110544206574537
2365,94531,0.004666950171813362
2366,8874,0.010843571927398443
2367,50462,0.004050064831972114
2368,24359,0.0071666455222293745
2369,21922,0.0028488613432273288
2370,16908,0.00637582011055201
2371,8900,0.004810701049864292
2372,5312,0.01280286122113466
2373,38444,0.004048973158933225
2374,94958,0.01089328695088625
2375,38877,0.005318571194075045
2376,12999,0.0044811011105775796
2377,45775,0.009390181638300422
2378,74354,0.010644565299153325
2379,33550,0.005521429777145383
2380,54876,0.005568781886249782
2381,62552,0.008425049167126417
2382,48017,0.006817780546844007
2383,40128,0.008746496036183089
2384,97801,0.004699658998288217
2385,61854,0.005439228415489196
2386,57598,0.012212759256362922
2387,84581,0.009954370297491555
2388,64305,0.003421861566603187
2389,36268,0.0063922204822301895
2390,69309,0.0080256737396121
2391,10597,0.0019996564113534945
2392,53386,0.00604253503493965
2393,67651,0.009771641567349427
2394,34674,0.01752693742513657
2395,25637,0.006482400260865686
2396,32603,0.004996914546936754
2397,62203,0.004327596542425454
2398,2365,0.008992891293019055
2399,20924,0.010896838204935196
2400,90257,0.005599034205079077
2401,75330,0.023130865097045896
2402,26088,0.0040846523293294
2403,317,0.018507578293792903
2404,47492,0.007315744012594228
2405,56162,0.010044066347181793
2406,74413,0.0030473549594171295
2407,39283,0.006616386119276282
2408,54836,0.01688836142420769
2409,99503,0.007862832397222519
2410,50142,0.012237893138080835
2411,49183,0.007546806233003738
2412,61332,0.004007710069417957
2413,77528,0.0023248225462157235
2414,21673,0.004410931360907857
2415,21094,0.006342506967484946
2416,49632,0.003581551708048206
2417,64004,0.009408072270452974
2418,24984,0.004123849868774411
2419,55341,0.004057492129504684
2420,74109,0.0037525048921816084
2421,17367,0.00460237130755559
2422,32078,0.004820020478218801
2423,78883,0.00521675636409782
2424,10315,0.0062426248379051676
2425,94935,0.009849242977797986
2426,86081,0.005136077795177704
2427,7141,0.008794757910072802
2428,98536,0.0036081529874354627
2429,31121,0.010049631460569797
2430,98627,0.005324999205768113
2431,53638,0.013528471291065212
2432,39091,0.0031310716771986366
2433,95119,0.002944422001019125
2434,2751,0.003125588409602642
2435,10280,0.005277413269504903
2436,76583,0.030358187034726144
2437,54693,0.00541946137323976
2438,61702,0.006473417170345784
2439,85717,0.004908171072602267
2440,53659,0.0046949122659862026
2441,83303,0.0069245885824784645
2442,82916,0.002035336728440598
2443,42475,0.008391732722520823
2444,65835,0.0033089893730357312
2445,39640,0.0036646501347422596
2446,83473,0.0062000710237771275
2447,65322,0.005324638927122578
2448,12247,0.003626325642690064
2449,50994,0.009260421660728754
2450,49050,0.01226586189121008
2451,86655,0.0017577142827212787
2452,23151,0.005563692571595309
2453,62599,0.014244700372219078
2454,80429,0.031046202257275574
2455,12713,0.009694237038493154
2456,5438,0.0024999195081181823
2457,48308,0.010534318126738069
2458,3962,0.0028311183815822004
2459,75076,0.006711473464965817
2460,46150,0.005259549762122327
2461,50337,0.008090270161628726
2462,16863,0.004945196583867073
2463,49519,0.013993062488734723
2464,17283,0.0033088394068181513
2465,13158,0.01013361647259444
2466,75335,0.009644912891089921
2467,93709,0.0061050146014895255
2468,36575,0.012137685120105747
2469,46243,0.0069348487630486455
2470,68317,0.007160083744674915
2471,23175,0.005179990167962386
2472,2094,0.009983817115426065
2473,72882,0.004537918642163272
2474,90010,0.008417031913995746
2475,9023,0.011941400077193978
2476,53930,0.004445086508058015
2477,85236,0.014209817051887508
2478,78661,0.0076667830348014845
2479,79586,0.011239440739154824
2480,91333,0.011672645062208175
2481,77675,0.015773635804653168
2482,46597,0.0033107762411236736
2483,27809,0.022424346450716254
2484,83782,0.012889497131109238
2485,76113,0.007097539566457272
2486,51573,0.00734251759946346
2487,25183,0.008096295595169068
2488,58969,0.014787543267011647
2489,43093,0.008963466305285692
2490,98082,0.004913611381780354
2491,95203,0.007807321501895791
2492,80699,0.00743990242481232
2493,41405,0.009422938637435433
2494,292,0.0035410750657320026
2495,60925,0.01086439821869135
2496,20302,0.008765270514413712
2497,12160,0.0033403853513300445
2498,19793,0.024602956883609292
2499,23033,0.007819341719150542
2500,92001,0.005839132755063465
2501,44952,0.006630508936941622
2502,60769,0.012777404086664317
2503,62685,0.003283431446179743
2504,36940,0.0038706523738801482
2505,63900,0.0036825816240161693
2506,50682,0.00558187257498503
2507,92985,0.003925100830383596
2508,53597,0.008099312437698243
2509,3,0.011988109685480601
2510,63006,0.00342779253376648
2511,18143,0.002724649468436836
2512,99414,0.00442104183137417
2513,52031,0.012113169683143498
2514,70618,0.0026644999580457845
2515,1497,0.011371056735515594
2516,41628,0.004001441700384018
2517,79413,0.019585057497024536
2518,711,0.007544291871599853
2519,4508,0.004808538039214905
2520,27844,0.0038349433103576297
2521,6298,0.009000086812302466
2522,89594,0.003546259799040856
2523,5476,0.005299600092694156
2524,58521,0.010408838391304015
2525,4966,0.005650966838002204
2526,91303,0.033862051628530024
2527,67227,0.005514868646860129
2528,13750,0.004793237894773481
2529,47459,0.011773978471755982
2530,93741,0.003494151430204507
2531,12182,0.007821587510406978
2532,53158,0.002985182330012318
2533,92625,0.008610536158084867
2534,55399,0.00964409952517599
2535,88390,0.004066552855074405
2536,93190,0.014445537626743315
2537,27689,0.008084102272987365
2538,59579,0.00395401331828907
2539,39037,0.011573489531874653
2540,27194,0.007689103595912456
2541,89325,0.02581418707966805
2542,85498,0.007960520498454571
2543,6635,0.003971664104610681
2544,26203,0.009667191766202454
2545,34215,0.005748180299997324
2546,40683,0.006316267903894188
2547,12449,0.008824268076568845
2548,47974,0.0045989777101203815
2549,39981,0.009014510512351987
2550,98048,0.002581744287163017
2551,60180,0.005975220091640948
2552,68529,0.008899749256670478
2553,37451,0.010387283936142924
2554,40263,0.006873848598916082
2555,71549,0.010877923388034108
2556,99054,0.003977101990021769
2557,63935,0.007908620010130103
2558,42455,0.008972427845001218
2559,84895,0.013140758587978781
2560,21850,0.0068824185337871355
2561,16888,0.002586939670145505
2562,57888,0.005078713204711675
2563,88695,0.004065158609300851
2564,11090,0.00663194175343961
2565,24646,0.007004911554977299
2566,72296,0.01376426305621862
2567,57937,0.008739261943846941
2568,57138,0.007582990443333987
2569,57029,0.004595564510673285
2570,76228,0.012400929145514957
2571,27239,0.004541524494998158
2572,80717,0.007383794859051708
2573,52311,0.00708140769042075
2574,76325,0.006177691668272016
2575,12651,0.0
2576,27218,0.003949233954772358
2577,76236,0.0030049773631617444
2578,58371,0.010665618088096384
2579,28445,0.005164079293608666
2580,29699,0.003516755886375908
2581,17420,0.008514552712440488
2582,81415,0.008249423801898961
2583,33580,0.00587003078311682
2584,94380,0.004676475105807185
2585,64054,0.005886849923990668
2586,40761,0.002719728895463047
2587,16367,0.011990185747854416
2588,14603,0.007824215805158016
2589,74,0.010474012321792544
2590,62365,0.0038321894686669123
2591,13785,0.005048330053687098
2592,96745,0.0038117257878184296
2593,56225,0.004577934406697748
2594,15127,0.0034890889469534154
2595,59225,0.004899694528430703
2596,46342,0.004290810339152813
2597,36669,0.019234220311045647
2598,13007,0.011863057985901836
2599,53099,0.022498199837282302
2600,77484,0.004699506442993877
2601,98234,0.012651132047176362
2602,70073,0.003833420898299667
2603,94978,0.00503809968009591
2604,349,0.006449015140533451
2605,29647,0.005263415202498436
2606,46659,0.00476706895977259
2607,16386,0.007678461631294342
2608,49484,0.010622863359749317
2609,35332,0.013867843747138975
2610,42509,0.004537604302167894
2611,76125,0.0032890879316255445
2612,83235,0.006629249691031876
2613,69670,0.0031922832154668863
2614,62737,0.003335234820842744
2615,85088,0.008534141841810196
2616,93402,0.004720355328172443
2617,57071,0.005943113444373012
2618,84947,0.007626124992966649
2619,87364,0.009179103560745713
2620,83269,0.0102369091194123
2621,30654,0.00906592125073075
2622,18847,0.0038264166377484808
2623,42065,0.007593078799545769
2624,87032,0.0027392439940012963
2625,84358,0.010539836972020565
2626,33590,0.009192562364041808
2627,87872,0.012342971819452946
2628,14164,0.004017685704166068
2629,92072,0.0037496709590777774
2630,35732,0.004169960557483138
2631,87605,0.007182754091918467
2632,46824,0.00685463935136795
2633,53752,0.004264626977965235
2634,63692,0.004118118472397328
2635,31396,0.004202708173543213
2636,33674,0.006310891769826409
2637,45935,0.02138232837431133
2638,80652,0.005427624499425292
2639,80189,0.0034247719449922416
2640,18874,0.012976587712764743
2641,46475,0.007271719332784413
2642,42730,0.0063323513418436055
2643,20361,0.003511635488830507
2644,51901,0.004942213408648967
2645,60093,0.00685717271640897
2646,86408,0.003977036604192111
2647,67473,0.005784437656402585
2648,36661,0.007407882632687686
2649,17291,0.006973385997116564
2650,45484,0.007724808566272263
2651,7918,0.005507936775684357
2652,90640,0.00317352661862969
2653,99052,0.012213035598397256
2654,27,0.005335109429433945
2655,55380,0.004921488557010894
2656,56004,0.0030829025991261035
2657,88487,0.011475917939096688
2658,72535,0.005642229206860069
2659,62976,0.00817982563748956
2660,25521,0.004304935401305554
2661,80151,0.007275209357030693
2662,40689,0.008162068426609038
2663,6276,0.0039034002972766725
2664,89825,0.002897730879485611
2665,36715,0.008906837254762656
2666,69541,0.005371463224291806
2667,15635,0.007558405646122987
2668,95160,0.005320237241685392
2669,18844,0.00849268958903849
2670,62266,0.004997955458238723
2671,89141,0.005543312937952582
2672,94812,0.006344722006469968
2673,19865,0.0032509302347898486
2674,79078,0.010653334399685264
2675,7189,0.0040663962997496165
2676,40304,0.004972488079220056
2677,46629,0.015734628178179264
2678,71651,0.00355710204690695
2679,1358,0.026972559392452237
2680,14530,0.0026756670989561827
2681,13857,0.005130987851880494
2682,5556,0.005997969172894955
2683,96256,0.005537433084100485
2684,75263,0.012412725025787955
2685,35940,0.009793710336089131
2686,53671,0.016662499904632568
2687,48058,0.005863392548635599
2688,40572,0.0064197792252525705
2689,50547,0.0029519204469397715
2690,43762,0.008228330789133905
2691,76105,0.0032305486989207526
2692,14640,0.009902490684762599
2693,19588,0.005770654487423602
2694,68840,0.009466541791334744
2695,3370,0.00407286929897964
2696,83463,0.004798565786331894
2697,90048,0.004736805036664008
2698,18000,0.005404373998753734
2699,85062,0.007090617343783375
2700,49967,0.006242369073443113
2701,48925,0.008225590921938425
2702,16076,0.01648947827517986
2703,55988,0.008717895466834309
2704,73433,0.009041332006454468
2705,54760,0.007017718441784378
2706,93956,0.003479383019730449
2707,5965,0.012184690004214646
2708,62850,0.014200604185461993
2709,74006,0.009650487303733826
2710,320,0.006434120784979311
2711,11152,0.020014549121260643
2712,86407,0.004293584674596786
2713,78103,0.006645589410327374
2714,58436,0.00408689998090267
2715,50401,0.004669094169512392
2716,786,0.005575472209602594
2717,82508,0.005159403488505635
2718,30944,0.004730278360657396
2719,26444,0.020083360373973846
2720,47250,0.013171213269233706
2721,58178,0.009619630100205542
2722,25539,0.008058255314826965
2723,60076,0.005976022682152691
2724,28571,0.005105285085737708
2725,98274,0.011156956353224813
2726,87915,0.01518081367015838
2727,36530,0.007355924509465692
2728,50249,0.020273256939835844
2729,24335,0.004553541606292133
2730,74818,0.005169514175504441
2731,95069,0.0032813338888809038
2732,98479,0.006173356911167499
2733,75221,0.00539983198046684
2734,11595,0.0035732098575681458
2735,34750,0.0038659328059293353
2736,6145,0.004230130109935996
2737,70950,0.004041247623972595
2738,57945,0.0032540841912850715
2739,29093,0.0025816829293034992
2740,36870,0.0037921846937388204
2741,49031,0.00208392430096865
2742,40116,0.007672982378862799
2743,97964,0.006561972531490024
2744,81568,0.0038920304924249657
2745,61006,0.019038240313529964
2746,45251,0.0047690645139664475
2747,75521,0.004843408046290276
2748,23958,0.007244123052805659
2749,25347,0.008434683084487912
2750,20513,0.0025468745897524077
2751,49845,0.005714476625435054
2752,40083,0.024300410747528076
2753,67277,0.0025561892520636325
2754,22033,0.006166936978697779
2755,78025,0.002397925592958927
2756,95207,0.015273310597985985
2757,57272,0.016726413592696183
2758,17238,0.006489477753639223
2759,91272,0.01879553735256195
2760,10811,0.01852367743849754
2761,67137,0.005240113362669941
2762,39124,0.005979735478758812
2763,37256,0.006437501006294041
2764,47599,0.00420269818045199
2765,54684,0.0027769091818481704
2766,64742,0.009041093839332461
2767,9810,0.006913653304800383
2768,45913,0.005657813288271424
2769,66018,0.015447929054498679
2770,69680,0.0028676015906967294
2771,51744,0.004054076820611956
2772,7457,0.005406587426550686
2773,93290,0.012696909746155146
2774,18619,0.009487249073572455
2775,53143,0.0034413090837188023
2776,88669,0.010535366144031288
2777,82208,0.018751315325498584
2778,48725,0.012039871513843538
2779,64800,0.010864434689283371
2780,44750,0.010084239172283557
2781,25633,0.0043289686599746365
2782,59728,0.0019965709676034787
2783,5852,0.0032186481845565143
2784,19198,0.005626283027231691
2785,88008,0.00603603735566139
2786,39098,0.0033794353529810932
2787,95344,0.009231310486793518
2788,13788,0.00698908217251301
2789,60189,0.008184946198016404
2790,41228,0.006454464085400101
2791,2832,0.010959047372452915
2792,44846,0.01826683163642883
2793,66208,0.003954395269975063
2794,5363,0.009221685510128735
2795,90262,0.004351332802325487
2796,65833,0.009594602254219355
2797,20116,0.0035116258775815348
2798,93318,0.005716530622448772
2799,87072,0.004033833760768174
2800,65602,0.007211357792839414
2801,7266,0.01688226345926523
2802,68761,0.03562817096710205
2803,67430,0.005528955112677072
2804,1487,0.0029581457003951058
2805,9825,0.011354978457093238
2806,54499,0.009369819760322577
2807,47704,0.004460329855792225
2808,66707,0.013627521228045227
2809,99598,0.006572948582470418
2810,10821,0.003949648188427092
2811,63541,0.006298248744569718
2812,17493,0.015515497152227912
2813,19874,0.0026546695083379725
2814,57326,0.010645510852336889
2815,23310,0.006339546549133955
2816,70711,0.008052913732826707
2817,85067,0.004039787217043341
2818,27927,0.005586425315123049
2819,12011,0.0038777411170303807
2820,71790,0.0040558277559466695
2821,77213,0.007081725727766752
2822,99832,0.0039091662131249885
2823,50332,0.003642260693013666
2824,81299,0.00445549748837948
2825,18590,0.005084113990888
2826,9998,0.006139132492244242
2827,42725,0.008663882287219163
2828,2232,0.007552325036376715
2829,32250,0.0062345659360289575
2830,65127,0.0033528903266414993
2831,22818,0.007430169954895973
2832,67269,0.006666283532977103
2833,57880,0.004054762749001383
2834,65277,0.0029836271796375557
2835,7542,0.02690456598997116
2836,35617,0.002602207837626336
2837,76371,0.005693930257111788
2838,7947,0.006962032690644267
2839,46299,0.008322802968323235
2840,82774,0.006316813995363193
2841,62228,0.008299037218093872
2842,59093,0.002743491530418393
2843,94738,0.013961343020200731
2844,86431,0.0026296492759138347
2845,89126,0.004253517254255712
2846,70884,0.003990377709269514
2847,34613,0.014688024744391443
2848,53563,0.008689413573592897
2849,77526,0.013890475081279875
2850,20899,0.0043834983464330415
2851,78416,0.0038157189637422614
2852,66676,0.0032741731777787236
2853,64636,0.005436198860406874
2854,68563,0.022467513578012584
2855,17714,0.007589850276708601
2856,95561,0.010050929747521878
2857,41640,0.0038808006700128336
2858,83058,0.006201985855586829
2859,44948,0.002249571485444902
2860,81938,0.005160643048584465
2861,71419,0.008481827527284623
2862,1407,0.007969215298071507
2863,93682,0.009433526415377848
2864,96356,0.005137959532439712
2865,90927,0.00740334049332887
2866,3326,0.011098389532417057
2867,46333,0.013025089800357815
2868,16304,0.002182437502779067
2869,44813,0.006176639860495924
2870,92419,0.006323169283568862
2871,77153,0.0063835958391428
2872,35038,0.004870714172720916
2873,44520,0.005797267914749685
2874,90654,0.00653006998822093
2875,44008,0.006140672527253632
2876,46114,0.003429738250561054
2877,86707,0.011375808285083616
2878,70687,0.003446379271335901
2879,67072,0.003421696678269652
2880,75622,0.004425416700541975
2881,87096,0.004427439775317911
2882,37334,0.005822127237915993
2883,92738,0.005769133064895869
2884,9778,0.001084993286058308
2885,2902,0.0031314759328961344
2886,95,0.005484480783343317
2887,6089,0.012765527479350565
2888,55588,0.005050701191648844
2889,92401,0.006602420099079613
2890,4962,0.004942108420655131
2891,15877,0.006580058969557286
2892,65506,0.01017070597037673
2893,87723,0.011198049276135862
2894,71421,0.005872341035865249
2895,70402,0.007053399598225955
2896,4624,0.0116202777903527
2897,97466,0.0064550022687762994
2898,59331,0.010129675194621088
2899,31414,0.011752106568310404
2900,90915,0.006827329639345408
2901,9884,0.005426432918757199
2902,22448,0.010289952196180823
2903,12364,0.003750452739186585
2904,31402,0.0037797877937555333
2905,9084,0.006050348933786155
2906,81475,0.008741696551442146
2907,32848,0.0031966279260814195
2908,24843,0.006673156600445506
2909,91147,0.005765710100531579
2910,52042,0.004694334594532849
2911,6669,0.006629818850196899
2912,99709,0.005964436866343018
2913,23183,0.004933059765025977
2914,94323,0.007619154257699846
2915,12512,0.0027617475367151183
2916,76518,0.002208828181028363
2917,91863,0.016479259049519898
2918,31250,0.007667278312146671
2919,51650,0.004667378333397212
2920,9967,0.013626745566725728
2921,15130,0.004137748870998621
2922,5784,0.007179892193526028
2923,38500,0.00737946027889848
2924,47659,0.006014604556839916
2925,38799,0.0032653515168931347
2926,2589,0.004866438508033751
2927,97480,0.0038141745515167724
2928,189,0.00293300969526172
2929,9461,0.006212095692753792
2930,95468,0.021157081127166747
2931,54111,0.0028096828982234023
2932,6001,0.00834422715008259
2933,85009,0.004162119145039467
2934,93433,0.004941926971077917
2935,19026,0.004033803753554821
2936,50448,0.0024530601128935838
2937,39955,0.0024323534592986086
2938,39978,0.01587880603969097
2939,15873,0.009508864781819282
2940,34330,0.003821773808449509
2941,1775,0.0025464951433241375
2942,82271,0.0036662574671208854
2943,71382,0.007135730534791949
2944,54235,0.0051954287150874695
2945,11329,0.00906650706892833
2946,45502,0.0031491927802562727
2947,69433,0.005474348445422948
2948,37271,0.004309171582572161
2949,52811,0.003755017207004127
2950,44896,0.004351187550928444
2951,39131,0.003452669219113884
2952,29749,0.003169034877791998
2953,31580,0.022849914208054545
2954,70665,0.0052018495509401
2955,68891,0.006102951895445586
2956,45499,0.0066394682042300755
2957,81539,0.005927642891183493
2958,51825,0.005191858634352684
2959,39080,0.006171697457320988
2960,21125,0.016755867004394527
2961,75181,0.006527231698855759
2962,34148,0.008516878662630914
2963,29194,0.009456634046509864
2964,16973,0.00889254332520068
2965,68202,0.012446835786104208
2966,54695,0.007816387899219986
2967,85526,0.004026554860174651
2968,62298,0.006132706962525844
2969,55677,0.006335376193746926
2970,72861,0.0061152714490890535
2971,58365,0.004735951074399055
2972,72150,0.006484488714486359
2973,39441,0.005560325160622593
2974,92819,0.008165790159255264
2975,57969,0.005433696061372754
2976,19037,0.010306434780359268
2977,23057,0.009246231466531757
2978,14773,0.0019078092393465334
2979,49211,0.010921026417054235
2980,39548,0.0100512070953846
2981,68711,0.009734190963208671
2982,90329,0.0062698448821902324
2983,40721,0.009160437583923342
2984,75334,0.01269458484835923
2985,2547,0.005097554801031945
2986,99043,0.005635716104879977
2987,65665,0.004860753454267976
2988,39014,0.021411774680018432
2989,50152,0.004513376548420641
2990,92136,0.009207062572240826
2991,59007,0.0020396433712448953
2992,3232,0.0017918130615726087
2993,46948,0.006224356554448603
2994,31702,0.002456335052847863
2995,2825,0.00350727957207709
2996,49316,0.008391300309449441
2997,55607,0.004252914562821385
2998,52720,0.007873524427413944
2999,10438,0.005149193536490199
3000,6351,0.003970037456601858
3001,66152,0.020374168381094935
3002,20795,0.011867779111489653
3003,20766,0.01027243971824646
3004,2869,0.01080701568629593
3005,16731,0.00971827101893723
3006,47209,0.011139249905245377
3007,80661,0.007066160421818491
3008,43460,0.0036508340202271897
3009,37021,0.0034301919862628
3010,92183,0.006081161722540856
3011,91955,0.003998807333409791
3012,47051,0.008287934362888336
3013,36737,0.021484748125076305
3014,51009,0.004417568894568831
3015,5032,0.007963477466255427
3016,86174,0.006132926675491037
3017,93624,0.0041376970894634706
3018,40252,0.02281713407486678
3019,55487,0.013450822643935682
3020,36553,0.016980682462453843
3021,99639,0.00516912501305342
3022,86675,0.00881070700008422
3023,34513,0.011294672172516583
3024,96776,0.023259957092814147
3025,38571,0.007000148361548782
3026,95178,0.005184414312243457
3027,63580,0.00825668947771192
3028,58940,0.003361377003602681
3029,75955,0.011914968546479941
3030,90043,0.005309161429759119
3031,57478,0.023697890192270282
3032,57973,0.020792190916836262
3033,42596,0.0034601063467562185
3034,53065,0.0027124453731812554
3035,50020,0.005247688796371224
3036,40563,0.003386373696848753
3037,93020,0.003363924175500875
3038,88900,0.010951731391251085
3039,3989,0.006116936206817631
3040,73948,0.011503392648883172
3041,61281,0.0041265124664641925
3042,86459,0.012436818033456802
3043,75774,0.01167757403105497
3044,94962,0.007926399670541288
3045,34646,0.004700249757152051
3046,86703,0.004113421831279995
3047,93914,0.011899031400680538
3048,25449,0.010100307445973157
3049,52544,0.008837935263291
3050,9751,0.00719054710119963
3051,33112,0.012404788434505463
3052,12909,0.009704044349491596
3053,26219,0.004815872302278877
3054,50719,0.02836144510656595
3055,7455,0.005590623319149016
3056,40795,0.008549242459703238
3057,55827,0.00593136439914815
3058,90197,0.005226755938492716
3059,27821,0.003128953948616984
3060,22753,0.02124038815498352
3061,24306,0.011898236609995366
3062,98367,0.004207505704835059
3063,26114,0.002769813172053547
3064,82198,0.006702630594372752
3065,82497,0.006048043109476564
3066,52331,0.006138576455414295
3067,97780,0.005073523819446561
3068,15534,0.011511090360581875
3069,49520,0.009676142930984495
3070,67019,0.0074295494705438605
3071,92270,0.005764723680913445
3072,78757,0.003430822889786217
3073,51733,0.003875743662938475
3074,20544,0.008335772035643462
3075,36179,0.005683561377227313
3076,35947,0.006158600059570741
3077,55014,0.010434910315088926
3078,75075,0.014503615438006812
3079,4103,0.005932177230715751
3080,32299,0.004419243205338718
3081,75373,0.022973871231079104
3082,18433,0.005036447430029512
3083,77104,0.0036045926436781848
3084,31587,0.00596067584119737
3085,92206,0.008226291043683887
3086,79070,0.012193361800163983
3087,53740,0.00744785834103823
3088,33344,0.006132959229871634
3089,28619,0.004423573557287458
3090,19505,0.008743100706487893
3091,57542,0.0037314789369702287
3092,36739,0.00675297899637371
3093,2964,0.004221265777014193
3094,81105,0.003974240340758115
3095,63087,0.0037821824755519583
3096,80524,0.0038311218470334987
3097,30365,0.007454467564821242
3098,67280,0.007507731085643172
3099,28892,0.004500664249062537
3100,12974,0.014086793065071105
3101,74564,0.012285444140434264
3102,63857,0.005335542261600493
3103,61043,0.0041075049526989454
3104,28334,0.005560639500617978
3105,83180,0.008609800878912208
3106,49110,0.0032721039676107486
3107,82274,0.007228402937762437
3108,72255,0.006661019567400216
3109,14370,0.002747755125164985
3110,9349,0.002486661595758051
3111,60632,0.0031478279456496304
3112,69158,0.005617615096271037
3113,95742,0.012171196658164267
3114,66548,0.005169421513564882
3115,34614,0.00979580601677299
3116,80402,0.014734348952770232
3117,43358,0.005599818099290133
3118,35568,0.004609170872718097
3119,35158,0.01119337141513824
3120,54303,0.004933085143566132
3121,97733,0.0054500542208552405
3122,15142,0.031880958080291746
3123,37789,0.006467567291110756
3124,43314,0.004692564713768664
3125,60826,0.0071184915862977545
3126,60159,0.004004489704966544
3127,90669,0.0068255724757909815
3128,82820,0.015147042274475104
3129,21149,0.004433928709477182
3130,67323,0.013867660164833068
3131,16254,0.004834727980196471
3132,67607,0.008743561510927976
3133,79671,0.003300643749535083
3134,97773,0.006123227728530771
3135,98803,0.005250837458297606
3136,49733,0.00281021690927446
3137,15340,0.0031555400695651744
3138,68461,0.010786758065223691
3139,88843,0.005659359358251095
3140,73990,0.0032016190746799143
3141,77687,0.011938548982143402
3142,19025,0.01643037375062704
3143,70134,0.007093503400683411
3144,24650,0.004121863973559816
3145,33924,0.0031035917764529585
3146,41655,0.004635171780828383
3147,58888,0.00820552864577621
3148,87458,0.005035402774810793
3149,37927,0.004898764006793496
3150,44715,0.014737320244312287
3151,98158,0.003667041396256533
3152,25249,0.005476852748543024
3153,56267,0.004109539790079
3154,64958,0.0036268146452493972
3155,47767,0.005160511080175635
3156,64379,0.005596656501293181
3157,20053,0.006178700863383707
3158,59638,0.014812040179967883
3159,91385,0.005308262296020983
3160,41330,0.008232316859066488
3161,49167,0.006429373901337387
3162,77100,0.0021625850303098586
3163,36387,0.010422910451889032
3164,7602,0.005386937740258875
3165,44914,0.00961690491996705
3166,27940,0.004491289090365168
3167,47385,0.003954610438086092
3168,95358,0.005038856752216815
3169,40039,0.008106252085417515
3170,8380,0.0076975606754422134
3171,20462,0.004413540847599503
3172,29635,0.0030950755649246263
3173,23624,0.004783652424812315
3174,17520,0.009349354912992575
3175,63192,0.018956832690164446
3176,86197,0.0038082315027713753
3177,24203,0.003152026967145503
3178,80653,0.004780153036117554
3179,47042,0.005518479868769653
3180,71569,0.005591892488300803
3181,83007,0.004715435788966719
3182,31440,0.003770417198538778
3183,81520,0.004339506942778825
3184,26717,0.007772373612970112
3185,57685,0.004530534497462213
3186,94183,0.006162588410079478
3187,27579,0.006546857357025148
3188,63133,0.003499096864834425
3189,96683,0.009101805640384562
3190,28719,0.0061009267996996654
3191,77774,0.010968368607573215
3192,99769,0.007283321251161399
3193,34996,0.003087296942248942
3194,1973,0.01167144291102886
3195,75057,0.00749448528513312
3196,75455,0.004686256572604179
3197,66481,0.007168446825817233
3198,63644,0.0033055049553513552
3199,38658,0.0034817839972674882
3200,71174,0.007514637932181363
3201,67438,0.0016481946781277664
3202,99369,0.01852833731099963
3203,22035,0.006732205427251755
3204,40105,0.004589188615791502
3205,66177,0.006359579330310228
3206,94332,0.0062988072633743284
3207,15771,0.0032687325251754395
3208,94276,0.004620032012462621
3209,82869,0.003875311178853741
3210,68304,0.00340410986915231
3211,86093,0.006291056354530158
3212,79235,0.00528666149824858
3213,89835,0.015859331209212537
3214,69824,0.003033214835450053
3215,53473,0.009611779069527981
3216,77026,0.0041545786336064355
3217,84207,0.0028688810800667833
3218,92034,0.01089247327297926
3219,96350,0.004799176035448912
3220,72708,0.0029690607823431494
3221,16174,0.0012669071089476342
3222,6551,0.021180569007992745
3223,52058,0.034035844355821604
3224,85435,0.004862536638975146
3225,5604,0.0053234596177935654
3226,51483,0.004488430693745615
3227,46704,0.009163731348235163
3228,35130,0.006827652710489929
3229,69896,0.002502898005768657
3230,55225,0.017402420192956927
3231,3774,0.003370638815686103
3232,6417,0.003920588791370393
3233,3663,0.016385151296854018
3234,98607,0.003692971658892934
3235,44374,0.005034132190048701
3236,24146,0.013703358285129072
3237,12836,0.00517307111993432
3238,6974,0.005935609177686275
3239,4883,0.007888540402054785
3240,76035,0.006791910561732947
3241,50708,0.013635049825534228
3242,92389,0.00558095242828131
3243,74331,0.00882630635052919
3244,21455,0.0018418837897479583
3245,67943,0.017392968535423277
3246,22179,0.012915369998663663
3247,84239,0.010189576544798911
3248,42163,0.003997870204038918
3249,36176,0.003843308370560408
3250,78119,0.004208546776790168
3251,91917,0.01027535670902579
3252,1658,0.0195902955904603
3253,44428,0.005808100041467694
3254,53888,0.0018501824792474565
3255,78029,0.0044770204275846465
3256,41293,0.002933385736541824
3257,46755,0.008691604789346458
3258,31548,0.003690676763653754
3259,54547,0.006977941673249008
3260,39993,0.00974772655637935
3261,69761,0.005437297485768794
3262,30837,0.003024440207518639
3263,38830,0.01266359294997528
3264,47891,0.005284805330447846
3265,85059,0.017124856356531385
3266,49088,0.011376407667994502
3267,53320,0.0042440461460501
3268,41027,0.009923260454088447
3269,45510,0.0032484349410515285
3270,40632,0.003960421495139599
3271,23337,0.012274212390184398
3272,68801,0.0043727292213588944
3273,64837,0.0045232062600553
3274,61603,0.003861994296312329
3275,39711,0.011274967696517705
3276,227,0.003830166514962913
3277,99597,0.017512982226908204
3278,33676,0.012243543723598121
3279,71428,0.009129171869717538
3280,97760,0.007057636873796581
3281,80282,0.0033708619023673217
3282,14802,0.007100831829011445
3283,32408,0.009963379949331289
3284,94810,0.0065868300199508675
3285,17868,0.0035972829791717266
3286,48170,0.002639579591341315
3287,4068,0.003366474788635971
3288,36852,0.0031579420715570463
3289,12418,0.009319247808307415
3290,75094,0.006250244416296481
3291,22123,0.002912776470184331
3292,27216,0.013190311091020706
3293,97717,0.004252424240112305
3294,85319,0.013586770202964551
3295,20955,0.008790002912282945
3296,5303,0.0030197321437299245
3297,34230,0.0058423550520092255
3298,34790,0.005587490200996398
3299,13250,0.002690966757945719
3300,37796,0.005537455193698408
3301,60278,0.002743471991270777
3302,1689,0.007243874017149207
3303,86587,0.008980856165289881
3304,9686,0.004797913469374177
3305,42050,0.008362722881138322
3306,78642,0.00614341419190168
3307,65990,0.00881631555967033
3308,6929,0.00867113137617707
3309,93637,0.0048463048762641845
3310,86025,0.006125213033519687
3311,37013,0.010954474285244943
3312,29898,0.006563631594181058
3313,58179,0.010946923065930605
3314,5741,0.022149519510567192
3315,52630,0.00661619348451495
3316,13228,0.005219756355509162
3317,97,0.006368671283125882
3318,65079,0.027921457588672642
3319,23399,0.006439119321294126
3320,69886,0.0141444687359035
3321,96493,0.011331112235784528
3322,89366,0.007840948402881628
3323,84524,0.007499803761020298
3324,62005,0.007143545253202323
3325,14339,0.005646240552887322
3326,62103,0.003690058225765828
3327,54674,0.014743493944406508
3328,93060,0.010881880670785899
3329,13901,0.005347529314458368
3330,85962,0.0019586882647126946
3331,68305,0.009816941991448402
3332,77447,0.014332334841601561
3333,6649,0.004487491976469754
3334,89771,0.003422905571060261
3335,81761,0.006835789382457729
3336,75355,0.007252454441040752
3337,89096,0.011879218574613336
3338,74862,0.0027981099113821963
3339,39999,0.0027351786056533456
3340,57097,0.0049385211523622265
3341,45009,0.0038787797000259137
3342,65102,0.025671298801898952
3343,78127,0.003405370712280273
3344,85437,0.005400846349075438
3345,31212,0.01462433939799666
3346,63618,0.005997058030916378
3347,67869,0.003935135547071693
3348,32789,0.005440857098437846
3349,89324,0.004114039540290834
3350,9140,0.005233479160815478
3351,10455,0.007924324050545693
3352,85813,0.013447098885662857
3353,2662,0.005034596142359079
3354,66828,0.005587884779088195
3355,30084,0.016271945945918558
3356,50054,0.007124980837106701
3357,97177,0.004488514862023294
3358,88189,0.009955356544814999
3359,98898,0.0033279152959585154
3360,39292,0.008286965265870097
3361,86433,0.008826263807713982
3362,40570,0.014023953564465048
3363,48870,0.015397715144790712
3364,97598,0.004720600710716104
3365,14858,0.006967771560885011
3366,44647,0.005385326966643328
3367,29228,0.010771642774343488
3368,13925,0.02165119618177415
3369,62354,0.009413725733757022
3370,77364,0.0046366260806098595
3371,54172,0.010526372920721776
3372,96099,0.005725745013915005
3373,31200,0.003851978403981775
3374,81485,0.007134542837738993
3375,65211,0.004595348127186297
3376,34680,0.005397681090980771
3377,35167,0.006464409613981844
3378,20969,0.016318611279129983
3379,38876,0.0156523909419775
3380,60454,0.008475721850991245
3381,36411,0.01080353647470474
3382,4274,0.005131868894677611
3383,44241,0.010333050424233079
3384,15711,0.00846964105963707
3385,50835,0.011430541872978215
3386,23519,0.00359142750385217
3387,75340,0.01016941718757153
3388,31083,0.004796372791752224
3389,57152,0.0069076038897037464
3390,41059,0.0041160035762004546
3391,65763,0.005281701721251009
3392,78615,0.0044216043502092375
3393,66988,0.0037535527651198193
3394,98471,0.006142426673322912
3395,29326,0.009835998974740507
3396,93587,0.0033735664933919923
3397,88382,0.0030095000285655284
3398,6793,0.003438340909779073
3399,67482,0.009192152358591553
3400,29729,0.00432341698557138
3401,59290,0.008298428333364432
3402,50720,0.005918953046202659
3403,45651,0.004668901367112996
3404,32988,0.004910745946690441
3405,26778,0.007007618721108886
3406,78377,0.01161843364359811
3407,55716,0.003518817201256751
3408,94254,0.005427549434825778
3409,85629,0.004895346565172074
3410,22599,0.018417084515094762
3411,80749,0.006721523702144622
3412,4376,0.0027064203657209845
3413,39799,0.00716394325718284
3414,23425,0.002488542734645308
3415,89827,0.006348346439190207
3416,76614,0.007763636475428942
3417,26606,0.00983736745081842
3418,65555,0.017948431242257354
3419,75574,0.027273786962032316
3420,48131,0.011157994307577612
3421,872,0.003824497312307361
3422,57340,0.002615122459828851
3423,7628,0.006368098929524422
3424,78247,0.0030970180127769757
3425,11220,0.0022411710210144525
3426,51038,0.0031869432143866987
3427,96009,0.006808554746676234
3428,38374,0.0033949846448376756
3429,98209,0.004865314811468131
3430,62180,0.007438453682698312
3431,16944,0.008452419496607038
3432,45628,0.004413469377905134
3433,82802,0.0043595197284594205
3434,2810,0.0038129217550158506
3435,65565,0.010646145902574065
3436,93160,0.003116232096217574
3437,18281,0.009287981353700165
3438,43214,0.0051439747470431035
3439,69246,0.0043630381464026865
3440,32902,0.004303159825503824
3441,87478,0.003189418748952448
3442,50852,0.008237552843056621
3443,29432,0.0032900620158761744
3444,14030,0.007868693047203128
3445,4588,0.01592841543257236
3446,13417,0.004705018990207462
3447,74660,0.01107492094859481
3448,25319,0.007697662338614457
3449,6053,0.005408126832917329
3450,51006,0.013342872560024269
3451,28384,0.005187241435050962
3452,21145,0.0026795757701620427
3453,43879,0.004993236147565763
3454,57641,0.010830731987953186
3455,20296,0.007768222168087958
3456,7561,0.0035805856529623255
3457,53700,0.00323477413970977
3458,925,0.004169224184006452
3459,77871,0.008821217436343435
3460,56049,0.0031953113526105806
3461,4793,0.011054919026792051
3462,50265,0.004729396849870676
3463,69962,0.004342813733965154
3464,8367,0.019975604303181176
3465,5226,0.004893155808094887
3466,8754,0.0064111428847536435
3467,97179,0.009002312235534188
3468,55793,0.006318256258964539
3469,71667,0.005129421316087246
3470,73376,0.006595199499279255
3471,33893,0.008519948907196519
3472,51543,0.004892222732305528
3473,28404,0.002508690096437935
3474,39663,0.009012534571811559
3475,50773,0.0028038693685084604
3476,21498,0.0032941860519349574
3477,88836,0.004097534567117695
3478,13262,0.006664176620543003
3479,74255,0.00615288528846577
3480,3597,0.008509350100066513
3481,15499,0.01722060561180115
3482,36758,0.005563565860502417
3483,5491,0.004857371225953104
3484,43928,0.003615757017396395
3485,79236,0.004517371840775013
3486,22811,0.016765072345733645
3487,18528,0.0023315050080418573
3488,53216,0.005449631083756689
3489,29037,0.004132902137935162
3490,66966,0.009768997151404623
3491,49786,0.004386764243245123
3492,81164,0.013744770213961609
3493,45827,0.0032748082489706606
3494,57234,0.010697188489139078
3495,53154,0.014366022199392323
3496,58566,0.005999361574649802
3497,85285,0.013142695114947858
3498,83125,0.004668730497360226
3499,27491,0.006535296281799675
3500,78201,0.004381701531820002
3501,11761,0.0030931643338408307
3502,96926,0.008751024603843688
3503,74270,0.00888066797051579
3504,82081,0.009188026040792465
3505,33605,0.004114348217844959
3506,46563,0.00691298255696893
3507,26813,0.007290455214679242
3508,50138,0.004253252632915974
3509,93862,0.00468207839876413
3510,83488,0.004882695898413657
3511,11503,0.003969228325877343
3512,76670,0.0030409962777048355
3513,70401,0.00659354852512479
3514,22670,0.0049119942146353445
3515,56242,0.008444724902510636
3516,99295,0.004872463974170391
3517,94599,0.008857615888118743
3518,258,0.0071796524524688765
3519,46019,0.007257360848598182
3520,11335,0.0045001464663073365
3521,53633,0.006684282347559926
3522,88948,0.004466764926910397
3523,32047,0.0
3524,46638,0.026957077216356998
3525,1385,0.0069178072083741415
3526,73155,0.004684047326445576
3527,92753,0.014746862128376963
3528,81953,0.010664607938379053
3529,89038,0.0018707567465025936
3530,3813,0.0029802847653627343
3531,72274,0.004884070013649766
3532,82142,0.008555279709398747
3533,13644,0.006301706484518951
3534,31989,0.006005071424879138
3535,83817,0.026991003081202503
3536,82974,0.005810030815191568
3537,79522,0.009871556833386422
3538,18118,0.008990481044165794
3539,78426,0.01133201766759157
3540,58077,0.004501186851412062
3541,57830,0.006866035461425782
3542,24169,0.004788265137467535
3543,77363,0.004379168455488983
3544,72660,0.003296808879822496
3545,51407,0.004268972361460323
3546,24049,0.0030759339127689614
3547,17414,0.003203463666141029
3548,30220,0.00410736292600632
3549,26266,0.0040357271442189825
3550,18795,0.0037405074015259753
3551,81814,0.010132920593023294
3552,30599,0.0015497974690515549
3553,11922,0.0038097190856933596
3554,40599,0.005953297466039656
3555,46486,0.004055048646405337
3556,89008,0.005668119909241794
3557,94766,0.012307244874536993
3558,75507,0.007582103610038755
3559,82365,0.003909436119720337
3560,34773,0.005171490609645838
3561,62271,0.005789442509412764
3562,76370,0.008018031236715618
3563,84427,0.009570200094021857
3564,41260,0.00557484169490635
3565,55076,0.007153860223479567
3566,27933,0.008013369105756276
3567,61617,0.006566659398376945
3568,50709,0.004353875766973946
3569,16627,0.0025736961048096405
3570,69651,0.0051038894429802865
3571,5927,0.004258754961192606
3572,83977,0.006095227804034951
3573,34271,0.003260116783203561
3574,45300,0.010372298508882521
3575,94319,0.005497752279043197
3576,54114,0.005950112906284632
3577,10627,0.00365504359826446
3578,11078,0.005796713246963918
3579,59909,0.00943013846874237
3580,96565,0.004049419360235333
3581,54003,0.006327933594584463
3582,8796,0.004488622620701795
3583,54688,0.0034966688114218417
3584,75679,0.004823419302701951
3585,33370,0.010098489709198476
3586,21685,0.005062254704535007
3587,97021,0.004486189140006901
3588,91074,0.0037094414327293623
3589,77122,0.007320040911436079
3590,4077,0.012612563669681547
3591,57430,0.003918173620477314
3592,62320,0.006022301660850643
3593,5699,0.005641931667923927
3594,22286,0.006486723911948506
3595,78278,0.006938929064199329
3596,64168,0.005562516320496796
3597,23307,0.004190826836274936
3598,66418,0.02521421410143376
3599,93025,0.0031429761927574875
3600,2125,0.01131889644078911
3601,25298,0.0032200398016721046
3602,63534,0.005634226258844138
3603,78622,0.01487599879037589
3604,89542,0.00428681017830968
3605,89756,0.0033795170485973365
3606,54262,0.025842533372342588
3607,30577,0.003909706287086011
3608,56475,0.011476955444086341
3609,43317,0.010785996057093145
3610,95835,0.016072653825394807
3611,53860,0.013532157093286515
3612,97791,0.012687629237771031
3613,784,0.007599467784166335
3614,11913,0.011600391985848545
3615,62920,0.004735208004713059
3616,96646,0.013520601401105522
3617,44503,0.016442753821611405
3618,52027,0.009297819570638239
3619,22447,0.005946658048778775
3620,73475,0.016448610723018644
3621,78919,0.004228924449998886
3622,12881,0.00428751999512315
3623,77330,0.004335226924158629
3624,27379,0.00865399381611497
3625,70879,0.0055350834876298945
3626,80555,0.009868633891455827
3627,63605,0.00622338967397809
3628,82204,0.0028196725202724333
3629,71099,0.004452351965010169
3630,20968,0.0055280902981758116
3631,90736,0.002618211917579175
3632,9617,0.004489859305322168
3633,20198,0.010938166603446013
3634,7541,0.0038344769715331463
3635,84505,0.005571444780798631
3636,88397,0.007651782266329975
3637,51667,0.01706769660115242
3638,42369,0.023813797831535335
3639,22897,0.004644632823765276
3640,72190,0.005790680348873138
3641,69190,0.009212606847286224
3642,51874,0.011008587069809436
3643,56035,0.003703791145235303
3644,9091,0.001460621843580158
3645,7083,0.0054385054018348455
3646,28698,0.00590794336050749
3647,54355,0.006313998107798398
3648,84867,0.01102668473497034
3649,35863,0.009697988927364351
3650,8356,0.0047244138643145585
3651,13734,0.014378326199948789
3652,62435,0.004452899396419531
3653,40565,0.009175824387930335
3654,85148,0.011882658712565896
3655,6346,0.0058425808837637315
3656,72035,0.004294421337544917
3657,98609,0.0015885508293285969
3658,44573,0.0
3659,68216,0.02955785773694515
3660,34307,0.015263086408376692
3661,25322,0.00937693603336811
3662,81737,0.0349953231215477
3663,96885,0.04647862911224365
3664,61368,0.012627238146960738
3665,33046,0.004244249081239106
3666,34819,0.00503403609152883
3667,74857,0.007918317932635546
3668,81820,0.007344009345397358
3669,65509,0.012502066493034366
3670,3886,0.007271646941080692
3671,30156,0.017452209289185703
3672,10014,0.0026333043049089604
3673,97602,0.0035270700976252553
3674,32357,0.005308245902415366
3675,77071,0.0056504003517329725
3676,57506,0.0106572377635166
3677,59623,0.008285540714859967
3678,30467,0.007743851877748967
3679,39374,0.01761677723377943
3680,8960,0.010143990123178811
3681,65733,0.006536664292216297
3682,63498,0.005510361585766076
3683,21573,0.011194310169667005
3684,86191,0.012814982868731022
3685,53916,0.0058791294973343615
3686,93671,0.005232132296077906
3687,87087,0.0035545007884502395
3688,87914,0.011091247797012326
3689,46596,0.0
3690,31688,0.007825574241578578
3691,82656,0.002972319973632692
3692,85397,0.009322806186974047
3693,89374,0.004434430163819341
3694,94194,0.0031894162204116608
3695,12221,0.002728405958041545
3696,99282,0.005926004350185393
3697,59104,0.0076686660409905055
3698,51841,0.011598942689597613
3699,74797,0.013791102487593885
3700,18445,0.006680151801556348
3701,14050,0.010932598970830446
3702,74838,0.00259775881888345
3703,53519,0.01213550258427858
3704,66039,0.005487837418913844
3705,46428,0.007404926838353277
3706,40018,0.022491005696356297
3707,39200,0.01102070041000843
3708,19975,0.006412711534649134
3709,63526,0.00913291081786156
3710,48134,0.009830808341503145
3711,80033,0.004592331437161194
3712,5937,0.014885772503912452
3713,51930,0.005056051947176455
3714,97715,0.014157727444544438
3715,13390,0.007573002092540264
3716,73357,0.006121009252965451
3717,88968,0.005288854073733086
3718,44517,0.004714903961867092
3719,48526,0.005887446869164709
3720,45976,0.0037744001741521066
3721,22831,0.0057042619958519915
3722,45492,0.003938703769817947
3723,45070,0.0015051475551445008
3724,86496,0.0027679398655891425
3725,39651,0.004209496043622493
3726,92542,0.0035469975601881724
3727,95463,0.00396585460752249
3728,57109,0.00475402634590864
3729,49114,0.01002714526839554
3730,26117,0.005753791877068579
3731,80725,0.0063693018164485676
3732,90616,0.014419507207348945
3733,52938,0.010788294970989227
3734,15204,0.004205665616318582
3735,16705,0.006192364282906055
3736,81919,0.008463820372708142
3737,48147,0.0035435506328940396
3738,11529,0.0049552429467439665
3739,84295,0.02285782486200333
3740,11433,0.005188020132482052
3741,29418,0.004071761009981852
3742,34814,0.0
3743,38616,0.01026132561266422
3744,7844,0.011526195285841818
3745,57185,0.012630951404571532
3746,88605,0.015201518591493369
3747,3077,0.008090953789651394
3748,47853,0.006864682089071716
3749,54877,0.005137637937441467
3750,10776,0.00598960573086515
3751,94659,0.004927446274086838
3752,44786,0.004659623112529515
3753,99351,0.003596674595028156
3754,8115,0.009919657409191134
3755,97088,0.006310051046311856
3756,24981,0.006657581105828281
3757,36271,0.019450797708705073
3758,1729,0.009770611268468201
3759,30621,0.011530321501195432
3760,1218,0.006592819355428221
3761,11422,0.010166554022580382
3762,26519,0.008807290215045213
3763,68056,0.002287681273883211
3764,30165,0.007353502400219437
3765,938,0.006092762872576712
3766,93820,0.0049717763485387
3767,47363,0.007484596818685532
3768,76215,0.004562942376360296
3769,80480,0.009630283191800119
3770,58766,0.014003149196505546
3771,14925,0.004328197622671724
3772,69806,0.007867801915854214
3773,37190,0.001882433604914697
3774,70924,0.0046885777637362454
3775,16110,0.010764598287642004
3776,22071,0.01178283274173736
3777,24651,0.004302561422809956
3778,1061,0.0030147924646735163
3779,8517,0.008434351752512156
3780,27341,0.005302096204832194
3781,11857,0.0025081938609946503
3782,12870,0.008792911316268146
3783,37248,0.006499099205248054
3784,57908,0.009406574610620735
3785,33283,0.00980854433961213
3786,89530,0.004969928665086622
3787,77990,0.001950758334714922
3788,98863,0.008205913603305814
3789,51494,0.00915481619536877
3790,65180,0.004045138638466594
3791,28012,0.004862995222210882
3792,20975,0.004281278969720001
3793,98989,0.004825721480883659
3794,98406,0.004282620092853901
3795,4805,0.005046922760084272
3796,39459,0.004574957829900086
3797,85517,0.004203278552740813
3798,71350,0.006307039707899097
3799,98768,0.011852086845319718
3800,8890,0.008350564539432524
3801,44840,0.004406224004924297
3802,68140,0.020213653892278666
3803,53263,0.0027989489980973312
3804,23702,0.0043468898907303806
3805,27193,0.004598213117569687
3806,66655,0.005363759316969665
3807,16985,0.0033456907048821493
3808,54550,0.004949726127088069
3809,59733,0.008065885654650629
3810,32953,0.0036515352071728557
3811,26788,0.0167314485553652
3812,16345,0.0066281458921730535
3813,56235,0.004003570564091207
3814,78394,0.01026002541184425
3815,58778,0.005279540792107583
3816,73411,0.007087269267067316
3817,96877,0.0049498075991868985
3818,45853,0.007402604371309279
3819,46439,0.004273858976084739
3820,85165,0.005039431820623576
3821,285,0.02187826495617628
3822,47586,0.004975316030904647
3823,40343,0.0026309695141389956
3824,24415,0.011065723388455805
3825,8261,0.015679637789726256
3826,11552,0.009946317449212073
3827,44129,0.0041370569169521376
3828,26461,0.0033369191596284483
3829,29227,0.0074407087150029855
3830,14919,0.006227800846099851
3831,94712,0.01381748840212822
3832,70247,0.005790086630731819
3833,28204,0.002296810559928419
3834,5649,0.005192150659859179
3835,43899,0.005007411390542983
3836,22633,0.0024390857666730906
3837,33475,0.005574862984940406
3838,5798,0.005151079408824446
3839,38564,0.0031932510435581244
3840,26607,0.00835003012325615
3841,69555,0.007702458016574385
3842,78751,0.004149476136080921
3843,78218,0.004095689579844478
3844,49239,0.005071678645908833
3845,30327,0.012705131932161749
3846,77613,0.007837735235225414
3847,48518,0.014187925681471826
3848,76617,0.010809687525033956
3849,48550,0.01048408806324005
3850,14435,0.0035122064058668917
3851,78456,0.01786419034004211
3852,16387,0.005154146999120713
3853,87252,0.005966119505465032
3854,26925,0.003879776522517203
3855,62070,0.003733585756272077
3856,40818,0.004133574524894362
3857,72233,0.031197105497121815
3858,46228,0.0028029379155486813
3859,37690,0.008400860428810119
3860,18214,0.00681406378746033
3861,43537,0.006160009801387783
3862,20019,0.011621443945914512
3863,33808,0.007887621056288482
3864,82699,0.012762219691649077
3865,72789,0.0035278686694800838
3866,80046,0.0038617470208555478
3867,21739,0.005669256369583308
3868,42649,0.013015343546867364
3869,9581,0.009743706564186138
3870,69200,0.00678079350851476
3871,4644,0.008335719897877424
3872,43880,0.011689936481416226
3873,23695,0.005212025754153727
3874,79860,0.009413939444348221
3875,50898,0.009317537765018643
3876,14063,0.006738262325525287
3877,50649,0.0037787337228655836
3878,81016,0.011501942288596183
3879,71102,0.005039176507852971
3880,35446,0.00698722745291888
3881,39643,0.006178433187305926
3882,50778,0.002399738619569687
3883,91014,0.007792157754302028
3884,71717,0.022985557317733767
3885,12117,0.004305278211832046
3886,49941,0.011075342297554015
3887,72017,0.004264167174696923
3888,98473,0.006870815448928626
3889,17647,0.004875292181968688
3890,44886,0.002946608434431254
3891,68435,0.00863579608500004
3892,73711,0.013420911952853205
3893,70945,0.010854041222482923
3894,71720,0.0037157154176384174
3895,7645,0.0040305618196725835
3896,25736,0.003427152181975543
3897,86905,0.019475750625133518
3898,44447,0.012692635059356692
3899,61990,0.0034618526790291104
3900,42104,0.006484343316406007
3901,33583,0.007445001769810913
3902,25420,0.006110564284026623
3903,73134,0.006060100831091403
3904,14467,0.0058698831265792265
3905,59272,0.0053649151511490295
3906,90621,0.004341894406825303
3907,51605,0.006759488601237535
3908,16170,0.007617191448807719
3909,30479,0.004295822253916414
3910,12193,0.0052878972026519505
3911,23840,0.003195450967177748
3912,40353,0.002954237684607507
3913,63229,0.023624792695045464
3914,15005,0.005642474628984929
3915,89435,0.005407499433495106
3916,32243,0.003189466244075446
3917,33436,0.005901426107157026
3918,19135,0.003847493594512345
3919,87933,0.01621224462985992
3920,56600,0.0063489632308483075
3921,39808,0.02636003375053406
3922,19293,0.011406038999557496
3923,74267,0.01205403901636601
3924,83674,0.0032303939666599043
3925,2952,0.014643245693296194
3926,62170,0.0049429558217525486
3927,98199,0.0037125484272837695
3928,65196,0.00471425880212337
3929,9476,0.005358257265761493
3930,92690,0.01006990678608417
3931,89314,0.010762717202305788
3932,4931,0.01586713671684265
3933,29244,0.011271495968103402
3934,13896,0.0038863339181989445
3935,69822,0.004163119308650492
3936,91432,0.0032861043792217952
3937,20228,0.006273413412272927
3938,48781,0.013436310216784481
3939,76875,0.010901978567708285
3940,24664,0.010314495044294748
3941,54271,0.005616802056320008
3942,92198,0.003322905302047728
3943,5424,0.002874913134146482
3944,13894,0.005283942483365538
3945,32957,0.00279566584387794
3946,88154,0.006026213772129269
3947,91916,0.005238308827392761
3948,67358,0.007588269710540768
3949,22606,0.013188821577932686
3950,70568,0.007941860388964415
3951,72693,0.004599866513162851
3952,72875,0.009515148214995864
3953,51093,0.005258265808224678
3954,88243,0.00611073343548924
3955,63866,0.0026211802102625364
3956,20840,0.0073461375432089
3957,83044,0.0028904431313276314
3958,97186,0.004787338650785386
3959,31164,0.013415497802197932
3960,13411,0.018808276057243348
3961,94228,0.021196313500404344
3962,92755,0.01104713139589876
3963,55375,0.0060915460437536255
3964,95509,0.005956023875623945
3965,16479,0.006880788281559948
3966,38925,0.0016438560653477899
3967,64947,0.005533565729856494
3968,31416,0.004968470567837356
3969,61605,0.009435598999261847
3970,82250,0.011135542765259744
3971,13884,0.006174480095505716
3972,24468,0.0027494994853623196
3973,54051,0.014882244914770124
3974,96409,0.004217685125768185
3975,29806,0.0077930392883718
3976,28403,0.005293231233954426
3977,48950,0.0033416547882370662
3978,18540,0.006784855332225566
3979,99799,0.0029053814243525317
3980,8957,0.0
3981,8081,0.025884663462638853
3982,17770,0.01113020617514849
3983,13583,0.0035938776098191757
3984,83465,0.009159457664936775
3985,78964,0.003773275641724464
3986,39731,0.010873720496892931
3987,7754,0.004383370270952581
3988,47233,0.00962323417887092
3989,97578,0.004949563806876544
3990,31511,0.004678419046103954
3991,17932,0.007322174622677268
3992,48693,0.006595174814574417
3993,55298,0.007182592935860163
3994,27089,0.005652207322418692
3995,22866,0.0084509109891951
3996,40363,0.025384143292903893
3997,12607,0.008357924066949636
3998,91259,0.003730385773815217
3999,24470,0.008257340006530287
4000,17093,0.004206288415007296
4001,41274,0.006348846647888421
4002,95114,0.008523962385952471
4003,98490,0.006614085370674729
4004,33367,0.0087139818444848
4005,39661,0.005815682299435136
4006,69072,0.008039846122264863
4007,26796,0.0031579652428627043
4008,40152,0.013540916740894316
4009,24150,0.013939574956893921
4010,78033,0.005535533204674717
4011,79995,0.0036979316733777544
4012,61232,0.006128728832118213
4013,99747,0.0069303748663514875
4014,47253,0.008055292135104536
4015,2859,0.002975283225532619
4016,33690,0.0031369278114289057
4017,32574,0.010491873412393028
4018,38892,0.0057490377314388715
4019,83396,0.004145562928169966
4020,15055,0.004236933700740339
4021,14804,0.0025832444801926605
4022,28462,0.010562424361705786
4023,97242,0.006629695277661085
4024,16283,0.007028333470225339
4025,13246,0.003273359290324152
4026,30767,0.0
4027,16125,0.009271677378565074
4028,53280,0.009177864789962771
4029,21260,0.01377807214856148
4030,4485,0.009858156107366083
4031,72927,0.005664890408515932
4032,25915,0.005184042584151028
4033,14726,0.014605183154344562
4034,97409,0.0021727010142058097
4035,64626,0.005246536002960054
4036,87439,0.006373243704438208
4037,86114,0.0037094092345796555
4038,96767,0.004548522990662608
4039,71621,0.0056450444599613556
4040,78853,0.013170993179082869
4041,55495,0.010492523494176564
4042,14881,0.005128890443593266
4043,46503,0.0036734780296683303
4044,11744,0.004181650970131156
4045,17462,0.005280528198927641
4046,72379,0.004638217738829551
4047,73720,0.005400937481317667
4048,1518,0.005835706368088722
4049,35100,0.005775052425451577
4050,16005,0.006328624673187733
4051,21458,0.00792327664792538
4052,26362,0.014586248993873596
4053,37652,0.00702724628150463
4054,60973,0.005033663217909635
4055,96898,0.0071619272511452385
4056,25472,0.0036764959990978232
4057,49365,0.012370947157032788
4058,54329,0.0029055591206997656
4059,46278,0.015892916321754456
4060,40813,0.008294464275240901
4061,26402,0.007077827481552957
4062,83475,0.004060689299367369
4063,21008,0.0060038478672504395
4064,89795,0.006858855807222423
4065,30356,0.005306057725101715
4066,5347,0.0038981068786233643
4067,31207,0.012007421553134917
4068,30384,0.019768573790788654
4069,44344,0.008428865149617201
4070,79154,0.012360665872693069
4071,19680,0.005282023996114726
4072,8136,0.008637790586799381
4073,55655,0.0035521887615323046
4074,12980,0.004057928342372178
4075,64162,0.012275390280410641
4076,22488,0.003189605381339793
4077,60035,0.004954831600189208
4078,54455,0.004949187748134136
4079,97070,0.0032143148407340035
4080,35807,0.003914004301186647
4081,20502,0.007922373744659126
4082,95969,0.0030360494554042823
4083,33882,0.005493097219150511
4084,15379,0.00313608680851758
4085,17213,0.0033469519019126903
4086,97124,0.003262346140109007
4087,48736,0.0061479273752775045
4088,70376,0.004545087977312503
4089,45004,0.02984040448442101
4090,4139,0.0020904073398560286
4091,97634,0.007027229347731915
4092,16923,0.006422247029840947
4093,54910,0.003510659690946338
4094,13145,0.010397266466170544
4095,79387,0.01264488488435745
4096,6718,0.010203765793703499
4097,41168,0.003950189957395197
4098,54246,0.0026214633323252278
4099,76378,0.004193138084374369
4100,43512,0.00808698829263449
4101,65696,0.014612710028886795
4102,44580,0.006448608487844468
4103,99593,0.010600196365267038
4104,78713,0.0027353184251114678
4105,21745,0.0057511992007493965
4106,80275,0.008765917569398879
4107,38928,0.0062001330778002715
4108,1932,0.021306993961334224
4109,94513,0.005559042100794613
4110,67052,0.0051300666294991915
4111,38583,0.003139429106377066
4112,19468,0.007096613501198589
4113,16065,0.004561604013433682
4114,45402,0.005952262859791516
4115,46572,0.007636119904927913
4116,87391,0.006138436533510688
4117,96668,0.004411581102758651
4118,17476,0.006664366074837748
4119,72063,0.007237334619276228
4120,71038,0.006374562741257248
4121,94571,0.007380388858728107
4122,71278,0.0026269801054149894
4123,91389,0.00652597959153354
4124,19685,0.0044524615816772
4125,86944,0.004063302571885293
4126,3848,0.003195792012847964
4127,84444,0.014195428341627118
4128,92224,0.010210677180439233
4129,43670,0.0067179387621581575
4130,41746,0.005229868367314337
4131,46671,0.006715687788091599
4132,61996,0.007799129243940122
4133,89394,0.009468404853250838
4134,66117,0.004237076826393605
4135,23076,0.005565445981919764
4136,32369,0.005827613398432732
4137,13989,0.008527834655251351
4138,36196,0.009725462337955827
4139,24338,0.005930070923641322
4140,85936,0.00524553979979828
4141,56613,0.010556127727031711
4142,64130,0.002895538334269082
4143,98458,0.008190783942118288
4144,28258,0.008844431303441525
4145,27496,0.01617088466882706
4146,52594,0.0034015035396441845
4147,7045,0.0066624583606608246
4148,44926,0.006689992612227795
4149,81342,0.00422406069934368
4150,76562,0.0033987078629434107
4151,77680,0.008514778874814515
4152,42518,0.008995250612497332
4153,84724,0.011610963642597196
4154,45936,0.007189398263581094
4155,96920,0.003077228874899447
4156,63579,0.005797778442502022
4157,16204,0.009321762206964198
4158,87956,0.008731949869543312
4159,56840,0.007851212844252588
4160,29493,0.011005341708660124
4161,21864,0.003375795218162239
4162,18406,0.015029939599335193
4163,57576,0.006446504024788737
4164,88256,0.009405340347439048
4165,92828,0.015152226090431216
4166,82677,0.0064071214385330675
4167,61484,0.004213983211666341
4168,88142,0.006402634046971802
4169,30750,0.0064673918671906
4170,26663,0.007900139912962914
4171,5946,0.004002395011484622
4172,31001,0.013913236157968644
4173,54643,0.0047355662938207395
4174,31343,0.002225456763990219
4175,18391,0.005626457277685406
4176,38843,0.013770760893821718
4177,32680,0.00497130762785673
4178,78679,0.01394799137488008
4179,1879,0.00640612717252225
4180,46096,0.006725551597774024
4181,52509,0.013466575741767885
4182,92812,0.00586888836231083
4183,73544,0.006969445340801032
4184,16596,0.001419548420235518
4185,43788,0.003497834375593813
4186,78106,0.005808014180511238
4187,80355,0.003063283185474575
4188,74803,0.01623347416520118
4189,19887,0.013698021396994591
4190,29657,0.003486665263772009
4191,93200,0.004211244583129881
4192,63576,0.005897716423496607
4193,30480,0.010357078313827513
4194,37110,0.009205322191119192
4195,76191,0.007480047903954982
4196,93333,0.007636563330888748
4197,44888,0.00828772043343634
4198,47474,0.003696090094745162
4199,52073,0.005476623699069025
4200,90507,0.017339670062065125
4201,40265,0.012197877541184425
4202,4582,0.004159199697896837
4203,23693,0.005738389845937487
4204,44915,0.009808623255230483
4205,31316,0.006219429299235343
4206,20417,0.0030909697432070955
4207,10928,0.01107479088706896
4208,88221,0.008067782474681741
4209,68470,0.005744405910372735
4210,72731,0.013848051168024539
4211,46778,0.005614958275109527
4212,14884,0.006745384708046912
4213,13052,0.004293325957842171
4214,73029,0.003391390927135946
4215,36139,0.00930199506226927
4216,13813,0.004723691418766975
4217,86978,0.004920878298580645
4218,74942,0.011137303709983828
4219,82673,0.009257232695817953
4220,30135,0.004808184914290907
4221,90627,0.0061296915635466595
4222,12458,0.01087243139743805
4223,50725,0.005707024298608306
4224,547,0.008054590672254563
4225,38384,0.007104274332523352
4226,95217,0.015010189739987252
4227,39646,0.00593268666416406
4228,44608,0.004304096431005744
4229,73700,0.009514989559538663
4230,55818,0.006000146605074408
4231,19535,0.007875991612672802
4232,87930,0.014397066384553908
4233,84033,0.006264150440692905
4234,57258,0.01610457628965378
4235,96221,0.009546719597419723
4236,30494,0.0028326811641454707
4237,33700,0.0026825309917330765
4238,88845,0.011305358037352562
4239,91565,0.019449725802987813
4240,6815,0.004625850990414621
4241,64759,0.0050080776121467375
4242,57656,0.0034425367042422274
4243,74261,0.0035259620356373512
4244,37502,0.006325029283761976
4245,1265,0.01123559137806296
4246,77970,0.006729495162144302
4247,44206,0.004813034068793056
4248,72283,0.010336446785368025
4249,45225,0.005611584712751206
4250,54683,0.004300012271851298
4251,45540,0.006763393767178057
4252,70885,0.005794999599456789
4253,95607,0.004570089946500958
4254,4609,0.006001467909663915
4255,95542,0.003986047692596906
4256,32934,0.009623776436783376
4257,83128,0.006311871972866359
4258,12549,0.0182353829103522
4259,47926,0.010959420055150989
4260,16425,0.005081878076307478
4261,1282,0.0
4262,30927,0.004665462104603641
4263,30410,0.005379857383668418
4264,74990,0.018522216379642485
4265,38356,0.003883189763873811
4266,92808,0.004488474503159527
4267,85464,0.025483578927814964
4268,48795,0.0030662967870011904
4269,57768,0.005005714769940824
4270,89384,0.0035849031852558232
4271,95262,0.005253788558766246
4272,46521,0.0034474337426945553
4273,31456,0.005119614517316221
4274,50390,0.004044888354837895
4275,45718,0.006178165837191046
4276,37093,0.007303924890002236
4277,704,0.0098484077770263
4278,33067,0.0027748497016727948
4279,55109,0.0024972012033686085
4280,79252,0.005630788728594778
4281,49025,0.007791364043951043
4282,6712,0.004693966656923289
4283,63562,0.004730476541444655
4284,45153,0.0055554939201101685
4285,25566,0.004513953775167463
4286,13556,0.0049213292403146635
4287,69928,0.003705620318651197
4288,68729,0.002760387500748031
4289,35876,0.004402130777016275
4290,23011,0.004190791444852949
4291,10103,0.0034064290265087066
4292,89042,0.018198630344122647
4293,53490,0.0050760447606444424
4294,72843,0.010521888807415967
4295,58144,0.016304919999092816
4296,61407,0.01106947451829911
4297,49153,0.009713327288627626
4298,13824,0.0029393925913609575
4299,30822,0.008745641708374025
4300,31665,0.006019652159884571
4301,77459,0.005895488634705547
4302,30030,0.006834424054250115
4303,93819,0.003307159421965483
4304,87459,0.0062920718267559985
4305,38978,0.003658562703058127
4306,28484,0.003946512229740617
4307,97981,0.009090629816055303
4308,72849,0.006213931161910294
4309,70114,0.01695775568485261
4310,98999,0.0052431556582450915
4311,75309,0.00738547999411821
4312,86065,0.0049119770922698095
4313,28538,0.015573169738054274
4314,61483,0.0060511002689599995
4315,25790,0.004521932000061497
4316,26852,0.013292685449123385
4317,33559,0.004286567810922859
4318,76248,0.00516923912800849
4319,86046,0.016291198637336496
4320,36297,0.004355393549194565
4321,89489,0.004386210455559196
4322,50472,0.007762350067496299
4323,55198,0.004142049709334969
4324,2713,0.00401247415225953
4325,96529,0.0022738583292812088
4326,79826,0.011377199506387119
4327,28053,0.01895636960864067
4328,57612,0.007703145463019609
4329,85668,0.006281725000590087
4330,39720,0.003701975364238024
4331,24047,0.011711308248341084
4332,27934,0.009229727555066349
4333,40229,0.012976856566965584
4334,87085,0.0031538810255005993
4335,68187,0.009619932896457612
4336,24690,0.005153558356687429
4337,17062,0.005014659594744446
4338,35061,0.003050361638888717
4339,24373,0.012854360342025757
4340,98973,0.007098269448615612
4341,43202,0.015241091102361676
4342,39886,0.005157769299112259
4343,80705,0.00615227155387401
4344,42102,0.002345148841850453
4345,83440,0.009499673768877984
4346,31256,0.006722515453584495
4347,20917,0.0042564428318291915
4348,70607,0.013452591262757775
4349,24520,0.007136466819792985
4350,75227,0.011369982510805133
4351,47551,0.0035659059695899486
4352,52662,0.014242558106780056
4353,8189,0.013486009351909165
4354,62693,0.005046051628887651
4355,97354,0.015458755604922773
4356,43266,0.008898668389301749
4357,21337,0.0032000810466706747
4358,32429,0.004491538219153879
4359,12866,0.015556430071592332
4360,81702,0.0
4361,61477,0.028571818247437483
4362,98236,0.009764473605901004
4363,84534,0.00595600963803008
4364,53363,0.004597565941512588
4365,30681,0.0040458755567669875
4366,19462,0.009605982825160028
4367,26128,0.00720630752854049
4368,14155,0.0042925144545734005
4369,80057,0.006944584548473362
4370,99607,0.005443133302032945
4371,29444,0.04253470480442048
4372,33957,0.015354901961982257
4373,67379,0.004739104975014926
4374,48022,0.0015818966692313554
4375,55024,0.017523510642349718
4376,86445,0.010694500231184064
4377,95506,0.010559142231941222
4378,71307,0.004938952764496208
4379,787,0.014639675207436087
4380,49703,0.021976309418678282
4381,16406,0.005976866737473755
4382,20159,0.01897894205059856
4383,1355,0.007043656259775162
4384,29665,0.010876410603523248
4385,76537,0.005628415048122405
4386,77380,0.007131255827844137
4387,77906,0.013668843656778338
4388,72521,0.005306894928216939
4389,30068,0.005856289044022558
4390,1493,0.011173046901822083
4391,55809,0.004247507075779143
4392,71782,0.0176688364893198
4393,17654,0.006147286277264356
4394,47510,0.0025775244971737226
4395,29159,0.019447522163391115
4396,52299,0.007138769482262435
4397,1258,0.006348127629607913
4398,48405,0.004478118263650686
4399,1028,0.007593665570020676
4400,89836,0.004244529912248255
4401,16353,0.00847140624653548
4402,53315,0.010525437742471696
4403,6075,0.0031832051312085234
4404,98062,0.005497673172503708
4405,21231,0.003901306316256524
4406,98376,0.009771425388753419
4407,35901,0.004400759488344194
4408,18586,0.009569650134071711
4409,81756,0.007621747851371764
4410,65099,0.0020511293911840743
4411,81935,0.01122150417417288
4412,91907,0.009237388670444487
4413,56962,0.013488475535996265
4414,45617,0.01713121123611927
4415,98393,0.00624312453903258
4416,75569,0.0071115361433476245
4417,14511,0.007529843803495168
4418,94264,0.005101235359907153
4419,65067,0.0042319844849407675
4420,16115,0.006006620619446043
4421,48045,0.0022774536907672867
4422,40012,0.0029252704617101716
4423,87646,0.0031847495120018695
4424,52701,0.004627039469778534
4425,33298,0.0032086724787950497
4426,49444,0.001979124732315544
4427,74589,0.005678846030496061
4428,35096,0.0032188807800412125
4429,94385,0.006266435054130852
4430,71373,0.0034042971581220664
4431,36773,0.01316910755820573
4432,47062,0.017224547415971757
4433,66491,0.006237059123814108
4434,33473,0.008076358735561366
4435,90622,0.007199415010400117
4436,52566,0.004624763894826173
4437,7549,0.0059673332935199185
4438,96052,0.006828202158212659
4439,94536,0.007867073928937315
4440,9250,0.00433408074080944
4441,67709,0.012126394212245933
4442,41677,0.003063909080810844
4443,16736,0.005162166953086857
4444,77088,0.0034502275567501787
4445,49168,0.008456895649433138
4446,7113,0.0035340202972292912
4447,57527,0.007923227343708273
4448,30503,0.0038594026863574982
4449,86744,0.003952358365058901
4450,92552,0.0046530461125075875
4451,64222,0.0081054261373356
4452,81596,0.01179190129041672
4453,23419,0.0032686616480350466
4454,97812,0.005188461428042503
4455,15393,0.003921067081391812
4456,55249,0.00516261376673356
4457,88165,0.004900522013194864
4458,7390,0.003834056118503212
4459,24462,0.003779164999723436
4460,80299,0.004764137491583825
4461,34576,0.004341251403093338
4462,27946,0.008782345652580265
4463,48178,0.004100689743645485
4464,34730,0.00550121193751694
4465,33926,0.006326570026576516
4466,77212,0.005246098693460223
4467,19980,0.010833037756383418
4468,15105,0.004585877712815999
4469,97788,0.007760015949606892
4470,93543,0.00993558689951897
4471,62661,0.01038168571889401
4472,59070,0.006412040414288641
4473,13657,0.00810395427048206
4474,59715,0.004730891801882536
4475,13209,0.0051222695549949975
4476,84375,0.00777779899071902
4477,24135,0.01296283584088087
4478,26878,0.011566312313079835
4479,6481,0.0035472237737849367
4480,89224,0.019832471013069154
4481,73402,0.005793683195952327
4482,40686,0.003176728218095375
4483,61040,0.0056099473312497105
4484,53608,0.010570561289787289
4485,19870,0.004519983045756817
4486,67613,0.004235764585901052
4487,32349,0.010702750831842422
4488,48101,0.003938393918797373
4489,42550,0.0030869324458763
4490,13280,0.0058188567683100665
4491,48463,0.009580216668546202
4492,28286,0.0176610279083252
4493,2087,0.012925613652914763
4494,73193,0.011718315659090872
4495,67297,0.0032594443135894836
4496,1442,0.0038087653135880817
4497,91058,0.007823867648839947
4498,93769,0.004119516573846337
4499,23252,0.007033280143514283
4500,71227,0.0038582446053624093
4501,76239,0.012640696465969086
4502,2243,0.004635184346698226
4503,15509,0.00605835109949112
4504,86325,0.006194782978855076
4505,22333,0.0037738883995916696
4506,89514,0.004955736673437058
4507,71363,0.009684406146407129
4508,7996,0.011941229440271851
4509,81812,0.008686917964369061
4510,1065,0.010265623019076884
4511,3184,0.012748374557122587
4512,14471,0.008070890344679357
4513,76352,0.002450336259789759
4514,76093,0.0033985468931496165
4515,64053,0.004548088631127026
4516,40537,0.002815202164929363
4517,37896,0.01402253992855549
4518,21696,0.0027124029025435434
4519,92487,0.009253380224108692
4520,44163,0.012050951928831632
4521,36125,0.0029813714837655467
4522,30253,0.005577637124806644
4523,35304,0.004938840419054032
4524,21333,0.011809091381728651
4525,26806,0.005321535626426344
4526,11375,0.005243812070693824
4527,27750,0.011605360507965087
4528,83660,0.00308319658972323
4529,33440,0.003984965682029721
4530,24742,0.00526680157869123
4531,97115,0.004275905857793987
4532,31289,0.004929242832586165
4533,96304,0.00835654683411121
4534,67479,0.006390565843321381
4535,21574,0.004426228753291069
4536,39391,0.005837257020175457
4537,19263,0.011959704821929335
4538,64254,0.016176951825618742
4539,42034,0.010636119898408658
4540,44869,0.00466509963618591
4541,76245,0.01981795068830252
4542,99792,0.004253042154014111
4543,21888,0.0038862085575237905
4544,95090,0.005746863231761378
4545,14140,0.003844121443107723
4546,96740,0.010658567845821386
4547,69377,0.0065254033729434035
4548,7969,0.009050134806893767
4549,45539,0.01926449477672577
4550,31603,0.006054375022649768
4551,90538,0.004102134089916942
4552,96972,0.009286932721734047
4553,53354,0.003983802869915958
4554,18492,0.005322183989919724
4555,82158,0.006197572117671368
4556,2201,0.004798493545968089
4557,7565,0.006117686294019223
4558,60800,0.012129525318741792
4559,52432,0.002455688007175916
4560,65144,0.005343513009138403
4561,47245,0.003250032011419536
4562,62858,0.008331832066178322
4563,25917,0.004861886315047741
4564,58906,0.013475031610578296
4565,29808,0.007420985535718503
4566,24435,0.00219781625783071
4567,76075,0.013547085153404628
4568,57997,0.005228884089738135
4569,13170,0.014316020607948305
4570,22019,0.010047993659973149
4571,95538,0.007266637086868283
4572,14932,0.007272669640369715
4573,9259,0.004610753846354782
4574,58010,0.01244697093963623
4575,46747,0.006342394738458098
4576,14624,0.010762966573238372
4577,88674,0.004409487387165427
4578,70438,0.006258364729583264
4579,58650,0.007307097101584078
4580,14390,0.0027412301558069835
4581,79380,0.0033217837009578916
4582,28981,0.01297977006994188
4583,16929,0.006991313495673238
4584,30732,0.015865245291497555
4585,34815,0.0035914308764040488
4586,60202,0.0035520041547715733
4587,64153,0.003721573338843884
4588,44027,0.006183143593370912
4589,52377,0.006902082781307401
4590,24839,0.010138427717611193
4591,5846,0.010479093939065934
4592,47450,0.004644631342962387
4593,94689,0.002901135771535333
4594,61321,0.00527594903483987
4595,7719,0.00719982487615198
4596,74078,0.009106292165815833
4597,83645,0.007414858432020991
4598,89606,0.011673534109722829
4599,79994,0.0063953908905386965
4600,66581,0.005199300665408368
4601,3809,0.008593119576107712
4602,92101,0.004924087338149547
4603,39665,0.005331642576493323
4604,33906,0.00770214439369738
4605,89812,0.007472204195801167
4606,49881,0.006095632826909421
4607,33474,0.003247939799912269
4608,10756,0.00920391082763672
4609,12600,0.00544708880130202
4610,81518,0.00609904688317329
4611,73995,0.016207633772864934
4612,55983,0.007407223246991639
4613,50853,0.003433238164288921
4614,358,0.006090830904431641
4615,86741,0.005365524105727673
4616,14554,0.005939988773316146
4617,75311,0.007220106946770104
4618,85335,0.0077469203807413595
4619,42081,0.020800513532012704
4620,33625,0.006006557084619997
4621,51393,0.009754249341785908
4622,79000,0.003697013556957245
4623,63647,0.003066656331066042
4624,8432,0.005494477485772225
4625,52398,0.00510230991989374
4626,56362,0.008791730049997571
4627,3367,0.0024780288897454763
4628,82701,0.002998172286897898
4629,61706,0.005364507129415875
4630,29434,0.005210945941507813
4631,10244,0.0076787238568067585
4632,87417,0.010797351300716403
4633,83206,0.003437349996529525
4634,32195,0.006848228052258492
4635,97325,0.006282072439789771
4636,9051,0.007399825025349855
4637,41002,0.006325217224657535
4638,55086,0.006276218295097346
4639,65464,0.009409349262714382
4640,10375,0.0036620230413973364
4641,32186,0.014484072839841246
4642,12934,0.010128495944663883
4643,4656,0.0049191125854849815
4644,77514,0.019663077406585218
4645,68400,0.004587509203702215
4646,4573,0.003104452490806581
4647,58281,0.010159567585214973
4648,92547,0.005144647699780762
4649,69534,0.009293778911232951
4650,56039,0.0024482924211770333
4651,38515,0.0052348192874342205
4652,53575,0.00639104107860476
4653,8768,0.01070113092428073
4654,72016,0.003725719330832358
4655,87049,0.008331223018467426
4656,26192,0.005638848077505834
4657,67519,0.015488246525637805
4658,35538,0.004099294953048229
4659,85556,0.0025438670674338957
4660,25124,0.003342694304883477
4661,79516,0.0035618115589022606
4662,18799,0.004112115278840067
4663,79584,0.008384135141968726
4664,63073,0.02066571779549122
4665,62001,0.007382605215534568
4666,51481,0.009629221125505866
4667,44012,0.01237093740142882
4668,24344,0.006328759752213949
4669,7534,0.004151330254971982
4670,11474,0.003647938829381017
4671,69068,0.0023530808673240216
4672,83522,0.01182381235063076
4673,99877,0.010677118003368374
4674,52255,0.007395779704675077
4675,50584,0.0069483427889645115
4676,42556,0.02088928490877151
4677,89095,0.009505610503256323
4678,59961,0.008992708036676057
4679,8084,0.00435533819720149
4680,73184,0.005118612982332706
4681,64196,0.003744378685951234
4682,19149,0.011640188004821542
4683,57354,0.0022193471714854226
4684,6250,0.013834552466869352
4685,54038,0.010201110830530529
4686,23709,0.0053130023623816644
4687,68813,0.005758103616535663
4688,25781,0.009186162017285823
4689,77358,0.009441641345620156
4690,45557,0.002823692208621647
4691,16714,0.022777423225343225
4692,95243,0.018206064403057103
4693,48217,0.003012530128471554
4694,26668,0.004930343013256783
4695,15608,0.005605728488881143
4696,40516,0.0041906383773311975
4697,83014,0.012283501350320873
4698,13154,0.007223788332194092
4699,4602,0.006621504239737986
4700,3073,0.006949636656790972
4701,57233,0.005069449758157135
4702,67320,0.002211280402261768
4703,75795,0.003832804497797042
4704,55135,0.004600879717618233
4705,48823,0.004057939564809205
4706,21807,0.011614694320596756
4707,6938,0.012847278080880643
4708,76145,0.0030591629352420546
4709,81206,0.010428904742002492
4710,34667,0.005850035939365619
4711,11518,0.005412328857928515
4712,79692,0.005792072191834447
4713,16881,0.01082432419061661
4714,37880,0.011806402215734124
4715,34657,0.008925879118032753
4716,27377,0.005083941407501695
4717,39986,0.004869338097050786
4718,39943,0.0033879195596091417
4719,41805,0.012139789760112762
4720,85224,0.003779381290078163
4721,11559,0.006052038744091986
4722,32921,0.0033886019140481997
4723,2691,0.0036645153164863624
4724,25836,0.003982780035585167
4725,10829,0.004006801927462224
4726,54777,0.00934089982882142
4727,52293,0.002384583981474861
4728,84121,0.004948006686754523
4729,2128,0.005008214265108113
4730,78908,0.005512306001037361
4731,97419,0.021529966956004502
4732,59663,0.004277539551258084
4733,87306,0.004087063586339359
4734,37289,0.004904706957750018
4735,3163,0.014528337977826598
4736,32123,0.009224747717380527
4737,32076,0.013482310678809879
4738,30989,0.012975447475910194
4739,28995,0.0029828249663114573
4740,74753,0.006460899640806022
4741,24119,0.015531275905668733
4742,72128,0.005306799076497561
4743,73499,0.003561585452407602
4744,36904,0.006035671308636665
4745,58456,0.009881821349263195
4746,54156,0.007040724989492444
4747,63540,0.004971497170627114
4748,8133,0.005150034753605726
4749,82100,0.004796560090035198
4750,44620,0.005140156373381615
4751,42053,0.0
4752,80521,0.00674424275755882
4753,46430,0.004935922911390663
4754,3206,0.006706120744347573
4755,4426,0.016433773860335357
4756,6692,0.0030700566736049945
4757,21777,0.006644332483410833
4758,11812,0.00713613647967577
4759,51886,0.012077220082283019
4760,55895,0.011884864345192907
4761,79833,0.0061400689184665696
4762,60480,0.003424337655305862
4763,91597,0.00262298652436584
4764,77036,0.008975691571831704
4765,87540,0.012850753888487812
4766,61067,0.006594172809273001
4767,67024,0.004006082243286073
4768,13363,0.004452403336763382
4769,6146,0.005543553894385699
4770,16618,0.0027090611308813093
4771,96942,0.007380434924270957
4772,11033,0.00861498874612153
4773,29491,0.009111175932921472
4774,23167,0.0061742971371859315
4775,84912,0.005875172391533848
4776,21559,0.006428115665912627
4777,52273,0.005017443704418841
4778,21380,0.006326986831845711
4779,92448,0.004967522937804459
4780,71954,0.0028296054829843333
4781,34541,0.005104480944573879
4782,32860,0.005925286374986169
4783,85493,0.0034954764740541566
4784,66722,0.006725579397752886
4785,65661,0.011020335778594017
4786,35097,0.005568799530155955
4787,87677,0.005814796620979907
4788,93679,0.0033225302828941506
4789,84709,0.005733948275446892
4790,11198,0.007086232062429195
4791,5564,0.0072710118442773815
4792,80227,0.00431818234734237
4793,99037,0.007579853306524458
4794,53559,0.0066102407407015555
4795,63772,0.007536140754818921
4796,1903,0.005740289688110347
4797,76526,0.0034481788356788474
4798,29271,0.010412160195410252
4799,15042,0.008893808722496037
4800,76818,0.003513180939480667
4801,49963,0.010870396755635742
4802,52425,0.025552347600460056
4803,17729,0.02903547059744596
4804,48578,0.006013998817652463
4805,8748,0.02027566313743591
4806,92227,0.009087723759002983
4807,96470,0.0032196920830756463
4808,78140,0.0056990852486342135
4809,26480,0.003939129235222941
4810,9135,0.011274772277101873
4811,75610,0.009830796252936126
4812,83261,0.004284911109134555
4813,85852,0.004110839720815421
4814,42617,0.004429380372166633
4815,29582,0.006806522447150201
4816,4852,0.004665387645363804
4817,92705,0.006989192394539715
4818,52034,0.012658472093753512
4819,32196,0.0034155407617799914
4820,94010,0.008491744548082356
4821,91405,0.018139292858541014
4822,92689,0.006844130046665668
4823,10916,0.009012249847874042
4824,3059,0.0037872522440738987
4825,75769,0.014467411190271376
4826,48780,0.004599180468358101
4827,46766,0.006043671262450514
4828,89054,0.005639181789010763
4829,24592,0.007542039304971694
4830,66860,0.003608195036649702
4831,7498,0.005255987346172334
4832,32539,0.021104178242385387
4833,79254,0.005941936029121283
4834,51144,0.012827534377574924
4835,11843,0.003262694207951423
4836,75476,0.006069172883871943
4837,81135,0.007252714404603473
4838,30062,0.0064594221347943044
4839,63933,0.003983443751931191
4840,10573,0.005056074270978573
4841,70726,0.0035459214448928774
4842,74985,0.011220596730709076
4843,20176,0.00326977607794106
4844,91187,0.004937086049467325
4845,56031,0.009351504445075995
4846,32671,0.008116116716992111
4847,23007,0.0032698154263198394
4848,74161,0.0037155663222074517
4849,34420,0.0053299799258820744
4850,9101,0.0036850274796597676
4851,72114,0.013211888195946818
4852,54169,0.0035626176069490567
4853,64885,0.001712629552930595
4854,90866,0.04990442365407945
4855,25701,0.007125980220735075
4856,42645,0.002978124041110276
4857,17628,0.009601791347377002
4858,8812,0.003780848663300275
4859,65162,0.006551350681111224
4860,81641,0.0035144933499395865
4861,64160,0.009844147935509683
4862,55525,0.012410728270187977
4863,71607,0.026879518483765425
4864,34547,0.0047142606694251295
4865,7010,0.0036562857870012493
4866,39161,0.0025989917526021596
4867,58620,0.006936226338148121
4868,69934,0.0054858770594000805
4869,13142,0.014630826232023542
4870,22401,0.028014016747474665
4871,6781,0.008511216253973547
4872,45959,0.002249025816563518
4873,7138,0.0102890906855464
4874,65183,0.006588933765888217
4875,56319,0.0034438528399914495
4876,70542,0.007621869826689362
4877,22472,0.008823711806908248
4878,66231,0.006011838912963866
4879,35618,0.005406376919709149
4880,21631,0.0051007273048162445
4881,86520,0.006902908636257051
4882,54852,0.00422393086832017
4883,10964,0.003534576585516337
4884,13942,0.003938504783436659
4885,32384,0.004591402783989906
4886,74336,0.010563546409830447
4887,82852,0.0044806698104366705
4888,11681,0.0028253359859809262
4889,61072,0.003779971862677485
4890,59358,0.010746794566512109
4891,66899,0.007208175067789854
4892,8310,0.0036137232650071387
4893,3651,0.0032585391029715536
4894,11907,0.008263566866517073
4895,55111,0.0042604994401335685
4896,77565,0.014065629821270706
4897,17676,0.005651717409491542
4898,57414,0.003953219967661424
4899,79008,0.003363084725569937
4900,75856,0.011161478590220212
4901,16660,0.007421868741512292
4902,52860,0.0036890850216150283
4903,19335,0.006027271412312985
4904,98869,0.007071662098169325
4905,44806,0.0156584513373673
4906,41269,0.007562609252054244
4907,50703,0.008191531859338283
4908,64983,0.00781479574739933
4909,93610,0.010693941069766878
4910,92088,0.00464332289993763
4911,27322,0.003681807790417225
4912,94790,0.005859074359759686
4913,90700,0.0029641387192532423
4914,83677,0.005093993339687586
4915,64493,0.006512050367891788
4916,28373,0.00845766674494371
4917,64521,0.013383236378431319
4918,24957,0.0055254459753632575
4919,27200,0.004932283908128739
4920,21793,0.004391739442944522
4921,5053,0.010819297665730115
4922,74178,0.0048887673066929
4923,99390,0.005977332815527912
4924,55537,0.009759687606710948
4925,80764,0.006773481057025492
4926,85173,0.005190570391714577
4927,97173,0.018408371806144717
4928,11722,0.004012216478586198
4929,89876,0.006029783636331556
4930,25885,0.01506304437294602
4931,35483,0.0080361645645462
4932,30964,0.004452870991081001
4933,13822,0.0036305232788436115
4934,76373,0.008913214183412487
4935,80279,0.00898825149983168
4936,43588,0.00708949819207192
4937,34963,0.005467829761328179
4938,14547,0.0043269225209951415
4939,2726,0.025662688862066713
4940,85872,0.003732094429433345
4941,54758,0.013715511504560714
4942,71844,0.012779039442539213
4943,98689,0.008162347562611106
4944,90317,0.013353943834081294
4945,84859,0.010202028788626197
4946,51011,0.006878555566072465
4947,18258,0.005398509474471211
4948,75954,0.01381553854327649
4949,76517,0.012128245756030082
4950,67059,0.011779240705072882
4951,19983,0.010243698819540436
4952,32552,0.022007267065346243
4953,26562,0.006077440087683501
4954,86786,0.00501281542703509
4955,74275,0.009867267073132095
4956,51862,0.003975282269529995
4957,25857,0.0032658809050917625
4958,54732,0.004688168354332449
4959,2507,0.00236882124328986
4960,49721,0.007351139960810542
4961,58677,0.006737382835708557
4962,42317,0.00569493097718805
4963,16610,0.0024691596953198363
4964,67134,0.003794341040775184
4965,19333,0.004498493373394016
4966,45850,0.0022048256266862165
4967,75792,0.004405552856624127
4968,24254,0.0042455338640138484
4969,37822,0.004196692295372481
4970,63907,0.017452473044395445
4971,35397,0.013693951368331908
4972,87958,0.012121505783870813
4973,13499,0.008482519336976115
4974,25260,0.003384770248085263
4975,92499,0.006297521777451036
4976,76363,0.0020139712095260612
4977,8089,0.006900564818643039
4978,27009,0.007485486492514612
4979,63508,0.0040389233734458695
4980,42595,0.006172290202230214
4981,53040,0.009225664064288132
4982,30266,0.0073787748441100105
4983,81838,0.0027993219904601583
4984,12219,0.0037272517173551046
4985,7554,0.010025973804295058
4986,31568,0.019016569554805754
4987,89615,0.010352520644664766
4988,74987,0.00871136142872274
4989,17553,0.00797650938853621
4990,3313,0.016318154353648428
4991,57464,0.004958398104645307
4992,77369,0.011032635867595675
4993,12472,0.0022929663863033058
4994,49846,0.002656350154429671
4995,93669,0.012536482163704924
4996,66351,0.02869814732577652
4997,31417,0.018663124367594718
4998,56811,0.005656666634604331
4999,39271,0.019350094236433506
5000,27719,0.006514195427298549
5001,85268,0.00488582570571453
5002,83859,0.012382445335388178
5003,15035,0.009132585376501086
5004,94419,0.008171691186726088
5005,77846,0.006747402623295784
5006,91991,0.005584118682891128
5007,431,0.006767980013974004
5008,93429,0.0062840254977345415
5009,17303,0.004442110024392605
5010,77515,0.009328165128827098
5011,96007,0.005441559683531523
5012,61189,0.0073548939777538175
5013,80640,0.006610408872365955
5014,44268,0.006475079506635663
5015,63487,0.0023056998383253853
5016,93950,0.004781152531504636
5017,57929,0.005439708586782217
5018,68863,0.0013071329286322006
5019,3129,0.0038767042011022576
5020,53342,0.0049503354448825155
5021,23730,0.005153419654816391
5022,10278,0.0040864391159266215
5023,99115,0.004046381330117578
5024,87275,0.006409005783498287
5025,4097,0.019679973293095825
5026,81292,0.005455683539621529
5027,14895,0.0043906743451952975
5028,93771,0.004190912593621756
5029,46719,0.011904220050200818
5030,31182,0.010663191378116605
5031,39294,0.0048591210995800795
5032,61420,0.012774086166173218
5033,14501,0.004452879126183685
5034,14083,0.0059656493272632356
5035,72180,0.008393255495466297
5036,26196,0.005626534565817564
5037,93753,0.009900117022916686
5038,68472,0.01698362648487091
5039,79812,0.002998030348680919
5040,30965,0.011972050070762635
5041,99613,0.008753644684329626
5042,41962,0.009735050313174723
5043,29124,0.01121430192142725
5044,87166,0.006773253087885676
5045,88113,0.008588281692937016
5046,45356,0.006410322035662832
5047,14892,0.008725216202437875
5048,38158,0.004389540217816829
5049,63822,0.005467922696843738
5050,10919,0.0027619410958141096
5051,53309,0.0036638326523825487
5052,15580,0.005588821135461332
5053,21246,0.003557067252695563
5054,81665,0.008497579097747801
5055,1226,0.004920464400202032
5056,91948,0.0024206259753555086
5057,23513,0.012132350504398348
5058,89166,0.008025929685682057
5059,50074,0.012859932109713553
5060,43799,0.0037312476523220636
5061,3942,0.007901512971147894
5062,45511,0.0023835020046681157
5063,13920,0.0031708727963268755
5064,25664,0.002250568869058041
5065,18220,0.0037292805383913243
5066,93141,0.0023955894762184475
5067,90715,0.004006386729888616
5068,57786,0.00435362847521901
5069,74467,0.005323554538190365
5070,91963,0.003782472368329759
5071,28221,0.0030565874185413144
5072,59028,0.008571720290929079
5073,94981,0.004837582025211307
5074,9475,0.003269853310193866
5075,92472,0.003086047782562675
5076,10587,0.014908884516917171
5077,20363,0.005803470227401704
5078,28734,0.004976125434041026
5079,25154,0.019953562617301943
5080,77797,0.011399162374436859
5081,94634,0.00560179738327861
5082,47579,0.008738315799273554
5083,85346,0.004929900281131266
5084,27773,0.0044253439456224414
5085,3554,0.0015504768874961866
5086,60385,0.005484484818298369
5087,39176,0.02515053886920214
5088,9059,0.007122735586017367
5089,93886,0.0028124081157147865
5090,75951,0.005931062297895547
5091,23598,0.003228345564566557
5092,67047,0.0051050176098942765
5093,63962,0.0071054397895932205
5094,49905,0.005908518047071989
5095,80214,0.006869052499532699
5096,47554,0.009840380325913434
5097,51340,0.007570767439901827
5098,86120,0.004957525823265317
5099,85724,0.00332406034693122
5100,54054,0.010624660104513173
5101,51465,0.0067007363773882375
5102,52795,0.006353602213785054
5103,27309,0.004311269735917448
5104,13597,0.002041709222830839
5105,8702,0.011737624013330786
5106,93110,0.0052664346061646935
5107,90333,0.0046284411102533365
5108,61881,0.007468106681481006
5109,44171,0.003961223599035297
5110,25258,0.0038486551330424814
5111,17233,0.004901690590195365
5112,43039,0.005170771917328241
5113,78689,0.007639205409213902
5114,57255,0.00504012217745185
5115,4154,0.009552998456638305
5116,46978,0.007043899297714236
5117,64773,0.011640491932630536
5118,17401,0.004521934804506601
5119,76203,0.006405256947036836
5120,6030,0.0036603567656129567
5121,41576,0.009064822532236578
5122,84961,0.006572530670091515
5123,53129,0.004797531738877299
5124,65698,0.006960177631117404
5125,3802,0.008866563290357586
5126,92980,0.006257401257753377
5127,16267,0.004889581804163752
5128,11171,0.0028162576863542204
5129,71562,0.0034574868483468854
5130,50030,0.005872373068705205
5131,54126,0.011104775313287971
5132,5683,0.002680195672437548
5133,25391,0.0038086667470633943
5134,6156,0.005270303629804405
5135,13469,0.004531594887375834
5136,1201,0.0037361612473614508
5137,88413,0.013148859739303588
5138,1275,0.004514138964004815
5139,38126,0.0067231043847277745
5140,70459,0.00422436911612749
5141,37147,0.014526946600526572
5142,5691,0.004511732487007976
5143,87705,0.013405446885153653
5144,99505,0.00884349850937724
5145,33755,0.007305239811539655
5146,84800,0.002369764028117059
5147,34800,0.004381251153536143
5148,89059,0.011332777291536327
5149,85490,0.004687179708853362
5150,33041,0.00715399618726224
5151,9911,0.0029246711172163436
5152,29772,0.011988305598497392
5153,35719,0.00522354133427143
5154,75387,0.0024678434175439187
5155,14706,0.011856590374372894
5156,36030,0.004528972357511524
5157,88305,0.008895476907491685
5158,48590,0.0035822169110178944
5159,76052,0.009221877041272824
5160,84449,0.007356072813272475
5161,75030,0.01738782215863466
5162,78257,0.0041669071838259745
5163,29784,0.013449021163396538
5164,12922,0.0046382775343954625
5165,68182,0.009624245483428238
5166,10598,0.004793640449643137
5167,39544,0.0036311082355678106
5168,91665,0.008053616173565387
5169,87414,0.027427466809749595
5170,23710,0.011453449963591992
5171,61983,0.005939721241593363
5172,32694,0.008287874711677433
5173,50035,0.0051544910483062225
5174,87409,0.003434912944212559
5175,94395,0.006881831325590607
5176,83621,0.013462027013301849
5177,53647,0.0038044049590826067
5178,90286,0.013127975612878796
5179,44793,0.0036899634450674114
5180,94884,0.006336670946329833
5181,12946,0.003576468497049068
5182,75532,0.002874361183494326
5183,30392,0.003155505396425726
5184,19828,0.005294347936287525
5185,25240,0.006018345169723036
5186,3271,0.006260239230468874
5187,63752,0.0069028095703106375
5188,59653,0.006251166595611724
5189,47981,0.01092593105509877
5190,93482,0.005234739966690536
5191,58615,0.013360169865190988
5192,83410,0.00653186962008476
5193,47249,0.004185075070708995
5194,38338,0.015509227216243744
5195,91365,0.00470578833948821
5196,93335,0.0
5197,53596,0.0049116684310138185
5198,76905,0.003121865876019003
5199,47426,0.0036195986554957912
5200,31130,0.014534523412585258
5201,55638,0.003609177391044795
5202,28894,0.005334196025505663
5203,52215,0.00722583837341517
5204,4341,0.00506550387479365
5205,1207,0.02453535586595535
5206,49372,0.010989879257977009
5207,34209,0.009181111752986904
5208,83498,0.002928969440981745
5209,73598,0.006116924956440927
5210,29758,0.008487660116516055
5211,56055,0.005467095337808133
5212,82763,0.0059356649965047826
5213,79142,0.011721295118331915
5214,13279,0.005878239683806895
5215,76779,0.0013451068580616272
5216,77925,0.005022982235532256
5217,47161,0.011054248064756392
5218,68384,0.012476316858083014
5219,7945,0.005028967568650838
5220,22829,0.00274564257124439
5221,78965,0.010275046564638611
5222,42622,0.00720197974471375
5223,98408,0.023262698315083978
5224,64560,0.004929673551814631
5225,46670,0.00999361649155617
5226,58427,0.010322720110416411
5227,39322,0.011091970391571527
5228,57606,0.00414668381679803
5229,41837,0.008115213233977556
5230,44566,0.00643452421762049
5231,49129,0.011918886527419088
5232,37638,0.008686877195723357
5233,11070,0.007683424791321163
5234,98329,0.003379942944739015
5235,49331,0.013651528358459473
5236,37115,0.001271920970175415
5237,45820,0.013926550894975664
5238,93747,0.015031125545501704
5239,10773,0.004251730008982121
5240,11251,0.0024781848676502637
5241,50438,0.007040559258311989
5242,77614,0.0039898656820878415
5243,46438,0.011011932790279387
5244,58565,0.008968193978071214
5245,51302,0.008039748747833073
5246,37453,0.0035576457460410912
5247,25348,0.008589101880788805
5248,8168,0.006828265357762579
5249,65544,0.006368432585150007
5250,24736,0.004763109479099515
5251,83429,0.007427334855310625
5252,60915,0.003988215823192151
5253,73508,0.0062717649899423095
5254,41923,0.011251260600984098
5255,23895,0.004315401748754085
5256,80285,0.006276684256736189
5257,26449,0.003425007150508463
5258,56425,0.0055048693343997005
5259,3896,0.003086792241083457
5260,32236,0.0048662245273590095
5261,48668,0.005815891046077013
5262,33271,0.004936189427971841
5263,60292,0.004509150189114735
5264,72586,0.009624432316049935
5265,92984,0.007704126704484223
5266,25133,0.008267730399966243
5267,31980,0.0027244979620445536
5268,41606,0.00478676388505846
5269,51356,0.014177146553993224
5270,13043,0.009974859240464864
5271,54932,0.007475549951195725
5272,64002,0.005952553041279319
5273,10487,0.0033170571317896274
5274,56413,0.00567100590094924
5275,68197,0.008342117834836247
5276,61403,0.0042067132843658355
5277,47964,0.005151131805032487
5278,72910,0.004833630411885679
5279,16924,0.002825144424568867
5280,63303,0.007378955874592068
5281,90727,0.003669665523339066
5282,48349,0.00800348394550383
5283,57206,0.0048139183036982995
5284,63888,0.003160540144890543
5285,87490,0.0025510680372826805
5286,75997,0.005646384283900262
5287,53093,0.01375321952626109
5288,17409,0.004408624673960727
5289,14245,0.003356542019173508
5290,66426,0.004895809628069402
5291,22906,0.010191703401505946
5292,91127,0.012756732851266864
5293,6329,0.005243046521209182
5294,66894,0.015378749743103983
5295,91463,0.0051047853461932404
5296,64068,0.003670238819904623
5297,29757,0.0055150736297946415
5298,63225,0.01361947000026703
5299,5917,0.003870208649896083
5300,93998,0.005357613845262677
5301,98739,0.0057746370928362
5302,68623,0.0038732525985688
5303,45941,0.003940403312444692
5304,2715,0.004008355475962164
5305,25104,0.006811191737651819
5306,4167,0.01856734026223421
5307,81667,0.014439579397439948
5308,40123,0.0040180080523714405
5309,52564,0.005443622644525015
5310,98584,0.0063793869130313405
5311,88789,0.004202558249235153
5312,7425,0.0077371384087018685
5313,85919,0.0024441683129407484
5314,77538,0.019970070496201517
5315,52603,0.003919852015096694
5316,18761,0.013535977751016615
5317,17861,0.005714655583724378
5318,20710,0.0032747807912528503
5319,83443,0.005308586768805986
5320,23275,0.00420068903826177
5321,18252,0.005828086659312249
5322,78306,0.025059207640588284
5323,31024,0.010128607535734772
5324,27298,0.004001589554827658
5325,20595,0.007049607676453886
5326,52855,0.0035095857153646616
5327,61548,0.012716351421549912
5328,39030,0.05483658704906702
5329,95530,0.00835205251350999
5330,14785,0.004209186788648369
5331,16753,0.005608630403876308
5332,11992,0.007097919136285779
5333,8586,0.010573634868487716
5334,38220,0.010006708186119796
5335,57331,0.007088304758071901
5336,34877,0.0038698131032288098
5337,59628,0.008120567202568055
5338,1607,0.003114671355579051
5339,71622,0.008988657379522914
5340,36928,0.007195196859538559
5341,59875,0.008134828293696047
5342,14289,0.012610079795122148
5343,71695,0.0035020749096292985
5344,2851,0.015443176999688146
5345,28673,0.011280742175877092
5346,93760,0.006908633066341281
5347,56234,0.0067133834958076465
5348,44259,0.0062654076144099255
5349,83892,0.013141492716968064
5350,34668,0.01275435391347856
5351,16626,0.0029473244212567806
5352,63359,0.0022193412855267525
5353,59031,0.012946023643016813
5354,14144,0.0033735817251726976
5355,84879,0.004285223381593825
5356,11053,0.01789558176882565
5357,82632,0.00437875164672732
5358,21699,0.0046876275911927195
5359,35265,0.004995137406513098
5360,19723,0.008674323167651895
5361,45638,0.00813785951584578
5362,25962,0.0043350573163479554
5363,2776,0.015034173727035525
5364,66904,0.009605398178100587
5365,48822,0.011804033496882768
5366,37465,0.003929558319505302
5367,49659,0.005003734454512599
5368,11499,0.0033446942223235975
5369,49101,0.008666647188365458
5370,9301,0.00251925245393068
5371,52076,0.0100999414594844
5372,56154,0.007956043407320972
5373,93185,0.007657929174602028
5374,98830,0.0019750062422826883
5375,13593,0.003603082755580545
5376,40630,0.005001876316964628
5377,27360,0.00717783847125247
5378,7377,0.00569695214740932
5379,15206,0.0037627846561372295
5380,62022,0.008865635069087155
5381,32506,0.003036706317216159
5382,79599,0.010523450933396811
5383,6537,0.003459336473606526
5384,16430,0.010895574390888221
5385,99737,0.010810700245201582
5386,18745,0.01774930864572525
5387,48139,0.008135506294202063
5388,51628,0.008774017505347727
5389,55241,0.005146361454389984
5390,63313,0.0042718034470453844
5391,60014,0.002988281857687982
5392,89509,0.00708563343621791
5393,84119,0.009387084706686439
5394,27894,0.004120114371180533
5395,97757,0.012460448967758563
5396,91289,0.009921778142452242
5397,24258,0.006709341723471882
5398,47159,0.005428057294338938
5399,91794,0.008465025294572114
5400,23458,0.003951243981719016
5401,44761,0.006860599331557747
5402,42892,0.003455592093523589
5403,30218,0.011270420914515855
5404,66959,0.009831443149596457
5405,32168,0.006149203125387432
5406,90009,0.006950292028486731
5407,23502,0.0085016533266753
5408,24627,0.00552528106607497
5409,5248,0.003650991320610046
5410,92444,0.00688299600034952
5411,12031,0.0014447036979254298
5412,86549,0.010448445752263068
5413,43919,0.011132893040776255
5414,7115,0.0035152705013751966
5415,61075,0.010823778472840781
5416,88237,0.013053926015272742
5417,47935,0.005587687790393832
5418,59688,0.00834605621173978
5419,13503,0.008512395806610592
5420,50205,0.005953056253492832
5421,33136,0.004510217159986495
5422,28828,0.003004612415097656
5423,11174,0.003930860664695503
5424,41214,0.0044755342788994285
5425,58825,0.004728075545281169
5426,7745,0.0038316817907616506
5427,9935,0.003875877587124705
5428,42914,0.015872183144092562
5429,12843,0.005660621263086793
5430,11343,0.003579659759998325
5431,58918,0.004742915318347515
5432,13786,0.004372769360197708
5433,70750,0.005240555554628372
5434,36664,0.008844013325870037
5435,77689,0.002858327182475474
5436,22272,0.008862225976772607
5437,86550,0.005664801709353922
5438,93210,0.003279652725905184
5439,61721,0.004240870096255086
5440,47334,0.0031726674363017114
5441,21188,0.0015047406707890312
5442,45687,0.0019216247834265231
5443,64070,0.004786958750337367
5444,51025,0.0032632574718445516
5445,61032,0.013334750244393945
5446,55125,0.009813949856907127
5447,61538,0.0044327028817497185
5448,1987,0.009510781541466711
5449,250,0.0008398059813771419
5450,58493,0.007714595943689345
5451,63254,0.012467472255229947
5452,23184,0.0033100189885590294
5453,29416,0.013968359240097926
5454,70042,0.007859247401356698
5455,89198,0.00628993418067694
5456,34801,0.007279769140295683
5457,63635,0.007478236947208646
5458,87737,0.013976411903277041
5459,20006,0.009002129528671498
5460,70813,0.012784300670027733
5461,9962,0.007956676334142685
5462,5973,0.005301259551197295
5463,66662,0.004208432976156476
5464,36584,0.006489010415971279
5465,65466,0.005045190267264843
5466,35883,0.0041193321347236635
5467,39953,0.0121575084887445
5468,83013,0.0073898254334926645
5469,1256,0.005272152181714771
5470,28349,0.007678189277648925
5471,81043,0.005220131549285726
5472,31732,0.00904094535857439
5473,62264,0.005906441863626245
5474,58590,0.009343256177380682
5475,66373,0.006714422251097861
5476,56537,0.011318287362810228
5477,74709,0.0038737959787249567
5478,23488,0.004310164973139765
5479,34194,0.0049039931781589986
5480,78281,0.0038934371247887622
5481,11840,0.003396960434038196
5482,94248,0.0
5483,25578,0.011635842621326447
5484,68502,0.011375358998775483
5485,69393,0.004906013580039141
5486,91799,0.008193162679672239
5487,16277,0.006079115967731925
5488,9169,0.01629810951650143
5489,66026,0.004828367158770561
5490,48374,0.0030324543267488484
5491,35547,0.005557755380868907
5492,72814,0.0038961575296707434
5493,98039,0.006029516290873286
5494,85890,0.004695502696558829
5495,5713,0.009026296315714716
5496,56633,0.003955312827602027
5497,16084,0.007737077176570897
5498,58074,0.003572687096893787
5499,82098,0.009898997247219085
5500,16616,0.006282756160944699
5501,5900,0.014920551739633083
5502,27592,0.00598194048274308
5503,84084,0.008434151425026362
5504,5836,0.008073338549584147
5505,15741,0.03774575710296631
5506,75514,0.010622820556163787
5507,86283,0.007889379039406771
5508,37528,0.027200962305068972
5509,69124,0.01248298549093306
5510,44965,0.006952009089291096
5511,77413,0.00497611063648947
5512,18749,0.005350523330271241
5513,49343,0.005624629668891429
5514,84179,0.01572687379550189
5515,50995,0.017268904447555543
5516,26935,0.006203753198497
5517,30873,0.004611331410706044
5518,43678,0.005380443502217534
5519,30541,0.007117899842560294
5520,64072,0.019251718050800264
5521,9030,0.004814734285464509
5522,43099,0.019823790341615674
5523,564,0.003959518708288671
5524,24959,0.009762300243601202
5525,57898,0.004584554149769245
5526,80945,0.002661510042380541
5527,29285,0.01599190644919872
5528,56562,0.01757840197533369
5529,77243,0.0044805560261011144
5530,22042,0.005281147211790083
5531,72513,0.003974797241389755
5532,65629,0.004799467455595727
5533,82133,0.0037965817330405088
5534,93694,0.004468510672450071
5535,80378,0.0052621116489172
5536,81810,0.006773206926882272
5537,77901,0.008858614317141479
5538,64005,0.015957028567790986
5539,83653,0.004963048025965686
5540,53515,0.02838495763018727
5541,21974,0.00678105796687305
5542,9102,0.011396551039069893
5543,68829,0.010366250649094579
5544,21320,0.0040627449378371275
5545,89079,0.004437022982165218
5546,84292,0.004185127821983768
5547,60711,0.007320360513404005
5548,52669,0.012310297489166257
5549,85347,0.007521162368357183
5550,74309,0.005219311285763973
5551,75380,0.004498161475639787
5552,13965,0.005327572464011603
5553,71289,0.005265079587697987
5554,6999,0.0031122820940799965
5555,50816,0.006282091885805133
5556,41531,0.0014440593123435975
5557,33014,0.004032635986804961
5558,16939,0.009385230913758277
5559,53482,0.007872943039983512
5560,40668,0.003550923503935338
5561,65987,0.005472691124305131
5562,82711,0.009331573275849223
5563,17374,0.015000708103179933
5564,84081,0.0059174915915355085
5565,93695,0.00346521034371108
5566,19679,0.005816740002483127
5567,80624,0.009761028544744475
5568,11717,0.0041312070563435535
5569,49989,0.0051091692224144985
5570,73390,0.005147487632930275
5571,71247,0.014051169010344894
5572,72331,0.01388743383809924
5573,81593,0.0027059142128564384
5574,17043,0.010392315760254857
5575,97361,0.00503367705270648
5576,20333,0.01524646794423461
5577,59360,0.013214171528816224
5578,20161,0.00521849389187992
5579,23173,0.0048663776973262435
5580,91287,0.020260715298354628
5581,34867,0.003299851075280455
5582,74654,0.017921982705593104
5583,96651,0.0028112504910677615
5584,1595,0.010130264144390824
5585,19103,0.0035791958682239063
5586,60846,0.01880134753882885
5587,11963,0.014459722799947484
5588,58527,0.004260324328206475
5589,4687,0.0037120920047163993
5590,49204,0.0051143727637827366
5591,17147,0.003218438748735934
5592,3516,0.004241122305393219
5593,67312,0.004328998886048794
5594,75993,0.00460411485750228
5595,17614,0.005590453050099319
5596,11236,0.010365843623876575
5597,63830,0.003931987807154655
5598,68241,0.005565291712991896
5599,72679,0.020491350591182712
5600,78298,0.011714739203453065
5601,68589,0.004318773029372092
5602,52679,0.010836404301226139
5603,27411,0.008399235308170322
5604,21664,0.005108116162009538
5605,52840,0.005806439323350787
5606,85547,0.013505186624825001
5607,91868,0.009439456127583977
5608,74258,0.009720468483865263
5609,51646,0.009413377959281205
5610,6560,0.0035602876543998725
5611,34755,0.004356221314519645
5612,62667,0.012634291765280064
5613,94172,0.006131979022175072
5614,67990,0.012440261691808702
5615,85960,0.011029963828623292
5616,87024,0.005337977521121504
5617,5669,0.0028889022581279275
5618,49962,0.005176976826041929
5619,4445,0.015705470941029493
5620,81512,0.006329947458580131
5621,74082,0.010717141451314093
5622,54519,0.0031478096544742583
5623,3429,0.011319558643735942
5624,18069,0.011897392198443412
5625,17700,0.00808395102620125
5626,65313,0.01617867160588503
5627,67595,0.007462550168856975
5628,63223,0.004925327370874585
5629,40402,0.00455703115090728
5630,64310,0.004467562991194429
5631,49713,0.00319972015218809
5632,54601,0.006583657860755916
5633,89548,0.021176120080053804
5634,44966,0.009531311681494119
5635,55156,0.009211683045141403
5636,43976,0.00995572756743059
5637,17826,0.024794306755065915
5638,72396,0.004483190095052122
5639,74273,0.007453729026019576
5640,88068,0.0034761753678321837
5641,42261,0.010174973048269748
5642,92714,0.004436470717191693
5643,11732,0.0043090073019266106
5644,3162,0.006644879579544066
5645,90841,0.006916773826815194
5646,79678,0.006009959471412002
5647,47571,0.009817952290177344
5648,51071,0.003697066821623591
5649,83988,0.00664521190803498
5650,45912,0.006876505762338635
5651,25795,0.005118576306849717
5652,69775,0.005317289577797058
5653,47302,0.004707548934966325
5654,15113,0.0026827808225061717
5655,8510,0.004278992898762229
5656,49284,0.00866022568428889
5657,19337,0.008830912522971638
5658,73041,0.005759014450013637
5659,28083,0.008369980696588758
5660,40110,0.0033911246666684745
5661,78831,0.004563307268545029
5662,92384,0.007524226140230894
5663,42969,0.015453738793730737
5664,2637,0.004131751898676157
5665,78859,0.008425601543858654
5666,96561,0.010676915273070343
5667,82376,0.004563875515013937
5668,17674,0.006024464201182125
5669,11912,0.013515616203658282
5670,43594,0.00861055503599346
5671,16974,0.016160636283457278
5672,71593,0.016418815925717353
5673,9908,0.004876042446121574
5674,79084,0.0041482605179771785
5675,31729,0.006398891964927315
5676,67321,0.005818953402340411
5677,17862,0.00427402714267373
5678,89792,0.005082689207047221
5679,9333,0.004293361753225328
5680,95278,0.006611129119992255
5681,10044,0.004544122666120526
5682,50509,0.007881167060695587
5683,80345,0.004576317435130475
5684,59368,0.007524196673184637
5685,81740,0.01922582894563675
5686,77552,0.003322792006656531
5687,62134,0.0033855162933468805
5688,39289,0.005003030474763359
5689,27164,0.007767696967348456
5690,90743,0.005917428736574947
5691,26594,0.0034555293247103694
5692,75005,0.01516151547431946
5693,37186,0.004257223680615429
5694,35507,0.0021539137721993057
5695,82767,0.01044145852327347
5696,42029,0.003300191778689626
5697,51353,0.008161054849624635
5698,34593,0.010194922415539622
5699,92162,0.014858039617538456
5700,8664,0.005755495689809322
5701,2473,0.005354407434351749
5702,44045,0.0025296966359019293
5703,28783,0.004995815306901929
5704,79311,0.001943256100639699
5705,36576,0.005602622535079714
5706,39025,0.003991081137210132
5707,92065,0.017214271118864415
5708,11676,0.015302340872585774
5709,62875,0.016803717995062473
5710,36934,0.005523308459669354
5711,38594,0.009333944232203064
5712,86576,0.0028145476803183578
5713,9104,0.00432977819349617
5714,28154,0.008263386443722993
5715,75146,0.007740390971302987
5716,18733,0.00817285185679793
5717,68145,0.012856963276863101
5718,46371,0.00741862268419936
5719,19148,0.003423647908493882
5720,42583,0.003847803920507429
5721,12598,0.010463847413193436
5722,27504,0.003280478883534669
5723,80141,0.0045894063450396
5724,72496,0.007292652241885661
5725,1249,0.01026305045001209
5726,19662,0.00917313078418374
5727,39313,0.005172068625688557
5728,23903,0.01078236252069473
5729,13659,0.00481984912417829
5730,99087,0.003956021890044216
5731,64804,0.003231193809770048
5732,64739,0.0045667498512193564
5733,76976,0.0035483811469748626
5734,78042,0.006692361850291491
5735,54594,0.014545222222805021
5736,46658,0.012533238902688029
5737,89493,0.004940031534060835
5738,83086,0.00946349733741954
5739,57984,0.009210393582470715
5740,39008,0.00726250948384404
5741,1382,0.009703493807464844
5742,35425,0.02052073627710342
5743,50048,0.00435559198260307
5744,11623,0.0028715313971042697
5745,28966,0.004908437808044251
5746,13464,0.004543000003322965
5747,69716,0.009557953104376796
5748,86092,0.004810938565060494
5749,87157,0.0021338268090039477
5750,78411,0.009343896508216857
5751,21883,0.002625735574401914
5752,90543,0.0031617909506894745
5753,2169,0.003265854730270803
5754,67907,0.0062195336818695055
5755,64096,0.0022979771555401377
5756,10669,0.0028839092701673456
5757,88376,0.0035040201991796472
5758,7286,0.006372914663515986
5759,9251,0.0028971714572981087
5760,80784,0.011517681614495814
5761,45422,0.003919558692723512
5762,49264,0.011349534122273325
5763,84641,0.026772630512714383
5764,6157,0.012677614688873283
5765,24353,0.004572051670402287
5766,72623,0.016022658410947774
5767,42191,0.0040975064365193214
5768,69287,0.0062308076024055505
5769,45564,0.004074526801705356
5770,98914,0.004790240265429022
5771,28102,0.0032812066189944764
5772,45588,0.003959792138775809
5773,48168,0.007317883968353275
5774,54850,0.007405171915888785
5775,60314,0.01150069669820368
5776,53385,0.010160358957946296
5777,60286,0.005060088511090728
5778,97993,0.016120254248380664
5779,35554,0.0039096652995795015
5780,82160,0.009046985385939477
5781,10046,0.014313448220491415
5782,33204,0.0038193014264106696
5783,47612,0.0033461383311077985
5784,58036,0.002943791663274166
5785,47879,0.010394468228332704
5786,33270,0.004650690089911227
5787,25455,0.0
5788,29032,0.011873853560537103
5789,60435,0.0035461256722919615
5790,53201,0.008206702545285223
5791,25111,0.0055394249781966194
5792,13440,0.0036377342604100656
5793,42266,0.003947205347940326
5794,4148,0.00736899007111788
5795,66173,0.008097408800385893
5796,1450,0.0026033275108784436
5797,73994,0.01568508703261614
5798,42780,0.007773104546358808
5799,24680,0.004196613132953648
5800,69956,0.0031152158929035082
5801,90634,0.015261950376443565
5802,53238,0.004069990841671827
5803,92277,0.003355822935700414
5804,95244,0.010031115040183072
5805,71223,0.005933721167966722
5806,16442,0.007903821091167634
5807,20355,0.0025876722182147202
5808,4873,0.0023917669430375127
5809,36552,0.0025965697318315545
5810,77872,0.008139964584261184
5811,81913,0.011419274136424067
5812,99454,0.005335837528109549
5813,98042,0.015003057569265371
5814,89184,0.008064230377785859
5815,45722,0.014834170937538143
5816,50501,0.004659026642329995
5817,4157,0.004938382487744093
5818,59887,0.005166666016448289
5819,46687,0.004353167805820707
5820,81638,0.008464628662914038
5821,90363,0.01329735778272152
5822,4120,0.004345244753640146
5823,42744,0.004956315699964766
5824,9805,0.003159109668340536
5825,4870,0.003560528156813232
5826,50634,0.005996011905372148
5827,23692,0.012911621851380912
5828,10052,0.015927255377173422
5829,59338,0.004375525489449503
5830,87645,0.01096748534590006
5831,54164,0.009651578366756442
5832,19298,0.0072324626520276075
5833,95893,0.006877178400754931
5834,85637,0.010585076399147516
5835,50605,0.008407881199382242
5836,35893,0.0059097790857777
5837,95531,0.0045116726169362655
5838,72819,0.00948442094959319
5839,87112,0.006590802846476426
5840,48974,0.002739430151414124
5841,81849,0.0035878627374768255
5842,41110,0.0023631123825907686
5843,55661,0.005705015743151309
5844,52905,0.02276921423152089
5845,85752,0.009993367046117786
5846,84807,0.004301372002810236
5847,54225,0.011708466042764489
5848,19234,0.010605731764808293
5849,47550,0.003406777293421327
5850,96267,0.00453106250613928
5851,98011,0.00595185436308384
5852,83409,0.004690800197422503
5853,89633,0.0036085127573460335
5854,28134,0.008753539551980794
5855,62971,0.007322006318718198
5856,69929,0.009111397427041083
5857,90782,0.004373399000614884
5858,34799,0.009133343547582624
5859,45931,0.006619508129078896
5860,76266,0.012454598683398214
5861,55866,0.008767079985700548
5862,12590,0.0032116919686086456
5863,22404,0.00432153131812811
5864,79497,0.002111314630601551
5865,57011,0.006447447687387467
5866,6140,0.003892779224552211
5867,21482,0.005356485014781353
5868,31489,0.005194402355700732
5869,48041,0.004390589203685522
5870,59027,0.009335086320061234
5871,55070,0.005648414478637272
5872,53207,0.0030722256947774466
5873,39712,0.005361342877149576
5874,7932,0.005948225127067417
5875,93555,0.0033182924054563027
5876,37351,0.015042906031012535
5877,89688,0.009157313108444212
5878,19200,0.00320634608273394
5879,14614,0.010495482010301205
5880,53851,0.010223597511649135
5881,72214,0.005220615752041342
5882,65636,0.004950586166232828
5883,940,0.018678694553673263
5884,99396,0.004424579702317713
5885,78134,0.007641330240294333
5886,94182,0.04428591766860335
5887,39948,0.01005626941099763
5888,62680,0.018334711892530324
5889,44099,0.006302986005321148
5890,62385,0.006650903224945066
5891,63230,0.00770106482785195
5892,69621,0.00699599841609597
5893,87365,0.004727840377017852
5894,25359,0.005316496193408966
5895,27325,0.0058355693006888025
5896,23317,0.0052807466685771964
5897,98050,0.005257265418767929
5898,10091,0.007947966903448107
5899,52735,0.029691904857754702
5900,923,0.01540127912070602
5901,85045,0.0052301008021459
5902,46489,0.00430646512657404
5903,53352,0.015256935060024263
5904,29603,0.0050214269268326435
5905,98711,0.014596814662218089
5906,58131,0.008703705978114158
5907,43822,0.004491664730012418
5908,92202,0.004254289923701434
5909,2349,0.00479954268783331
5910,54854,0.006045820787549018
5911,61267,0.007350756763480601
5912,4933,0.007754402041900904
5913,93048,0.006308707334101194
5914,26527,0.008079831358045339
5915,26694,0.0029715256649069507
5916,71343,0.009871067255735397
5917,3748,0.004333481099456552
5918,39733,0.0035241647716611597
5919,55016,0.013935672305524355
5920,85943,0.007725349362008268
5921,52661,0.008198972102254624
5922,16408,0.00825685851974413
5923,21495,0.0044017256423830985
5924,82023,0.004067771325353534
5925,9879,0.004115522839128971
5926,1901,0.019345234408974645
5927,50435,0.012299911594018342
5928,92023,0.012121414975263181
5929,23043,0.0041321213333867495
5930,68978,0.00677621230483055
5931,37020,0.0042881212802603815
5932,96161,0.00594404086470604
5933,89482,0.004334385395050046
5934,95993,0.005198550447821616
5935,91656,0.004396674814634025
5936,89344,0.007418816590216013
5937,2157,0.0026045447587966907
5938,83868,0.007780891135334969
5939,97725,0.009398473761975765
5940,12103,0.016447191312909122
5941,19583,0.0028367069619707748
5942,85125,0.004516448909416793
5943,1701,0.0033089301292784506
5944,57313,0.003673517927527425
5945,3695,0.0022442300175316643
5946,52726,0.013378277625888585
5947,48184,0.003918095082044603
5948,59520,0.011882740259170528
5949,82597,0.0036416907655075206
5950,12861,0.004752818213310094
5951,72061,0.009904086207970977
5952,68327,0.0022055318858474576
5953,2050,0.009453065469861032
5954,17816,0.00437076032627374
5955,27242,0.003839322123676543
5956,60683,0.006748827770352359
5957,99943,0.0031695102574303725
5958,10352,0.005529190222732721
5959,85061,0.004319118261337277
5960,40680,0.018690314181149005
5961,96202,0.00348667427897454
5962,67501,0.0033080744696781035
5963,16988,0.002786489110440017
5964,51981,0.006785188280045989
5965,26500,0.007672143667005004
5966,78399,0.006725129862315953
5967,50733,0.004902783536817884
5968,30189,0.020131364390254026
5969,69355,0.011209249964449563
5970,53095,0.01452937237918377
5971,4325,0.008266640305519105
5972,86363,0.0039810284925624745
5973,65934,0.002820908846333618
5974,62436,0.005296531170606614
5975,28109,0.0065064707817509785
5976,25646,0.006975905112922192
5977,3395,0.0098299019318074
5978,21614,0.0015697341901250172
5979,14852,0.011695044958032662
5980,67271,0.009191535748541358
5981,62765,0.008059633299708366
5982,14673,0.013038258273154493
5983,23506,0.009090536944568156
5984,9860,0.006093354881741106
5985,56001,0.019191076904535295
5986,80633,0.011620968319475644
5987,17258,0.007150604762136939
5988,42168,0.0034307697787880863
5989,38817,0.009983854079619046
5990,5402,0.02380192933604121
5991,14988,0.005630243453197181
5992,36925,0.006963676959276196
5993,17709,0.00407078913412988
5994,28217,0.0035077843442559266
5995,17362,0.0036914579896256358
5996,47841,0.004936343091540034
5997,37808,0.008083963580429555
5998,92341,0.008281695824116468
5999,52945,0.006861377712339164
6000,53219,0.003272237449418753
6001,78608,0.0057614241912961025
6002,446,0.006264496129006146
6003,59631,0.009789164736866952
6004,96613,0.01010082118213177
6005,37855,0.004662000555545092
6006,91111,0.005171118257567284
6007,22129,0.008350487574934954
6008,23832,0.01119285434484482
6009,10297,0.003126368648372592
6010,22273,0.007779529392719267
6011,69086,0.005456765219569206
6012,75169,0.010556770041584975
6013,98231,0.007120131283299997
6014,3658,0.005328816119581461
6015,47305,0.005842989860102535
6016,70187,0.02500967594794929
6017,76749,0.006224920731037857
6018,21165,0.005955940908752385
6019,41463,0.007818563394248482
6020,94430,0.006856538911815736
6021,91519,0.01465042635798454
6022,59076,0.0025237613730132577
6023,15614,0.0044311187986750215
6024,44239,0.01935043662786485
6025,88087,0.009591241199523214
6026,51514,0.006751310601830486
6027,68474,0.005061073246179149
6028,54050,0.004887462416663762
6029,3686,0.003976872591301795
6030,4762,0.005305650220252575
6031,73233,0.007425840198993681
6032,47894,0.003729264661669735
6033,58047,0.00440083055291325
6034,90980,0.013082077056169506
6035,83720,0.005888224467635157
6036,80858,0.015001925826072696
6037,34550,0.006141434386372567
6038,97002,0.00554859893862158
6039,1506,0.005011185477487742
6040,6283,0.009316618903540068
6041,91602,0.004301118154544384
6042,81480,0.0032634539948776433
6043,99678,0.007607986107468604
6044,41515,0.004186751656234262
6045,62764,0.007517075715586546
6046,74559,0.006723933182656764
6047,70138,0.004650511092040691
6048,8907,0.006269671190530064
6049,24197,0.009254073835909371
6050,47291,0.006814400581642989
6051,79343,0.0045595500059425875
6052,96901,0.015451298058032989
6053,79798,0.006521353535354135
6054,11789,0.009579199887812133
6055,90448,0.020382888987660414
6056,91483,0.005758732389658691
6057,26410,0.006616814509034152
6058,2974,0.004535823757760225
6059,8129,0.00612471215426922
6060,16306,0.010171663926448679
6061,35908,0.025917370244860655
6062,17471,0.0031346449488773975
6063,45726,0.009997902689501644
6064,82947,0.002977599166333677
6065,43390,0.008506529852747914
6066,83081,0.004490272328257558
6067,5161,0.007577155381441117
6068,89877,0.006579779572784899
6069,81589,0.007067181672900912
6070,97786,0.0069439351698383665
6071,23202,0.004419416417367752
6072,88563,0.005652131587266922
6073,4826,0.0036773854540661
6074,51349,0.005544444527477025
6075,35954,0.00601134408032521
6076,87786,0.008768777884542944
6077,32735,0.0044498870335519325
6078,1874,0.018568719625473018
6079,11257,0.006434371396899225
6080,28363,0.0032742536952719125
6081,60841,0.002540938344318418
6082,96545,0.004331854016054424
6083,95185,0.0040713158389553425
6084,63384,0.010106943267164752
6085,75526,0.0028686042409390216
6086,14847,0.0054538535699248354
6087,73879,0.0019963234872557214
6088,88348,0.0030576245649717787
6089,67878,0.0020300307637080555
6090,89202,0.004539589760825035
6091,55637,0.010286938250064846
6092,67396,0.004662692141719162
6093,12325,0.003736569350585337
6094,94429,0.020532503873109825
6095,60473,0.00650390729308128
6096,40415,0.0041144058341160425
6097,67375,0.015179000962525608
6098,97718,0.006367039252072574
6099,51382,0.003396516726352275
6100,54122,0.00853294681757688
6101,88931,0.029435436725616458
6102,49815,0.003257765267044303
6103,25054,0.0024294589739292877
6104,13138,0.004693755097687246
6105,49604,0.009754088521003727
6106,46734,0.015876569747924806
6107,89497,0.01357461392879486
6108,86465,0.005951796062290669
6109,4479,0.005161196496337657
6110,74259,0.006261516064405439
6111,71614,0.012414852660149338
6112,81427,0.011811135560274126
6113,58057,0.0034535890165716386
6114,79125,0.006421982878819109
6115,92468,0.005720771499909464
6116,25283,0.004157265156973156
6117,44405,0.005619079023599623
6118,16246,0.004413037488702689
6119,18167,0.01317140571773052
6120,95647,0.009841825389303263
6121,72168,0.008727957233786584
6122,74884,0.011614418008830403
6123,43946,0.01329710692167282
6124,54228,0.005970666110515591
6125,91261,0.004607189767993988
6126,82380,0.005304056331515315
6127,64907,0.015031451061367987
6128,16473,0.009059873558580876
6129,98610,0.0052110631833784315
6130,63389,0.011840658932924271
6131,82821,0.008498522508889442
6132,26921,0.009813715666532517
6133,2619,0.004328411584720016
6134,47268,0.034761504232883454
6135,84914,0.0035253002820536516
6136,73926,0.004485841639107089
6137,13747,0.0034727288968861136
6138,46501,0.0051262367144227034
6139,24881,0.006305403430014848
6140,7673,0.012498194016516207
6141,92113,0.0033316281752195213
6142,33456,0.0029394123423844556
6143,28627,0.005931145776994523
6144,80794,0.014649760872125623
6145,20992,0.003881574720144276
6146,94804,0.010732122450135644
6147,98178,0.007676221933215853
6148,65373,0.006913665719330308
6149,76505,0.003811220973730089
6150,74038,0.0044687954336404805
6151,59363,0.00456398652284406
6152,88940,0.006542404070496557
6153,87741,0.0038536979025229814
6154,93386,0.004778551715426147
6155,23434,0.010365146882832047
6156,14241,0.015215485021471978
6157,54318,0.003399458900094034
6158,15941,0.0035895182657986816
6159,14871,0.019350530207157133
6160,88480,0.004021737352013588
6161,57268,0.004178391639143226
6162,78674,0.0039034605212509657
6163,14271,0.006726024225354194
6164,7263,0.009370423592627046
6165,14941,0.011986735761165622
6166,79950,0.005953141395002608
6167,95527,0.01385316277854144
6168,39055,0.013919066563248634
6169,3105,0.0037066537979990252
6170,10706,0.014723463333211837
6171,23675,0.00647795133292675
6172,85042,0.019193358421325683
6173,47431,0.006212785504758357
6174,7632,0.016977935656905172
6175,69788,0.004841486273799094
6176,57555,0.007277583777904515
6177,13969,0.005829835082404316
6178,48093,0.010923157297074791
6179,48224,0.009780913777649405
6180,66826,0.0033511806838214357
6181,21732,0.00727743461728096
6182,98641,0.009358015060424812
6183,26763,0.010530489161610602
6184,45865,0.0050861637853086
6185,34382,0.006820172909647225
6186,55746,0.007404890917241577
6187,98825,0.0031811486929655087
6188,94986,0.010498264851048593
6189,44136,0.004036169704049824
6190,68539,0.0242967789247632
6191,32383,0.007602478489279746
6192,36064,0.007477161809802055
6193,9945,0.0034723424632102247
6194,39683,0.005099132214672863
6195,66884,0.0074175819009542465
6196,15469,0.012963670198805635
6197,66898,0.004832154284231366
6198,36250,0.002274725898168977
6199,22730,0.008106446526944642
6200,21138,0.008337494586594408
6201,38219,0.007821457097306844
6202,38677,0.009130180240608753
6203,44936,0.002031835280358789
6204,84908,0.010303480774164202
6205,67179,0.01034475900232792
6206,97451,0.006999150355113665
6207,95323,0.00949763130396604
6208,25605,0.007848899764940138
6209,75130,0.004017691789194946
6210,47825,0.004642287129536268
6211,11855,0.007343296334147454
6212,51816,0.009447552233468742
6213,78649,0.004313042047433557
6214,63138,0.006173039171844722
6215,15784,0.010757847428321834
6216,26121,0.005270898556336759
6217,7033,0.0034651678428053887
6218,4180,0.010762245953083045
6219,33786,0.007239072211086743
6220,22003,0.004509967975318432
6221,49207,0.010602003620006146
6222,80291,0.011395268503110857
6223,47855,0.016048539895564318
6224,98745,0.007272114679217341
6225,53729,0.007618095719953997
6226,33850,0.0042736253200564515
6227,35654,0.006250783335417509
6228,20531,0.011675773290917272
6229,26684,0.008218884598463778
6230,89879,0.0035899253585375875
6231,15538,0.006255685100331903
6232,94762,0.010391524764709177
6233,88857,0.007604416087269781
6234,51845,0.0042775767948478455
6235,53061,0.004006977844983337
6236,39174,0.0042434690892696365
6237,56733,0.008194855311885473
6238,36700,0.008473056219518185
6239,61914,0.01354482173919678
6240,30611,0.004450594624504445
6241,94860,0.005811361633241174
6242,99019,0.005222969111055135
6243,45052,0.004245479332748802
6244,71928,0.010924489460885527
6245,25754,0.004976455681025987
6246,59661,0.0030634973244741573
6247,74228,0.008924294710159297
6248,727,0.009212979674339292
6249,4394,0.006198450140655037
6250,61296,0.006206542178988458
6251,18514,0.004245373620651662
6252,33637,0.004036516398191451
6253,10792,0.00799344414845109
6254,21207,0.004845166988670821
6255,76858,0.004197987709194422
6256,61033,0.012566223666071887
6257,71184,0.0046638284600339875
6258,98538,0.005795784392394121
6259,29213,0.0038653355464339243
6260,61485,0.005007187295705075
6261,27480,0.003433105293661359
6262,89442,0.005153522444888949
6263,2658,0.004931981340050698
6264,86218,0.0055186416208744035
6265,63041,0.015539329946041106
6266,17963,0.0051344406977295925
6267,60888,0.0032409935630857904
6268,49189,0.00565682277083397
6269,27210,0.005228930599987512
6270,79092,0.004705046731978651
6271,75196,0.00369006983004511
6272,62195,0.005482388250529763
6273,49321,0.0038452029740437908
6274,12065,0.01859256407245994
6275,92006,0.009068399481475354
6276,4516,0.0064287195727229084
6277,95871,0.00740892097353936
6278,62703,0.012381805907934904
6279,86666,0.005750297075137497
6280,21981,0.004006115496158598
6281,14221,0.008941591791808605
6282,99641,0.004049810469150542
6283,61792,0.005969486231915655
6284,73644,0.007837476907297965
6285,78876,0.009182764850556847
6286,68208,0.004348230594769121
6287,86082,0.005280479602515694
6288,95941,0.0013586014043539744
6289,60568,0.00873632717179135
6290,15674,0.009470238685607915
6291,68906,0.006754100499674677
6292,1953,0.003824934884905817
6293,61257,0.033330034408718345
6294,31781,0.004737066852394492
6295,82294,0.0038884343160316376
6296,582,0.007051460556685929
6297,41181,0.01526164308190346
6298,97154,0.0065111801493913
6299,67727,0.003826204296201464
6300,56492,0.008028622698038819
6301,7922,0.015361741147935384
6302,61950,0.004414305314421658
6303,70733,0.002982578540686515
6304,68795,0.0027257936261594314
6305,71060,0.012277033478021619
6306,8996,0.005535962679423396
6307,77326,0.008810436874628066
6308,12900,0.0038778723683208236
6309,21095,0.01186793148517609
6310,56966,0.009826074745506046
6311,85795,0.003294273577630521
6312,74888,0.026266652774065737
6313,47011,0.0025626252219080907
6314,94980,0.006419552126899359
6315,41346,0.011053184866905213
6316,42138,0.0146958290413022
6317,74330,0.00739382361993194
6318,47276,0.0051933328062295885
6319,93093,0.004677339470945304
6320,87793,0.025921746492385864
6321,20808,0.009683871045708663
6322,64498,0.010179293677210807
6323,13609,0.005843715891242031
6324,57670,0.015282906675711272
6325,32449,0.0028276991867460305
6326,39659,0.004519617217592899
6327,47906,0.00800235327333211
6328,75985,0.006886276379227639
6329,6651,0.0032051240047439927
6330,26303,0.009088980257511139
6331,1673,0.008822580277919774
6332,91195,0.014188135266304013
6333,73902,0.0041506844549439904
6334,80144,0.009290937799960378
6335,5481,0.006077338680624961
6336,84442,0.008032087460160254
6337,9990,0.00989202048629522
6338,26608,0.004481032714247704
6339,31507,0.0287348689022474
6340,12510,0.007228840738534928
6341,34997,0.0070902099460363344
6342,82157,0.007281937210354954
6343,33721,0.005526505336165434
6344,67731,0.006551940739154813
6345,42270,0.0030616506142541783
6346,83455,0.014064844548702233
6347,60383,0.00464888619259
6348,47836,0.004330462347716085
6349,53471,0.010624725520610808
6350,63922,0.005525917932391169
6351,91403,0.00434686060994864
6352,7470,0.016419302495196457
6353,40327,0.004507236704230304
6354,41247,0.005414705444127324
6355,65295,0.005926871253177525
6356,37981,0.004114669263362886
6357,92447,0.01246673603542149
6358,58547,0.0025801381771452772
6359,57793,0.011233213692903515
6360,24158,0.002757844030857085
6361,97384,0.006424151360988615
6362,75179,0.007987612229771911
6363,31149,0.006708843032829459
6364,64426,0.009073481885716318
6365,30604,0.017490178048610687
6366,8417,0.006021936312317849
6367,49918,0.005214289985597137
6368,64685,0.020862438380718232
6369,53081,0.004265580698847769
6370,71969,0.008130370737053454
6371,79204,0.011093039214611055
6372,31838,0.011381949316710233
6373,31623,0.0073554202914237945
6374,85515,0.006912352582439782
6375,9852,0.023366272710263723
6376,61526,0.002278495591599492
6377,87580,0.003185405638068917
6378,43868,0.002746410481631755
6379,28288,0.005103966805618253
6380,93582,0.0026117501221597215
6381,47903,0.006019031470641492
6382,12862,0.005180681087076663
6383,69809,0.005042217634618278
6384,46200,0.0023483072593808206
6385,49150,0.004007721282541755
6386,77524,0.0064545586425811055
6387,42463,0.008420913508161904
6388,15676,0.011118326261639597
6389,24015,0.011607069969177247
6390,82343,0.004917752128094434
6391,18720,0.002492204457521444
6392,36525,0.008943779300898312
6393,17811,0.007393345534801478
6394,65769,0.0026422101259231568
6395,55917,0.005302268769592047
6396,62880,0.0035988096427172407
6397,51821,0.015664238780736923
6398,62563,0.012257640957832338
6399,36747,0.007441487982869151
6400,26844,0.011825791187584402
6401,2884,0.00400358621496707
6402,51417,0.003267954334150999
6403,71182,0.006139223277568818
6404,83344,0.013788693686947226
6405,16224,0.00421198982512578
6406,38542,0.006185242980718615
6407,84134,0.004287816593423486
6408,56465,0.00587027627974749
6409,26287,0.02113086134195328
6410,20507,0.005823749247938394
6411,44836,0.006829816102981566
6412,12880,0.018133791806176306
6413,44777,0.009516254104673862
6414,65407,0.00368977239122614
6415,83603,0.0167597773950547
6416,23700,0.012148349820636214
6417,59711,0.007696462702006099
6418,39939,0.023451992571353913
6419,13967,0.0028682601847685894
6420,80609,0.008178247860632834
6421,16130,0.0038804479222744707
6422,94216,0.004995397739112372
6423,70903,0.0032021500309929226
6424,18487,0.007923853546381003
6425,82750,0.0029135308414697664
6426,37572,0.004417384447297083
6427,1141,0.013564491868019106
6428,13474,0.005107186599634588
6429,47404,0.00825770250055939
6430,17777,0.007848188690841201
6431,48928,0.00431298831477761
6432,39222,0.010449223034083844
6433,65359,0.007963746488094331
6434,20292,0.0058859738614410176
6435,97259,0.013436959087848662
6436,49080,0.0057580602448433615
6437,7601,0.005648698802106076
6438,78558,0.0023180135991424326
6439,61081,0.009217657186090947
6440,23365,0.0096154872328043
6441,14907,0.0028729368757922234
6442,59747,0.0033610954508185376
6443,44634,0.0032295334897935422
6444,56252,0.010015809610486032
6445,14797,0.0149312262237072
6446,9418,0.0049784227740019525
6447,79895,0.0066665361262858
6448,66097,0.003291224054992205
6449,4348,0.005231396553572265
6450,7579,0.0040777029166929445
6451,13444,0.005012226887047288
6452,42966,0.00405307979788631
6453,29533,0.019765266478061677
6454,78585,0.0030724897980690014
6455,30448,0.006838906407356267
6456,10732,0.003140649143606426
6457,97662,0.0076054107304662395
6458,53918,0.019134857542812828
6459,42452,0.010523974020034075
6460,39041,0.0073406948847696135
6461,38769,0.006360870953649284
6462,81225,0.004287827024236324
6463,61060,0.005341290887445215
6464,93462,0.018956399857997894
6465,47907,0.005558588616549963
6466,55446,0.0033747737668454597
6467,98446,0.007126018777489664
6468,16548,0.002738123850431295
6469,19142,0.008671116828918461
6470,62557,0.008202622532844548
6471,84241,0.007562346111517397
6472,81208,0.006777611561119559
6473,25793,0.0076061748433858154
6474,32520,0.005225448068231345
6475,34515,0.002557550442870706
6476,6394,0.005671449797227979
6477,73192,0.02189874935895205
6478,2319,0.006207731682807211
6479,82798,0.008545946311205624
6480,81696,0.008357771430164574
6481,41232,0.005936424918472768
6482,65595,0.0066928241401910775
6483,12727,0.004771532304584978
6484,62590,0.007729870267212392
6485,58242,0.014909511702135206
6486,31081,0.004641669001430276
6487,97491,0.012258428772911433
6488,53902,0.0032100829062983384
6489,23987,0.009352662116289141
6490,40017,0.002893026014789948
6491,22959,0.003914728388190273
6492,45430,0.018207399342209104
6493,50423,0.006266723927110433
6494,7130,0.004053386729210619
6495,67785,0.004160263775847852
6496,79006,0.0039564408268779475
6497,12897,0.024426841810345656
6498,51065,0.004163542240858082
6499,95175,0.00795361820608378
6500,32961,0.0026327061862684766
6501,6437,0.006216817595995964
6502,32804,0.005324316625483336
6503,59066,0.005198948346078395
6504,85441,0.026873461604118343
6505,97063,0.005018107243813574
6506,17167,0.014039722601883112
6507,96452,0.018667828738689423
6508,12520,0.011241891309618947
6509,84511,0.0065997892245650315
6510,31217,0.017219240516424185
6511,76090,0.0036893094959668795
6512,52936,0.00390708907973021
6513,2739,0.0042984142736531795
6514,24286,0.003915620986372237
6515,98925,0.015109243746846916
6516,12167,0.00576226069126278
6517,56385,0.004023838844150303
6518,86357,0.0038873956119641643
6519,25546,0.003283591195940968
6520,5073,0.005022242181003094
6521,26534,0.00841496626846492
6522,88271,0.0062379466928541676
6523,1229,0.006420013997703792
6524,92087,0.003269255589693788
6525,77904,0.018036606786772606
6526,92460,0.005264785592444245
6527,80663,0.00353176798671484
6528,13126,0.008318327665328985
6529,3991,0.003914309963583943
6530,29500,0.006759598553180693
6531,27087,0.0199527607858181
6532,45431,0.007203752095811065
6533,90086,0.003954579960554835
6534,83732,0.011238822396844624
6535,4729,0.009080845713615417
6536,42571,0.004506508670747275
6537,82732,0.007239040769636633
6538,26718,0.005284317620098594
6539,4069,0.008862182982265947
6540,35819,0.010287689249962569
6541,6344,0.005448738751001658
6542,96563,0.008301062127575271
6543,49616,0.010093312636017803
6544,10864,0.0033290432766079885
6545,35956,0.005829061418771743
6546,57999,0.004366092830896382
6547,72196,0.0033327184244990376
6548,76154,0.004050910444930194
6549,25684,0.0023832996468991048
6550,32788,0.009325518757104875
6551,48457,0.005115427556447684
6552,49340,0.004241684451699258
6553,8058,0.014103403557091953
6554,88112,0.008276134878396985
6555,55072,0.009140858054161077
6556,80743,0.010867650061845778
6557,10647,0.0033264115732163247
6558,50944,0.02095095412805676
6559,86596,0.005519972969777882
6560,48194,0.01728079600259662
6561,51322,0.003723252164199949
6562,13208,0.004662854410707948
6563,983,0.0032480774959549276
6564,81890,0.008551067747175699
6565,38535,0.00850090899737552
6566,4052,0.014584156423807136
6567,43005,0.0034766486124135527
6568,83144,0.007538947095163165
6569,23436,0.009140301221050324
6570,66935,0.005898195058107378
6571,27924,0.008728203177452088
6572,48095,0.003133052242919803
6573,28196,0.012240392267704014
6574,11713,0.004514216692186889
6575,1770,0.005942099378444259
6576,48958,0.013284167908132073
6577,79110,0.010898600509390236
6578,27742,0.004382626446895297
6579,26383,0.015292334556579587
6580,48560,0.003207252719439569
6581,39568,0.008608575612306595
6582,35989,0.007269212231040002
6583,31839,0.006002824772149324
6584,53613,0.004738729894161222
6585,75944,0.00471601560711861
6586,73333,0.007987610716372728
6587,27148,0.005030342503450813
6588,87494,0.0166775977332145
6589,66743,0.0022474711597897136
6590,8628,0.0039744666824117324
6591,86434,0.006900448664091525
6592,68979,0.008005918029230086
6593,28131,0.014566773208789527
6594,90955,0.005465167947113513
6595,83850,0.0025203046388924113
6596,9508,0.016750737261027097
6597,16169,0.015568754007108504
6598,92949,0.005310435304418204
6599,44485,0.003339356312062592
6600,19011,0.0019012686726637218
6601,28347,0.010929750502109533
6602,33600,0.002716538615059109
6603,76156,0.004367795959115032
6604,14976,0.010296832323074342
6605,15513,0.012931584864854812
6606,6241,0.0037939285137690588
6607,46691,0.004485683422535654
6608,66412,0.0057254682015627605
6609,42539,0.005091009875759478
6610,62210,0.019249758422374724
6611,71453,0.00857226287946105
6612,51761,0.0027464123070240036
6613,89979,0.004135995730757714
6614,12090,0.011234526485204697
6615,57972,0.009740675864741203
6616,76729,0.004809126332402224
6617,288,0.002384958259062845
6618,34156,0.005545398499816653
6619,23428,0.013377878069877627
6620,79068,0.00963676143437624
6621,81304,0.016227381951175627
6622,36670,0.0026238833274692336
6623,52120,0.010321924686431885
6624,2089,0.007034657641779635
6625,68212,0.013920792937278752
6626,24577,0.004595869071781634
6627,76170,0.008892490807920692
6628,11451,0.00383965037763119
6629,11960,0.011486098519526425
6630,19244,0.005288216619519515
6631,14553,0.013199058175086981
6632,98435,0.002635454002302142
6633,19344,0.00646437332034111
6634,1113,0.003292811803985387
6635,8154,0.002912188665941358
6636,32507,0.007924894094467163
6637,27814,0.0024161129910498865
6638,3570,0.004953058990649877
6639,73978,0.00853299303911626
6640,43926,0.017937446753494443
6641,20374,0.004437262378633016
6642,35739,0.009162628650665285
6643,7475,0.007586985491216177
6644,9647,0.0077459303848445415
6645,40399,0.006279411725699901
6646,37068,0.01160806003026664
6647,19012,0.004706752505153419
6648,64259,0.012046451270580297
6649,3935,0.012924632132053374
6650,44669,0.0072337763756513546
6651,38663,0.004623892158269883
6652,53993,0.006593782491981984
6653,98437,0.01586984006222338
6654,35091,0.013549612611532215
6655,90361,0.005111651702318342
6656,68754,0.007132182880304755
6657,82857,0.015558558665215967
6658,55107,0.007484483961015942
6659,53573,0.005224262773990629
6660,58907,0.0064251570776104935
6661,50787,0.023525967299938205
6662,27284,0.010156059861183165
6663,86643,0.008116415739059451
6664,21744,0.02224262043833733
6665,68850,0.007919347025454047
6666,85149,0.002725351247936486
6667,29503,0.003294081196654588
6668,80721,0.004847742738202216
6669,67590,0.006065065031871197
6670,74732,0.0053266962990164745
6671,96022,0.004655593484640123
6672,5040,0.005590993431396781
6673,22263,0.010501124430447813
6674,90042,0.0032174421392846854
6675,81757,0.01306375855114311
6676,29628,0.0037266820669174215
6677,58042,0.0052234380226582255
6678,68491,0.00994777575135231
6679,83028,0.00974647003225982
6680,11510,0.009728474244475361
6681,44071,0.004182665636762978
6682,6233,0.023838400412350903
6683,51983,0.0066419797390699364
6684,22053,0.0030817571002989996
6685,15078,0.0033435601554811034
6686,59616,0.0019493355159647787
6687,87116,0.005186642813496289
6688,362,0.0049324707686901085
6689,98786,0.003777022752910851
6690,97825,0.007089651841670274
6691,58608,0.004746007933281362
6692,4035,0.008189775571227069
6693,4910,0.006766949668526653
6694,21721,0.005531517826020718
6695,35931,0.00925975650548935
6696,17486,0.014648170056752861
6697,23890,0.013030449599027629
6698,7437,0.008151162154972554
6699,99270,0.003634309917688366
6700,80294,0.006429249700158833
6701,1100,0.01118286073207855
6702,48742,0.011341883838176728
6703,92506,0.009659378905780615
6704,48257,0.004219744708389046
6705,71233,0.006427405730355534
6706,18138,0.008326484858989715
6707,64555,0.00998367683030665
6708,3883,0.00477344322949648
6709,91772,0.0035047893226146697
6710,49047,0.0049400895205326326
6711,73175,0.020745623493567105
6712,73448,0.03240984950214624
6713,84898,0.005528808271046728
6714,5330,0.004360481239855288
6715,93024,0.0038471301831305
6716,88578,0.0061099636182188975
6717,81040,0.00757952440530061
6718,45423,0.01155809700489044
6719,63859,0.005964768014382565
6720,28374,0.010532811600714922
6721,71756,0.010453113354742525
6722,36795,0.006029836498200894
6723,20087,0.01175354108214378
6724,35610,0.0085688141733408
6725,4019,0.0144550316920504
6726,25517,0.007176245860755447
6727,91247,0.008161359503865241
6728,93129,0.00688709147274494
6729,61268,0.002574971187859776
6730,41272,0.0032235265080817078
6731,5553,0.011136772288009524
6732,90180,0.0033695440785959383
6733,38431,0.0049821192724630245
6734,18891,0.010213156454265118
6735,46664,0.0032790796644985684
6736,77672,0.004017606214620172
6737,9883,0.008200261443853378
6738,50437,0.006462646662257615
6739,32114,0.006123514203354716
6740,88100,0.015350810713134705
6741,28796,0.003565116361714903
6742,78712,0.010167614668607711
6743,94341,0.009782771468162539
6744,94783,0.003171231951564551
6745,7773,0.003590640313923363
6746,52914,0.0117217232240364
6747,50624,0.009143536183983085
6748,13167,0.012061260072514415
6749,14460,0.013381168842315674
6750,71586,0.009710630793124436
6751,27581,0.009509473610669377
6752,11951,0.019756986200809477
6753,43770,0.005097795056644828
6754,71536,0.003768735900521276
6755,7821,0.0038496370054781465
6756,9014,0.005100364489480856
6757,59888,0.007415285035967829
6758,54599,0.019847082197666167
6759,49643,0.005358115043491124
6760,86999,0.012317654527723793
6761,51363,0.005504762176424262
6762,12400,0.003840281867887824
6763,1453,0.0027617928967811154
6764,27451,0.005701826214790346
6765,7784,0.0034253423404879877
6766,28596,0.004541407809592784
6767,8421,0.0062571585550904255
6768,14626,0.003159137968905267
6769,5104,0.002899030763655903
6770,64615,0.004285269207321106
6771,73560,0.011451646089553836
6772,83097,0.0034972543269395813
6773,33499,0.00536385011975654
6774,34422,0.021022390723228458
6775,48999,0.0046268267929554
6776,46293,0.006007948701735588
6777,34287,0.00511596210300922
6778,50533,0.004092777892947198
6779,40053,0.005832163789309561
6780,4133,0.008751358091831205
6781,85029,0.003719195928424589
6782,98860,0.0071675406396389
6783,14149,0.003276124484837057
6784,30698,0.007852222952060402
6785,54919,0.002887731231749061
6786,56220,0.004418113194406036
6787,35142,0.013183810557238763
6788,41798,0.006791051654145123
6789,26761,0.015290465280413633
6790,50447,0.0104866735637188
6791,69995,0.009321129005402324
6792,84889,0.008402381066698578
6793,13306,0.006719593876041466
6794,7505,0.0032022012304514656
6795,55650,0.008605307936668399
6796,10931,0.008664602669887243
6797,24316,0.010072219502180815
6798,33053,0.0051321772113442415
6799,98194,0.003534306129440664
6800,35569,0.013023620340973138
6801,2654,0.0037227305769920367
6802,83462,0.0055441567255184055
6803,19315,0.003709472040645778
6804,9889,0.014474646747112274
6805,54551,0.00467814194969833
6806,93254,0.003660317445173862
6807,78503,0.009193854564800858
6808,35881,0.018591339886188517
6809,22524,0.005531569961458446
6810,88369,0.0034446151880547443
6811,90705,0.017914988100528714
6812,27217,0.016967716068029402
6813,33352,0.004318664837628607
6814,94760,0.015542593905702229
6815,9003,0.002822676328942182
6816,77841,0.004456203039735554
6817,48430,0.006125794798135759
6818,37318,0.010611996077932418
6819,53773,0.004365258696489035
6820,60392,0.004152401476167144
6821,60186,0.005401958227157591
6822,92853,0.00666811747476459
6823,62629,0.0045355012686923175
6824,85381,0.015649061053991317
6825,90668,0.009505985006690025
6826,66736,0.004092394425533706
6827,70464,0.006232432033866647
6828,41116,0.00473988650366664
6829,18585,0.005858438909053805
6830,71264,0.0052951954118907445
6831,7934,0.007052760557271542
6832,77781,0.007161462293006476
6833,74268,0.004707141434773802
6834,81194,0.00385447176173329
6835,77267,0.00982596259564161
6836,35176,0.009675484597682955
6837,82742,0.00442175215110183
6838,43301,0.01358451247215271
6839,12919,0.009643163138534876
6840,99716,0.004585704752244058
6841,29822,0.003472592770121992
6842,65626,0.010232781050726768
6843,3550,0.01051574520766735
6844,67214,0.0050654305424541225
6845,61284,0.009880375470966098
6846,32345,0.005985585339367388
6847,99706,0.00612790415994823
6848,89717,0.007664771080017091
6849,87175,0.0031173593550920514
6850,93133,0.008907417058944699
6851,75658,0.00847016707062721
6852,74668,0.009229998989030722
6853,73922,0.07351425118744373
6854,40157,0.006905501484870909
6855,12487,0.019081508517265314
6856,95128,0.028084867130965002
6857,87946,0.008678125785663723
6858,7683,0.006540922871790828
6859,12276,0.005226570144295693
6860,46363,0.014880936630070209
6861,97146,0.002925901748239993
6862,68603,0.007716880799271167
6863,50975,0.005016314983367921
6864,46106,0.007962116580456494
6865,13882,0.008170984834432602
6866,41765,0.005004668999463318
6867,12262,0.008380351290106777
6868,86997,0.006400707345455887
6869,90442,0.006495316601358354
6870,326,0.004006550596095615
6871,95785,0.012732995394617315
6872,59025,0.005558406505733726
6873,7882,0.00873016573488712
6874,41255,0.014031658805906769
6875,25755,0.004577309619635345
6876,31661,0.01031495720148087
6877,86216,0.0028452972229570175
6878,48625,0.0047193801379762585
6879,87331,0.002997366250492632
6880,9495,0.004089810475707053
6881,25870,0.009334773607552053
6882,21686,0.004884345079772171
6883,36233,0.009403952322900292
6884,58748,0.0061692749708890954
6885,89244,0.009125514938496048
6886,46105,0.014445561226457355
6887,53119,0.009428124874830248
6888,60659,0.0033687247615307577
6889,10843,0.00629300254397095
6890,43516,0.005134222358465197
6891,21666,0.0028192449116613704
6892,92751,0.00912234832765535
6893,65021,0.012691604197025301
6894,44275,0.0037005712371319527
6895,69980,0.003541759466752406
6896,87971,0.00479057819582522
6897,28545,0.003934779665432872
6898,68311,0.00411732295528054
6899,61561,0.004369546291418375
6900,53318,0.0030446958262473306
6901,72939,0.019572009649127725
6902,30408,0.002306871521286666
6903,12313,0.013298350535333153
6904,41341,0.008687783186323942
6905,92451,0.009231490418314935
6906,19816,0.005154315861873333
6907,780,0.010347538143396373
6908,23755,0.007049626614898446
6909,10056,0.01854498147964477
6910,99898,0.0035291580995544768
6911,52758,0.010369767826050523
6912,97060,0.004785983208566903
6913,58259,0.004389042907860136
6914,71179,0.013759266138076785
6915,99939,0.0026571447821333973
6916,98132,0.008675999566912649
6917,92479,0.005791606220882387
6918,24572,0.005754133276641371
6919,96640,0.008707334278151391
6920,15359,0.0032387715578079245
6921,62757,0.010067727006971833
6922,5684,0.0026226542051881537
6923,45005,0.006516163579653948
6924,58737,0.007098974678665402
6925,83704,0.01598204493522644
6926,8725,0.0036899844836443653
6927,15386,0.0024652830883860628
6928,40777,0.005364308059215544
6929,10651,0.015736994743347173
6930,66652,0.01742302466183901
6931,61387,0.006073942948132757
6932,54705,0.0073063096776604655
6933,21711,0.004461957486346367
6934,8072,0.012342697307467463
6935,88328,0.002658870455343272
6936,1875,0.012282574069686239
6937,35903,0.002227859389968217
6938,28010,0.004440651945769781
6939,90532,0.018388919830322273
6940,98171,0.0167509377002716
6941,35656,0.015593266487121586
6942,78544,0.008830984905362133
6943,2277,0.005977146234363315
6944,91209,0.012315737996250391
6945,49738,0.012310371827334169
6946,61465,0.0029367120959796016
6947,70675,0.0066402637213468585
6948,66178,0.004356246602255846
6949,31,0.008274845303967599
6950,44158,0.007337935501709581
6951,16758,0.00992264077067375
6952,1445,0.0027904891781508918
6953,15092,0.021307956129312522
6954,88696,0.005328063555061821
6955,18877,0.007242255304008719
6956,68527,0.006406566519290205
6957,54376,0.005273959469050174
6958,44035,0.0026756492257118177
6959,92917,0.00835776835680008
6960,83687,0.007351662442088127
6961,57328,0.0029336176731158017
6962,84959,0.005663393870927395
6963,37750,0.005876022614538668
6964,82669,0.005872868262231348
6965,89858,0.00944445495028049
6966,70841,0.008204610794782638
6967,58402,0.0029936563898809217
6968,76655,0.00835134983062744
6969,77325,0.005222434359602632
6970,59918,0.004364119058009237
6971,25911,0.005073902658186852
6972,55490,0.005422005867585543
6973,78874,0.0066309386119246475
6974,35850,0.004325320954667405
6975,78708,0.006126604694873092
6976,50506,0.0045253103505820055
6977,41127,0.01155038058757782
6978,18077,0.012142977996263656
6979,39218,0.004421163005754346
6980,58382,0.007475759000517425
6981,61806,0.005206749718636275
6982,40794,0.009754479564726354
6983,46327,0.0063265493139624636
6984,40591,0.0033661388745531463
6985,29968,0.007242582887411118
6986,95167,0.006958756414242087
6987,78572,0.01412411451339722
6988,59641,0.006284907534718518
6989,5647,0.007078807931393386
6990,18639,0.009146964915562421
6991,32036,0.009446975961327557
6992,85055,0.007538881637156002
6993,24403,0.004436036963015791
6994,54571,0.015661575198173516
6995,79189,0.007088450044393538
6996,54585,0.009484764565713706
6997,49275,0.0033015921153128134
6998,8142,0.00393059479538351
6999,79747,0.0072094193100929295
7000,23446,0.007775335479527715
7001,65660,0.006111499927937986
7002,29591,0.021132629103958606
7003,77917,0.01577266838168726
7004,74504,0.016544042732566593
7005,6190,0.00267550654709339
7006,89297,0.0028570168931037194
7007,55801,0.010231273658573624
7008,47542,0.0033626967109739755
7009,15991,0.0044201945164240915
7010,61999,0.005332098454236982
7011,87847,0.004525358718819918
7012,94425,0.010568801015615461
7013,72444,0.005483299074694516
7014,60489,0.007080621614586562
7015,21397,0.012857299065217376
7016,86791,0.0057521525025367795
7017,20681,0.009098702743649484
7018,53001,0.005134887099266053
7019,65161,0.006945068240165718
7020,31070,0.005528562678955496
7021,92742,0.004625512948259712
7022,70528,0.007071814946830274
7023,18624,0.01247365295886994
7024,27736,0.010085237454622987
7025,95339,0.025301244556903843
7026,82593,0.013818361572921281
7027,77766,0.017802385091781617
7028,35583,0.005042738253250714
7029,37678,0.004818970565684141
7030,82186,0.0034436024725437186
7031,26336,0.014900228828191758
7032,27460,0.00806133776903152
7033,60446,0.005559180378913875
7034,67918,0.011071118526160717
7035,25232,0.005241034999489787
7036,38187,0.009430034160614012
7037,75080,0.007422660430893301
7038,93597,0.008712014257907864
7039,92739,0.005595900759799401
7040,41060,0.0031527925643604253
7041,84290,0.009025661684572694
7042,11145,0.004150984736625103
7043,78342,0.005855278093367815
7044,20925,0.0027610077057033805
7045,81835,0.0036269040917977667
7046,29460,0.004876020634546875
7047,59946,0.0034438788145780526
7048,4571,0.0031059732940047977
7049,57091,0.014607432410120958
7050,95355,0.007362560778856276
7051,31963,0.003259308990091082
7052,49595,0.006172494248021392
7053,34146,0.011425400227308275
7054,11751,0.0030412840098142614
7055,35122,0.0037411728803999752
7056,75960,0.012304370808415122
7057,93187,0.005803598165512082
7058,154,0.004003161438740787
7059,93237,0.003535561710596086
7060,97037,0.0034700069203972834
7061,59427,0.0058144665346480905
7062,17958,0.005573173761367799
7063,83989,0.0038089421391487134
7064,47221,0.006019268343225125
7065,29038,0.005913768820464609
7066,39566,0.008272054246626798
7067,26545,0.006137067191302772
7068,82149,0.006710367740597575
7069,75785,0.0022800479095894857
7070,21396,0.006915761139243843
7071,66033,0.0017722983565181467
7072,92289,0.0057229034975171044
7073,45678,0.0028575957100838412
7074,7813,0.001955603363458065
7075,46741,0.02172760590910912
7076,71009,0.010588571876287459
7077,63216,0.0036075354996137304
7078,49250,0.005269164294004436
7079,72850,0.010870086401700972
7080,95823,0.012312739118933675
7081,35949,0.003176127392798663
7082,39730,0.0036801983742043385
7083,22099,0.004979983009397983
7084,94164,0.020382296545431014
7085,40588,0.00457605975912884
7086,94024,0.011326125226914886
7087,76807,0.004889150811359285
7088,17708,0.016056895777583124
7089,67083,0.003371078851632777
7090,3793,0.005595897925086322
7091,90206,0.007231677528470752
7092,4201,0.01110162176191807
7093,83234,0.003891539555042986
7094,87363,0.009493183884769676
7095,75347,0.002142924042418598
7096,51774,0.012587356443982572
7097,96216,0.0042282142490148574
7098,52790,0.012399597130715844
7099,59675,0.019582461714744565
7100,5052,0.004829658139497035
7101,97351,0.019414985477924345
7102,26636,0.005304735817480835
7103,22037,0.005262484359554947
7104,1042,0.014627009704709053
7105,13448,0.006252348572015764
7106,77029,0.004373134002089505
7107,18095,0.011024247333407403
7108,23855,0.0058919316483661555
7109,69328,0.01026327699422836
7110,12025,0.011480407193303111
7111,45702,0.003048577234148978
7112,330,0.008961631236597895
7113,81619,0.004907370954751964
7114,12963,0.0032980877719819574
7115,67976,0.005293360948562622
7116,19357,0.030085214674472806
7117,30004,0.004243467077612873
7118,54046,0.031024862527847287
7119,35127,0.004734552390873434
7120,21173,0.013804911971092227
7121,56405,0.0
7122,96222,0.013375352621078489
7123,56641,0.003582535400055352
7124,96981,0.008955500125885012
7125,29129,0.004736218648031359
7126,2238,0.003482881365343928
7127,23141,0.008440384045243263
7128,51013,0.00624909050762653
7129,35217,0.00392414405941963
7130,48084,0.009185207597911358
7131,91937,0.007806171670090407
7132,6940,0.015488644912838934
7133,49402,0.012130770087242122
7134,4003,0.009501964747905727
7135,11911,0.006677860692143439
7136,57646,0.011299116294831045
7137,61909,0.008895059949718422
7138,71077,0.00652662974782288
7139,82328,0.02062002524733544
7140,68569,0.008436237629503015
7141,99238,0.017964557055383915
7142,75793,0.0038168993033468714
7143,87358,0.005024883071891962
7144,3000,0.00842195431236177
7145,21611,0.005474371872842313
7146,18025,0.005140108503401275
7147,52165,0.003549086132552474
7148,16737,0.0035006962344050407
7149,34708,0.008453807956539102
7150,24979,0.003232920076698064
7151,71600,0.009892986863851547
7152,10316,0.007456196770071983
7153,47830,0.002587205059826375
7154,26577,0.003295489340089266
7155,38503,0.0053312039189040645
7156,88038,0.00936766117811203
7157,67368,0.013867346532642842
7158,75462,0.0037866256013512553
7159,4229,0.006697232592850924
7160,35824,0.010566307306289678
7161,77314,0.0036534331436269
7162,29895,0.006714815890882162
7163,12608,0.021692348681390285
7164,27146,0.004481904925778514
7165,45692,0.0037270227528642856
7166,45040,0.004298148422967642
7167,34831,0.00201300619635731
7168,41960,0.014105632603168489
7169,97728,0.003292928261216726
7170,18137,0.008163228388875725
7171,59967,0.0035517343552783124
7172,51449,0.007199594713747502
7173,78632,0.007255802219733595
7174,6209,0.00584525551646948
7175,13550,0.011529463953338563
7176,59785,0.0050192022137343865
7177,39100,0.005594237479381262
7178,71809,0.0042020219285041115
7179,58570,0.007518878413829954
7180,81603,0.007669658325612547
7181,40045,0.008150326907634736
7182,99263,0.014690224411897363
7183,14579,0.012579507566988465
7184,72346,0.0038106818404048683
7185,12174,0.00661493553780019
7186,34426,0.018305023913271715
7187,52182,0.010260115698911249
7188,79358,0.007578743770718578
7189,92178,0.0074929903447628066
7190,29231,0.020335448756814006
7191,36214,0.0037970039830543135
7192,50791,0.003088570958934722
7193,78620,0.010674492864636703
7194,55449,0.007415014114230871
7195,61651,0.0050830597523599886
7196,18820,0.004191827049944547
7197,2419,0.019198480402119456
7198,71906,0.007377467690967019
7199,14757,0.005473424256779254
7200,1805,0.0058078044885769495
7201,25682,0.0035034115146845637
7202,23029,0.009292574748396872
7203,98769,0.0047562620416283586
7204,86297,0.005079736937768756
7205,32956,0.0046426614187657835
7206,34035,0.0032064545061439216
7207,89407,0.014891270175576208
7208,35047,0.007446902245283128
7209,48793,0.0
7210,81889,0.010133057115599515
7211,42431,0.003151395779568704
7212,58939,0.003604012653231621
7213,24174,0.004861568063497544
7214,23360,0.006346812979318204
7215,78623,0.01410061031579971
7216,34546,0.01392736852169037
7217,37123,0.004150237906724217
7218,57210,0.006230807546526192
7219,65244,0.020858408659696577
7220,34006,0.014398699528537695
7221,31872,0.024185284320265055
7222,83071,0.004970977948978539
7223,96209,0.010589487478137016
7224,98904,0.0041786206793040055
7225,85774,0.011809873282909392
7226,15306,0.013715051151812072
7227,92025,0.0037447134219109972
7228,29836,0.02398805528879166
7229,89417,0.005976890502497562
7230,15139,0.009640449583530431
7231,51053,0.0025914154946804035
7232,6733,0.0049826668947935155
7233,10291,0.007047210820019244
7234,84667,0.0037498509883880596
7235,22353,0.00797324400395155
7236,24864,0.008053824356757108
7237,82090,0.0
7238,15303,0.010754291829653087
7239,58213,0.022116973381489515
7240,28139,0.008684833794832229
7241,55216,0.015027450341731311
7242,22788,0.010971123613417146
7243,63411,0.007437119870446622
7244,41613,0.02905778139829636
7245,59134,0.008166783228516574
7246,25913,0.015465120235458018
7247,93885,0.010512339472770693
7248,54657,0.015420209020376207
7249,60442,0.0071074502915143885
7250,22432,0.003868358763866127
7251,47901,0.004597283946350222
7252,84194,0.0035554481786675765
7253,19045,0.005434376802295446
7254,18731,0.01531467540655285
7255,2556,0.00598037788644433
7256,35600,0.004488875075476247
7257,32517,0.021502646356821063
7258,35073,0.0030834527686238243
7259,96193,0.00868559569120407
7260,96933,0.006017954698763793
7261,27225,0.0034599643154069794
7262,4671,0.00712202517315745
7263,45021,0.006329327253624799
7264,97672,0.003918360038660464
7265,63712,0.004460562579333785
7266,71869,0.003973987773060797
7267,44920,0.010992980003356927
7268,40730,0.013095472524873917
7269,71582,0.009014084339141845
7270,24940,0.006710835788398978
7271,55224,0.007022215723991393
7272,70742,0.004844566583633424
7273,24294,0.005625772788189354
7274,32379,0.011059700790792704
7275,98812,0.0043086712062358834
7276,65377,0.0023970965831540516
7277,5644,0.007432265877723694
7278,32181,0.00468112261965871
7279,89713,0.004128127645235507
7280,57993,0.004205429367721079
7281,66437,0.009810110777616496
7282,89429,0.017790383901447056
7283,93162,0.0032007778785191456
7284,4147,0.005887029785662888
7285,25321,0.004213016061112285
7286,44858,0.0035631557670421973
7287,33363,0.002490741210058334
7288,69936,0.012675818467978385
7289,48779,0.0040513075888156894
7290,37549,0.004035843908786772
7291,73378,0.003602397013455629
7292,10051,0.004254680017475041
7293,66645,0.015275699719786644
7294,34076,0.0037884122040122772
7295,41739,0.0032720980979502215
7296,48792,0.005081239789724355
7297,97979,0.008336501568555834
7298,98063,0.011311432863585652
7299,87653,0.006573352441191669
7300,47457,0.0043496897770091865
7301,59500,0.0053904727287590465
7302,76297,0.004070221538422628
7303,23879,0.00479051940375939
7304,7595,0.010028532445430753
7305,37760,0.0048776349239051334
7306,92902,0.009900780711323023
7307,26053,0.026252290091942996
7308,86127,0.006965647496981553
7309,71840,0.009678024463355542
7310,30190,0.00792199939489365
7311,27150,0.010626606605947017
7312,42325,0.003286074507050213
7313,27540,0.009245906313881275
7314,90388,0.00711101212538779
7315,30306,0.004550657607614991
7316,33646,0.00892745843157172
7317,17952,0.005563640408217907
7318,27183,0.005308151990175244
7319,78527,0.00493225615471601
7320,47387,0.0030895697989035366
7321,56813,0.00887314109131694
7322,87370,0.002715890556573869
7323,86754,0.008996580466628072
7324,24793,0.0048205280164256665
7325,97364,0.0033309807628393202
7326,15458,0.004172841580584645
7327,62615,0.015211539566516871
7328,48901,0.014522346733137964
7329,64445,0.005180641412734991
7330,18650,0.011356785893440245
7331,71518,0.007850353620015084
7332,69830,0.01129580870270729
7333,1399,0.009464298021048301
7334,36908,0.006049856641329828
7335,20070,0.004290257701650256
7336,87809,0.0062543083564378325
7337,11511,0.001986261690035465
7338,21955,0.003672771574929362
7339,74902,0.004635773301124572
7340,62149,0.0030772462859749786
7341,82765,0.00448796015232802
7342,29606,0.0047922947630286246
7343,9075,0.007064653988927601
7344,65475,0.0021875086612999422
7345,23418,0.0024685403518378735
7346,33694,0.007828048653900625
7347,66700,0.004736890234053134
7348,76027,0.006392306843772533
7349,28161,0.012456020489335059
7350,35579,0.00694945227354765
7351,24819,0.010744511596858498
7352,143,0.005318060666322712
7353,6436,0.01144597977399826
7354,5648,0.009452260341495277
7355,64010,0.007958811931312083
7356,73513,0.0049552966514602335
7357,78922,0.008644261956214903
7358,22481,0.001826684158295394
7359,68373,0.007607541680336
7360,68083,0.005647807607892897
7361,82386,0.007456608414649965
7362,88637,0.005397568112239242
7363,76772,0.00840515330433846
7364,77574,0.017688751406967643
7365,82542,0.003306598663330081
7366,5623,0.004965167529881
7367,98120,0.007239782363176347
7368,35360,0.004083642696496095
7369,64123,0.004251417368650432
7370,17080,0.01471301913261414
7371,46202,0.0028712927596643584
7372,53926,0.004083140743896363
7373,66594,0.003947401400655508
7374,14580,0.0057884478289633974
7375,50296,0.010418974063359206
7376,30896,0.0
7377,47489,0.006330374302342536
7378,52897,0.0039066089410334836
7379,73196,0.0034039230807684376
7380,65810,0.005749897211790082
7381,83528,0.005845242617651824
7382,22976,0.0061259332066401825
7383,37658,0.0069151330785825835
7384,49548,0.00480229303240776
7385,26899,0.0037366470322012886
7386,3468,0.0039977744920179255
7387,53636,0.00507679268950596
7388,64601,0.004878533701412382
7389,13214,0.004024012479931115
7390,38488,0.002691401350311934
7391,85758,0.004020111591089514
7392,39471,0.004843463292345401
7393,33259,0.006585490107536314
7394,71440,0.008836360462009906
7395,6345,0.00470987086649984
7396,11018,0.016424754559993746
7397,2795,0.007189672910608347
7398,368,0.009614681228995324
7399,60405,0.015881757289171218
7400,63143,0.0036593287577852654
7401,55981,0.006038339938968419
7402,1304,0.007388643585145472
7403,16436,0.0027324016485363247
7404,77825,0.003943345937877893
7405,6887,0.0032010199874639503
7406,76485,0.003732417728751901
7407,37220,0.0035277368314564263
7408,74402,0.005547320647165178
7409,36377,0.006529828635975719
7410,15688,0.015061893872916697
7411,16029,0.011446850206702944
7412,38265,0.00689847411587834
7413,36785,0.0040164793608710204
7414,16333,0.012508403116371481
7415,9326,0.009385340288281446
7416,82914,0.0035143981897272115
7417,65596,0.007567627504467966
7418,62834,0.007538740807212886
7419,51763,0.004545291629619901
7420,81546,0.003915871893987064
7421,31267,0.0031811983697116325
7422,45837,0.005077758841216565
7423,98279,0.00598153006285429
7424,63265,0.0062785488739609705
7425,30915,0.003211590838618577
7426,49577,0.0063691908121109
7427,96073,0.012311746291816236
7428,10060,0.011484608650207517
7429,62796,0.004876237325370316
7430,42620,0.005532521726563575
7431,54263,0.0055624701757915306
7432,60308,0.002875237273983653
7433,86447,0.013916997015476232
7434,78617,0.00550332211889327
7435,96279,0.009752470930106935
7436,13587,0.0054016492934897565
7437,26207,0.011766266543418169
7438,80549,0.012443494722247126
7439,42771,0.003583174059167507
7440,65784,0.0038908803276717667
7441,63167,0.005502478871494526
7442,44236,0.006804518136195837
7443,97940,0.004550849120132626
7444,19810,0.02021302478387952
7445,73281,0.005044559985399247
7446,12775,0.005108438683673741
7447,63800,0.007737175710499285
7448,6786,0.004061637429986148
7449,7265,0.011217768564820289
7450,6034,0.004000403173267841
7451,30298,0.006721061971038578
7452,40302,0.007567680105566976
7453,23381,0.005311724920757117
7454,60689,0.003671628725714979
7455,19849,0.009529538215138019
7456,72668,0.0024371667765080976
7457,1443,0.005129014635458586
7458,33290,0.008045904785394672
7459,38181,0.02011114727705717
7460,95846,0.0067641200497746455
7461,72749,0.0020112877525389206
7462,91712,0.008495692163705826
7463,76907,0.010522624813020232
7464,28468,0.00855207746848464
7465,53018,0.004613161571323873
7466,82553,0.007722990084439521
7467,76278,0.005614076508209113
7468,19245,0.0037265577143989486
7469,73547,0.00842097707092762
7470,90772,0.006801788609009236
7471,62055,0.003896862063556908
7472,12693,0.005734555274248127
7473,52601,0.01109339752234519
7474,59780,0.003097918764688077
7475,17316,0.010368804573081432
7476,21069,0.005596990678459406
7477,17575,0.009299174807965754
7478,76586,0.0029480338655412204
7479,87982,0.005488095879554747
7480,16327,0.008885002562310547
7481,70370,0.0034565817005932347
7482,92876,0.00426416334696114
7483,47851,0.009390341397374864
7484,18538,0.01740866154432296
7485,88786,0.006257347613573074
7486,32445,0.005815687738358972
7487,83392,0.004791486272588371
7488,57411,0.008224833086133004
7489,91872,0.00815353471785784
7490,58718,0.006524572717025874
7491,54557,0.003610914088785648
7492,36117,0.004286332633346321
7493,43329,0.012370920851826665
7494,97784,0.008623572862707077
7495,28089,0.00466442260891199
7496,68396,0.013884137123823172
7497,95111,0.004483375367708501
7498,25094,0.0038636665791273095
7499,91054,0.004856171635910873
7500,59377,0.004723742064088584
7501,69628,0.003965221694670614
7502,58268,0.009125479701906442
7503,2430,0.005483455806970592
7504,12896,0.003953874818980692
7505,72803,0.003982455914374439
7506,64081,0.008618578538298605
7507,52123,0.0047193359769880745
7508,79450,0.004588142400607464
7509,75482,0.007794833662919703
7510,42269,0.004270622811745856
7511,58673,0.008427418023347854
7512,96229,0.011207287982106205
7513,77315,0.003255470870062703
7514,41886,0.004186633452773095
7515,99668,0.01402722641825676
7516,1476,0.009850149289704856
7517,7136,0.007814819384366276
7518,56227,0.00373494229279459
7519,37814,0.003922096323221923
7520,60911,0.0051024239510297775
7521,50273,0.00341660872101784
7522,3018,0.003344856901094315
7523,45474,0.005367592163383965
7524,49385,0.004730743709951638
7525,35216,0.01019498225301504
7526,90960,0.0022412540193181485
7527,615,0.005112779177725315
7528,75524,0.005382634289562702
7529,12652,0.013924081176519392
7530,48788,0.004159941235557201
7531,97017,0.005342563930898901
7532,25721,0.007149648591876032
7533,15798,0.004336847993545233
7534,67951,0.005914941355586057
7535,48372,0.0023204831406474125
7536,27137,0.009665425270795823
7537,19289,0.004184517627581955
7538,18023,0.013742337338626384
7539,30364,0.008424790501594543
7540,60276,0.010058809230104087
7541,15025,0.005656007491052155
7542,27249,0.010071962475776674
7543,95245,0.004445983008481558
7544,76402,0.015252621453255419
7545,61035,0.0014966771577019234
7546,58200,0.006574492752552039
7547,69875,0.0037194270826876132
7548,8740,0.005414862819015981
7549,70949,0.008391330798622223
7550,19901,0.007688452005386352
7551,91339,0.004059133182745426
7552,45095,0.008902966057648879
7553,73716,0.0028217641683295318
7554,95922,0.008816405925899743
7555,46280,0.016574599146842957
7556,76194,0.003772346302866937
7557,85549,0.011139314600732177
7558,15414,0.005871246606111531
7559,38926,0.005401288457214829
7560,59525,0.007419575839303437
7561,31117,0.004695614781230687
7562,9777,0.008784834891557689
7563,29163,0.009209395907819277
7564,13283,0.010908095333725214
7565,36126,0.003775362968444826
7566,82746,0.005420839739963414
7567,38147,0.00418939984752797
7568,57813,0.0
7569,68519,0.011144658010452984
7570,95200,0.002721708682365713
7571,89929,0.015183537690900265
7572,82723,0.004683001302182674
7573,29275,0.0038594086910597996
7574,79431,0.0052787696570158
7575,93027,0.006029929704964163
7576,96627,0.03122452735900879
7577,85235,0.006763313505798573
7578,93055,0.006976493082474914
7579,14954,0.028470497131347652
7580,82580,0.005474082864820956
7581,93532,0.012685541994869709
7582,80967,0.010840311422944065
7583,9425,0.010426297858357431
7584,93982,0.0038243009988218547
7585,35137,0.008126231618225566
7586,84599,0.005320125706493851
7587,12285,0.005275482796132564
7588,79590,0.004941123961471021
7589,7672,0.013428790271282198
7590,30748,0.01348108306527138
7591,39557,0.004644699655473236
7592,33569,0.01537146843969822
7593,84034,0.004967391295358539
7594,88014,0.0036712046572938547
7595,6207,0.0023435421846807005
7596,6969,0.005219052508473394
7597,47928,0.008166671060025693
7598,4679,0.002861831067129971
7599,60708,0.004327826984226702
7600,86470,0.011010277271270753
7601,78517,0.015640875790268183
7602,75583,0.006380385193042454
7603,57378,0.0034917269460856895
7604,94402,0.00853692263364792
7605,82463,0.003851847937330599
7606,85215,0.0022888676193542797
7607,98657,0.005936588924378154
7608,86245,0.010944264587014918
7609,80689,0.004225499657914043
7610,88415,0.004203382618725299
7611,37412,0.011487099826335907
7612,29398,0.004521217159926892
7613,43300,0.0044864435121417055
7614,80171,0.003681374615989624
7615,7388,0.011854503247886896
7616,66246,0.005647878875024619
7617,68301,0.021647219657897943
7618,98635,0.009602725664153683
7619,9739,0.009808346629142761
7620,99258,0.003214547373354435
7621,31709,0.004859162545762955
7622,99490,0.0043175129406154145
7623,47771,0.0037103278562426525
7624,18024,0.004076618908438825
7625,97735,0.004473861856386069
7626,13165,0.0043315344676375395
7627,99367,0.003988244384527211
7628,21462,0.005991110627073792
7629,1768,0.011668563149869445
7630,90331,0.004779720529913902
7631,89865,0.009109527170658115
7632,99204,0.013365014940500257
7633,809,0.004142542686313386
7634,66440,0.0036714000534266216
7635,33468,0.010932535808533433
7636,31237,0.01687332041561604
7637,46129,0.008265956747345628
7638,675,0.006223951615393166
7639,78050,0.004686381183564663
7640,69704,0.004929244928061963
7641,76322,0.010904415845870975
7642,25223,0.009680172055959701
7643,92083,0.005537574731279163
7644,137,0.0037912511359900233
7645,93533,0.011163004636764525
7646,96272,0.0061360163241624835
7647,41622,0.012880684435367586
7648,64293,0.005708213405450808
7649,45159,0.005106224804185336
7650,4594,0.00970086917281151
7651,89680,0.007206240352243186
7652,99209,0.0037430308014154436
7653,97843,0.00632104182150215
7654,20189,0.016779455635696643
7655,74131,0.01008312039077282
7656,42174,0.0026918793143704553
7657,60087,0.001897251503542067
7658,26542,0.006527247317135332
7659,83499,0.013863469958305357
7660,25036,0.016211606711149216
7661,65128,0.003246808610856534
7662,97813,0.005933405449613925
7663,78909,0.022882891893386836
7664,1283,0.005756701084319499
7665,95761,0.009007634483277797
7666,48753,0.007749333335086704
7667,93891,0.004276606291532519
7668,98608,0.012608942105434836
7669,52861,0.010086496770381929
7670,40952,0.003958308543078604
7671,61898,0.006529892971739174
7672,78153,0.006113758385181432
7673,66156,0.012976189209148285
7674,29581,0.008063089004717767
7675,37130,0.0033094458933919657
7676,93875,0.002915838859044014
7677,46137,0.005040631284937261
7678,81765,0.0050455691944807785
7679,94306,0.005106178522109983
7680,26404,0.006737946681678294
7681,70268,0.005592155866324902
7682,90982,0.008772531449794764
7683,30038,0.003449476187815891
7684,42307,0.013044229149818419
7685,6465,0.00577432250604033
7686,73678,0.00675385393667966
7687,77103,0.005727613046765328
7688,52962,0.005255133267492054
7689,50481,0.0027975457254797247
7690,83632,0.004130252129398287
7691,3264,0.007383299116045236
7692,10701,0.005075914682820443
7693,47789,0.003588748984038828
7694,74329,0.0037572541926056153
7695,28492,0.0026941676624119325
7696,12013,0.009861626350320871
7697,34811,0.010489052934572102
7698,40552,0.0076006661646533715
7699,50837,0.004402135917916895
7700,51957,0.003526486041955645
7701,4752,0.01119084948673845
7702,2524,0.009071151539683343
7703,66309,0.010154797695577146
7704,31059,0.007108177803456786
7705,37809,0.013248155722394586
7706,81644,0.003629429549910132
7707,1413,0.013349603042006495
7708,2855,0.006146643855608999
7709,14969,0.007343820328824222
7710,63266,0.029503547549247736
7711,92545,0.00437963126692921
7712,21675,0.008026044443249702
7713,4438,0.00496401716489345
7714,25196,0.007624102383852003
7715,64214,0.007047490905970335
7716,67084,0.0030810849834233506
7717,22200,0.008350960556417705
7718,65979,0.011565772285684943
7719,76806,0.004000586979091168
7720,44088,0.005983226015232505
7721,71104,0.00587433975189925
7722,88839,0.010243408512324097
7723,58426,0.019467265333514658
7724,46805,0.0027517729625105855
7725,61627,0.014871752560138705
7726,51374,0.008174761636182665
7727,33681,0.00448210838017985
7728,32288,0.009199919756501918
7729,16162,0.0024180556787177956
7730,42285,0.005319859487935902
7731,52353,0.007238470306619998
7732,98548,0.007971750125288963
7733,76470,0.00859165674075484
7734,73342,0.0073724651150405395
7735,40799,0.005222127004526553
7736,92641,0.011020843693986534
7737,50434,0.006242333017289636
7738,78634,0.00412895853631198
7739,81636,0.005946071743965146
7740,38743,0.0048253311589360245
7741,77405,0.00552245700499043
7742,6648,0.004903912283480169
7743,96635,0.00464763354510069
7744,14737,0.018779690861701965
7745,37226,0.00755273902788758
7746,37039,0.009379839021712544
7747,15097,0.004552046190947288
7748,73123,0.0044220838695764545
7749,61888,0.0055216660257428885
7750,89199,0.0037108871247619373
7751,41971,0.005573610160499811
7752,14653,0.004566880241036417
7753,27084,0.009562334120273595
7754,93518,0.009214197150431577
7755,34080,0.004068855268415057
7756,31134,0.01783104062080383
7757,96389,0.010010171672329305
7758,55211,0.013293134490959351
7759,24019,0.012882704716175792
7760,86628,0.004503863956779245
7761,9142,0.0035353865846991525
7762,54592,0.007249212332535539
7763,59230,0.005400182039011275
7764,12309,0.007332539660856131
7765,7563,0.004973880141042172
7766,44243,0.004242302521597591
7767,26470,0.004779307320713999
7768,65348,0.003175184971187265
7769,66605,0.026554451584815984
7770,4975,0.002397589087486267
7771,19106,0.012988516464829444
7772,42357,0.006069029029458756
7773,72642,0.006279030293226242
7774,9443,0.009217099174857135
7775,77193,0.004881389550864693
7776,41600,0.0032878474146127686
7777,75871,0.004364328347146509
7778,85482,0.005422964245080953
7779,50561,0.011322813034057617
7780,97331,0.012299664136953655
7781,80498,0.005191002693027259
7782,25112,0.007618056498467918
7783,93810,0.004054187977453695
7784,83048,0.0073312396369874504
7785,19530,0.005607819071738054
7786,31641,0.00937849598936737
7787,39196,0.0032589457929134372
7788,15846,0.007496490478515623
7789,13153,0.006384946089237927
7790,48511,0.00489385664463043
7791,91112,0.010243326192721725
7792,15136,0.004754082933068274
7793,22018,0.005279223173856732
7794,88033,0.005562656624242669
7795,52621,0.0028498252993449606
7796,74714,0.005693564526736734
7797,3028,0.0032586788199842004
7798,78749,0.005889646820724013
7799,1188,0.004811669792979956
7800,37136,0.003911878666840493
7801,63350,0.010105746798217298
7802,15892,0.004828945796471083
7803,23172,0.010099630206823345
7804,33010,0.004501283776480705
7805,95694,0.00363802101463079
7806,23413,0.011671631131321194
7807,47288,0.003951540670823306
7808,49432,0.013228115141391755
7809,47106,0.01003267794847489
7810,52236,0.0
7811,61291,0.007427194258198143
7812,28240,0.011041930466890337
7813,5960,0.002756842295639216
7814,74104,0.004187806323170663
7815,85098,0.01592295903712511
7816,34651,0.003015240414533771
7817,55900,0.005448886007070542
7818,88685,0.005102249109186233
7819,65668,0.009649497475475067
7820,44508,0.019470254182815547
7821,5613,0.00941269172122702
7822,58211,0.007253528796136381
7823,39950,0.004509533755481245
7824,47129,0.007474403567612177
7825,30947,0.00623065963387489
7826,1700,0.004937134981155394
7827,3188,0.0032280559744685866
7828,76593,0.012006772756576543
7829,84126,0.004729932136833667
7830,33950,0.006675634961575274
7831,79137,0.011037068916484717
7832,22531,0.004771330859512091
7833,93260,0.02094326585531235
7834,70164,0.004475104613229631
7835,20371,0.004225774258375163
7836,50268,0.013281899392604825
7837,83897,0.005290265306830407
7838,92273,0.0029020606819540264
7839,8172,0.0031977879628539126
7840,5572,0.009760008901357652
7841,31738,0.017212450802326206
7842,72689,0.003545103669166564
7843,36698,0.007268804486375305
7844,41460,0.008399300407618285
7845,56583,0.005923732034862041
7846,45247,0.00562917597591877
7847,77310,0.0029276830609887847
7848,58574,0.007164470627903935
7849,68740,0.005563120171427727
7850,62085,0.002540021087042989
7851,17869,0.003552078804932537
7852,49783,0.0064993289113044785
7853,69855,0.0035088946297764756
7854,62478,0.004825894050300124
7855,95097,0.015419256687164304
7856,49087,0.011890057772397997
7857,2222,0.008633538708090777
7858,67045,0.006528222775086756
7859,84938,0.0068250773102045085
7860,16062,0.009081028439104556
7861,37768,0.006597055580932651
7862,68856,0.00232323036063462
7863,60450,0.007993669952265919
7864,81093,0.003282452486455441
7865,62136,0.006946916468441486
7866,44771,0.0024966502562165237
7867,93784,0.002667037679348141
7868,14068,0.01032862411811948
7869,53514,0.012197391614317894
7870,30939,0.007482472320552915
7871,76107,0.004208738729357723
7872,22544,0.0032512753270566522
7873,21738,0.007896111607551572
7874,64497,0.004540920816361905
7875,66834,0.00871348194777965
7876,10992,0.0021775852888822524
7877,70477,0.0037996545620262692
7878,25141,0.004948527850210667
7879,68248,0.002633402151986953
7880,50150,0.007828544452786444
7881,17890,0.004616124127060172
7882,28789,0.009318618774414065
7883,14232,0.00930889974348247
7884,58711,0.005466795498505232
7885,80887,0.002311557000502947
7886,90739,0.007270729569718241
7887,2474,0.005051798522472383
7888,14824,0.018197519183158876
7889,69890,0.02643939971923828
7890,14690,0.005781926335766911
7891,14798,0.01881571263074875
7892,24985,0.0054858384933322655
7893,84212,0.005938105881214142
7894,59692,0.008975734710693356
7895,21632,0.004310848936438562
7896,36716,0.003093061782419679
7897,95948,0.003927674219012258
7898,74986,0.013233073889277877
7899,53469,0.005677065805066378
7900,91,0.009027518294751641
7901,62961,0.010030141286551948
7902,69429,0.005720285484567286
7903,42172,0.0019160234415903682
7904,63785,0.018735222928225992
7905,67246,0.009101468622684478
7906,11406,0.007735219486057758
7907,80437,0.007705232538282873
7908,31481,0.004242101488634946
7909,945,0.005089458292350169
7910,39015,0.007207952053286138
7911,42950,0.01596968732774258
7912,13764,0.006389428721740843
7913,89807,0.010376423969864842
7914,66137,0.0037871640548109995
7915,72618,0.003693169280886654
7916,79553,0.005121294632554053
7917,91316,0.005190491951070722
7918,49586,0.008586533591151236
7919,22237,0.005921542227733877
7920,4756,0.005945606231689455
7921,86770,0.005171486623585223
7922,29143,0.003650508834980427
7923,7781,0.008945067375898357
7924,25013,0.006789347608573738
7925,84211,0.023166720867156983
7926,60506,0.0056299078464508035
7927,33888,0.010328431837260722
7928,81669,0.00366097974125296
7929,21704,0.01560287188738584
7930,4061,0.01421333337202668
7931,3692,0.007864201664924625
7932,91622,0.0056568299513310195
7933,50055,0.007154818307608366
7934,61935,0.010033505372703075
7935,81450,0.0039918850664980784
7936,85111,0.005997992260381583
7937,1748,0.005631275828927757
7938,16839,0.010258602537214754
7939,25332,0.0038524147123098376
7940,42934,0.0059449115674942744
7941,32333,0.004457046873867516
7942,73920,0.009137820238247519
7943,7620,0.0037667990848422083
7944,21104,0.005582458265125756
7945,23985,0.004329905081540348
7946,8773,0.004835300205741077
7947,8309,0.0038646169379353552
7948,1560,0.007169831804931164
7949,88340,0.005310664568096403
7950,28763,0.00466596768703312
7951,7271,0.005232606809586287
7952,28348,0.004714851900935171
7953,36197,0.0033050409145653228
7954,44426,0.004439331105677414
7955,59004,0.007519486695528028
7956,75218,0.012803672952577474
7957,51969,0.005301994998008014
7958,57146,0.008817599089816212
7959,7134,0.010908925831317898
7960,20468,0.013009666204452517
7961,70154,0.004777509830892082
7962,42201,0.005261672828346492
7963,28807,0.010529268272221094
7964,67193,0.0026119646709412353
7965,23585,0.004140496863983576
7966,32727,0.019355471134185797
7967,30844,0.008837518696673218
7968,49262,0.004275581347756091
7969,53259,0.007302418150939049
7970,93028,0.007057951050810514
7971,5113,0.00708199085202068
7972,49625,0.013686447627842425
7973,77517,0.005630420073866844
7974,82079,0.009168606400489807
7975,87255,0.0069371597561985274
7976,77412,0.004844735832884906
7977,49298,0.0022234587883576745
7978,11419,0.0043573744595050805
7979,23706,0.0054848880693316475
7980,60095,0.014692707955837242
7981,82121,0.004300135304220021
7982,43541,0.004382645301520829
7983,4459,0.0027031308691948665
7984,13401,0.006233222694136198
7985,27930,0.009265641886740925
7986,52591,0.007516131699085237
7987,61223,0.005946494080126286
7988,1536,0.006204410074278714
7989,13253,0.006783720292150977
7990,43604,0.005178006459027524
7991,38143,0.009444635137915604
7992,70364,0.005467918980866672
7993,51222,0.004161629297304895
7994,29330,0.0032103953883051897
7995,1199,0.007007237374782567
7996,96166,0.005101926682982595
7997,32427,0.013430957254022357
7998,98770,0.003734131364617498
7999,95722,0.0032906145160086484
8000,40664,0.005794989988207816
8001,3333,0.0133892796933651
8002,54076,0.009222449511289596
8003,4353,0.006031072288751604
8004,64940,0.0051503070793114565
8005,82260,0.002983790924772613
8006,51459,0.004387522852048277
8007,67581,0.005441593397408725
8008,35450,0.004991219836520032
8009,66354,0.003867440316826102
8010,62708,0.00824707165360451
8011,57732,0.005825745258480312
8012,76615,0.003696083836257456
8013,86817,0.004462814889848229
8014,5803,0.00861154863610864
8015,15018,0.009544215947389603
8016,76879,0.003635444832034406
8017,26156,0.004002604335546493
8018,64366,0.005744249820709227
8019,31721,0.004334272034466273
8020,43288,0.010940765738487242
8021,85263,0.010919574219733476
8022,24903,0.013312440514564521
8023,70162,0.006133362129330639
8024,97665,0.015656331479549403
8025,18,0.004771070312708613
8026,12441,0.0065210591210052415
8027,9920,0.012434175896923985
8028,39342,0.0029665831220336255
8029,68555,0.006754565797746179
8030,73510,0.006555926240980631
8031,87357,0.007985136769711973
8032,39969,0.016384694240987305
8033,8138,0.00793471597135067
8034,7183,0.004324857145547865
8035,77323,0.015211901068687441
8036,69515,0.007753397775813937
8037,48987,0.012000373303890229
8038,63906,0.009298185735242444
8039,79614,0.00309667362598702
8040,99194,0.02004719763994217
8041,73970,0.00748607322573662
8042,98570,0.014130734801292419
8043,3753,0.006020554862916478
8044,89319,0.0074895851686596895
8045,33332,0.0043848022911697595
8046,19100,0.007735206969082357
8047,69388,0.015340076442807915
8048,25923,0.013797184932045636
8049,90907,0.004966620281338685
8050,33714,0.004179203957319258
8051,81618,0.005031881686300037
8052,24390,0.003884059742558744
8053,39180,0.0061451966641470806
8054,93959,0.016497725546360024
8055,63285,0.0061694692610763015
8056,15903,0.007557271905243398
8057,20487,0.01385355740785599
8058,84171,0.0069590576738119145
8059,18174,0.004910797080956398
8060,12098,0.0061818090081214895
8061,22056,0.005201925709843638
8062,64213,0.0243742334842682
8063,37587,0.004147420534864068
8064,78472,0.010731566101312635
8065,15468,0.018159210439771416
8066,80762,0.0040468236710876244
8067,10961,0.007889472497627139
8068,38696,0.009866790748201305
8069,29314,0.004193629557266833
8070,25627,0.005352902326267214
8071,93120,0.007056768620386719
8072,71230,0.005538085722364484
8073,93511,0.012206768989562985
8074,77606,0.0027142410271335407
8075,3461,0.003636877909302709
8076,8939,0.00437009009998292
8077,48273,0.004018309898674485
8078,59033,0.008757806513458494
8079,86955,0.009158755759708587
8080,57755,0.00941168836317956
8081,9856,0.06991480000317096
8082,33279,0.013483413085341452
8083,43514,0.006557677835226058
8084,54883,0.005542058385908599
8085,19628,0.005100199915468692
8086,22647,0.011980515345931052
8087,65904,0.003526940282899882
8088,46462,0.005871454067528244
8089,10734,0.0075321148522198185
8090,85371,0.01358546823263168
8091,80601,0.011752441450953487
8092,64423,0.01035063066519797
8093,3002,0.002989528040634465
8094,29307,0.0028603664424736086
8095,21347,0.008317320942878723
8096,55285,0.006711695520207286
8097,78390,0.0041041332320310205
8098,33425,0.008550912290811544
8099,53230,0.013580973520874975
8100,5730,0.0091434024926275
8101,29930,0.006112781874835488
8102,98971,0.0035065213404595888
8103,36121,0.010071452611591668
8104,54290,0.009743526801466946
8105,77032,0.0025143473781645293
8106,56163,0.002914510169066492
8107,41610,0.0022966588707640746
8108,9318,0.005525324642658234
8109,88560,0.009884019335731867
8110,97347,0.004624944012612103
8111,10660,0.013369543552398682
8112,64041,0.01698250189423561
8113,24514,0.006279173009097578
8114,90530,0.004206658708862962
8115,31910,0.0
8116,85491,0.010515599027276034
8117,2564,0.0017486040107905843
8118,24625,0.008172923061065374
8119,35409,0.005590603621676562
8120,60451,0.007746160998940462
8121,51158,0.004083899781107904
8122,13403,0.010980689600110049
8123,91610,0.0028793403366580636
8124,27486,0.005930076329968868
8125,17579,0.0055288786441087725
8126,97272,0.004466095827519894
8127,74708,0.010736494356533515
8128,53069,0.004888245454058048
8129,29218,0.011518092378973973
8130,42574,0.006710466949734835
8131,35139,0.013840904235839844
8132,85348,0.011091192115563902
8133,97445,0.006738693267107008
8134,35277,0.009521994171664116
8135,43634,0.019621192775666714
8136,95606,0.012877920009195805
8137,42477,0.0070715537294745515
8138,16925,0.010443328935652977
8139,14349,0.004106334680691363
8140,34697,0.005068594650365414
8141,34715,0.0025132854422554333
8142,44522,0.005080627799034123
8143,82834,0.010734349675476552
8144,11915,0.006774135231971739
8145,68644,0.007403671331703655
8146,55203,0.006218470726162198
8147,15589,0.011703760772943498
8148,2535,0.006369264908134933
8149,87626,0.00781595271080733
8150,67931,0.0041248470544815044
8151,70404,0.006884884610772128
8152,92338,0.011049594711512324
8153,7288,0.0034010432288050646
8154,24666,0.0036309289140626796
8155,28961,0.004585366491228345
8156,13616,0.004981936584226784
8157,85226,0.0027248442405834795
8158,14728,0.005397675335407255
8159,3662,0.003902614740654831
8160,62259,0.011151873179478572
8161,29105,0.0037371927918866286
8162,54534,0.005678138844668863
8163,36696,0.01129550961777568
8164,4364,0.005141367819160225
8165,9389,0.004909674916416407
8166,94838,0.011006142473779621
8167,10738,0.00920027819462121
8168,42083,0.0046222470677457755
8169,45110,0.005023405756801367
8170,89689,0.011244871637318276
8171,39258,0.004543001744896176
8172,39085,0.0039909041929058735
8173,90861,0.006902810730971394
8174,39859,0.0036312319990247526
8175,39864,0.002631733653834092
8176,64856,0.006297658961266273
8177,57943,0.00840338373440318
8178,94702,0.00347323749680072
8179,499,0.004920730525627734
8180,21381,0.005487581714987757
8181,1126,0.00414692377671599
8182,41946,0.0068622254068031905
8183,50135,0.008530177725479007
8184,35023,0.003294732151553041
8185,39285,0.004557823613286023
8186,92292,0.007079602107405667
8187,30406,0.003763766428455704
8188,99665,0.005484174787998203
8189,72358,0.012992898898664862
8190,68288,0.006032413765788075
8191,38448,0.011751026762649419
8192,45947,0.011644745958037675
8193,34837,0.0035012521664611997
8194,77117,0.010711720590479668
8195,33015,0.004652593974024056
8196,69912,0.006080092438496652
8197,72165,0.00817983932094649
8198,55382,0.009544547097757459
8199,33638,0.008413227647542957
8200,39734,0.004279906414449213
8201,97119,0.005971985198557369
8202,56937,0.012279199874028566
8203,10923,0.020685969893820585
8204,99602,0.0034434105409309286
8205,63333,0.004496510373428465
8206,98871,0.0077710855705663585
8207,49620,0.009865778665989635
8208,51482,0.011061527729034428
8209,40569,0.004939740356057883
8210,7953,0.0065371706988662445
8211,87988,0.0043147890456020875
8212,89100,0.014170914292335515
8213,70045,0.016419021189212797
8214,70029,0.010425227507948873
8215,82259,0.019790960848331453
8216,36070,0.006625263467431067
8217,51212,0.012203703587874764
8218,43665,0.015467153191566468
8219,95431,0.0030548427742905903
8220,90988,0.011001565977931026
8221,76874,0.00719502806663513
8222,89161,0.005203212369233377
8223,30687,0.003961877303663645
8224,20731,0.003096376096364113
8225,38645,0.013912479653954507
8226,80159,0.005243847544770687
8227,3427,0.004791233390569688
8228,85957,0.005460480051115156
8229,29536,0.0032302697980776435
8230,31953,0.004935570296365768
8231,73204,0.015335520207881932
8232,10937,0.004534115791320802
8233,55152,0.0054844576958566925
8234,3178,0.008931352449581029
8235,32974,0.0030754748173058076
8236,50617,0.0052600174397230155
8237,6058,0.005815549455583094
8238,24452,0.01588972359895706
8239,86087,0.00468239113688469
8240,66217,0.006043470078147949
8241,77794,0.01110888738185167
8242,53183,0.005165412661153817
8243,94199,0.009951406382024288
8244,88134,0.014808059092611077
8245,2743,0.007785708811134102
8246,90256,0.004660451170057059
8247,25052,0.008880836963653568
8248,54084,0.004422740312293174
8249,79841,0.003889081031084057
8250,16662,0.007292243912816044
8251,47366,0.012437576302327218
8252,34574,0.006645221705548465
8253,76909,0.011168570686131717
8254,23316,0.01392483428120613
8255,13008,0.006082624606788159
8256,30773,0.004957393752411004
8257,39009,0.004839976783841848
8258,78947,0.009249285808764399
8259,60375,0.006045959144830706
8260,49201,0.016718646585941317
8261,96950,0.0035314803756773486
8262,36412,0.004634832255542279
8263,34207,0.01716456248890608
8264,20335,0.006092431638389825
8265,81279,0.0072825436666607846
8266,25764,0.012378465477377178
8267,61895,0.006630731113255029
8268,15298,0.0038404972013086035
8269,19859,0.029168161526322366
8270,61275,0.006049419194459919
8271,25668,0.0053685189411044115
8272,5962,0.004887454640120273
8273,69850,0.006121950210072101
8274,38824,0.015239844620227814
8275,71496,0.004704700633883475
8276,58592,0.009842226824257522
8277,72175,0.004812496930826462
8278,63001,0.007957183746621011
8279,25507,0.003324122201884168
8280,77831,0.012628085608594122
8281,47444,0.004166199481114741
8282,31032,0.02920298278331757
8283,58264,0.00514367586467415
8284,73235,0.00600837939884514
8285,76611,0.0031109354365617035
8286,9034,0.01621314922347665
8287,58658,0.005373893678188324
8288,63277,0.005358632714487614
8289,91094,0.008284851275384423
8290,61527,0.002399555856827651
8291,94709,0.0067386100441217366
8292,9374,0.011993230283260348
8293,23589,0.010583492368459698
8294,42941,0.004907896842341868
8295,9715,0.0035915451822802432
8296,39023,0.011182691585272554
8297,20386,0.003747714147903022
8298,93704,0.00729752633720636
8299,92630,0.01610735829919576
8300,68236,0.00566130487248302
8301,93573,0.003219328932464123
8302,3006,0.0068554561398923375
8303,50674,0.006262462714221323
8304,78410,0.004277743548154828
8305,57038,0.003139040116220715
8306,12402,0.007256501615047456
8307,26486,0.007908620126545422
8308,61241,0.0049360241740941955
8309,60770,0.0038590329256840026
8310,18454,0.003721540607511996
8311,77224,0.004349370612762865
8312,1766,0.007013535164296623
8313,13334,0.016950677670538428
8314,80828,0.012361342012882233
8315,36786,0.0030846701422706227
8316,98233,0.00973670141771436
8317,65586,0.008266877233982086
8318,12731,0.016860550604760646
8319,38362,0.005599074959754947
8320,68927,0.0050658876774832585
8321,52543,0.0028942290740087617
8322,44227,0.005628050295636061
8323,78443,0.006680676490068433
8324,37666,0.007522274404764185
8325,29292,0.005907801259309053
8326,34694,0.010463606384582822
8327,44788,0.0025949771609157304
8328,55159,0.00548913467908278
8329,23912,0.003977450467646117
8330,45918,0.00930681356228888
8331,48988,0.003323482843115927
8332,31129,0.0050885505089536326
8333,47831,0.0033444651868194328
8334,82116,0.0018390511558391157
8335,41875,0.0030374513403512568
8336,50003,0.008755882089026275
8337,31346,0.007303749248385434
8338,2402,0.003242438463494181
8339,65546,0.006427898183465005
8340,89101,0.010209211036562912
8341,87291,0.01575511764734984
8342,24129,0.013885855674743654
8343,33443,0.002966491430997851
8344,15981,0.004875810584053397
8345,24159,0.0015810086531564628
8346,32329,0.0038332026952411988
8347,99983,0.004710060134530066
8348,49996,0.004355541097465901
8349,57277,0.00382344633340835
8350,54804,0.004277418553829196
8351,27244,0.006516728010028601
8352,70579,0.0029091902798972996
8353,4640,0.01089804381132126
8354,15864,0.007901573004201051
8355,48650,0.004080815790221094
8356,33969,0.00841479010879993
8357,45562,0.004771030335687101
8358,48571,0.017391026988625526
8359,72463,0.004336764868348839
8360,22232,0.007639045510441065
8361,42175,0.01053637525532395
8362,7308,0.0
8363,60958,0.0034093087771907477
8364,15622,0.006688476679846639
8365,38185,0.005160855725407601
8366,57661,0.010880040936172009
8367,53706,0.003576932549476626
8368,49412,0.0064258314389735414
8369,68244,0.0099126619566232
8370,70822,0.005020843069069089
8371,97653,0.020824488811194898
8372,66438,0.0045236915908753875
8373,8546,0.006551260664127766
8374,58865,0.003682672586292031
8375,1534,0.009192602783441538
8376,79955,0.011949840248562393
8377,95990,0.010655567278154192
8378,92155,0.00461364531191066
8379,36802,0.0027970283664762903
8380,39373,0.004594703149050475
8381,90083,0.005070662926882503
8382,87599,0.006123925824649631
8383,6363,0.0020622366340830936
8384,52383,0.005456641409546134
8385,96835,0.0048361144028604
8386,86388,0.005836107823997738
8387,64600,0.005636289245449011
8388,23593,0.016654358319938185
8389,74551,0.013861620947718615
8390,60429,0.008949866639450197
8391,50789,0.017244528457522394
8392,9040,0.005848115654662249
8393,18709,0.006507017128169535
8394,94927,0.013962604985572396
8395,865,0.008585894405841827
8396,47342,0.005361036937683824
8397,40885,0.00299634531605989
8398,11,0.0042122929869219655
8399,19490,0.006343287080526353
8400,14789,0.01548200618475676
8401,41732,0.007533679110929365
8402,14537,0.0050172850862145405
8403,15409,0.0076590395718812935
8404,80738,0.0068572269380092615
8405,45094,0.009602695256471637
8406,93881,0.0038454088941216455
8407,67892,0.006504108961671591
8408,78487,0.0
8409,12393,0.00983718414325267
8410,79911,0.005154113844037057
8411,16231,0.004025824237614871
8412,19366,0.010309363901615149
8413,96027,0.008558037579059603
8414,84779,0.00271925477311015
8415,15895,0.002413031850010157
8416,29826,0.0162147595314309
8417,86135,0.005897256918251522
8418,65447,0.008309874832630158
8419,59059,0.0046123300865292555
8420,6665,0.010037636458873744
8421,48864,0.00607103982940316
8422,87856,0.006346986573189496
8423,18884,0.006779961287975306
8424,72132,0.008840713723329825
8425,21199,0.010191107969731088
8426,22501,0.010553489262238145
8427,27006,0.008103719428181649
8428,22551,0.005530956978909671
8429,22049,0.003465270735323428
8430,10005,0.003332385793328284
8431,54668,0.004190514154033739
8432,18536,0.005620087534189223
8433,22052,0.004549461824353786
8434,50755,0.002934393640607597
8435,42059,0.00611927738413215
8436,75368,0.0029661224223673276
8437,13564,0.005360674043186012
8438,25738,0.005228422358632085
8439,14661,0.0037387203401885918
8440,26255,0.0038220912404358432
8441,41710,0.005410991683602335
8442,91702,0.004251416530460116
8443,13206,0.015426861783489584
8444,29489,0.003800119552761318
8445,66544,0.005544984128791839
8446,95270,0.00575224143802188
8447,57357,0.004615110475569965
8448,7236,0.004368584020994605
8449,17323,0.004193956253584475
8450,33097,0.006114782989025116
8451,25807,0.005331016615964472
8452,12374,0.0045754600293003034
8453,12133,0.00240320334210992
8454,28540,0.00389646048191935
8455,878,0.005755843459628521
8456,90400,0.011012915745377543
8457,58816,0.009313527904450895
8458,27776,0.004127453099936243
8459,74421,0.005757461083121595
8460,96744,0.009296862711198626
8461,91050,0.016232535913586622
8462,90227,0.014841925725340845
8463,61164,0.016103280596435066
8464,67458,0.004992196410894394
8465,22069,0.009806742658838633
8466,2800,0.003281427696347238
8467,16298,0.00379985879175365
8468,68010,0.008659081459045415
8469,92595,0.002135995891876517
8470,75913,0.004670499972999102
8471,6299,0.009604048794135456
8472,39309,0.009226818047463897
8473,77809,0.00863101831171662
8474,32238,0.007983036073856052
8475,28180,0.006915982291102404
8476,26034,0.003194444118998943
8477,43668,0.011741188596934082
8478,34873,0.0064132543979212656
8479,23580,0.005215007904917005
8480,59599,0.012616592757403853
8481,52125,0.007550722137093546
8482,32322,0.005428934916853903
8483,3380,0.03264986310154199
8484,42822,0.004754612492397429
8485,43525,0.0
8486,21552,0.010353201832622292
8487,15517,0.018552620522677896
8488,29978,0.004218174256384372
8489,75237,0.0073282021656632355
8490,94562,0.01406041026115417
8491,55496,0.0031251974403858182
8492,48002,0.011954168453812596
8493,42986,0.0038436095044016884
8494,76916,0.004070746083743872
8495,74496,0.0035702400561422164
8496,65621,0.003504590047523383
8497,33439,0.004149370025843382
8498,77003,0.007886761836707588
8499,97413,0.00656463534105569
8500,41763,0.006642251163721087
8501,36363,0.01143790125846863
8502,98582,0.004847915768623355
8503,87512,0.0056241117045283335
8504,46220,0.0046095251291990305
8505,66529,0.005727482121437793
8506,70212,0.01637764066457748
8507,66811,0.007811110503971576
8508,86785,0.005266176108270882
8509,78837,0.007786963402759286
8510,89217,0.003076330162584781
8511,22055,0.00698286309139803
8512,93823,0.0043359097931533995
8513,62898,0.002832585882861168
8514,44944,0.0023353159893304107
8515,30351,0.005199505202472212
8516,3502,0.004624209143221377
8517,24880,0.00492939706891775
8518,18312,0.0054967587301507585
8519,98886,0.01819324872805737
8520,98708,0.010410741437226534
8521,99587,0.00550777866272256
8522,79123,0.007947188243269922
8523,31727,0.005185175146907568
8524,40138,0.005369430594146261
8525,14646,0.00522618390619754
8526,5151,0.006344312205910685
8527,49045,0.005718529000878331
8528,13867,0.018444874286651612
8529,1823,0.007553951879963277
8530,70176,0.004608688917942343
8531,34261,0.005061593689024445
8532,41697,0.007776297479867939
8533,84802,0.005332641005516052
8534,9077,0.007704364359378816
8535,76368,0.005314477644860748
8536,8894,0.003500931807793678
8537,37665,0.016547317057847975
8538,61343,0.00742886732332408
8539,15387,0.003763793036341669
8540,53283,0.009007277501514182
8541,82345,0.007070302594220261
8542,91982,0.009028443009592591
8543,49048,0.004264493181835862
8544,60396,0.0130701544880867
8545,89974,0.004907040102407339
8546,49885,0.00984237997792661
8547,6434,0.004285585461184382
8548,32917,0.005714924670755863
8549,62865,0.005504469778388737
8550,88192,0.0045655218418687565
8551,1216,0.005833391156047582
8552,77620,0.00477424345910549
8553,97631,0.0028731275908648914
8554,45043,0.00812733620405197
8555,96051,0.008929911963641644
8556,36651,0.012434814274311066
8557,51499,0.006020337711088354
8558,895,0.011770493090152734
8559,4843,0.0073234659247100355
8560,64660,0.015372720956802373
8561,16838,0.0032785945152863853
8562,81873,0.0023889339133165753
8563,89350,0.0033738400787115073
8564,3340,0.006429645493626601
8565,68041,0.004311284497380257
8566,72236,0.008071052609011527
8567,37719,0.007437660060822964
8568,35442,0.0026415742747485597
8569,77747,0.0028905690042302003
8570,7456,0.003803080087527632
8571,92789,0.005072372741997245
8572,14082,0.007161463152151558
8573,88013,0.0023720270791091013
8574,60499,0.023196821659803392
8575,76282,0.008810545504093173
8576,32415,0.005077216774225242
8577,56973,0.023209752887487417
8578,44797,0.01122493502218277
8579,56056,0.007936204783618448
8580,88217,0.004670406877994538
8581,4685,0.003796307537704705
8582,31528,0.006077900510281325
8583,590,0.0018599658668972526
8584,46968,0.011640346050262453
8585,71242,0.006780586615204811
8586,27454,0.004991068823728708
8587,64684,0.008123356625437736
8588,9775,0.011721776365302502
8589,22151,0.0028785238089039963
8590,92825,0.0075659649539738865
8591,42211,0.003728755507618193
8592,50468,0.0028026497364044218
8593,30738,0.007718288693577049
8594,28094,0.01324114980176091
8595,27828,0.0035959504591301125
8596,59457,0.004591202239971615
8597,64790,0.005233986936509612
8598,5287,0.005461216121912003
8599,469,0.011579131595790385
8600,13428,0.010706607121974226
8601,7202,0.010489513147622346
8602,8561,0.0032929353229701514
8603,85185,0.004350077435374258
8604,1118,0.005748896524310116
8605,18415,0.004460720042698087
8606,23864,0.006494478769600391
8607,34767,0.00873344189953059
8608,16524,0.0059890978410840024
8609,37207,0.015490342080593102
8610,7737,0.006339477701112626
8611,93636,0.0056752617284655605
8612,18727,0.013507955111563202
8613,6801,0.0065773339942097634
8614,65018,0.005638062534853813
8615,42502,0.0027014642860740436
8616,50065,0.004310672637075182
8617,23223,0.005191226527094833
8618,59948,0.00897554755210877
8619,85287,0.0055730796046555035
8620,19909,0.002291723527014255
8621,66264,0.009445418231189256
8622,26070,0.0055349686555564446
8623,4233,0.007424884140491483
8624,13140,0.006246529724448918
8625,23948,0.0029784847982227795
8626,6772,0.006325849317945541
8627,69683,0.004556008204817774
8628,44644,0.010670238062739375
8629,90478,0.004900790108367798
8630,63283,0.004326115185394882
8631,11201,0.0037230335874483033
8632,67520,0.019980280753225083
8633,26775,0.007671702727675441
8634,28646,0.003393065540585664
8635,38504,0.006392009928822518
8636,15191,0.004924326180480417
8637,75230,0.011148562182206662
8638,7401,0.0032339287549257266
8639,61167,0.01003930101171136
8640,92413,0.008415330648422235
8641,32651,0.003966203455347567
8642,37073,0.002079173659440127
8643,5524,0.012661958392709487
8644,91538,0.011934892050921915
8645,91318,0.016947567518800503
8646,74031,0.003792311220895502
8647,81758,0.004588549770414836
8648,86673,0.006687784483656285
8649,1376,0.007040367498993865
8650,58583,0.007772690765559675
8651,18687,0.012093509137630467
8652,86387,0.005048801652155818
8653,33354,0.003823716416954994
8654,53847,0.007695137560367584
8655,32648,0.006273638997226955
8656,10184,0.009964037323370579
8657,20891,0.01275587705895305
8658,61991,0.0023824141127988746
8659,45517,0.00269381449557841
8660,52464,0.012658699550665918
8661,59478,0.005097373251337561
8662,19172,0.004767490949016067
8663,65438,0.00803738925606012
8664,72547,0.0026851861923933044
8665,53378,0.004688696546945724
8666,7422,0.002284513907507064
8667,4388,0.002126064964104438
8668,69226,0.022493799328804014
8669,58003,0.007115850932896137
8670,83637,0.003482568562030793
8671,5823,0.0037738950690254505
8672,91530,0.00189828197238967
8673,77263,0.0043807402066886455
8674,5775,0.00455280430614948
8675,98747,0.006798116657882929
8676,35022,0.011251421542838213
8677,21957,0.01661466376855969
8678,66800,0.0038252063840627667
8679,11741,0.007688209577463568
8680,37821,0.003746217414736748
8681,3409,0.008708399217575788
8682,79297,0.006641672197729352
8683,29883,0.010723714591003955
8684,28308,0.011883761137723919
8685,95004,0.006121245473623273
8686,76204,0.004589110091328626
8687,98980,0.014593137279152868
8688,29755,0.005076342225074764
8689,52112,0.004156014169566334
8690,94597,0.004422245940659193
8691,39230,0.006056771762669087
8692,63246,0.012006899788975718
8693,28388,0.004807306621223687
8694,64853,0.0034611858287826227
8695,27911,0.003415014361962677
8696,77862,0.011080637574195862
8697,19919,0.005045076571404931
8698,28663,0.00446877956390381
8699,13640,0.005625524157658223
8700,18081,0.009791966206394137
8701,86715,0.005305600687861447
8702,64008,0.006458357386291027
8703,25951,0.004991501607000826
8704,81569,0.003519276417791845
8705,87957,0.014119250476360323
8706,48569,0.009078381545841693
8707,7257,0.004190927110612391
8708,18051,0.018278565108776092
8709,23659,0.003448670823127027
8710,74904,0.012932942286133765
8711,46887,0.004933756738901137
8712,74198,0.004401696138083935
8713,91166,0.005821235291659832
8714,18005,0.011024792641401297
8715,2594,0.004679515678435561
8716,37241,0.004071220867335801
8717,91688,0.004570904709398749
8718,11579,0.004827891737222674
8719,34363,0.009064144194126125
8720,4719,0.022523130327463142
8721,8673,0.008018476590514188
8722,74003,0.018577577173709864
8723,48053,0.005097078585531561
8724,79865,0.003700147467898206
8725,98661,0.004781063338741658
8726,79542,0.011821880312636493
8727,72525,0.00871724535478279
8728,80926,0.0025932200718671097
8729,57460,0.0037063823547214274
8730,19894,0.004191961698234082
8731,79921,0.0058597733825445225
8732,42005,0.007870244607329373
8733,66317,0.012518971562385552
8734,36370,0.00483033869182691
8735,13196,0.006864528562873601
8736,55686,0.003526304569095372
8737,76076,0.008181247157044706
8738,27531,0.008558873157016932
8739,16052,0.0036539229075424357
8740,73104,0.006325523066334422
8741,92378,0.009480817299336194
8742,54366,0.004668247501831498
8743,35422,0.012025911081582309
8744,82479,0.004354499978944662
8745,66132,0.010188938723877071
8746,9735,0.004025152251124379
8747,67594,0.0048317981697618955
8748,81506,0.010261001163162288
8749,41172,0.006611501462757587
8750,10715,0.0030634344555437545
8751,83316,0.017559950351715092
8752,30554,0.0116274419426918
8753,33608,0.014176141023635864
8754,67285,0.007269079163670533
8755,140,0.011774699189700187
8756,35486,0.005941170703154054
8757,37036,0.0070330840256065084
8758,85714,0.0037128620338626205
8759,85646,0.01371216841042042
8760,75545,0.005073457076214255
8761,67221,0.0037081812601536526
8762,81056,0.0048811691650189415
8763,96440,0.005400699116289619
8764,11965,0.017899976968765257
8765,53619,0.004139686524868014
8766,43712,0.012735175509005782
8767,44073,0.0023099702596664417
8768,26387,0.012436845451593398
8769,24727,0.003683675643987954
8770,55015,0.015718506118282675
8771,11315,0.0152625911263749
8772,26798,0.004735438118223096
8773,99406,0.0036046396614983697
8774,72152,0.005518732517957685
8775,73406,0.0
8776,68385,0.0034404631704092014
8777,97168,0.004584988872520625
8778,97001,0.01724368145689368
8779,56912,0.009502615928649899
8780,35957,0.0026984952948987478
8781,90017,0.002485835026018319
8782,53481,0.00830248804297298
8783,45703,0.01334341943264007
8784,23449,0.005238148344215001
8785,65149,0.0038912064582109435
8786,87232,0.002597781862132254
8787,36195,0.005102770887315274
8788,49061,0.01043682961724698
8789,52746,0.01600643179379404
8790,19899,0.006090549435466524
8791,20160,0.006114634913392364
8792,19759,0.005650776904076336
8793,44477,0.006981739671900872
8794,19095,0.014531403086148207
8795,61194,0.006025649569928645
8796,31767,0.004199381852522494
8797,35895,0.006826924746856094
8798,19345,0.0063822456682100905
8799,64519,0.006409974992275238
8800,82440,0.0032472522184252696
8801,9510,0.007396865934133528
8802,96044,0.004617480859160422
8803,4006,0.002468749405816199
8804,56435,0.006577507813926787
8805,10857,0.005858285019639878
8806,68013,0.006137524126097561
8807,79260,0.006238531321287156
8808,89359,0.007881606742739678
8809,99354,0.0026466716849245136
8810,94410,0.004538012729026371
8811,60349,0.005433217529207474
8812,75408,0.014817050308920445
8813,14963,0.007865632814355195
8814,57475,0.0071251385845243894
8815,43643,0.003349112316500401
8816,12081,0.004205654049292209
8817,85426,0.017063707299530502
8818,21863,0.003997789211571222
8819,12350,0.004846561774611471
8820,17025,0.013671881109476093
8821,5202,0.009936348805204033
8822,6500,0.005480693578720093
8823,73467,0.007022375157102944
8824,65391,0.006310685202479366
8825,36847,0.006831737942993642
8826,21369,0.00495614394545555
8827,83482,0.007003627209924158
8828,57532,0.01999976239283569
8829,60879,0.016976453661918637
8830,60063,0.005091856904327871
8831,36431,0.005163223054260014
8832,94101,0.003544137817807498
8833,60371,0.00419996082084253
8834,45708,0.011986579298973085
8835,56652,0.010820551225915557
8836,56375,0.0030466954037547123
8837,71543,0.009616840481758124
8838,21639,0.004063820368610326
8839,96021,0.0042689097067341196
8840,80187,0.0037759542744606727
8841,89122,0.01640936519950628
8842,90082,0.003229211010038851
8843,63863,0.0026173150166869186
8844,28310,0.014956570155918593
8845,89216,0.013397221639752389
8846,5736,0.002644868940114973
8847,64867,0.009693542029708626
8848,80030,0.003464237116277218
8849,68411,0.010551858698017894
8850,48579,0.004855212680995465
8851,75467,0.02031930424273014
8852,38358,0.006113613764755427
8853,2152,0.00955635398626327
8854,2606,0.00481209634803235
8855,313,0.004030974209308622
8856,77377,0.003239523957017808
8857,94870,0.005999164432287213
8858,3756,0.008728728116257117
8859,91387,0.004875582568347454
8860,68679,0.015969119351357218
8861,52769,0.0027602858212776504
8862,68436,0.007040922362357379
8863,1531,0.007738836887292564
8864,64131,0.005173836806789042
8865,31125,0.01966738849878312
8866,35834,0.004752566423267126
8867,54036,0.006655158516950905
8868,23670,0.005966166742146019
8869,61085,0.006253540664911264
8870,49042,0.005028547514230014
8871,84481,0.007068494930863378
8872,82423,0.01647988682612777
8873,66797,0.008674099743366245
8874,98190,0.021967306435108185
8875,23689,0.0048616001103073386
8876,89632,0.013120536915957931
8877,25526,0.006466364338994024
8878,85312,0.005765801186207685
8879,49005,0.004102155417203905
8880,61757,0.025586917996406555
8881,33043,0.007215811647474764
8882,36155,0.010992660792544484
8883,32134,0.002858835896477104
8884,221,0.00408670922741294
8885,9312,0.003584732054732741
8886,88311,0.009568897932767863
8887,43790,0.0032010639831423758
8888,15802,0.009076582528650763
8889,5458,0.006999366651289166
8890,51109,0.017236321717500683
8891,10695,0.003906758902594445
8892,78035,0.011656283736228939
8893,40334,0.019363304879516364
8894,64182,0.006743183245416731
8895,32042,0.003202867640648039
8896,77646,0.006989717148244378
8897,90409,0.01278025146573782
8898,7553,0.006018050727434455
8899,95661,0.005338181667029861
8900,71572,0.00707074847072363
8901,48418,0.004859165486413988
8902,98246,0.0034530039690434905
8903,47575,0.008468032591044904
8904,69249,0.004582889592275024
8905,53323,0.0054808099567890175
8906,52193,0.005481595024466518
8907,51099,0.0051644229935482195
8908,30834,0.005004663467407227
8909,36284,0.009000546871684492
8910,60313,0.00275568410754204
8911,53878,0.004508214257657524
8912,4439,0.003520943853072825
8913,59942,0.011257230620831254
8914,36229,0.006609559538774191
8915,91495,0.006746909767389298
8916,41958,0.007704636766575272
8917,20825,0.005645596124231812
8918,62160,0.004605753114446995
8919,99008,0.006801893338561058
8920,79250,0.004154804497957224
8921,46031,0.002961808753898368
8922,26171,0.004118779879063365
8923,98901,0.010236864686012273
8924,20558,0.004978668224066493
8925,51775,0.009232948627322915
8926,52982,0.007006444185972214
8927,12810,0.008375664167106155
8928,32431,0.01720753956586122
8929,45945,0.0037446779687888934
8930,8973,0.0033010657504200917
8931,45810,0.010707055032253264
8932,52505,0.0022371301800012578
8933,88808,0.003753410913050177
8934,16998,0.010442692153155802
8935,63292,0.007528525115922096
8936,46617,0.0029760014638304717
8937,25285,0.005030082436278465
8938,39623,0.005377629846334458
8939,2182,0.004004739131778479
8940,96008,0.021205747127532957
8941,70109,0.011201870311051604
8942,41558,0.017705061002634463
8943,67424,0.007535475564654919
8944,94736,0.005047074295580389
8945,90287,0.005690805870108311
8946,18294,0.00443145981058478
8947,25600,0.002749346871860324
8948,16814,0.01572394166141749
8949,59886,0.012579792737960819
8950,84407,0.007009445566218351
8951,38060,0.0056660946365445835
8952,9028,0.014111829996109002
8953,48903,0.006082293856889014
8954,58126,0.010975381899625063
8955,75989,0.005012627802789209
8956,53098,0.00446149158291519
8957,69212,0.005518781822174782
8958,18954,0.008608088856562971
8959,42758,0.003961225040256976
8960,40703,0.004928603274747729
8961,37415,0.008104397410061207
8962,49154,0.006006973817711695
8963,6395,0.005492427600547671
8964,14202,0.005477989148348574
8965,93536,0.004547397289425137
8966,57194,0.005868252068758017
8967,7256,0.009035575380548836
8968,39232,0.002232834326568992
8969,86472,0.003813171628862618
8970,86080,0.012790236379951234
8971,15160,0.009760794735047968
8972,72046,0.010406696181744338
8973,99423,0.004453315921127797
8974,76240,0.004261532947421078
8975,66836,0.002046601930633188
8976,30481,0.007756821811199183
8977,96314,0.012045720964670178
8978,69360,0.004996152217499907
8979,97556,0.0090639579296112
8980,80198,0.012319194539450108
8981,84715,0.004534814357757568
8982,83270,0.020258006742224097
8983,92535,0.003644708655774595
8984,96109,0.003784316736273472
8985,27803,0.00606813116930425
8986,30961,0.002940902966074643
8987,3442,0.007224344704300167
8988,45222,0.008256152775138612
8989,15552,0.010945902699604626
8990,86117,0.0036941959336400003
8991,22640,0.004899617154151199
8992,81722,0.006926250867545603
8993,80027,0.004011235469952228
8994,67639,0.004453971004113561
8995,20077,0.005808890098705888
8996,55608,0.006048588268458848
8997,92769,0.002410914876963945
8998,15215,0.009097108766436579
8999,14277,0.009712242484092713
9000,9524,0.011244502626359463
9001,27534,0.003921679072082046
9002,10172,0.00508889199700207
9003,51355,0.005514556150883436
9004,49627,0.0030763133987784354
9005,85956,0.018456594944000246
9006,22277,0.005635210275650031
9007,84770,0.0023940666555427063
9008,68494,0.004944398109801113
9009,27883,0.0042863627709448324
9010,70219,0.009595488384366037
9011,54219,0.0030042022466659508
9012,9325,0.003849281831644472
9013,47748,0.005492372885346415
9014,75743,0.004637981741689148
9015,59319,0.0037443256308324585
9016,38702,0.006749810073524714
9017,18976,0.0
9018,69644,0.004838474579155442
9019,80043,0.02312259461730718
9020,34503,0.008190989494323732
9021,30065,0.03330919813364744
9022,85735,0.005885412171483039
9023,23016,0.006625936310738328
9024,80667,0.00532356180716306
9025,34894,0.003994288279209288
9026,56946,0.002575952291954311
9027,52928,0.0018105700612068183
9028,27126,0.007509718183428053
9029,78483,0.022618932910263533
9030,83151,0.022888730391860013
9031,27073,0.011938874907791617
9032,41911,0.011881378581747412
9033,65941,0.003362575843930245
9034,35408,0.009317020010203122
9035,19204,0.004592614988796408
9036,59870,0.004244265910238028
9037,80871,0.004268965031951668
9038,99267,0.027935646511614322
9039,46522,0.01036076745018363
9040,55509,0.005659620254300533
9041,86685,0.006461480064317587
9042,26835,0.005608680434525009
9043,60066,0.008245500922203063
9044,53427,0.005802416269434615
9045,38868,0.01606747627258301
9046,69508,0.018996020257472997
9047,32234,0.005452513708733023
9048,72335,0.009599266350269317
9049,13285,0.011510640997439625
9050,68340,0.005411380026489498
9051,74335,0.015837794244289397
9052,2907,0.010656901588663462
9053,42151,0.004795013274997477
9054,70871,0.007412864714860915
9055,61419,0.002654182980768381
9056,42396,0.010744052529335024
9057,56532,0.004490875592455268
9058,43449,0.00911132462322712
9059,12819,0.004297244106419388
9060,58068,0.005961165430489928
9061,81591,0.004149317778646948
9062,58941,0.003330886350013317
9063,11092,0.02340348899364471
9064,61378,0.0182501894235611
9065,60904,0.004796599578112366
9066,54765,0.007089252155274155
9067,37363,0.005029115006327628
9068,28909,0.0070278189890086665
9069,11477,0.004185125851072368
9070,37995,0.00897011838853359
9071,79442,0.013258562982082367
9072,40057,0.006025425530970096
9073,65536,0.005388459293171764
9074,43143,0.0077139626070857024
9075,81818,0.006013689450919633
9076,92005,0.00609749661758542
9077,51756,0.00772207383066416
9078,59484,0.01215978875756263
9079,78960,0.00965617507696152
9080,74805,0.003553559985011819
9081,9849,0.0026249864697456323
9082,36067,0.0057630280544981385
9083,19836,0.006482083871960642
9084,62804,0.00596112629398703
9085,96509,0.006844259668141602
9086,92022,0.01928950548171997
9087,45569,0.006035483367741112
9088,92556,0.00440727947279811
9089,26227,0.008880384468939158
9090,72662,0.00460692882887087
9091,22347,0.02204232458025217
9092,56588,0.005749947875738141
9093,95062,0.00722719845129177
9094,89018,0.0037091862410306912
9095,74932,0.011518387300893662
9096,47073,0.00564783520996571
9097,39869,0.0037603319063782706
9098,70518,0.005106676055584105
9099,64842,0.008757153330370783
9100,76771,0.007129131881520154
9101,76962,0.008771032947115604
9102,67085,0.008269900120794774
9103,91796,0.005058557614684104
9104,51269,0.01286507651209831
9105,50059,0.004277874970575794
9106,32790,0.012890798840671774
9107,96112,0.009179875887930395
9108,20913,0.004822279037907722
9109,8663,0.008741101215127856
9110,66021,0.004596106316894291
9111,64649,0.003906709859147666
9112,55196,0.005462468690238894
9113,77365,0.012882520183920861
9114,72487,0.009185586220119146
9115,75392,0.0076792302541434775
9116,46246,0.005075283786281946
9117,36691,0.004478204138576983
9118,29075,0.003782635480165477
9119,84495,0.007656761184334755
9120,26823,0.005609867051243785
9121,30534,0.006223190724849701
9122,87891,0.004698682798771189
9123,60555,0.004399504326283934
9124,39830,0.006063387058675286
9125,72060,0.006173638612963263
9126,4539,0.007355177253484727
9127,2431,0.00555091419722885
9128,43878,0.016918616592884066
9129,93078,0.007355427956208584
9130,91143,0.014714890439063317
9131,49971,0.013992879241704934
9132,22604,0.004811101183295255
9133,41254,0.006830007061362267
9134,23063,0.012685968205332753
9135,87138,0.006065136233810332
9136,87422,0.0027081255195662386
9137,75746,0.005893302261829376
9138,58116,0.013188835680484779
9139,94234,0.012208023415878415
9140,22154,0.005277228746563194
9141,58462,0.008142968490719795
9142,680,0.009731529261916875
9143,32148,0.014145456254482268
9144,44393,0.02758620917797089
9145,66649,0.004760896088555455
9146,37900,0.009611630942672492
9147,34836,0.005467905378900472
9148,61127,0.017584667205810544
9149,7375,0.002881985916756094
9150,59137,0.002846703848335888
9151,48747,0.009325074180960648
9152,16587,0.011780877709388736
9153,77658,0.0025021924078464527
9154,53305,0.011452159397304063
9155,52346,0.00819536402821541
9156,25362,0.004690489557106043
9157,17194,0.005526956147514287
9158,96028,0.004466309249401092
9159,86242,0.015345284631475812
9160,73935,0.004966162554919719
9161,84015,0.005021844606380912
9162,44658,0.006116733269300312
9163,85459,0.0044651948474347634
9164,61066,0.014884437820874154
9165,64935,0.0061308733909390825
9166,79834,0.011499497133772818
9167,71656,0.0073962003737688044
9168,41223,0.0231115859746933
9169,12497,0.008816815428435803
9170,21361,0.004548515020869668
9171,55,0.011024647736921907
9172,51659,0.0056936731189489356
9173,4542,0.004400885459035634
9174,61674,0.004357947809621693
9175,22182,0.0044063030462712025
9176,1069,0.0027320579811930625
9177,66377,0.0066872523911297305
9178,52869,0.0027836009860038773
9179,96857,0.00788603015244007
9180,99256,0.005457295887172217
9181,14121,0.003999212854541844
9182,43963,0.0038529412727802974
9183,17129,0.0055584548413753505
9184,45134,0.004084412157535552
9185,13175,0.0055286273732781405
9186,52852,0.0032020680047571666
9187,99040,0.005214368910528717
9188,69684,0.011406355302315206
9189,19875,0.005719742849469179
9190,72893,0.012578790094703439
9191,80748,0.004274450875818729
9192,16668,0.018186309039592747
9193,43247,0.033191515803337096
9194,77142,0.012125047557055953
9195,10085,0.011279028952121729
9196,44618,0.0030318927392363553
9197,49513,0.012512071765959268
9198,70523,0.004658123757690186
9199,42719,0.005881477794609966
9200,15031,0.008978506326675413
9201,40715,0.0036760073387995308
9202,33980,0.013632269483059652
9203,52288,0.015077180638909345
9204,64991,0.005138372583314775
9205,97035,0.010242523401975637
9206,52734,0.015679583251476288
9207,88133,0.0030152072571218024
9208,51012,0.009726670330855995
9209,73701,0.006301786489784721
9210,41536,0.01048963729292154
9211,70203,0.009593239612877369
9212,37551,0.0
9213,95727,0.017339516282081604
9214,46292,0.004943415510933844
9215,59154,0.02238540083169937
9216,31909,0.004922754354774952
9217,13190,0.006032226132228972
9218,193,0.008355521410703656
9219,8406,0.017856782674789424
9220,56827,0.006693889973685143
9221,47547,0.006846259767189623
9222,59102,0.005184147432446477
9223,27035,0.003641244466416541
9224,50250,0.0086041056457907
9225,96806,0.0032242668839171516
9226,18876,0.010821818169206384
9227,5164,0.005165643841028215
9228,98679,0.0027832390461117007
9229,8368,0.005605851225554943
9230,1776,0.0036203661188483256
9231,5929,0.00901852313429117
9232,27311,0.010140860453248027
9233,72909,0.011194303724914787
9234,60288,0.008404722395353021
9235,60966,0.011832052823156124
9236,11974,0.004043744979426265
9237,9478,0.00333656795322895
9238,24540,0.010577741046436129
9239,72900,0.005065558888018132
9240,33863,0.010824789757607506
9241,86660,0.0026397591747809213
9242,50924,0.006392327100038528
9243,35896,0.005806247014552353
9244,5203,0.003771098181605335
9245,47223,0.010611713565886022
9246,51125,0.005178906860528512
9247,68002,0.004012553337961435
9248,4083,0.01018646875396371
9249,52101,0.008042013049125666
9250,8443,0.01575735403224826
9251,33579,0.006059439554810522
9252,41262,0.013157528862357142
9253,7000,0.005939046230632811
9254,4601,0.004506923961453141
9255,83201,0.006753794471733273
9256,66050,0.004656317103654148
9257,55106,0.007938783131539822
9258,98581,0.003087672134861349
9259,33391,0.012043664455413822
9260,78855,0.010679348260164262
9261,71032,0.006046592891216276
9262,95521,0.00843992211855948
9263,46954,0.009498885720968258
9264,23253,0.004775790832936763
9265,82035,0.00507402542978525
9266,73958,0.006040708273649217
9267,59943,0.006575969178229569
9268,57365,0.004378101862967016
9269,32273,0.006180844717891888
9270,29186,0.003015007264912126
9271,14396,0.007200529109686611
9272,60325,0.0032652052119374253
9273,70776,0.00642390042543411
9274,58946,0.004454172495752572
9275,74136,0.006400579642504449
9276,68448,0.0021227371529676012
9277,51343,0.004991064202040436
9278,54342,0.010876109087839722
9279,33435,0.0066655205981805896
9280,88307,0.013345727007836101
9281,16691,0.003925919816829267
9282,60563,0.0089502552896738
9283,88990,0.0017956175655126578
9284,30591,0.01086490776389837
9285,64120,0.00419339865446091
9286,26165,0.009942859420552846
9287,84741,0.01168987489538267
9288,10757,0.0034708562307059782
9289,65988,0.01927709639072418
9290,32201,0.005136133730411529
9291,28671,0.005441443920135496
9292,74765,0.012897165194153785
9293,81453,0.004252343131229281
9294,93978,0.005138732441700995
9295,35278,0.003726971223950387
9296,87305,0.006468161877710373
9297,31154,0.007591849667951466
9298,21555,0.012568235066719361
9299,34588,0.003939393488690253
9300,34027,0.011147934291511773
9301,45684,0.01278657298535109
9302,9989,0.007328421510756012
9303,10383,0.005934804305434229
9304,52886,0.004398133158683782
9305,45135,0.004560291357338432
9306,97587,0.007420722721144559
9307,53558,0.004145701839588589
9308,38977,0.008433734960854056
9309,47993,0.005767479788046326
9310,247,0.004848771467804907
9311,23834,0.0044377747550606765
9312,79914,0.00534143492113799
9313,56790,0.022764313519001007
9314,81629,0.005875488668680195
9315,20933,0.007494479324668643
9316,12540,0.006929115541279314
9317,81444,0.006227967217564583
9318,64957,0.003240006500855091
9319,38086,0.006888475148007273
9320,23704,0.0149210287630558
9321,32489,0.013565367963165048
9322,70146,0.013909017890691761
9323,82040,0.012419457389041778
9324,63183,0.005430650738999249
9325,20820,0.0029098382173106084
9326,8400,0.007906113215722148
9327,96107,0.0028989942744374296
9328,91663,0.010550767779350278
9329,23830,0.007718624658882615
9330,38343,0.009280129615217441
9331,14080,0.014832031205296518
9332,36699,0.006239044275134796
9333,35269,0.010567921437323092
9334,32989,0.011690241261385383
9335,17212,0.009001751542091376
9336,14598,0.0044285589247010666
9337,49198,0.004355680383741856
9338,93282,0.013350739479064946
9339,83305,0.006541576059535146
9340,22990,0.018318433165550235
9341,42013,0.004393090712837881
9342,4745,0.005703086191788321
9343,56016,0.005325544308871033
9344,13234,0.005054904073476794
9345,73681,0.004023923040367662
9346,48117,0.004072012980468569
9347,81327,0.005578678324818615
9348,76811,0.009593972321599718
9349,39941,0.011418789699673656
9350,81011,0.0037259222380816937
9351,39031,0.00958651226013899
9352,96126,0.00782495397143066
9353,42501,0.004121537713799626
9354,26143,0.004922129884362218
9355,45148,0.009798866612836724
9356,82867,0.003384930919855833
9357,62410,0.014579600095748903
9358,24689,0.004213300186675041
9359,76409,0.013051926996558902
9360,43931,0.012510781884193424
9361,86527,0.003276138594374059
9362,39825,0.008444964175578211
9363,14433,0.0030901376740075643
9364,64898,0.007095655552111564
9365,29701,0.025228038877248768
9366,99223,0.02084113538265228
9367,58134,0.004734261464327574
9368,91515,0.020878986418247224
9369,25028,0.008665698170661928
9370,75251,0.004584016243461518
9371,95061,0.0037710578204132603
9372,85013,0.011161806285381312
9373,7987,0.004835074339061976
9374,72748,0.014699896536767478
9375,84227,0.00863156866282225
9376,483,0.0032489691395312546
9377,90492,0.005054878257215022
9378,68328,0.005268063563853507
9379,91746,0.0067437083832919565
9380,85584,0.0037699083983898174
9381,33199,0.004028948289342223
9382,35792,0.0064161902666091935
9383,41465,0.005525997951626777
9384,52748,0.0032464078674092926
9385,46300,0.006044294717721638
9386,73787,0.008006529957056044
9387,59756,0.005042187310755255
9388,65854,0.015535949133336552
9389,91832,0.0030627783411182464
9390,44746,0.004010228952392933
9391,61011,0.01221256390213966
9392,11340,0.00869616687297821
9393,97893,0.005077025163918733
9394,15671,0.003379358381498606
9395,93412,0.004306330108083791
9396,22708,0.0038812302425503794
9397,33198,0.01780286066234112
9398,29334,0.007631079703569413
9399,77597,0.0018245761329308168
9400,72738,0.0037107515707612
9401,23798,0.0047282778471708295
9402,82480,0.006909380108118059
9403,45991,0.00396031131502241
9404,25688,0.005847555445507169
9405,79915,0.006711240261793138
9406,35942,0.006297740521840752
9407,41876,0.012953660357743504
9408,21288,0.005176235642284155
9409,86107,0.004096625852398575
9410,1552,0.008457376174628734
9411,44157,0.005802816464565695
9412,44247,0.00548646694049239
9413,31691,0.004787563737481831
9414,47881,0.005684844758361575
9415,57738,0.0032901652529835697
9416,69332,0.006315871924161914
9417,18495,0.004158532745204867
9418,31941,0.009919344051741066
9419,23210,0.004896973688155415
9420,89914,0.004702047370374207
9421,20998,0.003694940791465344
9422,75866,0.022081021163612602
9423,47769,0.005842596665024758
9424,71962,0.004334569238126279
9425,15338,0.00378736354177818
9426,47216,0.0034953821962699326
9427,80792,0.004676070562563833
9428,7760,0.003663079766556624
9429,69290,0.004901964507298543
9430,37282,0.004564609024673701
9431,47143,0.006423140224069357
9432,59445,0.007913021612912418
9433,64792,0.0037617798894643774
9434,27000,0.0039546561962924935
9435,31573,0.009712986797094347
9436,84647,0.005712288878858094
9437,10251,0.004642262146808208
9438,41370,0.013528216150589287
9439,8879,0.00683971986174583
9440,30413,0.01070063723716885
9441,55299,0.012588011482730505
9442,42883,0.0024210955016314996
9443,18948,0.011389731466770176
9444,5657,0.005498958453536036
9445,7405,0.006540698930621148
9446,54707,0.017019264549016956
9447,58744,0.007163728140294551
9448,40849,0.007249640170484778
9449,56495,0.005957034640014173
9450,7108,0.006574806766584519
9451,35005,0.004504511319100856
9452,90270,0.007427709940820929
9453,92568,0.01580334743484854
9454,86824,0.003594202790409325
9455,45217,0.007598805935122071
9456,74048,0.00605801871046424
9457,26557,0.022003329694271087
9458,99055,0.003382058012066409
9459,36762,0.00817855531349778
9460,65242,0.0036904106056317703
9461,99698,0.004154985528439284
9462,77109,0.00504752814071253
9463,82881,0.0035307905217632604
9464,12387,0.01786161661148071
9465,70056,0.007551597282290465
9466,87703,0.009339967761188745
9467,80915,0.004466921368148174
9468,10136,0.01071968957781792
9469,48283,0.006164147779345518
9470,1238,0.0034598886966705294
9471,20625,0.006853166222572326
9472,26872,0.002531297518871728
9473,5250,0.01586727596819401
9474,86207,0.007683465927839278
9475,57226,0.011119343461468818
9476,1925,0.0100170124694705
9477,85739,0.005115443868562583
9478,99901,0.01532765664160252
9479,59012,0.004523436484159901
9480,54286,0.006467965226620436
9481,40270,0.013400589227676394
9482,93445,0.00877775837900117
9483,97532,0.004286118615418675
9484,25429,0.002845409587025643
9485,64403,0.00413323290646076
9486,63854,0.004466712397988888
9487,51927,0.0036619464436080293
9488,83311,0.0028021299513056883
9489,26446,0.009262449741363532
9490,24772,0.0056025511864572775
9491,41780,0.022667026519775393
9492,33096,0.012996028326451779
9493,31218,0.0032835361734032667
9494,95173,0.019292554259300227
9495,57603,0.006338314991444351
9496,92982,0.0021845598565414528
9497,95789,0.01041803702712059
9498,81628,0.007655160296708345
9499,77631,0.004356038882397111
9500,59722,0.009489626362919808
9501,63606,0.007517303973436357
9502,437,0.01767770931124687
9503,92465,0.005888440031558272
9504,7435,0.004577333880588417
9505,25107,0.010869318880140783
9506,46306,0.004841417018324138
9507,72636,0.0027503138408064834
9508,38864,0.008333395514637233
9509,75403,0.01239099968224764
9510,61470,0.014896681625396013
9511,50221,0.004302590279839931
9512,87640,0.007786549078300594
9513,39094,0.009354108516126863
9514,57960,0.004131848127581179
9515,64504,0.009290878921747216
9516,95408,0.01769624233245849
9517,48783,0.0023215668834745866
9518,69846,0.0053412063373252765
9519,75125,0.0028451202344149315
9520,78597,0.00853739897022024
9521,37926,0.007785435491241518
9522,53060,0.009871284216642379
9523,88381,0.004503909782506527
9524,98005,0.0041141633689403545
9525,33783,0.003497939328663052
9526,1392,0.010773307615891096
9527,99622,0.0038226830959320096
9528,18759,0.008140007702168073
9529,15922,0.008939522635191684
9530,81047,0.004405090734362599
9531,80354,0.01109412013553083
9532,8819,0.006152204037643973
9533,95992,0.004448732315795498
9534,8067,0.003944564862176779
9535,18641,0.008805705830454823
9536,71784,0.014391569457948207
9537,96451,0.007971589863300321
9538,24180,0.003914486058056356
9539,18669,0.005048673560377213
9540,50398,0.002539625449571759
9541,52196,0.005545307765714826
9542,38942,0.004321694932878012
9543,31642,0.005547967161983252
9544,42491,0.004043132066726685
9545,74866,0.0032905146013945345
9546,12967,0.0059927675127983155
9547,47844,0.004930245866999028
9548,63658,0.0023445186764001827
9549,40066,0.005867812791839239
9550,39056,0.008546058470383287
9551,85467,0.006268646176904439
9552,36140,0.004123648982495069
9553,38692,0.0036997554823756263
9554,21668,0.0122441597096622
9555,67365,0.004991378406994048
9556,90045,0.005896661099977789
9557,81533,0.005573625303804872
9558,87917,0.010487198978662494
9559,3649,0.004885595291852949
9560,83581,0.0034614794701337817
9561,89187,0.0054180628573522
9562,81874,0.016667396128177643
9563,99931,0.0047023660037666575
9564,99285,0.007513726539909847
9565,89555,0.01272970765829087
9566,38516,0.005391180738806725
9567,67462,0.0026810118835419398
9568,87386,0.013568707853555685
9569,69779,0.0032503075059503272
9570,8237,0.008435704279690981
9571,59306,0.005475276708602907
9572,34412,0.008784765526652336
9573,80490,0.0042878508381545555
9574,81468,0.0045212230226024976
9575,57215,0.013445545695722106
9576,16315,0.0051281451433897035
9577,43408,0.005046777464449405
9578,69586,0.004658771883696318
9579,48491,0.018443875312805173
9580,47377,0.010565237128175795
9581,49510,0.014151577651500706
9582,38249,0.00869181186426431
9583,60748,0.00459741982398555
9584,56895,0.032855528667569155
9585,18901,0.005430429615080355
9586,89846,0.007660952731966969
9587,64174,0.01536696009337902
9588,37273,0.011534348903223872
9589,27638,0.008917631609365349
9590,83385,0.015341877052560448
9591,71977,0.0069641598616726735
9592,51728,0.015977012533694507
9593,82587,0.003948974777013062
9594,50471,0.012702648011036221
9595,80806,0.008981787264347077
9596,71046,0.00569640043191612
9597,1213,0.0032962965965270966
9598,79127,0.007561535276472567
9599,31278,0.0035440535517409395
9600,38721,0.005444562956690794
9601,45799,0.0036635730508714887
9602,81764,0.0029928328911773827
9603,42873,0.005662752799689773
9604,85508,0.026309641003608705
9605,81083,0.006663606399670244
9606,26127,0.00651950981467962
9607,5074,0.006318841427564623
9608,80221,0.004481075729709118
9609,3602,0.006400552298873666
9610,80537,0.0037695254478603626
9611,58712,0.0026326434686779927
9612,39424,0.003261058195494118
9613,30420,0.009010452032089233
9614,79577,0.007330010696314274
9615,46784,0.0033921451657079175
9616,86442,0.012353523317724466
9617,75939,0.007216479629278184
9618,40133,0.004144723177887499
9619,41385,0.010937386751174926
9620,63105,0.003928786907345055
9621,38337,0.00757631336804479
9622,35044,0.01983129382133484
9623,98404,0.005340083423070607
9624,1974,0.007046436299569907
9625,83692,0.0058184594102203896
9626,20644,0.004569841250777242
9627,61169,0.008380864784121513
9628,92933,0.004594188714399931
9629,15049,0.011144780516624452
9630,32911,0.0035615239432081587
9631,59483,0.004326951517723503
9632,79835,0.010720369620248672
9633,86227,0.003307210330385714
9634,71936,0.0032566210161894564
9635,46425,0.006018875259906048
9636,30302,0.006061139188241209
9637,52291,0.004680483564734455
9638,7023,0.006764484331943092
9639,35239,0.008146400442346928
9640,85444,0.0062069705501198785
9641,5241,0.008919015920255331
9642,50207,0.005792373586446042
9643,33220,0.006967644188553095
9644,65062,0.005201990976929666
9645,55805,0.00661058157682419
9646,11284,0.007535339435562493
9647,11605,0.015235400423407553
9648,86692,0.007450448125600816
9649,2427,0.00925257351249456
9650,53720,0.0064922209456563015
9651,50630,0.003029037485830484
9652,78233,0.02143350467085839
9653,72084,0.00928730639629066
9654,78494,0.013644028082489965
9655,47615,0.0038515243632718924
9656,1648,0.018321746774017808
9657,40518,0.003628350663930176
9658,83407,0.011554354187101129
9659,24780,0.006266975207254292
9660,89368,0.00987483219709248
9661,42074,0.002529991827905184
9662,82432,0.00844587997533381
9663,42426,0.004617903647013008
9664,32731,0.002332891152473165
9665,44852,0.003317250174004584
9666,72957,0.008635592192877082
9667,99657,0.007556777335703369
9668,21349,0.009004266690462837
9669,69107,0.004471998750232157
9670,74024,0.006318592717871066
9671,6111,0.014629307240247729
9672,68054,0.004487189864739779
9673,14567,0.008003647625446322
9674,39250,0.003284849654883143
9675,53218,0.01126502592116594
9676,57321,0.0047606109362095545
9677,82917,0.004769017305225135
9678,23479,0.017533317208290104
9679,56472,0.003618369800969956
9680,6457,0.005169775318354363
9681,85338,0.0032575190952047694
9682,5627,0.0055967614613473375
9683,19708,0.003713525317143644
9684,50106,0.010647092461585999
9685,92120,0.008413216262124478
9686,19496,0.007472580820322042
9687,93287,0.01830353028606623
9688,71011,0.004587345216423273
9689,56513,0.006157169826328759
9690,24043,0.009134180173277858
9691,12606,0.007005464062094689
9692,66927,0.0033689264580607425
9693,73939,0.0034905229764990537
9694,96404,0.00624367065727711
9695,96359,0.019244158864021296
9696,16791,0.007193793151527643
9697,32215,0.0055390697484836
9698,25486,0.0029760237038135534
9699,97387,0.010405415743589403
9700,15570,0.012107082018628718
9701,71054,0.004591444935649636
9702,68943,0.00443360095843673
9703,99088,0.017736948132514953
9704,30313,0.0043821377865970144
9705,17239,0.00676809726166539
9706,196,0.02290461778640747
9707,39466,0.006942733824253082
9708,46608,0.00514512434601784
9709,51472,0.010517625366337602
9710,61136,0.006893791116308418
9711,79162,0.006622105240821835
9712,74907,0.00409165271790698
9713,42199,0.004343624543398619
9714,40521,0.00753056014887988
9715,51073,0.00388522492721677
9716,20128,0.011275365487672391
9717,5109,0.0051210952177643786
9718,51966,0.006639238968491556
9719,58857,0.02213131099939347
9720,91101,0.011756790168583392
9721,25841,0.0031796472659334565
9722,96851,0.004761914936825639
9723,58256,0.008892929650610315
9724,94192,0.004025117475539442
9725,18447,0.0053267768525984156
9726,8477,0.022502162456512452
9727,37618,0.00364609323441982
9728,70197,0.0076833466207608635
9729,71027,0.005966494139283893
9730,16215,0.007106728581711651
9731,75093,0.0039569531055167325
9732,89580,0.009131199456751348
9733,73466,0.0054973928257823065
9734,77705,0.011568493545055384
9735,31723,0.00807459559757262
9736,44364,0.00899025070481002
9737,18327,0.004524114355444908
9738,10941,0.006947773098945618
9739,9829,0.0047320972755551345
9740,71114,0.003227535865735265
9741,40001,0.00949143785983324
9742,73537,0.015340250190347435
9743,16978,0.006496830005198711
9744,41831,0.017579588755033914
9745,38780,0.004986535869538782
9746,81783,0.004749682166147977
9747,52344,0.0074687581509351765
9748,47930,0.009294091667979962
9749,33214,0.006367835830897095
9750,21727,0.00821172896772623
9751,84992,0.008981611779890954
9752,92508,0.0027302835637237847
9753,80286,0.002664838517084719
9754,14444,0.013034674655646086
9755,14185,0.011174253998324274
9756,79432,0.00611392091959715
9757,6153,0.003206396722234787
9758,56095,0.003967580497264866
9759,63809,0.00548713807016611
9760,4302,0.003913800045847893
9761,15015,0.004174203858710824
9762,29247,0.007023234367370605
9763,60885,0.005761725902557378
9764,18072,0.005509170582517986
9765,13009,0.004396489448845388
9766,3702,0.009670082591474057
9767,44582,0.004125535620842131
9768,44661,0.007684623450040819
9769,38016,0.0033895309641957254
9770,49562,0.0070841862983070355
9771,18157,0.010437620726879683
9772,25893,0.0068149949144572005
9773,9185,0.0028046206501312534
9774,17602,0.0019450405053794367
9775,90004,0.0028844851348549185
9776,57220,0.00843148484826088
9777,18007,0.003363764197565612
9778,20686,0.01660866692662239
9779,95683,0.009523445665836336
9780,87834,0.003198775388300419
9781,81572,0.014663996398448944
9782,45667,0.004854514449834825
9783,41485,0.01497747084125877
9784,25621,0.007010857127606867
9785,56048,0.004884022697806358
9786,8365,0.010744411647319797
9787,18651,0.007853317111730576
9788,76763,0.009125558435916902
9789,31878,0.01147594757378101
9790,57907,0.0074378434382379
9791,90283,0.005871246065944436
9792,38739,0.023724272008985282
9793,29773,0.003805368845351038
9794,32995,0.012644686363637454
9795,5070,0.006507323676487433
9796,6717,0.007423177331220353
9797,31438,0.003697892455384138
9798,94961,0.006509077269583942
9799,20942,0.007575727626681329
9800,43481,0.004440375966951248
9801,29900,0.007547473143786191
9802,31109,0.012101254463195802
9803,77934,0.014817262887954714
9804,3674,0.0008307719521690164
9805,21591,0.012200986742973333
9806,64488,0.007790396544151007
9807,91264,0.006868672347627584
9808,12857,0.003956007207743825
9809,17180,0.018454449772834784
9810,79892,0.005958737004548312
9811,38246,0.009598395228385927
9812,53824,0.004996953578665854
9813,38521,0.017649587988853452
9814,42354,0.005833810195326805
9815,56125,0.0055992119573056685
9816,11766,0.01718538500368595
9817,21945,0.010651388913393013
9818,19693,0.01963930744677782
9819,6135,0.004660834036767483
9820,91447,0.004658773001283408
9821,28473,0.013905988559126852
9822,13809,0.007011674866080282
9823,38258,0.00597494474612176
9824,36851,0.0038284837594255786
9825,82675,0.008271994143724436
9826,26613,0.006222295593470339
9827,14417,0.0037543080747127508
9828,2882,0.01915986582636833
9829,79178,0.005596382194198666
9830,25550,0.0032569182233419245
9831,42864,0.003958149142563342
9832,40307,0.0040311886160634474
9833,8339,0.012011040449142456
9834,64106,0.01322606236673891
9835,43530,0.004561728974804281
9836,57187,0.003971079590264708
9837,14173,0.01489568203687668
9838,64148,0.002767920389305797
9839,672,0.0026698719151318096
9840,15993,0.0040433455258607875
9841,66688,0.014889656682498748
9842,24279,0.006648240312933926
9843,85851,0.0034122030902653945
9844,73541,0.006424487764015791
9845,70704,0.003491096338257194
9846,9506,0.007416703249327835
9847,63932,0.00814135325141251
9848,22411,0.0
9849,13736,0.004917558878660208
9850,46773,0.00886543095111847
9851,19117,0.007997592571191484
9852,16237,0.008011068124324082
9853,20788,0.004877326276618984
9854,90817,0.004695725664496421
9855,24509,0.008271086197346449
9856,68757,0.006760671511292454
9857,84586,0.013600835730321703
9858,59188,0.007851899582892655
9859,52234,0.011659274473786353
9860,2445,0.005553068076260389
9861,75225,0.022140482030808924
9862,46870,0.007366753984242677
9863,89361,0.009089661613106727
9864,65303,0.0027093374915421013
9865,19055,0.008730095922946934
9866,18747,0.0031527253636159016
9867,78123,0.006450840793550009
9868,31073,0.0
9869,20876,0.00260049766860902
9870,20306,0.003626164514571431
9871,46520,0.012868785522878174
9872,40859,0.008215239904820915
9873,62317,0.0029283561767078957
9874,87309,0.005465314984321594
9875,69746,0.01920585915446282
9876,83759,0.0025566301355138387
9877,37265,0.003887145975604655
9878,83835,0.014292501211166377
9879,85823,0.0038290814054198546
9880,62397,0.005846794610843064
9881,76055,0.007071964293718338
9882,33437,0.010197952301241462
9883,63566,0.005971176959574226
9884,77050,0.013555161533877255
9885,25632,0.005181271124165509
9886,52830,0.002911543915979566
9887,20421,0.00405310899484903
9888,49582,0.005669016903266308
9889,776,0.005070701055228711
9890,78664,0.0045975635992363114
9891,62263,0.015182059407234196
9892,6336,0.020090807862579822
9893,52492,0.007386528737843041
9894,57843,0.0037471182271838154
9895,50756,0.004940952807664869
9896,88771,0.005006400998681784
9897,87704,0.009572984199039639
9898,76308,0.00735504198819399
9899,11268,0.002628262713551516
9900,25377,0.0039019084908068187
9901,79494,0.004255745881237093
9902,8968,0.013578528761863712
9903,42179,0.0038968239480163874
9904,43635,0.005426992848515509
9905,21388,0.0036599502013996204
9906,31282,0.004420668967068196
9907,60464,0.004164082189090558
9908,43886,0.008046693829819557
9909,51463,0.0037294572591781657
9910,77610,0.006460542399436236
9911,30904,0.015115770287811758
9912,7186,0.0224872063100338
9913,80616,0.005417199297808105
9914,52728,0.008640384518075736
9915,62388,0.004537033371161674
9916,79360,0.005035062413662674
9917,48769,0.005416504985187202
9918,10296,0.006094099581241612
9919,46182,0.011423137849196793
9920,53686,0.0063476323336362815
9921,71335,0.007575942836701872
9922,86524,0.0031586040183901754
9923,15796,0.008580678179860118
9924,4639,0.009208927783183753
9925,24196,0.006278604394756261
9926,33351,0.011333299959078428
9927,12099,0.0038428007625043396
9928,3786,0.007335032969713211
9929,93208,0.006002869419753551
9930,71605,0.003715295698493719
9931,37778,0.005982458177022637
9932,6928,0.009255593866109848
9933,71145,0.004898592233657837
9934,94297,0.004381452775560317
9935,80839,0.007264634463936088
9936,29066,0.008280905783176425
9937,31525,0.003499042303301396
9938,41119,0.003059296547435222
9939,83878,0.005321239307522775
9940,602,0.020889606140553955
9941,68192,0.005078746764920653
9942,95405,0.003903992213308815
9943,67254,0.0035294377990067014
9944,91198,0.006227274090051654
9945,40031,0.006128244511783121
9946,47079,0.0036678564222529532
9947,30358,0.0027829016302712236
9948,75361,0.005156039712019264
9949,666,0.004320301748812193
9950,48848,0.005267257913947105
9951,47054,0.005949976569972936
9952,80589,0.0051824849471449885
9953,87276,0.0038898547226563114
9954,60162,0.005835334686562419
9955,76746,0.002590298729483041
9956,88319,0.006749396380037072
9957,85447,0.005743177155964076
9958,12478,0.003912022430449725
9959,5473,0.008304617330431939
9960,19021,0.005639383569359781
9961,32729,0.004247438609600068
9962,29525,0.009353981325402856
9963,70286,0.011142918071709567
9964,75035,0.005578262247145173
9965,52990,0.019309938251972206
9966,18333,0.004352707595098759
9967,97663,0.008048890531063084
9968,32964,0.0036224865214899175
9969,74679,0.0030925035791005973
9970,76733,0.008577130660414694
9971,66553,0.005079513825476167
9972,23498,0.010369863510131834
9973,94974,0.011253827661275863
9974,43004,0.014484554086811846
9975,23565,0.008232707381248473
9976,49319,0.0032746684364974494
9977,12765,0.005016205543652176
9978,41601,0.0036189902201294913
9979,38192,0.02151004206389189
9980,23751,0.005492673180997375
9981,64058,0.004632906503975393
9982,15764,0.0035512430453673
9983,27528,0.006667946502566337
9984,73538,0.009218367487192156
9985,31376,0.011925118565559384
9986,89378,0.005699415837880225
9987,6556,0.00481248639523983
9988,57703,0.004125188370235265
9989,58536,0.006012643980793654
9990,35647,0.003709067055024203
9991,73607,0.006413842870388185
9992,81745,0.0057455176301300535
9993,35667,0.002974509298801418
9994,20439,0.0052347267931327265
9995,8872,0.005131761366501458
9996,65387,0.003231218592263759
9997,72325,0.007758594304323198
9998,1825,0.005005922466516493
9999,98945,0.004061004929244515
