ci_idx,ai_idx,distance
0,85479,0.013450002456371
1,82307,0.0062793503381554806
2,41014,0.01675301154876387
3,30541,0.01954532440521568
4,54256,0.005710404020962532
5,95007,0.012500863129252266
6,36831,0.008609758966105061
7,40941,0.008916071086743098
8,38882,0.007852411931104525
9,29409,0.01765384151317469
10,61471,0.03515924242322769
11,59659,0.015712846333295543
12,63271,0.006862548788375384
13,30043,0.012865290999365526
14,87630,0.034020270291847135
15,1272,0.018613777404923752
16,55935,0.013278257719018962
17,92511,0.011648243627364104
18,43320,0.03360143055056268
19,63088,0.00988517370213143
20,12703,0.02220066049648125
21,84175,0.011766502046166322
22,72319,0.018511625705362845
23,48540,0.031527625871285464
24,89213,0.009384045585285147
25,64020,0.016645067150547296
26,14077,0.00612079910566094
27,82717,0.009505796400665935
28,70957,0.03192450522569516
29,40989,0.01953414978764024
30,45439,0.009950083762524944
31,35013,0.027459733812000585
32,96422,0.017998640796192362
33,93474,0.015558794864393611
34,71165,0.010520731940734456
35,22903,0.006977736088825216
36,74673,0.010003438497360274
37,14017,0.036062356512963405
38,19682,0.007087030059225291
39,53061,0.004227055550433771
40,61983,0.01876489937014316
41,86194,0.008602993266804504
42,28850,0.010053824767288616
43,55124,0.02392566601230202
44,42540,0.007474769744207582
45,92697,0.008837941945401908
46,21560,0.01884305776505475
47,92075,0.00953723297717324
48,83575,0.010126336466601937
49,86123,0.011212669525535537
50,75602,0.02389768143319541
51,73490,0.008485806406222308
52,24059,0.0395878991581847
53,74848,0.02520793499819943
54,25749,0.02186904393148018
55,82101,0.015189909776274336
56,8394,0.016972204763323076
57,7675,0.007097989694178108
58,13670,0.009073588849069402
59,17346,0.029607809534205876
60,53525,0.0062769948096565095
61,4911,0.015052121761458152
62,80691,0.029601284498045808
63,14688,0.012474332487332552
64,51984,0.017808893524087918
65,44550,0.009442979785150653
66,66784,0.005947834602149239
67,6078,0.027559629581320525
68,39503,0.008531691178923505
69,71987,0.010344810925332536
70,41633,0.019299848807535356
71,99213,0.025650811594096826
72,41393,0.019945326708463173
73,54710,0.016588554369849514
74,46939,0.014445034933038453
75,83949,0.016099466491168335
76,25975,0.012111215858728534
77,42792,0.02253568480009372
78,29329,0.010550406460012162
79,39367,0.025800291883572645
80,73611,0.010741700625519286
81,45950,0.011082740918026288
82,22740,0.014920482443136889
83,32885,0.010942735507002532
84,31132,0.011241218457356362
85,6940,0.021674843721237232
86,13245,0.017770069519725637
87,55184,0.013382427290651606
88,81865,0.05779973250456137
89,63307,0.01857104880138003
90,61508,0.017295150452604383
91,8419,0.009232232233046183
92,65266,0.011421980308645545
93,41938,0.02499009299976675
94,76134,0.006166097089231289
95,11908,0.013688354533729899
96,76269,0.02750588883813158
97,89009,0.007348325844529587
98,87288,0.044705673619646336
99,43768,0.01575874293227801
100,25144,0.01708624044716683
101,96512,0.01107149630894647
102,69455,0.012736938871890438
103,27482,0.048952685738580054
104,19055,0.009725553994193992
105,95692,0.0070876250169643945
106,55358,0.028362613743904138
107,75151,0.015351051264918762
108,62191,0.059717637255852184
109,46747,0.011059094453949817
110,42802,0.015167965596913793
111,85822,0.01121239282632538
112,41385,0.010084628568697738
113,43442,0.013684751225094494
114,24278,0.006258668420588695
115,46511,0.015194395336069361
116,27717,0.02802908276231321
117,55253,0.010926023568211585
118,82373,0.010687543935779215
119,5954,0.027561008820751295
120,61085,0.015047659818594572
121,50326,0.006184873526481708
122,41081,0.01755072285518556
123,72691,0.008984994321021154
124,8717,0.02128696054841417
125,64747,0.02591274682203823
126,67220,0.009042715208010851
127,34386,0.01321943523729912
128,94229,0.006536752032798547
129,75610,0.015277548623642896
130,7885,0.008964502957215018
131,53306,0.017195413200656935
132,27454,0.011695528201080562
133,18567,0.01131803386450735
134,37882,0.010946846588799807
135,65977,0.014368966947129747
136,8932,0.03516040648184718
137,23072,0.04562409759815723
138,48807,0.023713466854225217
139,42770,0.015088896769860189
140,37019,0.027056316230116385
141,46081,0.009900014434743134
142,47746,0.040374075640221885
143,21299,0.007805459646328296
144,72091,0.006532943388543353
145,87983,0.009986131071178067
146,71288,0.005063394509211944
147,98078,0.029349010511351997
148,67837,0.011004031742846039
149,87844,0.010414038113174272
150,13175,0.006769003667329595
151,89106,0.020867474180260314
152,20946,0.012935121806911152
153,79539,0.006824130156194895
154,37008,0.02582459931179344
155,3052,0.014565573280457489
156,71294,0.015806734232605684
157,8469,0.034844511532460584
158,15711,0.009604377596528595
159,93290,0.01648983125386162
160,15638,0.01772646877466827
161,25196,0.029580970458464074
162,25609,0.024848589221713742
163,9814,0.03028847842004453
164,95304,0.02013391335803231
165,46034,0.007663320878085754
166,66053,0.01169591192019977
167,67855,0.00845606462542697
168,31928,0.020782867447242878
169,54414,0.008533236877879916
170,39384,0.02399197995273464
171,8316,0.04402827407005482
172,71708,0.035580188733978946
173,81830,0.011666424665627832
174,2387,0.005007008984751871
175,52754,0.008391646546633765
176,87857,0.006173314549511545
177,86762,0.006936187790372044
178,21193,0.05585060838010254
179,80575,0.027623665747385978
180,98122,0.021158422241661774
181,33233,0.034763304506656614
182,36461,0.007684369280730852
183,7556,0.019423662693481315
184,7403,0.010119777843316061
185,57730,0.007976143726252315
186,51348,0.008339871949259331
187,8772,0.024961340188839234
188,18709,0.009629243992934635
189,82728,0.012599974703102416
190,60276,0.018242073820486687
191,54189,0.025271167976122843
192,5464,0.04373819199556719
193,65281,0.00615166919120288
194,4373,0.03465412405425905
195,43345,0.016377457856711086
196,31103,0.034895824132064726
197,70080,0.0207342985026056
198,96627,0.02238784736879107
199,50328,0.006152496941773607
200,16957,0.012725770319085306
201,45809,0.020234990057555188
202,83604,0.010681517677996813
203,64509,0.018933637809198094
204,74454,0.014978047419046467
205,60788,0.019639967051599056
206,95541,0.04500010086385055
207,7099,0.040237318578901934
208,71911,0.014518279175260565
209,52885,0.020349426240607694
210,60142,0.06889255437288763
211,63637,0.02052748252553668
212,60268,0.013281001968185218
213,46789,0.009823474178996393
214,76235,0.028968158018208783
215,4700,0.013171719599508067
216,77087,0.0097607839813681
217,71512,0.01183053718256007
218,16337,0.00880783604311396
219,39555,0.01942483629367237
220,16926,0.011672982437156646
221,7113,0.0418977188526833
222,82368,0.00903703693879188
223,19753,0.02554467565715707
224,14766,0.024273449486778995
225,71937,0.009621835539847247
226,8030,0.008952735223100403
227,12113,0.011694057677930397
228,22010,0.011540123057869733
229,41445,0.015885097114795913
230,32886,0.01259667609665304
231,2983,0.022037351667229005
232,98156,0.010162158567414805
233,50501,0.011824752772110023
234,3072,0.014242980042585592
235,37906,0.007267162859803219
236,24588,0.010108860250187392
237,96300,0.027571518152449997
238,12305,0.04542618018142171
239,78328,0.03832117369592457
240,39478,0.012954900370628578
241,19291,0.03524892838799399
242,18385,0.006360183238211291
243,85589,0.014477522870179366
244,69020,0.011931924703945641
245,55324,0.01356233969008223
246,45596,0.007033530815501016
247,38450,0.021409617699993094
248,95748,0.012960708746702635
249,50344,0.012874608204970429
250,732,0.011560587843172532
251,38236,0.008818758787471704
252,71439,0.008378134933292732
253,26139,0.01696356015447789
254,77292,0.022134762552361156
255,23323,0.01146268070019562
256,24818,0.01983905343080141
257,2566,0.01022262490304644
258,50376,0.009045742335974166
259,41357,0.027609478215180987
260,45397,0.036457665638297325
261,71306,0.005219509328771923
262,43643,0.009043884736965479
263,92480,0.015325982020564092
264,34063,0.008379383599155674
265,39204,0.01931538955114442
266,64943,0.008416834378658472
267,99269,0.007101287262123782
268,93869,0.007293012028652639
269,90447,0.013521253653007924
270,50141,0.008269433956121093
271,53343,0.009129481395377219
272,4545,0.016782271171511848
273,64182,0.005778116652695146
274,95700,0.00981780741677675
275,20523,0.014163236893724136
276,17774,0.021530200652845298
277,38119,0.010121915026807
278,37531,0.021595489020317316
279,28223,0.007590006975057921
280,5798,0.021717490991859042
281,63152,0.024151845841354772
282,84908,0.006842084849574912
283,20976,0.04621721597535466
284,52515,0.02075723386712041
285,26847,0.03075916617915713
286,13438,0.026134501146405
287,42128,0.01192433222428578
288,65373,0.024717877985529286
289,3974,0.02215122236565961
290,16506,0.01440803297205807
291,23475,0.004259586092491536
292,94450,0.011760088421239913
293,47560,0.01644958793479524
294,61511,0.020783292838995458
295,90617,0.0058539291103839024
296,61282,0.03506519041476959
297,41902,0.024782515356715547
298,45998,0.022717862005198642
299,74040,0.015013818695980239
300,96998,0.013921788545283517
301,57387,0.012903100682886678
302,82175,0.01807881483394702
303,21885,0.015465559465179933
304,3182,0.008761951351753009
305,7058,0.01589574013842411
306,75483,0.024283818976717487
307,15345,0.01107339972309847
308,15847,0.012579400734491777
309,65799,0.00857549322809636
310,42598,0.016552861043427562
311,75096,0.005822190648658922
312,13435,0.022198274194084225
313,4075,0.00958941560194176
314,63032,0.02698453453542669
315,69762,0.007185120811600307
316,36954,0.02899243631810717
317,27986,0.01208246021659437
318,21949,0.011817009755172742
319,61678,0.006885568220571653
320,80525,0.010214975846638179
321,13796,0.019493999340787535
322,82686,0.0038756493485150047
323,76553,0.006526412191099895
324,34300,0.009322951907047149
325,81795,0.019153690548056025
326,1113,0.046431567113153854
327,53877,0.010497442569036609
328,34687,0.009227323536432106
329,9884,0.006924205179818585
330,15890,0.007470019643690272
331,23461,0.02326776931877868
332,64473,0.019962801006482053
333,36557,0.007856700609091796
334,20594,0.04424987854644899
335,70115,0.04301904240469638
336,86547,0.0303748468421616
337,26765,0.014473345000457672
338,19247,0.008166445027308709
339,84993,0.008661725643791593
340,1141,0.010652053866646393
341,6767,0.008393331029752015
342,38461,0.03436125304146671
343,49708,0.04264666898016308
344,91572,0.008370617020167882
345,25825,0.016847984044244355
346,85851,0.019717074345534293
347,9903,0.013495427060205917
348,49575,0.026567013693047807
349,2074,0.02138920365794779
350,65894,0.018507471632128115
351,19680,0.00900553895760698
352,55087,0.014430929761625588
353,76921,0.014965131740517067
354,94616,0.01438564578011223
355,49444,0.021819580612648232
356,6498,0.02109973899292691
357,49832,0.010800259309290334
358,68485,0.04120212076954127
359,24423,0.017208724763826976
360,77846,0.007275476149882533
361,42994,0.013836621845433085
362,35226,0.013907969126011239
363,36006,0.01515195423648648
364,14422,0.022503322194655107
365,9478,0.017535058214328124
366,22222,0.021781386693696916
367,77269,0.0056689233325516826
368,16384,0.022885101991666327
369,5982,0.015979529065094776
370,30741,0.009990729447682985
371,70930,0.007270940567476545
372,61585,0.013092816345673504
373,18353,0.027867855716494503
374,20639,0.028741196099010356
375,77695,0.024581373967089048
376,39324,0.024621694729174932
377,27410,0.010482011080332317
378,81995,0.009921503871666433
379,57672,0.05657338261108849
380,14384,0.0582858379000888
381,95350,0.018002972774110317
382,62173,0.010671950094094012
383,64519,0.025520430666979402
384,72725,0.03015780138261508
385,49927,0.02320822679270305
386,52664,0.01692876855042113
387,32117,0.0207961617506647
388,89403,0.03705987356486182
389,39412,0.024218903557168818
390,97139,0.0071178209094822295
391,10370,0.015467607695171566
392,22283,0.018484469386111747
393,40587,0.013670826047991799
394,61228,0.01116175157459253
395,40431,0.011089120128044243
396,93006,0.013912330731030802
397,93166,0.033939499419566685
398,44949,0.02743558254700664
399,76850,0.01654917819927479
400,75388,0.02894926937598934
401,36754,0.03373934186994828
402,55502,0.029259571546897345
403,89049,0.015213566148817758
404,58444,0.013908622148359459
405,26934,0.016808203024212577
406,1919,0.014285823842344086
407,36704,0.006213942192169854
408,57784,0.009232294895551782
409,11611,0.013374015306316102
410,26949,0.016296146390002045
411,10424,0.008672570961632965
412,66604,0.023140777983976533
413,79756,0.021829836048066334
414,6700,0.04384730064916273
415,97854,0.02568628258359536
416,58680,0.011833457280197938
417,88199,0.004506514657809357
418,64337,0.008250132168576778
419,60048,0.007007729631809347
420,71016,0.03003355533113426
421,24499,0.0085373205889346
422,78466,0.018373857325782457
423,78039,0.010765887734899811
424,8974,0.0280790394304581
425,42869,0.02226395097642847
426,57649,0.0120028710134501
427,77981,0.025785287949082792
428,403,0.010524023421326925
429,60966,0.012660472235927152
430,72303,0.01730891215476543
431,96852,0.02370369566247631
432,29275,0.03247509823607296
433,22062,0.013108566263626506
434,31834,0.023779216000070547
435,70814,0.013220309733410833
436,29925,0.011712734762264553
437,74064,0.0452951736874176
438,65796,0.020230000100311868
439,82500,0.052025944732330597
440,2914,0.018289363512539108
441,4957,0.006649333323994592
442,53243,0.015826444814614968
443,32137,0.013720529550583843
444,68200,0.006465620464172713
445,73184,0.00623722502605504
446,73511,0.03484224181082282
447,3331,0.013260294237607984
448,56677,0.04428810807992938
449,27740,0.03072321070954747
450,33013,0.02997998490827362
451,91151,0.020265001112786528
452,80784,0.05382007771151809
453,74138,0.015911237483701053
454,73733,0.024423902782320685
455,87502,0.022753313675660785
456,72172,0.046896355973875654
457,19646,0.014328391474091878
458,49968,0.011439172254324635
459,21406,0.012842379166697455
460,46658,0.009545428174119467
461,10645,0.030670323700943025
462,1072,0.01264057074961138
463,37158,0.04913843080096451
464,1111,0.04270825546097318
465,73152,0.022368379615065093
466,59304,0.03840537505616459
467,12622,0.015219035339905622
468,93991,0.02368350732371076
469,93063,0.012914455888918125
470,96575,0.02305998385210372
471,10686,0.012383066674044561
472,46480,0.017709796303885965
473,37852,0.021189598832829407
474,95846,0.033561079449824
475,85668,0.011153234678356579
476,29866,0.011896326628518727
477,10849,0.03766245873075452
478,1599,0.05041150055896375
479,67271,0.008933733349253903
480,25735,0.021753263398278985
481,90519,0.017498765699174267
482,98180,0.009411385663579644
483,7122,0.012108953862846798
484,6600,0.018236002829033718
485,76711,0.008916419083973367
486,21781,0.02041443302293722
487,31667,0.012250464024524269
488,66595,0.024994107012235818
489,15928,0.010363666863876886
490,83310,0.013370235942288007
491,62268,0.027521272483789553
492,66627,0.01044567715670086
493,46335,0.020483671118453797
494,9372,0.03728416597403924
495,10714,0.023558805697809035
496,64380,0.021092025811425618
497,999,0.020848899906898415
498,63872,0.022258284816906906
499,88339,0.033240723784167744
500,21888,0.020443482619510185
501,31976,0.019308074337574133
502,53087,0.007974004982528371
503,47449,0.04080244833791724
504,29825,0.033610063969657544
505,28829,0.042930207218841325
506,16248,0.010300735791081268
507,6979,0.021531058100910105
508,15542,0.007919638784393057
509,94003,0.01651945629191323
510,71164,0.009718353298395467
511,89710,0.01106366127769649
512,82687,0.021838654172884393
513,50159,0.015895485393196695
514,34384,0.014584875008968889
515,25867,0.05033481822201097
516,40356,0.01164040101050565
517,87852,0.02079502268611206
518,45078,0.0291670601999985
519,79485,0.007963299662023299
520,26940,0.04804153696930884
521,84722,0.04506848222284938
522,4051,0.04146232956724838
523,55289,0.009911353596727223
524,50773,0.024880730662699444
525,60946,0.021183284915538565
526,63128,0.02042009703521377
527,25509,0.02360160975956442
528,63524,0.009262322537538203
529,6267,0.014336596843736891
530,24951,0.011194627600893887
531,84896,0.04112715253111942
532,74893,0.04783205610101741
533,43671,0.03226532342272244
534,15166,0.031184069498566655
535,11127,0.017246824732022565
536,84478,0.006486952547767626
537,27705,0.043702482293821926
538,93581,0.0271481083925397
539,46955,0.015173288434094243
540,61152,0.007752102246417132
541,24778,0.012360334462950352
542,34473,0.011099188381534114
543,72975,0.011850241099838713
544,8690,0.02353166623626652
545,76051,0.019819075966786323
546,63099,0.008586219206967099
547,50259,0.016565105334786875
548,46903,0.0077114808238921365
549,49027,0.012063969440000788
550,18288,0.00817496631702928
551,49707,0.008111090964720463
552,35580,0.024853149214456874
553,96146,0.012410777936626548
554,79139,0.01998017835784257
555,17987,0.018032410094820272
556,94584,0.025565339670438468
557,85414,0.01755268837806919
558,14680,0.01414738019554481
559,18775,0.009672808087753034
560,68294,0.015055219361222935
561,14738,0.009194118212747782
562,44869,0.017473779538407223
563,69251,0.00549189465711
564,66410,0.012875038088012273
565,69559,0.02430519644392207
566,23044,0.016653149827756793
567,8473,0.01026148171143711
568,94143,0.08634432362205428
569,21234,0.01293037987931014
570,21200,0.00516082320540163
571,38127,0.01137878484534241
572,87118,0.01832764866870676
573,81351,0.025018364628471193
574,77923,0.007151877099828121
575,43198,0.028349529071116597
576,4192,0.010073639579155347
577,36585,0.028808701207445962
578,39266,0.014920597134459031
579,90866,0.022269258458485024
580,33495,0.024638977288548337
581,86266,0.028409213935872268
582,54785,0.004486810535158904
583,42289,0.013386197131883498
584,47069,0.005458844051867487
585,77912,0.017504264005069017
586,20192,0.029652021436488152
587,2005,0.015595220475767517
588,81254,0.028175790792519285
589,19862,0.007713983552017357
590,73633,0.027248025061489295
591,57643,0.007660147449804545
592,66761,0.015172443592538309
593,57750,0.006238422903084333
594,24530,0.021056289399218373
595,81775,0.008932197369188068
596,43720,0.014599283092899724
597,8457,0.02569959113160387
598,47576,0.00584616408886059
599,53193,0.017229090469151845
600,70758,0.014673616682073523
601,84562,0.023709314342322957
602,18875,0.012774105840767568
603,21345,0.007632838664333881
604,33221,0.012412783539099356
605,84276,0.013127222203401174
606,88739,0.0268922972860359
607,49032,0.011588256686996949
608,28909,0.0476838115074394
609,49417,0.013656027316544085
610,16936,0.03998917593533643
611,66852,0.02009390569308257
612,97285,0.03819991169734484
613,76520,0.018085081093191506
614,9012,0.03080239525181889
615,2286,0.014073821196491818
616,93074,0.009954265595112357
617,23848,0.004600133369872601
618,48021,0.013918255253205768
619,62150,0.008262156628804985
620,71197,0.01736070904376809
621,87900,0.006598614500440914
622,92637,0.021042129511390364
623,24698,0.023463698258291157
624,58988,0.015434725079539637
625,97373,0.011098162931261516
626,81971,0.010290103658211848
627,63686,0.008440218444447688
628,81507,0.04581142983307496
629,80329,0.055267815374802964
630,46819,0.008910390146425601
631,79466,0.019040872910711486
632,48721,0.01061919160268163
633,59054,0.01814843792545745
634,8533,0.03617295758978587
635,6440,0.007206630308477306
636,85089,0.008724996938599648
637,33075,0.012874950074219673
638,94394,0.05579923293439786
639,78096,0.014829638638780026
640,9731,0.0185438768069495
641,97572,0.03426161137570259
642,48301,0.04514539606132612
643,3585,0.04113324402267758
644,88600,0.01941689323927163
645,97387,0.022247832014816744
646,58255,0.0065427336162204
647,82505,0.008376077996074545
648,57777,0.014809012305306493
649,51931,0.022964969489727226
650,90843,0.021356949005321334
651,15289,0.018903339125990244
652,76221,0.01604711386997948
653,77537,0.04852637313475351
654,58880,0.009838530002945238
655,13237,0.009212825947149653
656,48834,0.03411800911781269
657,64142,0.008186440758820693
658,89647,0.005626329387902218
659,6364,0.016162702568317734
660,58831,0.015686811702061196
661,53564,0.03647679515328127
662,23862,0.012438017147025143
663,74249,0.0273799148585612
664,34879,0.009697190254927244
665,67112,0.024423219288930983
666,53755,0.008816301608397553
667,78076,0.021705802146769322
668,71925,0.023188112025090368
669,99598,0.02350529174720943
670,61278,0.010537103686335359
671,19916,0.010975370789529947
672,485,0.009372373635663723
673,82700,0.023270218047198633
674,97603,0.01473671939431259
675,94490,0.02684705042436064
676,7491,0.018944108921657533
677,39138,0.008246546224734296
678,15867,0.05562324688385707
679,89315,0.020658502013910722
680,20520,0.012133387332264786
681,296,0.018693653476439063
682,97930,0.00820120649300333
683,68278,0.020948018512697723
684,7048,0.014369301988739739
685,36967,0.008148161991274825
686,46592,0.02625206162715422
687,15583,0.01011790966604352
688,82723,0.0060616514072529565
689,14841,0.018053679961236233
690,17003,0.021593576135019398
691,10907,0.04166396228780782
692,98478,0.014832189837504187
693,67557,0.020519187209702302
694,40466,0.009541415074294603
695,13148,0.00882462363426824
696,69884,0.009933661355502155
697,99135,0.014961192415188557
698,89230,0.022767067230231145
699,5285,0.020561081628340694
700,82684,0.022617327119114124
701,79549,0.029664223811294497
702,20327,0.010366496461792909
703,93638,0.01228135457100319
704,87908,0.016089032600276096
705,14597,0.005743901856674035
706,20340,0.016227779366435092
707,47390,0.020427101821550026
708,21733,0.025635453429522087
709,14505,0.01323993207562979
710,45729,0.054887235668080944
711,12639,0.03034777133102812
712,67865,0.017198802935597668
713,44744,0.009875433731637843
714,56757,0.01496654906744878
715,55815,0.007891466128536584
716,84365,0.037755968246254074
717,22297,0.01417227714480783
718,97781,0.020313416572200746
719,3574,0.010024732142881526
720,90114,0.019497709803162108
721,83343,0.015338100515121564
722,49513,0.014430194076808822
723,38245,0.012064058932905528
724,63966,0.011225334455734377
725,25994,0.008773973462177682
726,51604,0.011083964606233466
727,97076,0.008161059107534164
728,58089,0.005762016669536162
729,8983,0.02497629661138718
730,48505,0.04028073442865555
731,94396,0.009136014342842107
732,75758,0.019419283771317825
733,43943,0.01047901490734372
734,30418,0.014870618387798445
735,42440,0.013126507685944878
736,47295,0.013334902443756524
737,49127,0.05273777278691642
738,48575,0.02057906146068202
739,87872,0.004571494847169368
740,87488,0.01480036397092916
741,7197,0.029062976731718284
742,34166,0.025911872810754598
743,92434,0.013500355429902602
744,84462,0.05311241322057745
745,76935,0.01495653436142707
746,58188,0.007845736720201325
747,73737,0.026873907066313082
748,52240,0.010828539581864891
749,60474,0.015073667752556287
750,54869,0.032034679566823224
751,57211,0.02924506791033769
752,63322,0.012673174801613132
753,19524,0.021506451650662672
754,69810,0.01194424592252841
755,16438,0.02516904898741828
756,48611,0.022805452354352697
757,45087,0.017756409479824042
758,23103,0.026753608754679893
759,11772,0.01815910564455927
760,35538,0.008590497777901992
761,48054,0.01794914222003277
762,73221,0.05117272575111638
763,57122,0.008821351710700212
764,74030,0.029733341709199567
765,70408,0.015178221955885775
766,97461,0.011869089323150867
767,58629,0.010510765028191696
768,84845,0.061605109586798296
769,30281,0.0394608668461964
770,50727,0.013570075214032482
771,6883,0.015033720450582823
772,35909,0.011431159411083755
773,38682,0.013691290570191765
774,28659,0.009395036798619246
775,31155,0.00780267800653415
776,56484,0.011346792599543064
777,34379,0.01647059476591283
778,2499,0.008842908502555188
779,81784,0.021724469148489384
780,35960,0.01699412046961985
781,74018,0.011707209760322048
782,13227,0.01130936535803909
783,246,0.03289355386001084
784,34667,0.05895258817570968
785,35086,0.01588892641667442
786,41478,0.0075594025008466105
787,85169,0.012842441553140193
788,37075,0.016690251555474017
789,49661,0.0072637533198191655
790,37069,0.008290913720812698
791,53444,0.022621868282813828
792,3322,0.0153666826729305
793,46928,0.02131662722357705
794,70137,0.016331180045946872
795,19534,0.05241089416129065
796,64834,0.011259069432032734
797,101,0.010300022687204058
798,91194,0.01278372550460413
799,47892,0.031021194337977558
800,98022,0.00872657687367625
801,41352,0.0530100763333392
802,59108,0.011112597971304136
803,46855,0.033193142476906266
804,20444,0.03241057066196257
805,45104,0.016641278714723724
806,87591,0.013221568651182377
807,56196,0.023236253257288824
808,59319,0.022017763039578437
809,5998,0.02887211211937623
810,96240,0.010866831773580665
811,28775,0.012575283982233298
812,23392,0.03752515028587073
813,18341,0.00800031683880726
814,75740,0.01479401076589006
815,71034,0.024714080159789056
816,96913,0.0216026846840603
817,57214,0.02732869707687066
818,68207,0.02969427553064632
819,42837,0.06653168593912032
820,66644,0.022306858994006327
821,94823,0.011704604050536818
822,58681,0.022538948473880938
823,6063,0.02495195391797545
824,82145,0.014400094702140553
825,21092,0.005997133573010845
826,38818,0.011932329714525599
827,13723,0.019897056067700016
828,41524,0.012967789475227118
829,43134,0.04349360061773828
830,34868,0.034111227158417454
831,67873,0.008495915788724183
832,26247,0.024841549991241343
833,30695,0.02569082635493213
834,64097,0.030062566726885096
835,90689,0.0204329485280896
836,51692,0.012346890789502171
837,34420,0.033976415305225924
838,50001,0.01440222924614915
839,6976,0.03324707149705095
840,37900,0.04110718167545782
841,5921,0.022253000653272334
842,73404,0.04784138321848771
843,63140,0.010390727608859637
844,32625,0.021345606916365882
845,87728,0.01296067397636847
846,19677,0.006772373632303119
847,8859,0.009600629503550742
848,1095,0.022435251889117443
849,39734,0.02173292650623674
850,32911,0.024282162342099744
851,17975,0.012584955628703213
852,9039,0.043340493428144014
853,55595,0.004481193514539351
854,1651,0.013494792742304203
855,79404,0.011917444395417965
856,23033,0.009209337515502618
857,26525,0.04395104109667839
858,59809,0.015503654675755357
859,75493,0.02148537488296132
860,75208,0.01627969634852893
861,30783,0.02312223804004141
862,52656,0.02344288122845527
863,13224,0.015783546615402044
864,83065,0.008504247046972543
865,41392,0.007433321763704165
866,68653,0.007257823108930996
867,99493,0.029875113608824923
868,675,0.011441561130392151
869,51855,0.008248811740100604
870,55926,0.028191596357331206
871,43900,0.010301990353651293
872,41216,0.009726739614807885
873,85152,0.009105290135109814
874,20952,0.012171502152239711
875,25841,0.021110821318196006
876,75266,0.01436619417501786
877,10313,0.011748078913669717
878,98231,0.021772063588101055
879,43081,0.010030839881556043
880,23178,0.012057024584762738
881,59019,0.012508950025349297
882,57224,0.026217872713646378
883,4219,0.034299016267520625
884,83566,0.012060642092325661
885,10201,0.02197706130872782
886,45495,0.019437814450591166
887,46421,0.009049069428343826
888,52067,0.02229252466622404
889,68369,0.015314338756958517
890,22018,0.008653505863589428
891,70266,0.005425085926301405
892,35466,0.0065769501427341
893,61695,0.01703484731370523
894,43474,0.007690682476816318
895,21498,0.01426906311856266
896,63293,0.011869974224414982
897,82756,0.009388562166223972
898,59648,0.007709082690271945
899,3102,0.013029448029097704
900,93931,0.016241576650530987
901,22035,0.026412882630754926
902,57675,0.022713907171328797
903,22643,0.05769520640873582
904,83196,0.017265939153941416
905,78326,0.029136515575737057
906,79951,0.030305259787154776
907,46717,0.010032979201780045
908,68993,0.009888571004233715
909,47848,0.010584219417188616
910,17697,0.021324776935784984
911,47989,0.008889039482052701
912,65495,0.010987570616975317
913,99873,0.007063327906003752
914,83090,0.01447307288119195
915,94871,0.04996869688047023
916,46556,0.015022363814340868
917,38519,0.013042509704217269
918,28281,0.006566381106265945
919,43655,0.010315149721194761
920,16638,0.028728547392988222
921,7681,0.013816900369066796
922,77526,0.018158662804281113
923,73906,0.016852365833910744
924,31806,0.021394922697142486
925,38317,0.024343324813273604
926,25272,0.02326646478236144
927,94364,0.01589163486513663
928,33846,0.04326406213961033
929,72186,0.00691559240309663
930,39984,0.008385424233601137
931,88913,0.015654628306280713
932,98683,0.010505973100509923
933,61027,0.007959106773442711
934,17078,0.01901085815406306
935,7974,0.012617591414041448
936,97172,0.02602921527893612
937,42735,0.025897657982919018
938,66646,0.020014387442187764
939,40689,0.015461584468912576
940,70653,0.01988841389349751
941,57035,0.015008919061982243
942,43948,0.009132818128045145
943,65829,0.008491905289659719
944,94263,0.0072167962122570125
945,90570,0.01221024547713034
946,95362,0.01433902414364084
947,83771,0.012421877599459188
948,94375,0.01050591855589931
949,56006,0.03986290718236899
950,547,0.029778756777521412
951,20411,0.013887167849657982
952,83603,0.016188280660003163
953,49665,0.006659638558104163
954,85666,0.006433267947520584
955,21061,0.022815641429981708
956,4103,0.026577676474822023
957,3707,0.010038781893155912
958,29120,0.04045860507848737
959,84204,0.008342191704032137
960,38724,0.02111893524374528
961,26991,0.024870367513972598
962,31069,0.017802964601791944
963,25938,0.00981968938904939
964,3326,0.019354635522388898
965,55802,0.011306832862288969
966,77238,0.022516440030499987
967,68363,0.014470186632249749
968,42737,0.017523002695610225
969,20332,0.012282663464984203
970,53060,0.01689542814845202
971,27561,0.016425644725167853
972,66343,0.0129238373592053
973,36303,0.011629420963832977
974,62635,0.00400318037694508
975,56552,0.009727865841322158
976,92782,0.015172997226474975
977,97641,0.023121774788949688
978,70585,0.007639073726849873
979,56771,0.016596537971296694
980,27220,0.01940502189054802
981,42216,0.0172394218218063
982,77800,0.007034073595831511
983,95827,0.042606752379958396
984,24806,0.016500379445544777
985,63065,0.024527749277035653
986,59803,0.016756852334009666
987,90195,0.03372206564753141
988,61414,0.007058317502619425
989,31704,0.01773489436451176
990,71807,0.032181524466545555
991,12166,0.007766247586086955
992,49637,0.01058247881673276
993,46596,0.014443941926705825
994,79919,0.014039002874850659
995,29227,0.02839653360353086
996,89130,0.012029505539196265
997,85611,0.01056964717760027
998,62851,0.018568597356373527
999,68858,0.021479926066511723
1000,38731,0.013592196781074196
1001,14963,0.021752472361377062
1002,28818,0.040737608609950626
1003,60740,0.01503943519440884
1004,68022,0.030908196436849167
1005,51575,0.007427044963370617
1006,45423,0.0261995590592365
1007,52084,0.03475725574287554
1008,16488,0.02014104128216669
1009,59171,0.018979207790573296
1010,9504,0.05471447866775384
1011,1590,0.020574994294452295
1012,51109,0.025392758400446094
1013,82266,0.033644259944700924
1014,71312,0.007870591692800152
1015,21665,0.007949497910382693
1016,6197,0.01228352533843655
1017,30160,0.03688694569089341
1018,1896,0.01698016611464302
1019,54460,0.004381188926565629
1020,67426,0.0050620231253137825
1021,48770,0.005441846784037503
1022,38825,0.01934606280182977
1023,56013,0.007246240536629614
1024,19086,0.02837351387471077
1025,18503,0.026799507697860304
1026,7409,0.00781763265510935
1027,81707,0.022690719788823536
1028,44160,0.007989667379975689
1029,63268,0.011573542013665715
1030,14498,0.028403603603515182
1031,30959,0.03733162555851702
1032,28009,0.009662849056985348
1033,96368,0.014025032731088067
1034,2720,0.010464396280988778
1035,23320,0.012513270673345754
1036,99407,0.009964494435007836
1037,98732,0.0329443251536984
1038,52974,0.020658492360021895
1039,37136,0.04130522544640658
1040,32731,0.009136766143212025
1041,95613,0.009385326771310043
1042,62002,0.006139926763883866
1043,1618,0.01353120460530861
1044,9359,0.012715044631231406
1045,67537,0.012388722255818697
1046,65252,0.012026394216653798
1047,25963,0.03477157507027399
1048,15360,0.027190725359728548
1049,26905,0.012579489662255456
1050,71531,0.014579805090144586
1051,12812,0.016843698821130335
1052,46113,0.0469591503846442
1053,78310,0.03636151747053449
1054,39264,0.006352632888412117
1055,41017,0.02227953458124156
1056,36997,0.01142260206228041
1057,78490,0.017008779911774113
1058,66391,0.007101533993821435
1059,94427,0.010547051779563834
1060,62524,0.034719623540866204
1061,27477,0.011936201335232861
1062,56830,0.007673065740864635
1063,41423,0.029234009937892675
1064,22990,0.008543481796780151
1065,94869,0.08470138646965243
1066,9454,0.07217820237599752
1067,33587,0.03566078661730358
1068,39191,0.013362743515119704
1069,93689,0.013127197717296665
1070,8826,0.023706580652074916
1071,68636,0.0473880511932669
1072,80241,0.02613382130241095
1073,75551,0.011727097205565865
1074,70599,0.017169139246735826
1075,29053,0.01761845946831938
1076,86626,0.015103631910452593
1077,40147,0.04989452926652451
1078,16544,0.021221487946973826
1079,83285,0.022304693377892586
1080,14468,0.047974443800780434
1081,56026,0.016065692923003874
1082,28448,0.01540642702780127
1083,19852,0.022604492180024163
1084,83781,0.017385533830788415
1085,98167,0.00837644180138612
1086,86078,0.017054289904604707
1087,92499,0.01638140430780112
1088,36291,0.011488460922834686
1089,23558,0.0062079385595704166
1090,93486,0.015098572447246918
1091,54685,0.013134329928532473
1092,71810,0.03030872511676343
1093,67002,0.022765658032802644
1094,12377,0.014475375495463232
1095,89776,0.015433828075381163
1096,94132,0.03837497628505985
1097,75687,0.008662345625583736
1098,85834,0.009816181954363122
1099,107,0.015527345429721532
1100,99956,0.02720913168020465
1101,18042,0.009458625721329222
1102,76652,0.014796719777532129
1103,59258,0.03778183526719102
1104,47736,0.021192192323675058
1105,20263,0.010440328743368053
1106,20149,0.020624549789772156
1107,6116,0.01644978737273261
1108,28651,0.00825492002462736
1109,14860,0.020728986280491527
1110,7741,0.023120729749894216
1111,62203,0.00874636614483321
1112,8270,0.011938745716915113
1113,86678,0.025703589574292883
1114,78779,0.031816070096082116
1115,36744,0.012779236093798987
1116,71155,0.02869323877956887
1117,42977,0.019801485413969134
1118,73030,0.04714814359632384
1119,6189,0.010076841731219177
1120,54049,0.020209929203976955
1121,3364,0.010488783359111046
1122,15142,0.011488987151620896
1123,29882,0.0320733860118831
1124,93760,0.008858581035507154
1125,31600,0.01857582050858967
1126,72227,0.009292437857016887
1127,10065,0.034328917618554215
1128,38208,0.020177776539834946
1129,70203,0.021606594529457717
1130,15139,0.015394877783322162
1131,38781,0.012301479767232103
1132,10816,0.009269478217695219
1133,44333,0.018445127774474275
1134,91983,0.010523985633947687
1135,8425,0.015163573501786647
1136,96613,0.0080383196839118
1137,68645,0.0037700113065772985
1138,64657,0.07780565217795873
1139,56082,0.013685809193516037
1140,81161,0.02274175596552984
1141,95017,0.01734679192599521
1142,45371,0.009802853372804617
1143,80690,0.016694505447306635
1144,30623,0.018212658862115254
1145,95916,0.009015658590558532
1146,53360,0.02074168822774255
1147,9639,0.028824895641016972
1148,91765,0.04688075712412678
1149,47348,0.009133397067920832
1150,59322,0.018827085973352132
1151,96807,0.014630454794987566
1152,10433,0.016897046081315766
1153,43903,0.01342062030495874
1154,76314,0.030277332338262422
1155,11196,0.021392508702087167
1156,70603,0.0142739087333864
1157,30229,0.01993137946428221
1158,73653,0.009014604440829403
1159,59058,0.00906292124659499
1160,31333,0.021575109328707247
1161,6043,0.020285143394999185
1162,77603,0.012502387030715356
1163,72624,0.008136653751764292
1164,4823,0.04481223987795263
1165,69096,0.013025995475361998
1166,77505,0.04099048149080256
1167,75451,0.014364179786952473
1168,78091,0.08439080267455157
1169,10149,0.013811236123556558
1170,64076,0.010640121192467596
1171,80178,0.010944649959440621
1172,5222,0.007791454416554906
1173,83271,0.011026925059999606
1174,19945,0.02972511037921392
1175,56398,0.018132056455966706
1176,79770,0.011216755081400822
1177,62073,0.035829781729400934
1178,29207,0.015233799990314476
1179,8487,0.010425008126638727
1180,78603,0.017580241583574564
1181,82487,0.019791301200391496
1182,7966,0.004324892519566342
1183,95445,0.0269517493847695
1184,57977,0.014681890660402543
1185,4037,0.018042774785863497
1186,49788,0.04597289277060773
1187,363,0.01973605923298321
1188,62366,0.018663742827515057
1189,49319,0.0125516200390198
1190,1085,0.025362253949488687
1191,92069,0.013009935771156668
1192,13912,0.008264366221852261
1193,29759,0.019215505177575278
1194,10391,0.02725985681871905
1195,65386,0.012602292848551803
1196,72187,0.008673144184533223
1197,43763,0.00870381452163807
1198,67998,0.03648783872552319
1199,40684,0.013468603199240231
1200,71994,0.016315135229476543
1201,28733,0.03711318325889113
1202,4305,0.010077988904431788
1203,58296,0.015270982665539778
1204,75197,0.007337454083889782
1205,9015,0.024087983020388268
1206,97476,0.009696386543024295
1207,78499,0.009612402981669417
1208,52420,0.015867552247528387
1209,74099,0.01252950319147744
1210,82712,0.0203775791484229
1211,12128,0.026523088891592952
1212,45949,0.04264901382843021
1213,76975,0.02141471163727318
1214,45893,0.016135137727786502
1215,57822,0.02287110672561241
1216,7063,0.011745836226926203
1217,42945,0.030415693445366876
1218,22452,0.011062422628281741
1219,74509,0.02336822365654705
1220,5153,0.024996195025411175
1221,93090,0.04012632673505943
1222,98351,0.03266697940816011
1223,63931,0.017035592036949043
1224,55931,0.011489089411279959
1225,59987,0.00826822178129734
1226,60181,0.011041856711595735
1227,33102,0.016475261113772344
1228,26374,0.013324580301064983
1229,11880,0.01765118440059167
1230,56185,0.005567049035907107
1231,60608,0.006154971199017496
1232,95280,0.009713880615886345
1233,97440,0.0060472497052459235
1234,48346,0.009532026423360453
1235,50554,0.011862623590099937
1236,68221,0.019104670399002648
1237,63839,0.018232916002697407
1238,72534,0.02896920639772813
1239,36543,0.027190821462563134
1240,15295,0.07658502127087678
1241,85570,0.03845161457558412
1242,16767,0.03300120642018767
1243,8939,0.013868804107570023
1244,86567,0.00830631516298121
1245,3089,0.028566771567948866
1246,90210,0.01006612011449004
1247,11759,0.010033667323681925
1248,74989,0.009603362205924419
1249,467,0.013376667144803123
1250,5736,0.03617688947329928
1251,25387,0.01031643559742448
1252,18169,0.008253846088578405
1253,63975,0.01145657254901504
1254,73934,0.01747466643567369
1255,5630,0.02610923150690053
1256,31792,0.018067938828931374
1257,64160,0.026806842858923832
1258,19900,0.039447775283804665
1259,43612,0.015256062424268295
1260,19255,0.01402473282000824
1261,16456,0.027028109612141048
1262,6229,0.044679837602903665
1263,67895,0.012118189057621787
1264,94710,0.006480732676677304
1265,99274,0.012399007992335202
1266,39941,0.009286754871080494
1267,91981,0.015871132316762477
1268,61097,0.010316710685911314
1269,41186,0.020337216607089318
1270,32867,0.010643215401635117
1271,14945,0.014385500804638818
1272,3316,0.018888354641401994
1273,28853,0.017330480662126592
1274,89604,0.041406637372684935
1275,81199,0.004257974212876399
1276,34299,0.02047878419756232
1277,9734,0.013146468271792113
1278,12292,0.02615011475786281
1279,56699,0.006931977284233041
1280,37664,0.017474409119748457
1281,79900,0.015813003627006536
1282,79697,0.008066544069699753
1283,31413,0.018526505785967377
1284,64778,0.007608755710570554
1285,52189,0.03019573690879697
1286,67304,0.008954050210330933
1287,91544,0.011688239658508081
1288,24190,0.010467052607956603
1289,69908,0.03489300278983109
1290,62536,0.007555768304000525
1291,46718,0.042066931107667745
1292,99531,0.008037180727417851
1293,957,0.030224139551217163
1294,36129,0.008531146006960363
1295,58632,0.01712347274869529
1296,48823,0.03689469116975256
1297,44697,0.06502214071668144
1298,96936,0.01045074992207819
1299,70275,0.008417236340802447
1300,22985,0.039965680793292456
1301,57660,0.01856667271340731
1302,55540,0.010298809991910924
1303,43493,0.02056006901563696
1304,93997,0.014309656842527285
1305,31394,0.029434745922450944
1306,79224,0.012618279639639012
1307,45305,0.015251847123819665
1308,21686,0.036757746770011715
1309,75739,0.010914083966420239
1310,71509,0.018433231442607556
1311,22024,0.01605542210193722
1312,5581,0.03777163190797743
1313,22713,0.011448726840007915
1314,50951,0.007327147979816812
1315,10630,0.032219537673383813
1316,80790,0.01679612984783186
1317,90973,0.025789691725448108
1318,47184,0.024713751408846636
1319,28937,0.017245737113705435
1320,29085,0.016949671477570528
1321,17479,0.015349469008666428
1322,1824,0.05804107012760338
1323,91779,0.011249848454083085
1324,64950,0.013070016494657598
1325,72647,0.007748163560526396
1326,63631,0.0176171070531331
1327,52647,0.016604644014944867
1328,90044,0.031397866323260915
1329,49896,0.022977808956943804
1330,38388,0.008093926173423575
1331,92819,0.017402471384695167
1332,37532,0.00784805773070842
1333,59263,0.015154597562769767
1334,6238,0.04097289360832188
1335,49192,0.02068382632864075
1336,79486,0.012893943760404312
1337,49863,0.019207801379255096
1338,12785,0.014577540604050188
1339,30222,0.013912952956565448
1340,77098,0.01931438405311834
1341,78958,0.023321017813189373
1342,96508,0.016343928709909604
1343,50370,0.011013495256209257
1344,15080,0.011299689627097615
1345,77079,0.011410846291682692
1346,11465,0.010677492117445085
1347,18733,0.013887702842355203
1348,31365,0.036782995245704816
1349,85745,0.011818565339104657
1350,54430,0.013639044095326566
1351,32696,0.03669975656308812
1352,93150,0.010689610465832361
1353,44116,0.01149291568930759
1354,6522,0.02071693084597653
1355,90751,0.012839648154674534
1356,58900,0.01317184379510295
1357,62672,0.00725292306149535
1358,94027,0.005606735698902855
1359,90594,0.01229025215942752
1360,22946,0.02476914239547123
1361,81502,0.015501550914868916
1362,47859,0.015751597948466072
1363,95092,0.041409724333696614
1364,20230,0.007508786031476922
1365,31551,0.009200834298531715
1366,21845,0.02125035398249883
1367,7104,0.010693618627194573
1368,70711,0.010452925417691113
1369,75870,0.017433985107152255
1370,28086,0.012652243359570398
1371,53537,0.016897195580542777
1372,60539,0.03305852658059694
1373,41739,0.05572262056372347
1374,1386,0.03886913310069534
1375,54966,0.02425630946704799
1376,4954,0.00784468311387972
1377,30915,0.022428070998433854
1378,31075,0.024554798595088814
1379,56313,0.007661622260981492
1380,12430,0.00939270655512905
1381,69422,0.03197711150059709
1382,97276,0.030236082802575705
1383,95960,0.025725448201836892
1384,4906,0.009108143317617777
1385,56495,0.008100527861128673
1386,35862,0.023186761103342557
1387,34128,0.009246941757270125
1388,69767,0.020391959381241703
1389,97541,0.03036536444831533
1390,19890,0.014803823274731544
1391,10383,0.026069847145517765
1392,13351,0.02268371521345482
1393,10998,0.00958063300807528
1394,14440,0.006179439133420936
1395,53601,0.007875321990663152
1396,42910,0.016046582433293856
1397,118,0.006081497922932797
1398,99776,0.01298526433145367
1399,58285,0.007372841067275942
1400,93883,0.02361860739455885
1401,14599,0.03898836576257306
1402,64231,0.007875761621539752
1403,60836,0.017528702747130406
1404,42983,0.025623342388338997
1405,52107,0.009829258390371444
1406,92494,0.007788072836583632
1407,96833,0.03363302955627906
1408,70928,0.005314475009195739
1409,65346,0.01878507553844854
1410,50398,0.011772744416308883
1411,1294,0.004913545022866471
1412,63808,0.004755942987346893
1413,36459,0.04406565114478673
1414,73605,0.014626854150959021
1415,29675,0.014090125126062659
1416,99369,0.02612446785980084
1417,84640,0.011512887036119107
1418,29817,0.009571358943356988
1419,91977,0.016085631878534422
1420,12370,0.007381565899242318
1421,19487,0.004887064010137239
1422,93445,0.024305638380526753
1423,94383,0.01426817871401543
1424,49000,0.03313697303812691
1425,7201,0.020534885022475594
1426,98409,0.0068748213371379605
1427,4279,0.04598586923819678
1428,31322,0.005378108312970543
1429,43439,0.02761390879189952
1430,89301,0.011973512578566048
1431,30583,0.01769098165377908
1432,72740,0.010390005908337498
1433,58743,0.0337927660487804
1434,13482,0.011741390521225827
1435,79945,0.009093639728589543
1436,50139,0.03466213105295768
1437,84525,0.0048830699285261035
1438,65477,0.0063509121125264155
1439,44589,0.023158734808073372
1440,58805,0.01811991443649987
1441,67636,0.010905767122981197
1442,88391,0.027463922993220584
1443,52140,0.02834730258589683
1444,16919,0.03131217165400504
1445,33922,0.028010701645065954
1446,74954,0.008165726311434246
1447,87391,0.016146788594569278
1448,3075,0.007201658342643112
1449,12881,0.020328233425970697
1450,82276,0.00947559050726537
1451,44491,0.017230360039141274
1452,31860,0.008576059033149935
1453,9870,0.020385497220451333
1454,93234,0.020825755129394517
1455,84269,0.023908640345793507
1456,1027,0.012704726135235045
1457,84048,0.036304207128176114
1458,80448,0.02218649615423047
1459,9366,0.020144492728323467
1460,55839,0.013336599906669355
1461,43804,0.009753273569630643
1462,13626,0.01918535797141012
1463,93436,0.010320691536123132
1464,27980,0.024059856279648073
1465,47160,0.01008959555790029
1466,79287,0.014909319374201018
1467,68625,0.011451043803974742
1468,20764,0.012711464949892807
1469,7191,0.00842148893562203
1470,99231,0.007994665978363865
1471,43466,0.009924340523693327
1472,66667,0.02648720812053228
1473,56751,0.04209101002136456
1474,70934,0.01556647761645229
1475,11690,0.01643542794247587
1476,10782,0.010901250033563365
1477,57445,0.00959963125438604
1478,60541,0.02552605733109353
1479,85245,0.012217355238716603
1480,53663,0.018230806646922094
1481,83927,0.021113592454757323
1482,22597,0.013534830049671362
1483,74592,0.008009316831605008
1484,77479,0.00908464779539186
1485,14832,0.017216711588479434
1486,98598,0.02230383097449083
1487,77279,0.019151927716894744
1488,25170,0.01077597197618418
1489,4701,0.011036248260152622
1490,30797,0.036771736842567904
1491,42719,0.013654869782227484
1492,15633,0.019967778915188337
1493,90382,0.014223399845118117
1494,40162,0.004208285674746711
1495,10311,0.02877005495179398
1496,65034,0.017644535817607006
1497,69407,0.020759047546291834
1498,20935,0.01719770302519537
1499,76621,0.024567184450566947
1500,10423,0.01595992303322424
1501,51332,0.007397121624499701
1502,26648,0.0356408743659094
1503,94294,0.02737079937292757
1504,86154,0.02641185688631151
1505,82312,0.024135837378404308
1506,77045,0.008804605610080785
1507,90508,0.00644492077730693
1508,2241,0.013642263850531754
1509,99217,0.019927297585019647
1510,23053,0.015333396435643527
1511,18432,0.014514721804486153
1512,56059,0.007008583882652726
1513,69582,0.0225156706089091
1514,34984,0.03881388885003203
1515,29697,0.02526325755836747
1516,59920,0.016248959185826896
1517,22043,0.009380961376034516
1518,93503,0.03448539798563575
1519,99865,0.015531642105769624
1520,4860,0.013534244222297627
1521,5752,0.06094055648817024
1522,28905,0.0063936596348421835
1523,81070,0.020672429018802056
1524,32969,0.014110680216605373
1525,46415,0.02807513417332467
1526,37242,0.048395531140254855
1527,89093,0.015285114082895526
1528,25182,0.020153628097998314
1529,83921,0.015013929874974394
1530,60909,0.00792425231637356
1531,32144,0.02851985003582172
1532,4440,0.008731493342294415
1533,15889,0.02076837627251868
1534,53512,0.017358807124249996
1535,57432,0.07355390609247557
1536,22922,0.053532790325557536
1537,5186,0.009910024312774109
1538,34966,0.01663322291582526
1539,58735,0.023745959224798583
1540,94768,0.017772446165427405
1541,82376,0.016098595091699405
1542,18186,0.014729245235404418
1543,1368,0.013270001878917666
1544,96136,0.0160216686718989
1545,65899,0.01919566828702323
1546,57864,0.01885110976944774
1547,47369,0.01606370754222304
1548,55916,0.016481852970531122
1549,43384,0.011318864097910131
1550,28822,0.008692388473684316
1551,97617,0.008512805283262178
1552,17413,0.010375284321777974
1553,23124,0.009101155784814439
1554,99553,0.03458775817246398
1555,36781,0.01338041677812941
1556,7008,0.01568776334059535
1557,31466,0.014826290897403048
1558,82571,0.04339560465303603
1559,6787,0.01180395427022419
1560,94507,0.009723866437354301
1561,67120,0.012988722810608828
1562,35910,0.030360120262357872
1563,13143,0.044396358096754074
1564,96295,0.019908468137078642
1565,90393,0.02220868982114096
1566,12506,0.013247427651686353
1567,4006,0.028834749035401175
1568,12048,0.012115148898162901
1569,7954,0.04226392929795013
1570,77520,0.01261649445500071
1571,90039,0.03655719576213826
1572,13756,0.012752631068814989
1573,93161,0.015092841481828233
1574,68538,0.016188820965141508
1575,35,0.007780750027486474
1576,45173,0.0464126023487345
1577,13889,0.01755909092287835
1578,5115,0.009120973312022926
1579,89621,0.03701643219756687
1580,52247,0.01549978405154859
1581,93542,0.010789081935265418
1582,37007,0.03692162145871753
1583,76040,0.02553528563386459
1584,7394,0.03275488140915613
1585,3088,0.01503498630016654
1586,70943,0.02907312495010733
1587,76825,0.009663631442510277
1588,61894,0.006719711213122015
1589,71629,0.020653285210550144
1590,32129,0.009419798975188957
1591,47598,0.02423753004830368
1592,12257,0.013662321387151613
1593,34365,0.009857070481553569
1594,59900,0.0106946300175578
1595,34786,0.009213809597409325
1596,33039,0.014054478333965205
1597,71387,0.025575224751286013
1598,30571,0.011675929928601154
1599,38612,0.008318219481523116
1600,37603,0.014978246209171289
1601,80796,0.0220664965002758
1602,86140,0.029007875709276893
1603,18607,0.015769499333375157
1604,55302,0.04183971745623587
1605,25881,0.009850012360584456
1606,17716,0.011453754700617635
1607,18233,0.01582228536442143
1608,93217,0.02428473534632184
1609,85201,0.0223066856032612
1610,81893,0.01464113059947941
1611,53979,0.012136483562456843
1612,86428,0.016623971521418972
1613,66858,0.009951075545280555
1614,12663,0.014601340077027467
1615,20062,0.009683621514622097
1616,8049,0.020078959928777205
1617,36144,0.02550949198854068
1618,17678,0.02157957514560787
1619,72759,0.013464302134633472
1620,81734,0.00964300052039048
1621,77316,0.010918243545345785
1622,81565,0.017119834702939735
1623,17297,0.030544200882897735
1624,65849,0.04233451347629415
1625,49717,0.006681118392273873
1626,89565,0.017020598960724734
1627,50812,0.018031725607578788
1628,22245,0.013492902799807631
1629,41208,0.03962051307418474
1630,97257,0.015097481352034071
1631,78907,0.039076435720136006
1632,14335,0.013434601978876328
1633,97170,0.028996482311052195
1634,37602,0.027542758022237022
1635,62832,0.021877361355805862
1636,4306,0.009765354781847663
1637,15174,0.015804093250893533
1638,79180,0.012954388111315773
1639,76782,0.016153849017134098
1640,60065,0.011999127807380498
1641,83766,0.011624514768648413
1642,67107,0.011464951508549315
1643,50342,0.013142379992163562
1644,64575,0.015069587841347112
1645,24021,0.01758165943481629
1646,88974,0.004739847866358095
1647,13587,0.02196359485235557
1648,89878,0.010060724478309167
1649,69428,0.027740684380137055
1650,31199,0.024092617959657295
1651,42098,0.010382899928635121
1652,53567,0.008656000290099606
1653,34645,0.018495112036255236
1654,60196,0.009361259387350494
1655,51203,0.009173318096682192
1656,10408,0.015595540594630385
1657,40510,0.004377754735767565
1658,41016,0.032180441479584404
1659,66331,0.011212772914318752
1660,51661,0.03191840156544431
1661,38620,0.014052102219089748
1662,45532,0.012835678185048039
1663,7178,0.010847136252296451
1664,39669,0.011284600356016302
1665,36367,0.007053902245072379
1666,99577,0.004012936770923884
1667,39069,0.013767220574541866
1668,27091,0.0334439500485213
1669,15605,0.007888031647665234
1670,50713,0.011248337300787746
1671,77864,0.012966167969164687
1672,68534,0.021640711370244533
1673,65854,0.02297949755567636
1674,42134,0.055275280380901466
1675,15637,0.09735224692252925
1676,43911,0.02132677248810901
1677,70916,0.01815801232522478
1678,33560,0.007440791039761335
1679,6310,0.020281932332210446
1680,50246,0.006283483092558909
1681,66291,0.016062129956621554
1682,37939,0.019865530983535214
1683,78269,0.04531001732687854
1684,62174,0.014397756907858467
1685,43313,0.02231667360476482
1686,91218,0.01587928934004865
1687,70216,0.008689556049285235
1688,53152,0.011836905018673908
1689,58668,0.011717623697289839
1690,63819,0.005135502306541049
1691,63464,0.0177648577585756
1692,5869,0.027759233803227142
1693,44387,0.009719404055190763
1694,71587,0.04715390430999689
1695,1979,0.006312423763601652
1696,84552,0.023215941164285776
1697,7813,0.016696919818529832
1698,9405,0.07426559632222998
1699,45382,0.010305281247983427
1700,47478,0.028204969373844455
1701,12790,0.020945703417617596
1702,91818,0.017010421574836086
1703,466,0.034231502579580936
1704,72985,0.010238934727302387
1705,93394,0.014309990038699396
1706,515,0.018687873348708847
1707,4378,0.010857791803626855
1708,24711,0.007111089902954807
1709,88429,0.008094675149819304
1710,84763,0.01036997633506671
1711,25225,0.0243444951904955
1712,49836,0.011593732482860638
1713,9400,0.011044786498756133
1714,51135,0.00975494977539988
1715,42557,0.012073206405876242
1716,11385,0.03821059174096676
1717,4085,0.010480577825852832
1718,50576,0.01601929933230889
1719,63412,0.02539962643733528
1720,73858,0.008910637183185409
1721,88753,0.045580929399059125
1722,94705,0.012318742116713204
1723,3115,0.00720365737225452
1724,35826,0.007293150053970717
1725,81537,0.02649986846259147
1726,2013,0.024709942945626152
1727,61936,0.019864290998438627
1728,32180,0.011579666966669976
1729,53248,0.008306437857854294
1730,77169,0.03410400705609942
1731,60101,0.030063395490961927
1732,80961,0.019377770492997052
1733,18689,0.013826102514221868
1734,86280,0.009049422625119265
1735,84553,0.015947720069239286
1736,33895,0.00851295205280178
1737,79221,0.019792076239786065
1738,28532,0.022419798568566518
1739,21003,0.02411724737526419
1740,92364,0.011942170312657282
1741,25114,0.017955117021678724
1742,29577,0.012897541965054785
1743,62950,0.03302737561952765
1744,10267,0.017525656492287267
1745,16482,0.01718552015374556
1746,65978,0.00959602288907653
1747,51722,0.011256500504116966
1748,51321,0.023554569034276676
1749,71743,0.010237135645332948
1750,39472,0.010991667063338815
1751,41366,0.009624637570681528
1752,99703,0.021394558304931265
1753,50351,0.02239376608984687
1754,16394,0.005552743443425382
1755,42928,0.029659007610223755
1756,1107,0.008122830886053888
1757,41086,0.02287397192898062
1758,27711,0.008226545760059456
1759,86005,0.012575613544743923
1760,36652,0.029153576362887852
1761,73573,0.012081631999429092
1762,41431,0.02018720780359807
1763,77177,0.010792774167208894
1764,49344,0.035451074814587834
1765,10419,0.014591816610509878
1766,14326,0.0175666982659297
1767,19454,0.01938847962124416
1768,30180,0.009324451447262731
1769,37569,0.016326258763600297
1770,10556,0.010296233249972754
1771,32254,0.007915069568902915
1772,68280,0.014761581976082641
1773,40919,0.00841846843615927
1774,14885,0.014792087309662878
1775,94632,0.01562521888079808
1776,53078,0.011792627874937608
1777,20602,0.007269487700066439
1778,87159,0.028720044462514537
1779,38173,0.01806037923336453
1780,51122,0.01200709176122602
1781,7901,0.010994067561964601
1782,84734,0.048283533623189864
1783,17020,0.010367007085503612
1784,69218,0.004502714872765638
1785,13033,0.03785878518985486
1786,40721,0.01539569584651582
1787,22249,0.010958463794654826
1788,81831,0.00938435134376739
1789,63802,0.01184777272213464
1790,10484,0.018659811401418647
1791,8738,0.018143183641770665
1792,37525,0.013958036041202644
1793,42137,0.0075555806574437966
1794,56836,0.005644253602461201
1795,20017,0.01864848477200895
1796,68205,0.010939018497183803
1797,66191,0.005597697303796033
1798,79418,0.02463826161886481
1799,79934,0.0343357999539879
1800,3961,0.013536657563800387
1801,87162,0.03397473133649289
1802,55303,0.007685526388387548
1803,68508,0.011499113773097522
1804,63055,0.016196495361900366
1805,15581,0.03061127538706978
1806,97706,0.022278357766815318
1807,66284,0.013679570641982022
1808,87369,0.01395327615431584
1809,98951,0.009144611750855708
1810,19730,0.012336970834792156
1811,64108,0.007058761235950343
1812,22852,0.010398636564805783
1813,82498,0.013793860651753576
1814,88019,0.012539072629662298
1815,85417,0.03798395775005321
1816,61271,0.008531412791476824
1817,50616,0.06772856394220597
1818,8743,0.03852137189311291
1819,12436,0.030070093944647776
1820,69739,0.012128138408918188
1821,30879,0.014378101217675642
1822,34468,0.03509462271126052
1823,88069,0.01833211851472928
1824,77909,0.04661242107917844
1825,57310,0.015523841487958634
1826,75799,0.0332877383879469
1827,32345,0.010062535210349456
1828,33767,0.02015884279742903
1829,13606,0.039838189162624174
1830,94094,0.02045422137345826
1831,35360,0.011091564647907452
1832,64472,0.017733335914492245
1833,75283,0.018846433183231887
1834,63187,0.013940436280298556
1835,97050,0.009244426637771395
1836,13441,0.03864011809178645
1837,1240,0.034052166374216056
1838,47842,0.045442831598804585
1839,15742,0.018787167697853914
1840,95823,0.03492478490686842
1841,67329,0.030921191578397702
1842,45220,0.0171556179910807
1843,20819,0.01797598861512406
1844,1109,0.005959040836065414
1845,46792,0.012490189711594471
1846,92620,0.008115410836033581
1847,96974,0.014016776872806211
1848,29149,0.04084534915203545
1849,1317,0.03844509306284494
1850,50466,0.007483956152079759
1851,75933,0.012769950031023764
1852,4152,0.03059486830599687
1853,84488,0.02035851548736727
1854,87722,0.03142878236898998
1855,51104,0.018259463739185047
1856,6672,0.019222281427802298
1857,81777,0.03663759167827922
1858,24785,0.017326237762114546
1859,38837,0.025775444275458442
1860,25909,0.01692334630579806
1861,71289,0.028394725357271236
1862,57394,0.010090604876698111
1863,54597,0.0062807021082205705
1864,73756,0.016081664766294013
1865,74240,0.014401672501869873
1866,30437,0.03206907693055662
1867,72646,0.04962180412690366
1868,79579,0.019960497112487326
1869,42234,0.006995446689895202
1870,79550,0.024665562485851125
1871,63741,0.014184543779015162
1872,7284,0.015001520459047997
1873,22462,0.014897566707867065
1874,88773,0.011314821779860814
1875,38037,0.0073953464814430995
1876,47108,0.027422169821282323
1877,42260,0.027332076434866837
1878,22929,0.05710695275897194
1879,69249,0.008864969191039586
1880,71245,0.006155259512835927
1881,95493,0.010035880545283763
1882,62367,0.04114305810451256
1883,98517,0.005985359999334151
1884,14916,0.011713153123546326
1885,69819,0.016266849635750032
1886,50242,0.02256287258368506
1887,59042,0.02289592385251934
1888,69032,0.013910572390580276
1889,26127,0.01173770863338087
1890,81455,0.015756918169117035
1891,24469,0.02633304556894148
1892,18078,0.013150490340538636
1893,14298,0.013045468365239572
1894,9772,0.01203094347244334
1895,36420,0.021970605197620053
1896,24688,0.009454523974091368
1897,69994,0.010458346130012175
1898,62865,0.011442116189419642
1899,93616,0.0912672354717733
1900,68791,0.02082478229957519
1901,44229,0.02955985867696524
1902,10327,0.013367110872881631
1903,14640,0.013210003789356523
1904,28052,0.01608078840940602
1905,41919,0.011648021426453662
1906,55889,0.045462352266846494
1907,33588,0.021178236951629296
1908,73530,0.021760600280979772
1909,75449,0.02001704230332738
1910,11079,0.012288968713430744
1911,39629,0.019869813411687885
1912,38758,0.016840720302579326
1913,40711,0.019232661178862503
1914,21230,0.021072293627177552
1915,23339,0.012104712302066396
1916,66868,0.009771849713497153
1917,10353,0.009434799337531588
1918,71979,0.014764392488488398
1919,15924,0.01209503317766969
1920,78037,0.013550352960681968
1921,1051,0.02418688836568913
1922,1084,0.017740531260151966
1923,91845,0.026200337372014076
1924,8312,0.013609532825576491
1925,40227,0.021016951901872586
1926,43777,0.007768299879148017
1927,70519,0.011162399787184467
1928,49852,0.03284745274716046
1929,25220,0.018286781092282885
1930,66738,0.007770735004449665
1931,49610,0.018766837379953404
1932,49287,0.011221686044590727
1933,20024,0.056243555073423934
1934,32477,0.03619736787435941
1935,89529,0.00926536491955599
1936,10614,0.008235644819158274
1937,49966,0.01281092471794121
1938,16772,0.043458045604117854
1939,85139,0.009732028015429262
1940,69504,0.009356887994941016
1941,26402,0.012877655075678235
1942,60742,0.010706134584026562
1943,50324,0.010041100168163224
1944,20419,0.02362010943965426
1945,74828,0.01945135643995398
1946,42842,0.017622579117296255
1947,71209,0.007850941519945117
1948,24357,0.011679993052770406
1949,62688,0.03222679390839516
1950,54103,0.023880737315435992
1951,95090,0.02170892974573208
1952,75314,0.017143888725101152
1953,32597,0.010222266513113617
1954,39737,0.01625481698055105
1955,60657,0.01771564609336632
1956,92808,0.019368053964294057
1957,4713,0.008602437003378371
1958,66778,0.02501476224980745
1959,47483,0.020922959274458624
1960,37999,0.00834897032187913
1961,50786,0.047910126126544036
1962,45436,0.0174164958388684
1963,63703,0.01949099009802482
1964,9360,0.030418260349900875
1965,64678,0.019337089010714625
1966,69868,0.010885321763847837
1967,23379,0.018118418318343876
1968,70800,0.019658746831021184
1969,30740,0.004492654416299712
1970,86794,0.007936972255038713
1971,71448,0.011829565620643771
1972,39664,0.013510926308692932
1973,87842,0.01765023571216283
1974,71327,0.00911028523489902
1975,44144,0.012235934495787144
1976,12999,0.009400899940754088
1977,18328,0.02668599965155637
1978,92001,0.0279573243634612
1979,45346,0.028171217102681455
1980,2631,0.015713892017005737
1981,24767,0.024468660963393146
1982,67193,0.022551806129889405
1983,28386,0.01350706739334027
1984,77323,0.011873635805941812
1985,5316,0.01564545223954992
1986,17535,0.027951713040379363
1987,97566,0.012550153226896068
1988,55816,0.00926660833888149
1989,30389,0.015474125232234015
1990,12160,0.006970061660274101
1991,79680,0.02938494476489311
1992,76600,0.024200847808190908
1993,90411,0.0159284872448883
1994,37351,0.004466478519303998
1995,83067,0.02661659736883696
1996,49567,0.01645870523701748
1997,10410,0.04818206070608994
1998,24567,0.04782421247069048
1999,52059,0.01397729992429183
2000,3813,0.011311546318109787
2001,17836,0.03383345522987396
2002,75385,0.011639728378173326
2003,9189,0.02471856285345688
2004,8225,0.00802481608416774
2005,24437,0.030486761686663623
2006,88467,0.00803888292205413
2007,16546,0.048077552011914354
2008,22336,0.026476693806165567
2009,84570,0.021328414518790032
2010,40784,0.029770663483726336
2011,56055,0.008711967867441144
2012,47476,0.01582567855945414
2013,33282,0.01772049836188369
2014,14907,0.015162750328711554
2015,46064,0.026798449161070447
2016,83008,0.009709775930809824
2017,2949,0.01763957347022365
2018,93231,0.017656106006304066
2019,31320,0.017472114848327756
2020,17545,0.009350336778230531
2021,67425,0.0705735016920597
2022,1388,0.033311559824539164
2023,56014,0.016699521952684458
2024,23645,0.03800671368478334
2025,47993,0.04034944029795648
2026,91362,0.01659987503415288
2027,80321,0.023297460845214203
2028,80688,0.012193038042240586
2029,36106,0.01056664825448151
2030,79097,0.02102143952507697
2031,96128,0.022863375422739862
2032,30595,0.01020604656193838
2033,10279,0.02618828501485931
2034,86570,0.01044302145238503
2035,66389,0.017798239112978273
2036,9882,0.016508566481796175
2037,50904,0.010642059187123312
2038,23841,0.042299572605337454
2039,47878,0.013247389619008192
2040,75009,0.021093441282538244
2041,53150,0.03198000610975785
2042,7588,0.018430425689541532
2043,73223,0.012731876002624865
2044,71069,0.010286248037005882
2045,73913,0.008651321818751364
2046,99073,0.009570621044528452
2047,40627,0.03772534499201498
2048,95677,0.014023568542213455
2049,72394,0.026397027507189016
2050,68514,0.00888688714753233
2051,19036,0.01979898359715829
2052,51591,0.013115934871388957
2053,44983,0.027165729847554613
2054,24462,0.04406313044849155
2055,84967,0.0159847937108941
2056,46896,0.007400157131583995
2057,37549,0.0350872085324586
2058,12788,0.034096642068843136
2059,82592,0.009103768731914276
2060,60509,0.006610929115426144
2061,32383,0.03793312540517858
2062,62070,0.028203164104839522
2063,95906,0.00694851911266612
2064,96987,0.011138982109705316
2065,85379,0.011145954590796862
2066,4434,0.015425133328401112
2067,71754,0.020730349341755362
2068,74763,0.01230152520361215
2069,8050,0.03921060400501683
2070,66238,0.00960618162414463
2071,88228,0.019681379602698064
2072,99229,0.01513926852482755
2073,61013,0.020451012642741274
2074,38927,0.021843176606432205
2075,29039,0.009706590416530212
2076,49859,0.034225939946645634
2077,96338,0.010106596381345475
2078,51446,0.033588356369221355
2079,59814,0.01923503020149433
2080,14241,0.006904183293354495
2081,35724,0.03404173378316942
2082,52958,0.012900827488753586
2083,72634,0.007768493603398548
2084,6272,0.013157650941009773
2085,12933,0.016077000698935306
2086,80433,0.015846975025127198
2087,78856,0.0068485423013638375
2088,4451,0.006470870332126654
2089,27818,0.04260753982227358
2090,97230,0.007578957677765534
2091,35741,0.010229740223945523
2092,66506,0.007875598214278225
2093,92416,0.02187908092190418
2094,30151,0.014292114894809313
2095,56594,0.016958891588696318
2096,95412,0.02634689891252199
2097,35274,0.01779658694280146
2098,37817,0.01237066615673699
2099,22668,0.011187077736071182
2100,89557,0.02385612155735997
2101,85289,0.009962742326572679
2102,13081,0.01908878120197191
2103,49801,0.015012137297881152
2104,52689,0.062082900689062054
2105,85003,0.008995587240988983
2106,54849,0.00546241405092307
2107,58837,0.008471449144249065
2108,19785,0.008920774410368858
2109,46746,0.013220917914561665
2110,25987,0.0165903253494982
2111,34565,0.01774407110913574
2112,33163,0.014923672162233514
2113,70212,0.005469895162654549
2114,12526,0.011201044864046333
2115,7784,0.03119410869466877
2116,24728,0.01796478855172709
2117,4062,0.012187270407871934
2118,77067,0.02117376516964071
2119,73790,0.014205058703553557
2120,47676,0.019287718915760442
2121,72473,0.015825618180178462
2122,78123,0.03069515454798096
2123,4907,0.01701411538554439
2124,63417,0.019518185138628824
2125,71311,0.010392893710536599
2126,73819,0.005844898170450945
2127,49530,0.038522756082160256
2128,2282,0.0148117748192644
2129,78202,0.01115358510296446
2130,50094,0.020177998077789985
2131,74610,0.01903376814754486
2132,88686,0.00958359579391447
2133,29763,0.012188235714519463
2134,63281,0.03148051111786665
2135,37405,0.01838048429623939
2136,98217,0.009398011104718268
2137,53472,0.011685625575670676
2138,26726,0.013374130340930402
2139,299,0.011423658935202037
2140,28660,0.00788690063161077
2141,15984,0.036087127042318694
2142,99309,0.007217179962560156
2143,32168,0.015637740271257743
2144,28219,0.036394950375532274
2145,30594,0.02333994198656293
2146,75996,0.04997999079290008
2147,75523,0.009956325746914914
2148,23197,0.010458231985384387
2149,34506,0.020800127945645
2150,2226,0.023411302749762507
2151,72833,0.016520622477045138
2152,54853,0.015136826877443325
2153,69254,0.012301349311300305
2154,36567,0.01799003328600106
2155,35694,0.01095420281518834
2156,52292,0.015523789282419622
2157,88539,0.022634656292008434
2158,22768,0.010404906771748778
2159,16572,0.01608983453624987
2160,70872,0.009069499098375303
2161,24488,0.012624964039441166
2162,53532,0.010985058465526037
2163,6050,0.017161066259600365
2164,52088,0.009122313067536896
2165,27650,0.015005253136531574
2166,29805,0.01774912093282966
2167,43577,0.009578702355362755
2168,56127,0.010066093606642072
2169,60658,0.027034161639703683
2170,1063,0.009442361344829939
2171,46975,0.013186026860514748
2172,12327,0.009712741836201726
2173,78175,0.0144563256777466
2174,87350,0.01664402542878248
2175,60522,0.019807769839941116
2176,40440,0.012030700731855158
2177,94191,0.018376509994475876
2178,59545,0.029025234478070847
2179,99224,0.02301791608609728
2180,57236,0.030117037657513567
2181,96204,0.03666776469311499
2182,35585,0.011579060785978304
2183,7597,0.03343976082379375
2184,38952,0.009919976391669897
2185,37426,0.007311501050144115
2186,74072,0.01470645808138102
2187,18835,0.018634259800016144
2188,48378,0.007778609827064334
2189,66292,0.012403783485886184
2190,44385,0.02505574771087952
2191,99298,0.007474839786567718
2192,54462,0.021634510868483253
2193,64949,0.01594728811818969
2194,74550,0.017110637073295812
2195,43535,0.013751458969130223
2196,58008,0.02033758579588292
2197,77813,0.012392220991826002
2198,34084,0.014978556073733464
2199,43013,0.0326737528524278
2200,9623,0.029376844754825458
2201,22254,0.014988526232439372
2202,21872,0.03539382397916939
2203,2828,0.007991996180909719
2204,21906,0.014615016601540645
2205,59137,0.0186585608653905
2206,24913,0.047585108850470396
2207,40646,0.00861232763051377
2208,57537,0.011144154740893272
2209,50881,0.009244449430485356
2210,61626,0.03338446204498722
2211,3344,0.027384823274280837
2212,12534,0.025415632288017135
2213,19796,0.018237812523908097
2214,30578,0.011299222822665851
2215,92567,0.015156014538897419
2216,46025,0.010187286628994669
2217,99391,0.020363771136693222
2218,39449,0.011459957505140042
2219,530,0.027299324841021003
2220,2086,0.008056381370704583
2221,77234,0.008851145802431636
2222,39338,0.035562064965960115
2223,73115,0.01261271374188223
2224,48914,0.01769625959343365
2225,11938,0.01204747836392396
2226,83881,0.014464755511892741
2227,82122,0.021641100944782814
2228,56758,0.019422003242730412
2229,69682,0.009158631604207124
2230,66424,0.022043535009638432
2231,32988,0.0352970492923858
2232,34759,0.016859543474032703
2233,89835,0.017331835286588014
2234,23099,0.035280365014231055
2235,34528,0.02504365561405787
2236,45462,0.020534827431675205
2237,82638,0.019840338116883426
2238,18815,0.026828644359345642
2239,586,0.01303025589748868
2240,53021,0.008730272461816882
2241,69231,0.03777161086874048
2242,29087,0.017582356263480134
2243,51634,0.009302228334274075
2244,48447,0.00514051053941236
2245,3113,0.01350951425248261
2246,73975,0.013065650333983242
2247,6759,0.009454386653379089
2248,39195,0.026948580795395378
2249,85302,0.009284067097478215
2250,93055,0.01210147387381354
2251,38254,0.012524713986437081
2252,43170,0.0037482074133756167
2253,54306,0.04645055161047343
2254,53745,0.01596247585243686
2255,5413,0.007310694537082302
2256,39507,0.019137275816847283
2257,45571,0.014176998675021325
2258,17191,0.008883442096135154
2259,16485,0.021186139937152192
2260,23515,0.006606499571912155
2261,12814,0.01114566663325532
2262,71150,0.008692574966940363
2263,39928,0.03173766315950013
2264,90388,0.013881225806628029
2265,12225,0.012351353933511486
2266,31916,0.007580271150204529
2267,43120,0.01710456815534782
2268,14220,0.022314675346642526
2269,90652,0.02613001400781965
2270,50137,0.016121960362768757
2271,54449,0.008946472572364488
2272,12824,0.015444853255040542
2273,34099,0.007796453342211663
2274,78846,0.008020184295603612
2275,43669,0.013771753524037918
2276,20208,0.04121702599415132
2277,31101,0.02425750311821534
2278,75433,0.018973964703306933
2279,28461,0.012152147923601619
2280,71364,0.017898615256896684
2281,98604,0.014100155779989305
2282,2505,0.00409243905153786
2283,9522,0.01873271570868628
2284,53615,0.008831126327202352
2285,16733,0.011229290872957444
2286,29112,0.008809180802475707
2287,43487,0.009592055094917347
2288,88473,0.009441440818541768
2289,63256,0.017125416012585534
2290,70155,0.013843318851710364
2291,60831,0.005183614798100252
2292,40720,0.019937500086122318
2293,97621,0.0190514863941049
2294,76722,0.01809710796612305
2295,95772,0.018167196636577534
2296,77817,0.05033050550521974
2297,38874,0.010282479990469667
2298,98244,0.0240095593760108
2299,92488,0.04452681465495741
2300,2935,0.014842839937441867
2301,80126,0.008867283908985071
2302,90013,0.017776172777932635
2303,44060,0.008736256635558779
2304,28522,0.014583925663094752
2305,11064,0.0163902117837613
2306,30205,0.014045073196713524
2307,29062,0.01514206427732186
2308,24843,0.010612676633857647
2309,89345,0.00957847269902682
2310,54098,0.019942164976286692
2311,59347,0.02330031048000356
2312,16141,0.03509644366600216
2313,13274,0.009195916289935034
2314,67293,0.017179832922411962
2315,50311,0.006743966759705
2316,77775,0.012928368625581905
2317,77330,0.013901893369604337
2318,37237,0.02359092698163248
2319,39879,0.011520286748809776
2320,64254,0.0217207936359316
2321,79408,0.021423388362970374
2322,74530,0.014064796357841653
2323,11522,0.01631659140491361
2324,12248,0.013506732987332447
2325,54209,0.00992660485181979
2326,11732,0.025979589562651898
2327,41923,0.01251164124078516
2328,17268,0.0077400969027975695
2329,82681,0.014560216415153156
2330,80589,0.014323066361715174
2331,99362,0.04442183560742767
2332,32163,0.006963180867625903
2333,62941,0.030966111123974373
2334,97578,0.010854013884107797
2335,37964,0.02494802673036677
2336,31717,0.004220557468612199
2337,13241,0.020833752982715975
2338,74266,0.009626715047556553
2339,40117,0.008284260389203824
2340,3473,0.03373531273568532
2341,42797,0.01417201600153881
2342,96257,0.011307338417764042
2343,54667,0.014264105651170303
2344,69707,0.02282320638669517
2345,17128,0.014461849010228813
2346,51173,0.019663756773435345
2347,35149,0.005614765512260185
2348,74338,0.02208190552356951
2349,59238,0.009828705998733214
2350,2388,0.013208355682628509
2351,68461,0.022702214689881973
2352,72205,0.02292720679161774
2353,16069,0.0089204095040722
2354,62023,0.02562147214325867
2355,42589,0.019416163481705037
2356,48720,0.016282841654836407
2357,73992,0.024633552686486083
2358,33435,0.010954189712823957
2359,13024,0.017963830592312643
2360,27707,0.013321999532778642
2361,13324,0.013762086810059575
2362,59379,0.018874737743555803
2363,96170,0.010939638912010632
2364,82586,0.012228557363325688
2365,78534,0.018412622159886274
2366,73318,0.03801276276153942
2367,46412,0.015409959830321169
2368,59403,0.013318898436685678
2369,35137,0.005375232038930852
2370,47026,0.025487311674858473
2371,26451,0.015074596716219274
2372,81057,0.02134330173850383
2373,62614,0.018814772790891353
2374,58474,0.03320999738983487
2375,11364,0.007316577625398266
2376,20521,0.02498877835108541
2377,1849,0.019050739611276898
2378,83407,0.030849805655140432
2379,35399,0.009180080827794607
2380,22416,0.030184634574856727
2381,1994,0.01012249660274406
2382,52173,0.014858429837949744
2383,5478,0.03475202220404589
2384,64493,0.007405186086625154
2385,97575,0.030349222153367883
2386,32872,0.010579455066961303
2387,78361,0.014397351087534524
2388,43702,0.012065107544177119
2389,23623,0.020350174058828104
2390,78933,0.011189530996018871
2391,112,0.011999439700697324
2392,28337,0.032296097577091676
2393,67303,0.008492676203533183
2394,78241,0.011397357859619355
2395,7875,0.032379801216506056
2396,4144,0.026559918656852838
2397,11920,0.015432568424055233
2398,60626,0.007116045032997442
2399,37433,0.010021432480729219
2400,59443,0.007918008811249608
2401,90845,0.011175033236475292
2402,60455,0.017406199872071544
2403,5909,0.0376570722771652
2404,57893,0.011596173233206664
2405,46613,0.017561539791669876
2406,92084,0.01369513976761328
2407,75246,0.03342596386696377
2408,80781,0.008684136054448368
2409,42588,0.012195598884172713
2410,59899,0.01800476594385174
2411,616,0.009986750044503974
2412,75477,0.01307155747898149
2413,62455,0.02918286089038183
2414,46248,0.017712758897858675
2415,49617,0.02225978158078378
2416,50341,0.01582734977901902
2417,21811,0.008624174829159016
2418,25565,0.014908506416873517
2419,55734,0.030323763577763556
2420,36877,0.006937635227543823
2421,67909,0.011918538859949472
2422,26439,0.007706196317237831
2423,44292,0.032782167018885436
2424,22415,0.013588736030562787
2425,26923,0.03910561716761117
2426,342,0.01878360747368165
2427,75482,0.020473855402239755
2428,12106,0.00912562089782846
2429,70160,0.022050433973514
2430,61917,0.016286498971316204
2431,24976,0.01757185392170133
2432,52485,0.014037522668031044
2433,74816,0.0059773682473020385
2434,4366,0.035702152407975446
2435,32462,0.006998024355121832
2436,2511,0.013482791925662548
2437,28611,0.0216773210557172
2438,93330,0.023243947411258913
2439,25586,0.013842797859724925
2440,78746,0.021095986113676822
2441,15137,0.005450712898380729
2442,98187,0.010897517029088867
2443,85022,0.01137238660752789
2444,91174,0.01074128835726793
2445,24563,0.01875167680756242
2446,64139,0.010586856980370204
2447,41313,0.027348266730817986
2448,80803,0.00907813298909038
2449,36843,0.016537400125395046
2450,29822,0.00684859122965617
2451,89692,0.009325105600265431
2452,34971,0.01763941983362305
2453,64070,0.0212207686394831
2454,72284,0.012570731092227299
2455,33213,0.012788400763301476
2456,26058,0.015106115982798565
2457,25175,0.00945214251867746
2458,16163,0.010007551681744241
2459,57564,0.027617898116677055
2460,10232,0.012494540662429204
2461,40303,0.0347536772356173
2462,66029,0.013172229681950438
2463,47644,0.015411750049627828
2464,70081,0.0078037347483469275
2465,46259,0.026331674044484926
2466,98065,0.008557757050162708
2467,8891,0.0077470011072307485
2468,6237,0.019503359780375085
2469,93033,0.03144020222769785
2470,14465,0.013630230214520816
2471,79976,0.02717185686854164
2472,57072,0.025544204070183797
2473,63480,0.024933296752401697
2474,67010,0.010638850720415585
2475,66188,0.03411609876631125
2476,43806,0.028756876195004735
2477,38945,0.024526773524334657
2478,15728,0.01444875891672058
2479,32806,0.006985229450714763
2480,11027,0.011897654923099786
2481,97389,0.017083370889556408
2482,66829,0.013034797896866297
2483,54344,0.02194752102252689
2484,93882,0.007663115331424009
2485,13185,0.011904982961186784
2486,75634,0.024065796440268985
2487,26741,0.010082151510984513
2488,94411,0.009301599102485458
2489,67552,0.007784627440216828
2490,68690,0.01389520140366228
2491,92234,0.017636806569288586
2492,17878,0.02477464902225281
2493,859,0.010908497641755395
2494,57409,0.01751270551353483
2495,52323,0.018963679641528775
2496,83490,0.01993951626588611
2497,44149,0.01192588080942694
2498,89214,0.024381582008102972
2499,65171,0.049113452878260626
2500,51815,0.03217435502822055
2501,93876,0.06977055015841915
2502,20333,0.03126194287436777
2503,9330,0.008587091158971289
2504,83328,0.01654694622349663
2505,42665,0.010491330632483786
2506,67798,0.004447251445052329
2507,3639,0.023186325502106944
2508,21248,0.034716784417762894
2509,78067,0.05712029669662802
2510,91659,0.0244732971247848
2511,66663,0.016836942564044423
2512,91274,0.021416539112166316
2513,4142,0.016464637947888175
2514,92518,0.005662094323032793
2515,56693,0.017488366200166305
2516,27106,0.023634250376229023
2517,1418,0.039987095518352375
2518,28408,0.04464294237614842
2519,40212,0.04180887861751903
2520,72642,0.009371212889390952
2521,62071,0.015948224962426615
2522,88554,0.00931661422892166
2523,51082,0.018585971320456026
2524,14801,0.012175294727543511
2525,27111,0.046432265642764474
2526,612,0.017455814500032838
2527,16998,0.0061038356974610014
2528,4303,0.01913903252810135
2529,49623,0.019732691098501013
2530,14987,0.013099658798556199
2531,10692,0.006125206035845408
2532,36797,0.005861001345311434
2533,23132,0.020091638426880273
2534,25857,0.014418141213011649
2535,7559,0.013971394962170923
2536,68825,0.0077969929900879986
2537,11098,0.022212153381799292
2538,23937,0.012246086834506481
2539,23316,0.019719174416627412
2540,65364,0.005353436520821015
2541,36296,0.024733856921911157
2542,95198,0.025805777079147364
2543,49619,0.014483442767939685
2544,88946,0.011351630677551055
2545,6426,0.023321584924831336
2546,70114,0.011663742697210709
2547,4849,0.024118780103102422
2548,3313,0.012913036007061438
2549,19479,0.004850511605420067
2550,34998,0.01648743935576962
2551,19859,0.010728221920092235
2552,29015,0.006419064910952039
2553,62731,0.022599819729149276
2554,8505,0.014584975076208049
2555,5422,0.015585513323046507
2556,55806,0.019814570820873543
2557,49545,0.01177702455908883
2558,37013,0.017429251841772502
2559,62280,0.016771727988878236
2560,61434,0.019896584818949715
2561,10787,0.017294521974101106
2562,17858,0.022047699068845926
2563,49022,0.030901374270006606
2564,23680,0.013265375987571217
2565,20414,0.036735044201216
2566,29637,0.00708633858771517
2567,67516,0.03828630135654854
2568,86378,0.019833702579670244
2569,38118,0.017321887403029167
2570,45377,0.02599899689166221
2571,52315,0.018539851820211728
2572,96752,0.015729304754459997
2573,24522,0.04631199006983888
2574,56988,0.01819436870784789
2575,4569,0.007908824450493023
2576,26815,0.01826700821220086
2577,91533,0.022633952477622697
2578,22849,0.009461441549122429
2579,42773,0.020312742388420554
2580,95729,0.012435532104014262
2581,74915,0.01232662307234958
2582,66329,0.01985149295407375
2583,98426,0.020067669340202474
2584,46655,0.024901775375030556
2585,72721,0.02096419642168002
2586,19806,0.01844495324297592
2587,23284,0.0365101298271651
2588,81096,0.014097999610733613
2589,72277,0.009514934397943707
2590,34765,0.011189808321935835
2591,68108,0.01720882978630739
2592,45568,0.012127259462386542
2593,65961,0.005266203243687231
2594,13667,0.011432151398523466
2595,10597,0.016134325773370477
2596,34110,0.03528991787823068
2597,2629,0.013068819249913582
2598,44386,0.023762341222949318
2599,96504,0.03406994972528911
2600,17911,0.026936467045538294
2601,33118,0.009330617164483315
2602,36873,0.06215878504880931
2603,50687,0.02343882914331009
2604,82997,0.006947994336209939
2605,37811,0.022099849606352875
2606,58284,0.01116176771506961
2607,94467,0.013302691317310813
2608,92912,0.012367699409288207
2609,70971,0.014349482215601986
2610,70933,0.012089180493758704
2611,76548,0.008675171890645381
2612,36310,0.03374398683360583
2613,65284,0.011806820344856212
2614,42469,0.0134892948862863
2615,52785,0.004721514392634036
2616,82692,0.0073052577364178944
2617,914,0.012492129027258174
2618,52413,0.019846848735798617
2619,57763,0.014275772909537285
2620,57477,0.021279725976534766
2621,52828,0.004171363436127433
2622,94643,0.03145704631956659
2623,96194,0.007609325926369239
2624,4811,0.009264528411817671
2625,2596,0.007362514595892681
2626,74643,0.018107847697599856
2627,72622,0.017488550768504384
2628,14626,0.016336842448108495
2629,31720,0.02197943945229938
2630,26857,0.0070328367395585565
2631,78115,0.042109861228475196
2632,58490,0.012727046174933598
2633,14035,0.028142630014455786
2634,90700,0.011162204678839889
2635,50977,0.01732308630808082
2636,48318,0.020859802210199806
2637,82916,0.03166732861346912
2638,47561,0.010228434371037981
2639,83244,0.011538646276774017
2640,47454,0.015547945008182178
2641,58634,0.016520159930374534
2642,14748,0.026068154940951316
2643,96839,0.011376860724405937
2644,20875,0.003763317207333552
2645,11180,0.01594017965963128
2646,29721,0.014794742952657501
2647,17727,0.004981676832301444
2648,33566,0.06220720869353411
2649,93417,0.01334081290168766
2650,76569,0.011798856780494187
2651,88892,0.007326442212511345
2652,15113,0.016791759063908406
2653,62316,0.006957294362122536
2654,5268,0.023626445575422192
2655,63117,0.009990062140606671
2656,22566,0.018753290861189403
2657,73305,0.02109320549922651
2658,16066,0.007180786867040313
2659,70326,0.01802018574908942
2660,64733,0.05080792761726595
2661,71287,0.020692951573032137
2662,93568,0.012525877628284667
2663,21862,0.010349448168956632
2664,61861,0.008296656021548656
2665,90777,0.02617002865625908
2666,20619,0.013446953235229467
2667,97012,0.011503145539374614
2668,74655,0.006373039126866574
2669,2922,0.01152695348290218
2670,36680,0.02604442471058047
2671,51415,0.003990390177889679
2672,3661,0.0195909473251295
2673,99463,0.027648182452232363
2674,41543,0.00661251807889533
2675,59050,0.02880346575764466
2676,79847,0.025014841131659173
2677,96633,0.011056900707587806
2678,65023,0.005232195783378246
2679,60671,0.04151040026550373
2680,70018,0.02564739520241647
2681,71731,0.02996407987226307
2682,60568,0.013093711641694383
2683,80582,0.00839273876804577
2684,41227,0.05270273101953466
2685,48958,0.015663691142814663
2686,54290,0.015835537602899664
2687,81917,0.013074689156694233
2688,52713,0.012352906792078098
2689,29063,0.023854291472326872
2690,95524,0.04025287536261507
2691,85923,0.010943337195908561
2692,51774,0.010184180134613073
2693,57346,0.022367029967963914
2694,731,0.024878536996721122
2695,62426,0.015607693717090825
2696,27605,0.012964413368735633
2697,714,0.015139988456500414
2698,65921,0.01854336136896296
2699,72858,0.027539433324930553
2700,8515,0.012150557869244284
2701,77791,0.013271459506071961
2702,62107,0.013235283725749227
2703,84403,0.007720816915277554
2704,81555,0.025834245221342193
2705,73144,0.013345479113650145
2706,74729,0.011476322662082062
2707,44610,0.00885976679722875
2708,92578,0.015299713457384496
2709,24261,0.0072843915949748
2710,33971,0.03397417802855143
2711,11427,0.020065659530432878
2712,31879,0.007052697191778083
2713,52747,0.013734860980857933
2714,22634,0.017427854698738417
2715,39978,0.013102832781707398
2716,2713,0.04324517728976765
2717,41685,0.014600677077662428
2718,40988,0.022996099294861617
2719,15974,0.025122160740134482
2720,13301,0.03645959230777103
2721,6276,0.023766600222975366
2722,10917,0.013647530425192306
2723,96986,0.00608523686187816
2724,77437,0.027390526844999867
2725,21620,0.00904005367582038
2726,69635,0.011011441458703149
2727,97511,0.024756586098634483
2728,30320,0.010416619179711466
2729,87564,0.05871903650733491
2730,73230,0.02214012463460968
2731,78383,0.029865277213330425
2732,60113,0.013032946548189752
2733,45405,0.015724792451085157
2734,25142,0.02815658530644543
2735,33878,0.012470114711441806
2736,83399,0.03419708888258888
2737,22548,0.014106631116997729
2738,81114,0.03283311483983001
2739,46430,0.028158287054952054
2740,44581,0.04851871740675792
2741,89908,0.014318639476427638
2742,60314,0.0205384634098665
2743,34591,0.024271518327990644
2744,62831,0.03125157848304923
2745,12905,0.00976850492043821
2746,16431,0.013439186143250254
2747,83236,0.016076069412919454
2748,96281,0.018180184172171324
2749,4681,0.009412078634829249
2750,9566,0.025097034762748004
2751,94319,0.009459561245447574
2752,91001,0.015002994605607424
2753,93031,0.021489984723250997
2754,80365,0.008218574902084672
2755,41717,0.0343377811680257
2756,5991,0.009649174442325915
2757,29719,0.018986217855398405
2758,15001,0.011850176786511929
2759,97879,0.0065625938759886725
2760,74690,0.009575172281276892
2761,88807,0.007073557895955807
2762,88999,0.0181211335417391
2763,37404,0.022809030582017213
2764,39637,0.00901854495909042
2765,92614,0.012239990258921819
2766,44313,0.030443388378125543
2767,98375,0.010918123514423743
2768,18466,0.012797317908635059
2769,46545,0.012005336555699318
2770,85613,0.012563030793634373
2771,63323,0.011662670125168011
2772,81546,0.011792789321019204
2773,87478,0.030774779180671185
2774,16657,0.023899270819573125
2775,7430,0.05457944976140794
2776,61083,0.007533664496308873
2777,33571,0.026032473478502634
2778,64974,0.011689163350851689
2779,27704,0.04220830219779874
2780,14602,0.036472674805821885
2781,94531,0.007266451054969749
2782,11657,0.015057891419407771
2783,49885,0.009359135809031728
2784,42895,0.006820542410968159
2785,85673,0.017900353291049
2786,18723,0.028352793398144963
2787,55311,0.020897669005786764
2788,33419,0.04368617642377513
2789,56049,0.03159573651754832
2790,55908,0.010778456974363944
2791,99121,0.019059553928296773
2792,41526,0.006276696442077878
2793,9271,0.02512606150361938
2794,12489,0.015107753548058196
2795,34522,0.02377030524760784
2796,17309,0.00737370397222473
2797,5360,0.015938830853108772
2798,38109,0.015080302341332383
2799,95516,0.019259857633043886
2800,68083,0.028580710332976007
2801,63100,0.032246024147805266
2802,46644,0.010298954428936684
2803,16959,0.030918209142127402
2804,38021,0.0255938712991958
2805,15524,0.007241844832906931
2806,72179,0.02058014827507749
2807,18260,0.006925159178994002
2808,55657,0.055795336270520766
2809,67419,0.008429872143294792
2810,1922,0.04784025739833793
2811,96021,0.014713127774999224
2812,7573,0.006121450517578118
2813,74507,0.01935815161968405
2814,33972,0.028575767728965404
2815,90415,0.013141148970840177
2816,55900,0.05696946316033866
2817,61702,0.019391236508430946
2818,42251,0.017221372491784306
2819,64956,0.03554943144021788
2820,50640,0.033755078445373246
2821,22025,0.019870143071234393
2822,95332,0.0075856668351494405
2823,11096,0.026061727442581915
2824,33935,0.016007518915467277
2825,30232,0.009820456960844642
2826,97100,0.009730763004876554
2827,79220,0.014603755827036793
2828,94099,0.02828473379694354
2829,82069,0.024473421587325746
2830,42026,0.018888741640445933
2831,11336,0.016952631959612614
2832,59327,0.02048960635359293
2833,79469,0.005446314051881543
2834,11386,0.0534259493920405
2835,56216,0.02600811547416455
2836,15981,0.03224849415767396
2837,67423,0.013069361755535506
2838,23337,0.0069157036172395325
2839,94921,0.013203524452424674
2840,68195,0.02890423222112593
2841,56371,0.02384951097541652
2842,503,0.009857089071680552
2843,53014,0.012344058337113101
2844,59300,0.034197118698526596
2845,83845,0.017043904440560954
2846,48877,0.0165946279256559
2847,98958,0.022079011767765333
2848,32631,0.008593875108777339
2849,1970,0.06805077634035966
2850,46212,0.008411894895150715
2851,14774,0.00586667664924602
2852,15897,0.013021714936319038
2853,1892,0.011346754221685487
2854,9747,0.03868488824660941
2855,4548,0.03543796149807972
2856,82861,0.02072318041269788
2857,64029,0.011043440933071635
2858,46376,0.014881191306637795
2859,28587,0.01127918658412759
2860,99908,0.010812312506373552
2861,17098,0.016827302122122616
2862,96162,0.08123535236593404
2863,96597,0.01334536912347927
2864,11066,0.01389689709895237
2865,60534,0.013254223829506903
2866,18430,0.03328927707550982
2867,17952,0.03423531097182239
2868,97969,0.023737120282166516
2869,92791,0.008473028468153255
2870,14650,0.017363466650380514
2871,70320,0.018261942818244937
2872,60760,0.02190112927360208
2873,42270,0.017942164933034896
2874,61049,0.03496539442344935
2875,12299,0.01626509683925515
2876,23191,0.009677275464086872
2877,82204,0.022171669085270015
2878,45247,0.025646427009027598
2879,17379,0.03965970321401287
2880,67310,0.01697162396471321
2881,17548,0.011725272267372055
2882,30781,0.04414852438204407
2883,14777,0.018022196327127853
2884,79289,0.02532930193771587
2885,44336,0.02243407329214749
2886,8802,0.0063956502683838404
2887,24147,0.015174254263577859
2888,33815,0.006772429817423228
2889,82593,0.012356367015282529
2890,61621,0.041172699951816605
2891,74808,0.016882737953454265
2892,41263,0.04196806225448503
2893,64988,0.007034890075000988
2894,68770,0.07197198649510944
2895,59686,0.019621881870219314
2896,45507,0.013692081970165438
2897,5261,0.021471618599051084
2898,49735,0.02555344468455359
2899,83326,0.025725121988138804
2900,14243,0.04146179569093893
2901,59508,0.006930417331665058
2902,30747,0.01003813424886547
2903,92451,0.012831710124747653
2904,16636,0.026473917057194422
2905,13901,0.013239062522697643
2906,16822,0.035342412381585746
2907,28671,0.011035286099592197
2908,38217,0.01364857510557867
2909,80814,0.010492998469892888
2910,35515,0.014688671391591489
2911,35995,0.019723249931821236
2912,65663,0.014601322944596491
2913,62381,0.01727544782493685
2914,86364,0.030025742905387197
2915,90255,0.012345165711322529
2916,16007,0.02786783535464551
2917,33936,0.020146427777950685
2918,90936,0.012797642933065194
2919,562,0.006697444786420376
2920,76805,0.013595422946111635
2921,26792,0.007696070044399126
2922,6768,0.021246484523449054
2923,54325,0.015452199408130004
2924,34312,0.022969951245758825
2925,58947,0.02220806471544192
2926,80921,0.031710936065728085
2927,71830,0.016590418287579158
2928,15487,0.014337458613390568
2929,19749,0.0198987194012893
2930,96812,0.013768640525294844
2931,77797,0.014537657026644918
2932,95127,0.021682242879206188
2933,30291,0.027315188621592205
2934,34087,0.005449285492818905
2935,4673,0.009487385534181698
2936,57463,0.06125300592851285
2937,18863,0.017489518352595285
2938,62802,0.012716565329390134
2939,41380,0.009869335667498398
2940,75062,0.06553294351648875
2941,44349,0.051465655351461026
2942,40401,0.01915629445108722
2943,71774,0.006801372637536057
2944,32372,0.02764937979882915
2945,45512,0.011111665529198796
2946,68146,0.017165913427915958
2947,85974,0.01752189719964648
2948,9836,0.01798189252372177
2949,29527,0.010072412189423233
2950,64492,0.009122012535766116
2951,46329,0.013506452061887803
2952,97653,0.023276032603899238
2953,67068,0.021680649395362194
2954,75938,0.02626010215714883
2955,60043,0.023496814483850298
2956,17709,0.010416174995813108
2957,98250,0.01564415614411947
2958,36419,0.015379941801794061
2959,25042,0.012774219383395295
2960,96866,0.008637620913557749
2961,18990,0.013699055460685061
2962,54547,0.008098932042561917
2963,14389,0.006251076296659544
2964,91034,0.016315859042718664
2965,16675,0.027754830571908015
2966,31841,0.028901675178704036
2967,80184,0.020993534963276616
2968,55810,0.01175043200680885
2969,90440,0.01135481566158077
2970,44924,0.028082524150896904
2971,11595,0.03770843933162382
2972,99870,0.013471505253033016
2973,31105,0.03613440398613248
2974,52434,0.015421443793530307
2975,22427,0.01467511192858327
2976,97996,0.035706062253568004
2977,51417,0.007881582512163221
2978,71087,0.029446781390273083
2979,36689,0.011759314688959827
2980,95011,0.009764583174674438
2981,47944,0.014624114355420036
2982,44844,0.019849865608060895
2983,29364,0.007306947050474235
2984,57807,0.020605958950830526
2985,12700,0.008120206299082791
2986,74555,0.016149915553064345
2987,56878,0.018131043196790507
2988,84765,0.01578258150685642
2989,11902,0.01555596284155587
2990,18800,0.035834154517601136
2991,82507,0.013222604627580344
2992,17735,0.02747094558177802
2993,73248,0.014410386527196367
2994,64165,0.01076440123045386
2995,42125,0.008595126698407615
2996,98930,0.007062898031874362
2997,45631,0.018663018134679358
2998,3509,0.03037205918456179
2999,80055,0.014829605674967095
3000,31079,0.012808520190025312
3001,29760,0.01159743999104601
3002,44244,0.018981393733472122
3003,55668,0.008804078250328752
3004,6559,0.02295686738133544
3005,47935,0.008303249282760444
3006,74580,0.011432359133208803
3007,48833,0.010570888765704651
3008,13760,0.011904864495236728
3009,81630,0.025637606859159577
3010,48397,0.0469076310684059
3011,10612,0.012655695109130815
3012,29668,0.01729236487357725
3013,40490,0.013745579884738943
3014,18655,0.02789704582476315
3015,96581,0.04933886940124822
3016,91217,0.020363702944819026
3017,2527,0.014767860505114049
3018,45027,0.01013657774314448
3019,55255,0.011321370470306283
3020,9324,0.007141998159421054
3021,34067,0.021376155053361896
3022,69899,0.05118584290383867
3023,45135,0.024483888836065563
3024,36376,0.016296623950954655
3025,34542,0.015221294713697547
3026,54774,0.013025866349163154
3027,76255,0.01874823331976048
3028,8075,0.022656044979727893
3029,76310,0.007861346037540958
3030,6969,0.012663782798967568
3031,23076,0.03209171180263114
3032,43103,0.056185804073333415
3033,25953,0.015260575808762517
3034,37391,0.03370978760726219
3035,36701,0.008878475786941498
3036,99750,0.020415232989300355
3037,40176,0.020271845126500897
3038,60083,0.0515804608927221
3039,2975,0.019075181584128652
3040,61458,0.014963359108554583
3041,87708,0.015511418600459443
3042,51662,0.010162574527248263
3043,77209,0.013186062484677269
3044,60547,0.009553810615622773
3045,58322,0.008161068963868702
3046,83251,0.030039969811356863
3047,6375,0.032933830556996
3048,81332,0.017417576572496075
3049,24710,0.01686369835518623
3050,66770,0.009973477193669908
3051,22085,0.006153860434265334
3052,27874,0.05969352602894759
3053,42677,0.016874774539656526
3054,6590,0.02470687934089341
3055,71017,0.04603607341773405
3056,27421,0.030721678755980773
3057,28992,0.008194044018225474
3058,31453,0.02198225475846901
3059,260,0.02497764290253644
3060,39971,0.011095619571579547
3061,85724,0.021644302687453848
3062,44431,0.013032026615082492
3063,45283,0.019536230995644693
3064,6925,0.010108783622612267
3065,97523,0.027388915993200796
3066,53641,0.009606400368195937
3067,25873,0.03841081983331629
3068,71168,0.013340040321158438
3069,32513,0.024157233242280415
3070,82836,0.046088590981683275
3071,89840,0.02049094207000391
3072,50861,0.01930637416531508
3073,32985,0.015865072113327224
3074,21914,0.008379199130871729
3075,15050,0.02340154009051316
3076,23551,0.007037129878053595
3077,17328,0.008943650617825188
3078,23318,0.014069269595582986
3079,38753,0.012063191270239687
3080,56104,0.03559150646844354
3081,28137,0.01632205779804948
3082,81631,0.018748628500071484
3083,93321,0.016429974117130847
3084,4410,0.030494412868744505
3085,60956,0.01866690164722023
3086,9794,0.030663840949333967
3087,25762,0.018822514695034036
3088,1697,0.02716201613632021
3089,27159,0.015170949265391039
3090,24969,0.009724432297132553
3091,47427,0.049669804091173754
3092,98111,0.010577213471701092
3093,58755,0.025035100207410656
3094,24680,0.01884967680716246
3095,51463,0.014035056499490302
3096,71989,0.02094566711193232
3097,17112,0.013302608594395263
3098,1182,0.024295477851581832
3099,46220,0.026833361563845477
3100,78150,0.014557647965339395
3101,14732,0.01358177928119485
3102,35773,0.026957854085935866
3103,17943,0.012931086618485858
3104,25783,0.009488530452415525
3105,28867,0.01343689019727723
3106,16854,0.01639198976551899
3107,26957,0.014815727744111561
3108,92156,0.031542651076367986
3109,67375,0.01364868900119863
3110,69879,0.018751349551362394
3111,94520,0.016859006268567112
3112,76665,0.013741361446023358
3113,45505,0.005253092259864272
3114,75050,0.014576877753053273
3115,9927,0.04431595408252912
3116,52677,0.024882195059361952
3117,98871,0.007471836363397188
3118,10685,0.02027025876936136
3119,59427,0.018214200527725263
3120,93237,0.016183940449388354
3121,68003,0.012816418490704246
3122,25194,0.015131206537821452
3123,41718,0.019151291301240735
3124,80372,0.008666270395813538
3125,60757,0.012272480650685896
3126,99625,0.010043979326411583
3127,85987,0.013159657565608343
3128,27830,0.02469531977666691
3129,74182,0.018843504143500923
3130,35570,0.047009476306474465
3131,29311,0.008505636829335443
3132,25949,0.02332750762619794
3133,14355,0.008534191579242473
3134,50694,0.01664467132377532
3135,32613,0.014963918212216576
3136,69849,0.042130632374354895
3137,1534,0.006911250709725656
3138,89547,0.014091580044770081
3139,6045,0.03441664959563953
3140,75018,0.015774922761848026
3141,47349,0.020718810321270605
3142,51734,0.022145732851730625
3143,71100,0.02257549501634822
3144,36902,0.025203136298269025
3145,76458,0.024506946291601214
3146,77754,0.049928979893583136
3147,4661,0.01599533616247352
3148,13906,0.010024996507242836
3149,57290,0.007819792802512462
3150,91384,0.028090558692427773
3151,67015,0.00915398051884047
3152,98634,0.014946935259607656
3153,34569,0.02185735132751906
3154,6361,0.008455064246376254
3155,40891,0.02983135508308703
3156,82450,0.02570216614701618
3157,69623,0.023478421828814742
3158,30960,0.0482269255566931
3159,71305,0.006811461670151699
3160,87363,0.029101855304060262
3161,7624,0.017323473288436704
3162,53983,0.013709580722152524
3163,28717,0.01195456953207868
3164,51455,0.014684358407639986
3165,22814,0.010972459881934826
3166,77569,0.017201225581213633
3167,7720,0.012077702455840455
3168,15169,0.02510663349299004
3169,16934,0.02359920891319992
3170,38669,0.02043529801961834
3171,70364,0.008672795891250466
3172,78923,0.010828037648598967
3173,50890,0.007256178014969174
3174,87014,0.008758121708336146
3175,30549,0.024834442962697607
3176,68495,0.012757925563298286
3177,78172,0.019461558788443627
3178,76216,0.012851780867878842
3179,51106,0.031467065852631385
3180,24628,0.045779095239770785
3181,81216,0.02475866185860082
3182,59364,0.01596343625376758
3183,6301,0.026888531513982107
3184,86771,0.006155636047418908
3185,53778,0.005581857353082607
3186,87086,0.019867701399413698
3187,5518,0.03158798853751464
3188,18179,0.00972502640940162
3189,65651,0.046145272978536274
3190,67184,0.011662458387910045
3191,47437,0.014295414598548413
3192,10867,0.007318401139161341
3193,28201,0.009982304822452262
3194,52809,0.03697516769689409
3195,74095,0.04585048380200574
3196,53126,0.02718033423867132
3197,41599,0.020709232597951925
3198,61388,0.013349918404369096
3199,56810,0.00607622969186641
3200,52886,0.014640393034232941
3201,18580,0.03459194468789256
3202,14734,0.0074805127392192665
3203,4360,0.015486007856245893
3204,22037,0.00854159914533657
3205,72023,0.012168703694439967
3206,76634,0.014859046849927084
3207,47635,0.028281145747125112
3208,6203,0.007245048035961201
3209,65752,0.01678005350597391
3210,82852,0.016709408218924717
3211,76838,0.0083479338407021
3212,83400,0.015426443994877586
3213,84739,0.010008446252566725
3214,86084,0.012415016776180687
3215,86796,0.024229958594781373
3216,60419,0.02656527220710219
3217,27890,0.013366215294339377
3218,26210,0.01519364321428691
3219,96475,0.007893874998542282
3220,72627,0.015252579971094919
3221,52907,0.019847699802019832
3222,44715,0.03908357582810032
3223,72088,0.007920521357407218
3224,87959,0.014952803346620778
3225,82407,0.033633144714514965
3226,22843,0.036205719781216006
3227,82855,0.027255955467611833
3228,65167,0.024908960970739975
3229,47101,0.015515299405409494
3230,28,0.0103432627753934
3231,49877,0.010738286747789684
3232,70830,0.026521282693746404
3233,47710,0.01627341701980415
3234,15714,0.013381987630607526
3235,98189,0.007382747791276276
3236,64722,0.00938183390855642
3237,67849,0.014272997348466194
3238,73186,0.016853197678920587
3239,68405,0.05514695956876556
3240,63452,0.007861031666054738
3241,26477,0.012272745042779379
3242,5551,0.03810167319717184
3243,67177,0.01575259456840252
3244,40313,0.011083917954654172
3245,98798,0.022232171410568595
3246,36430,0.03740007842382334
3247,51373,0.026601099832695027
3248,29072,0.009642815682504512
3249,87965,0.025427468199153477
3250,67224,0.018660072264618785
3251,9343,0.026725336834851402
3252,92177,0.028692293236153958
3253,48652,0.014899171902984832
3254,8790,0.02247124941931809
3255,9889,0.008383995908433348
3256,2617,0.020347400718274795
3257,79359,0.022646711120546788
3258,23553,0.007575393411996633
3259,15458,0.01332926796490389
3260,83765,0.012756059689351711
3261,65264,0.010398125988766618
3262,4226,0.007724714811283069
3263,27517,0.02365673539901622
3264,42634,0.006198240470726548
3265,3138,0.013773672460047546
3266,48297,0.014007619576625803
3267,13152,0.03890494126897161
3268,19170,0.018849576182501885
3269,88167,0.015531741067606965
3270,66336,0.012717857592309357
3271,67202,0.00851578254987162
3272,9926,0.025731822542465036
3273,5984,0.007285426043869554
3274,16593,0.006971567559838654
3275,45772,0.018795586412592786
3276,36500,0.030333070119786434
3277,2546,0.018386218167376386
3278,90376,0.013690977555192106
3279,40886,0.011477655541814836
3280,32365,0.013681187276770304
3281,29909,0.015566221945339322
3282,97888,0.009127790166776485
3283,57454,0.029732804801267096
3284,85354,0.011872573093642086
3285,58311,0.02963712632661584
3286,67547,0.012979708063083325
3287,11826,0.022209808718033193
3288,56413,0.019992989768742125
3289,85248,0.012368129857203172
3290,62777,0.015985855262066424
3291,8874,0.04152980184378564
3292,94653,0.01039158572650763
3293,23609,0.008887206329714743
3294,39542,0.016172127212564946
3295,8147,0.034062616213990454
3296,50708,0.012898725665216038
3297,27563,0.015477473764782135
3298,61296,0.031129908404998238
3299,72416,0.007103849132535455
3300,35389,0.014767903195080619
3301,19238,0.02370198775117793
3302,96551,0.02026158215126524
3303,15551,0.011176610962623056
3304,1968,0.012064135214650636
3305,4369,0.019878995169806145
3306,29394,0.021762042713541097
3307,68685,0.032073291153279115
3308,84090,0.02778852578639855
3309,19914,0.00691359529869566
3310,45518,0.008034402208042298
3311,70412,0.016798582822723663
3312,54153,0.02943130274476252
3313,49745,0.0410751677245792
3314,45120,0.012865487762321564
3315,61213,0.026883995523161144
3316,14833,0.016827920195496168
3317,81740,0.02054618372897876
3318,87477,0.02344359919391185
3319,8860,0.00569619642485349
3320,70219,0.03187967803379013
3321,32387,0.01085338946662263
3322,76882,0.014830544611986964
3323,36065,0.02561282225870603
3324,18692,0.020641723329860504
3325,20514,0.029717150023350757
3326,98066,0.011296711426911011
3327,51996,0.017413820577769336
3328,18402,0.013923550415989203
3329,95003,0.02073491757592121
3330,55211,0.02763745759469633
3331,57700,0.028946582928457244
3332,8120,0.07065221542680397
3333,32846,0.023209056175583054
3334,90632,0.014549852354489906
3335,63593,0.00757572121895775
3336,55776,0.00926285973061176
3337,80393,0.02784399229950084
3338,10796,0.02363857814796996
3339,20240,0.0034660645411178238
3340,83692,0.008161668776799667
3341,44369,0.037870004560733445
3342,27429,0.01615913812545001
3343,46916,0.009115835946900368
3344,22200,0.027397416902862314
3345,25847,0.03481423707401916
3346,70050,0.014221124288681768
3347,84412,0.010519707119514426
3348,77992,0.016762713640870237
3349,15976,0.012950852227623717
3350,45000,0.01107697533555364
3351,13157,0.009040220063133035
3352,98362,0.009648489599443517
3353,7106,0.0070429873634951755
3354,80020,0.009202941063239703
3355,2179,0.037407699953645776
3356,20582,0.013068997697448046
3357,69341,0.007684196111213907
3358,74152,0.00843605819647607
3359,58552,0.03650588906713821
3360,55831,0.035180970952285215
3361,12115,0.05017003923128484
3362,44819,0.013976241170681854
3363,44265,0.01673944707104683
3364,14728,0.012347067664436207
3365,83959,0.015752754741054774
3366,35545,0.008478132421095828
3367,69926,0.0030635917255833005
3368,61749,0.02743152289849219
3369,23693,0.019705464406184217
3370,56856,0.015270109076804459
3371,28626,0.01758197485651087
3372,56880,0.022982798541676706
3373,64811,0.010175393338870976
3374,57878,0.033344623801760245
3375,4333,0.011607955333894054
3376,96275,0.006467468986764391
3377,65552,0.008062825017015298
3378,33508,0.012846429807291556
3379,49554,0.030305545288688566
3380,21172,0.011613741221591166
3381,98892,0.014580548962857593
3382,19938,0.03550144120244619
3383,71169,0.011951166422974266
3384,66661,0.013705489858811943
3385,73141,0.007864050148698024
3386,94222,0.021109262723956662
3387,34471,0.022792589605891467
3388,82123,0.008341477264972086
3389,95014,0.03693043998053225
3390,16550,0.030651874765061284
3391,29617,0.01621477459021553
3392,77989,0.00889468087626246
3393,90623,0.007593723305408146
3394,47984,0.02362860790216216
3395,9620,0.037215941466210455
3396,35184,0.011563543317584697
3397,25671,0.010705895333822178
3398,3723,0.009604179027753606
3399,89983,0.015646198053836612
3400,48612,0.015359027857671608
3401,19846,0.013998278870952986
3402,39454,0.020437963238829588
3403,76057,0.012434543045855905
3404,28001,0.005510729591941555
3405,54621,0.04762699539811904
3406,83301,0.02072962825073687
3407,90943,0.03238263632759342
3408,40634,0.013976611657365075
3409,24701,0.015313695986741527
3410,63110,0.02041853065979979
3411,43616,0.0448618567617018
3412,44881,0.010318731512874015
3413,573,0.010493215538886946
3414,16948,0.03597731271899903
3415,34907,0.025753881265568664
3416,5727,0.008763639935588473
3417,81120,0.02061443723197037
3418,18534,0.02910980596125921
3419,28183,0.014887463115971854
3420,78773,0.03695113057287822
3421,85794,0.023416538594238125
3422,96871,0.011944411032906742
3423,87258,0.009240693362107125
3424,88423,0.017966171513401717
3425,8875,0.019956676584176387
3426,20486,0.01330308658477097
3427,71412,0.01061843146716879
3428,94260,0.006508212012277243
3429,40995,0.010760488503084514
3430,12959,0.01768419278081439
3431,94034,0.02242819747829041
3432,47599,0.010975090036445898
3433,97472,0.021436183722324222
3434,41731,0.018736646772550603
3435,42688,0.0202020432939138
3436,39139,0.010301327412810545
3437,76196,0.031129865670505758
3438,99977,0.04635126662360105
3439,4229,0.024316121692013262
3440,76758,0.030907134564485694
3441,266,0.006847957291872382
3442,42276,0.022082996568552074
3443,72662,0.045362101099254655
3444,47565,0.010282480026801762
3445,86234,0.007485195486882789
3446,98536,0.01425280231337909
3447,47843,0.04799448023548524
3448,50683,0.015021181774044354
3449,78981,0.017145088980246005
3450,47592,0.009784460225695976
3451,30392,0.031434028375934224
3452,44026,0.014451214133402834
3453,52011,0.009792432308135285
3454,56527,0.03047307143634328
3455,96534,0.023044712710769546
3456,31602,0.01260526906968485
3457,31227,0.017910981948955386
3458,18710,0.024755050490420802
3459,94851,0.007763599572753162
3460,22808,0.015039708714187647
3461,87353,0.018880625892009992
3462,33292,0.019175747780865393
3463,61762,0.01290626401737593
3464,842,0.021189342441897414
3465,32400,0.018079280889835608
3466,29870,0.03442184848619145
3467,52329,0.01046407266761627
3468,822,0.02964803428491813
3469,83414,0.008099412787872648
3470,34496,0.025625144272796756
3471,2393,0.01996624234420135
3472,51296,0.015241321887757594
3473,91298,0.008548678262576938
3474,98984,0.016170593926466924
3475,63874,0.018706392426920394
3476,80335,0.015762676581188885
3477,99709,0.006725647044209688
3478,49742,0.0054151508243657455
3479,46728,0.039297242477227434
3480,1541,0.0178381038254687
3481,15755,0.009982564611100444
3482,60353,0.013014990918371373
3483,29657,0.007457788277796967
3484,65154,0.005925975162419429
3485,11703,0.01812077105379886
3486,93677,0.03821562951427857
3487,63645,0.011144131451966322
3488,717,0.019813421472882255
3489,73651,0.01359895098480559
3490,77206,0.00652738900319217
3491,59576,0.018255480639686017
3492,29560,0.017499041790158782
3493,4584,0.03858809088601535
3494,51497,0.034832110022003725
3495,89497,0.0385372472591105
3496,49087,0.011246859000240111
3497,62166,0.012821733295496279
3498,65381,0.010637623145661503
3499,99302,0.009249607980045857
3500,77047,0.0313336786035253
3501,83696,0.015729161014166715
3502,59637,0.01511656409059092
3503,64907,0.014891006719290806
3504,45634,0.021048981901074345
3505,46985,0.019936457217724173
3506,63498,0.017013122791402775
3507,96441,0.012074814673165011
3508,33562,0.016816684372192522
3509,10245,0.025258446380138074
3510,38348,0.025926296378257923
3511,81643,0.040201764178941474
3512,56195,0.007452139962362709
3513,54032,0.010356306662581635
3514,90577,0.027453788103703303
3515,55991,0.024488407799844035
3516,36049,0.010981459944496244
3517,84794,0.021520630442919488
3518,68843,0.029825207116736016
3519,78413,0.01515007454112396
3520,1330,0.020266524436042682
3521,34732,0.017979561678750273
3522,13187,0.01759367078058131
3523,15398,0.015545825317255065
3524,18516,0.018370155365954224
3525,37634,0.027344554118432104
3526,74109,0.010013413138952806
3527,12338,0.033626650236464925
3528,65794,0.010464153867623959
3529,41976,0.013633763866820135
3530,1910,0.007600478035771094
3531,27586,0.007883159742331149
3532,38072,0.023126858552215163
3533,94091,0.021657770826516622
3534,81384,0.021411025434571018
3535,54736,0.02080109757906808
3536,12927,0.00929174679189659
3537,30815,0.029813640440516494
3538,81853,0.009962803597541574
3539,79425,0.022607206585095078
3540,34827,0.011542102470840511
3541,34901,0.014998523405608245
3542,91232,0.011506492731487348
3543,50303,0.01776052322151126
3544,78514,0.03961267949377005
3545,31405,0.010278473916714262
3546,37770,0.033519292112110646
3547,1904,0.036924887554904286
3548,71101,0.04967403673940137
3549,78078,0.01733468538635742
3550,33053,0.01210192451201849
3551,93959,0.010283019038668066
3552,19735,0.02016328839453868
3553,93103,0.03418401048790502
3554,61366,0.019801585379002958
3555,97516,0.0181031497357344
3556,48087,0.021608727612497016
3557,12324,0.01107355342275724
3558,77941,0.01162063739359858
3559,56521,0.02554917811529752
3560,87152,0.01402096645432152
3561,20101,0.027871282975867138
3562,88239,0.0161497922543773
3563,59711,0.016313236397150856
3564,5714,0.010209150015547225
3565,72002,0.011938326062542907
3566,98945,0.023405076384998558
3567,85715,0.04655996449515917
3568,77142,0.022273870945177687
3569,70685,0.007959377162829094
3570,85306,0.009870596665274671
3571,2916,0.009037796772057512
3572,37099,0.007516820912504208
3573,21660,0.013097500228510368
3574,1659,0.01916614617642433
3575,99288,0.043948937726809745
3576,85421,0.012443549734463082
3577,34621,0.012353629436329755
3578,69060,0.04805138477691334
3579,54088,0.01820077249908951
3580,32511,0.04050776180104466
3581,45494,0.011517120743587926
3582,99755,0.01427320688170451
3583,7069,0.009451917852316406
3584,88562,0.009316449171502912
3585,42595,0.035238548023536806
3586,76043,0.010817656792146654
3587,82648,0.023090200832572037
3588,17962,0.015612532437963877
3589,98253,0.02198066770623756
3590,26662,0.02997699437131277
3591,54504,0.005957649908065709
3592,35592,0.036740469957431965
3593,35976,0.022794197686829692
3594,55743,0.004761520100244575
3595,25550,0.005603833515158755
3596,35253,0.018223428116602457
3597,63695,0.013483905419816962
3598,63336,0.02108990775825617
3599,62160,0.011120714114316532
3600,95927,0.016278684494772884
3601,42731,0.016427420897246622
3602,24982,0.008578394412339782
3603,6122,0.02764267257906419
3604,32732,0.00975847314735724
3605,86311,0.009159457631170851
3606,22608,0.012122422704619634
3607,81341,0.015892916950683147
3608,93560,0.01750515618848273
3609,76129,0.06515492666954241
3610,12895,0.009481867281246085
3611,39292,0.014137168507703407
3612,53498,0.0114795029707387
3613,87415,0.02742402885373107
3614,64641,0.009473512552073453
3615,72661,0.011564945803523415
3616,85264,0.012072768568823344
3617,92236,0.008210012182752281
3618,95686,0.02253868875940671
3619,15032,0.010003154344171504
3620,65572,0.01058417583963104
3621,39441,0.024420370436815414
3622,16174,0.014978730093658237
3623,93630,0.0058521662685496485
3624,98682,0.01884162373774106
3625,78390,0.040384921854579044
3626,38167,0.02257520289526185
3627,62615,0.015750763236260082
3628,73932,0.029391156204388594
3629,76852,0.016234678100478267
3630,29121,0.006185388407657365
3631,91251,0.006890020220875669
3632,64707,0.008487854920486286
3633,52454,0.012655894043367692
3634,88748,0.032375809295878216
3635,77691,0.011870379891094634
3636,12442,0.02273119515041855
3637,56843,0.006263328351232786
3638,61833,0.02365770712249999
3639,27455,0.028927535459325936
3640,28151,0.01904136705918741
3641,38672,0.010344614211752926
3642,72134,0.012999898327644435
3643,54766,0.01728189024233977
3644,21353,0.02207285218515502
3645,21285,0.013132145200588549
3646,29510,0.024436398939217525
3647,84145,0.015296393034465238
3648,30928,0.011449593905995325
3649,78475,0.02924942608431317
3650,67159,0.02016502145027381
3651,36157,0.021739836864999806
3652,37901,0.034517878952350846
3653,87778,0.00900368932575155
3654,33517,0.03677508282577565
3655,79238,0.021321340626463663
3656,17592,0.03909041241478621
3657,47394,0.03519829164404054
3658,38899,0.03592479069119587
3659,68489,0.00905339731477875
3660,8294,0.016029927871394248
3661,89939,0.04447183303086575
3662,87952,0.008528511412123414
3663,11172,0.016505827072175027
3664,31328,0.005803834300377385
3665,46929,0.021854928713419337
3666,51914,0.09242088791761766
3667,79115,0.02081292917882399
3668,60282,0.010529656469520374
3669,1767,0.019175978517537818
3670,95764,0.014968763786183425
3671,11755,0.020142457601884944
3672,75798,0.01725020945401271
3673,19228,0.014944198013229805
3674,14340,0.010270303952706143
3675,88688,0.018226916082309592
3676,598,0.015668681407773673
3677,94974,0.018548228940222622
3678,49702,0.008621863914124964
3679,29934,0.01343819414628273
3680,29375,0.012316470452801686
3681,69263,0.015109169369265242
3682,56000,0.014500251841755758
3683,40635,0.016986645591038067
3684,9851,0.02817664707997688
3685,15968,0.012348414902445481
3686,93411,0.009233864023134728
3687,90621,0.011388426876801964
3688,30445,0.017759509146875057
3689,42099,0.018334395235583213
3690,67795,0.016579846857977285
3691,96331,0.017082366446473873
3692,28955,0.014205663778852426
3693,62894,0.006413779627518612
3694,15723,0.009682873401685957
3695,24869,0.014131815538585116
3696,51447,0.02062047022346537
3697,9777,0.008784105680273322
3698,4955,0.043352054544616735
3699,77845,0.03789198156839642
3700,49786,0.007829579260055914
3701,5015,0.026012508246016593
3702,88197,0.010978586345917526
3703,8851,0.03414222394724613
3704,27208,0.0284069912316007
3705,40320,0.020193107868208302
3706,61363,0.010718339553580127
3707,42077,0.015468356186605057
3708,88267,0.011284925006703625
3709,23503,0.0073349817364928216
3710,4071,0.009053837950636074
3711,15720,0.0347589581640743
3712,75623,0.013830590171574729
3713,37972,0.017652885618222078
3714,9714,0.024153014957154155
3715,92049,0.01603691512966076
3716,24360,0.02602959013300307
3717,35556,0.019013590588227866
3718,24197,0.02392358666832669
3719,70877,0.013737271056097854
3720,69113,0.016586601819248026
3721,82570,0.012991541242144175
3722,83143,0.039029282443654695
3723,75401,0.01621197322421835
3724,74975,0.01785939582485775
3725,44504,0.020431181826606033
3726,20476,0.008020330942950273
3727,31425,0.013689586562569168
3728,94341,0.02001916511177754
3729,24397,0.010488659089282568
3730,80719,0.011588717029319195
3731,97017,0.024722102141512336
3732,77018,0.012576400056442132
3733,76725,0.0217456509587572
3734,97739,0.016306438451831676
3735,31730,0.00698640755423213
3736,74672,0.05049931302420932
3737,46995,0.03879434950798584
3738,62687,0.014197136865786806
3739,44133,0.014112538178090776
3740,24929,0.01748153709209108
3741,60283,0.013248872970156172
3742,47724,0.007053492362776402
3743,15826,0.014764533719807703
3744,84128,0.020275868754335867
3745,45616,0.022787144482487053
3746,31317,0.007227510216826748
3747,68927,0.010164128828787523
3748,39544,0.01142114475702026
3749,81902,0.014568916949123793
3750,39791,0.008569522950250269
3751,77689,0.007924989124372964
3752,84568,0.019776851391129932
3753,33321,0.011479875320241906
3754,35450,0.01684454087931576
3755,21195,0.018246211685507937
3756,40457,0.015604546474314834
3757,26104,0.009806130132633876
3758,37365,0.011066247951578675
3759,73849,0.027789021103524117
3760,39668,0.019228995642718405
3761,69580,0.024853968879124527
3762,20842,0.009190615202893743
3763,67708,0.0061730590663936595
3764,72635,0.012364573523836825
3765,45061,0.014406351868310272
3766,76004,0.0063609507276344394
3767,26725,0.005551499628145676
3768,52410,0.02945150472589999
3769,1601,0.0265272698088851
3770,12419,0.01394800084823494
3771,92751,0.02465324323361275
3772,97231,0.011470681531458068
3773,92776,0.017285691790527528
3774,12015,0.016532934771074065
3775,26559,0.005856273835360968
3776,75582,0.01844936918926036
3777,58468,0.023560872819207625
3778,48574,0.023851009523623352
3779,69040,0.014881060035920017
3780,38869,0.01268159410546662
3781,82623,0.016137213920297856
3782,32655,0.01259413831609923
3783,95852,0.032196379718871494
3784,87334,0.018530767242327485
3785,95987,0.0050778909176188835
3786,12961,0.005313305362862947
3787,27266,0.02847572373334117
3788,8929,0.02494719321584657
3789,82097,0.022144725397921998
3790,14348,0.015810302081068314
3791,61636,0.011872925169407206
3792,95874,0.01038648217293584
3793,84194,0.008934098001688155
3794,94782,0.028805658267543038
3795,9259,0.027199122607247352
3796,202,0.011299620511765727
3797,40284,0.01032703748719762
3798,41176,0.03896723428389582
3799,5979,0.013054046224548699
3800,29711,0.013254647992797432
3801,85859,0.01702819597925961
3802,96914,0.015844070030355803
3803,94465,0.047484521483084026
3804,18853,0.011714776125328287
3805,13831,0.0166142596393044
3806,723,0.04231732830148466
3807,90260,0.010531541145216145
3808,47001,0.00975750538483881
3809,87397,0.013509285857393912
3810,59813,0.00816574051126939
3811,50200,0.0756911090087625
3812,94964,0.024954640941566103
3813,12088,0.018901512483875935
3814,67179,0.04972868336978152
3815,58395,0.07135684926883405
3816,34865,0.024650245682411042
3817,61517,0.027459483266349685
3818,11313,0.011427160862969455
3819,50836,0.013790876012226587
3820,92149,0.028819162595642316
3821,92260,0.008605339856829382
3822,66630,0.00981676842318142
3823,55759,0.02766957586717957
3824,62491,0.0126363626120725
3825,76358,0.016932835118438922
3826,79513,0.02013752463975936
3827,84057,0.031265034081997156
3828,71086,0.004670115469647882
3829,28106,0.012899085849481904
3830,35447,0.010257331945003808
3831,89877,0.03147842284649784
3832,57167,0.00909930932703501
3833,75443,0.018582590486836213
3834,56643,0.015816289172720037
3835,72367,0.022654532865308066
3836,53902,0.012640816388900985
3837,82792,0.015192948659710182
3838,20947,0.005018418710411823
3839,14289,0.03437278574042511
3840,20385,0.015675311530071324
3841,77517,0.025644574535512648
3842,75402,0.020120161184114114
3843,26459,0.016576001380664958
3844,82954,0.014260224869904654
3845,51225,0.006693847283520442
3846,203,0.016297534519083928
3847,72041,0.009196398042279993
3848,63845,0.020451719037389453
3849,38341,0.041551913759028294
3850,49015,0.013944427924681422
3851,62866,0.010502891762337404
3852,14287,0.009474938488568709
3853,91922,0.01565714127414544
3854,4848,0.00789660882340977
3855,30015,0.01208670227280149
3856,69666,0.007429035867081815
3857,66997,0.013665604694707139
3858,10725,0.012550926388730843
3859,38641,0.019405486321344312
3860,99052,0.008062370587969188
3861,34094,0.009410881938117682
3862,69615,0.006928413651260512
3863,17132,0.011370217634500362
3864,23229,0.02183634230109663
3865,26987,0.0109683440022791
3866,92979,0.028975329202472727
3867,66825,0.018007944905770013
3868,93983,0.012510591376944304
3869,46912,0.010603186407317965
3870,19121,0.019975271780665098
3871,7311,0.00899667126939685
3872,29938,0.020623656472385028
3873,50712,0.018403023000426687
3874,34848,0.010859634927269485
3875,40017,0.009434264318463241
3876,54221,0.007639670615240191
3877,54843,0.017613867005115014
3878,22687,0.05542437868389379
3879,62953,0.013880985229734553
3880,12896,0.008375875261107078
3881,18590,0.012332073778757897
3882,40854,0.029055625408488252
3883,92810,0.01080525243907211
3884,98605,0.016978465437410106
3885,51610,0.013332105057584765
3886,30074,0.012876143739152085
3887,93229,0.018487235394416192
3888,24881,0.015107155313543483
3889,80050,0.012061852486622981
3890,49902,0.01748381071439142
3891,96979,0.013354976018714089
3892,9599,0.026167081643863728
3893,16117,0.01579438938108607
3894,86845,0.018498479480912135
3895,55593,0.016967266694646276
3896,48029,0.024251569297780794
3897,76071,0.014486702940357178
3898,35262,0.006300924155904129
3899,33385,0.01895313672207214
3900,99782,0.02480276324161209
3901,42227,0.01836345245634102
3902,8300,0.006105005287345145
3903,39574,0.014049904893262494
3904,16853,0.02056312726957035
3905,68786,0.01204671936173704
3906,28364,0.00664489222933707
3907,43613,0.013763909096312366
3908,75498,0.01698451373801265
3909,19826,0.018169874210777835
3910,51146,0.00558565529528351
3911,68532,0.01149814127229752
3912,80680,0.006487390043896859
3913,86909,0.015653453488283498
3914,15948,0.008905969535678486
3915,72427,0.028923154628844414
3916,53731,0.019505527293862755
3917,80673,0.007818068588690056
3918,84800,0.012602394455341467
3919,89169,0.006843426019712266
3920,93822,0.0418979845736966
3921,18895,0.03416962995722961
3922,34168,0.031860006775310326
3923,72991,0.008897974558377398
3924,64432,0.004953611248521821
3925,98007,0.013647636658404842
3926,38383,0.00785535604905968
3927,9521,0.008317249276610095
3928,75080,0.009134276238628863
3929,81387,0.030481851813762447
3930,65189,0.005991627233466212
3931,6707,0.0067221020148253915
3932,38147,0.012600156309814543
3933,45230,0.019786292495478766
3934,39487,0.012556972106219914
3935,61000,0.023087613408654197
3936,21493,0.028799303082863735
3937,51632,0.009454959781533528
3938,72783,0.014605077868827804
3939,50294,0.010866135634865942
3940,75295,0.04570219923830465
3941,90691,0.011736524522995105
3942,24023,0.011293283576068474
3943,76752,0.0165585184236184
3944,6703,0.012866677628100271
3945,19591,0.018516604098741642
3946,54917,0.035926521680471765
3947,56841,0.04168618618330162
3948,40749,0.014737562334828588
3949,2918,0.01411147987644654
3950,61017,0.044269593925802375
3951,16547,0.03805708827170491
3952,72126,0.01745890973146153
3953,20575,0.012710727207149379
3954,8752,0.02839073749722096
3955,26206,0.007130326188331981
3956,97112,0.007893519714195586
3957,24189,0.007973156401161505
3958,32379,0.0066412798085609785
3959,46707,0.008294781334861528
3960,87467,0.01640182857434059
3961,93583,0.010220364234595032
3962,74810,0.023207081360115813
3963,55014,0.008468869465337455
3964,4975,0.008999492026453115
3965,28409,0.009523084232075825
3966,35865,0.008310560792478293
3967,74341,0.01487917647526151
3968,86632,0.008385520824584783
3969,7611,0.013999880494092504
3970,74044,0.011408604235598705
3971,59006,0.0055323394634507325
3972,17884,0.022046503416091143
3973,71421,0.01475792400920742
3974,84230,0.009860798106943444
3975,49482,0.00943911935607539
3976,84774,0.014680789863123208
3977,84630,0.014035863905015485
3978,59761,0.00789071572001876
3979,85190,0.017154623322267772
3980,91103,0.021824311837758854
3981,54239,0.009872131420774033
3982,24777,0.025136018290463087
3983,2583,0.017179658182871312
3984,69098,0.01714898065677516
3985,51832,0.04164623458240782
3986,92566,0.015432501659364488
3987,46139,0.009689701291743801
3988,2734,0.0173466799021867
3989,4264,0.022063283118137968
3990,41164,0.007278641402740934
3991,24273,0.014641129534141671
3992,75435,0.023317675990887275
3993,30455,0.013722488161684003
3994,74174,0.011389014591207931
3995,97540,0.010949685311665324
3996,21272,0.0213629221306715
3997,67046,0.02186725061624161
3998,47960,0.059585039812737675
3999,94300,0.01823813563002344
4000,69327,0.008387328095560052
4001,77073,0.010837408883596699
4002,20043,0.030126585190406823
4003,55522,0.010518866766416774
4004,75762,0.011048351007391564
4005,50155,0.009070690344313995
4006,82927,0.00993234348545123
4007,74709,0.0206976624465887
4008,19937,0.02084132674043941
4009,90806,0.006776534598408442
4010,57706,0.005927369074037129
4011,93544,0.008020318227134662
4012,11350,0.01790962441126038
4013,44108,0.018942413802465013
4014,39953,0.005644213837596234
4015,39944,0.015318244610301518
4016,95981,0.01881150933034275
4017,45929,0.017601973021447156
4018,9899,0.03331883992737017
4019,71905,0.019881659127596544
4020,48279,0.038959263734041245
4021,5745,0.046558009681335166
4022,58515,0.016807841016580616
4023,52063,0.022467852025779507
4024,18471,0.015560168585743255
4025,12036,0.009286392266640917
4026,82393,0.02393763179242281
4027,64579,0.010865716530140884
4028,30165,0.04685502092563579
4029,35341,0.019096682972596146
4030,19832,0.006288059238788876
4031,17566,0.017283279980510914
4032,40194,0.024397154683288815
4033,24635,0.005024399284110803
4034,52786,0.011873494404384281
4035,98768,0.03489879608547838
4036,34066,0.016965670346014268
4037,7004,0.026409653078452996
4038,54881,0.012910708024007582
4039,99188,0.020407531327362925
4040,40810,0.018324215842100533
4041,17734,0.005438634292083605
4042,79483,0.009909805514817276
4043,13964,0.022413495594580817
4044,34750,0.022425225990702305
4045,89590,0.020012309552144107
4046,32413,0.011032619493888689
4047,32701,0.008527317538184928
4048,31656,0.00969169051832618
4049,27608,0.021519445492542543
4050,78472,0.014236705772063025
4051,12974,0.04220740499682855
4052,83697,0.016707929215595857
4053,7496,0.010086995329045171
4054,22667,0.010430192331299782
4055,49546,0.024179602071723972
4056,1897,0.030756414535503745
4057,73093,0.010912198470252456
4058,86578,0.029348431754935067
4059,83945,0.045781244995829876
4060,91579,0.01048491724953863
4061,64489,0.005959188411649662
4062,76843,0.0053502831398108555
4063,54215,0.022403133698016837
4064,37100,0.010163471899110913
4065,88781,0.026216657312910546
4066,86244,0.024900146493293113
4067,81969,0.022526731844269458
4068,36338,0.01132772817125206
4069,50178,0.044003941304701845
4070,38820,0.008749966287608952
4071,52895,0.009065474181065875
4072,25172,0.0076732957626974106
4073,4428,0.021343657779259846
4074,71608,0.021100262345926473
4075,86704,0.007880553538082544
4076,12557,0.01967313372747929
4077,85498,0.016530326681895562
4078,51582,0.05145623896138221
4079,17568,0.006704820533268115
4080,85554,0.015517743924575386
4081,41928,0.03576877310667734
4082,56209,0.015866732688662757
4083,5793,0.021429590462743838
4084,82161,0.05196781831940135
4085,75153,0.04900945177089775
4086,35078,0.0052054212663561
4087,97020,0.008069673532635385
4088,25432,0.02457547503637054
4089,2978,0.02154525342624254
4090,1400,0.006112117745162534
4091,42853,0.00667060104262371
4092,8524,0.0067728839762971425
4093,71130,0.006089020234930412
4094,50018,0.012062171194369583
4095,55080,0.017738168429517052
4096,38100,0.018012589156363865
4097,91800,0.010505279810810569
4098,94525,0.01964187647745052
4099,40506,0.024922411296644454
4100,31572,0.021296813862356538
4101,20112,0.05397523599208123
4102,70475,0.011918033825350397
4103,49497,0.015897412581478955
4104,46534,0.020233969831657633
4105,85002,0.005201959150102079
4106,97250,0.04689694925023058
4107,75992,0.019800066584534343
4108,70594,0.01303177555962526
4109,36779,0.008929806396564263
4110,19030,0.01603683319000406
4111,46132,0.01568988419632835
4112,44075,0.013349468038180465
4113,83174,0.014957520673296854
4114,74670,0.01516532479831512
4115,6739,0.015075148816268855
4116,26064,0.005980357739677899
4117,95321,0.01693675911003919
4118,20204,0.02732512793080529
4119,79999,0.03645091870048349
4120,51713,0.013758706559875383
4121,7709,0.012827848647556312
4122,8350,0.010037135062138177
4123,55662,0.03469315554418716
4124,93753,0.04717635416519392
4125,85283,0.01449701739625087
4126,38604,0.011491632168787163
4127,458,0.015765388772477882
4128,91541,0.01525985078720948
4129,40270,0.009561073495052145
4130,18507,0.013195543946077266
4131,45509,0.006137692435799039
4132,78451,0.012824774813147439
4133,39039,0.030021067566405723
4134,44048,0.020530194800006923
4135,5000,0.02219117430322068
4136,42550,0.04397667112011323
4137,83177,0.023666087903800634
4138,95485,0.010811728973543898
4139,12136,0.03148343492874832
4140,7747,0.01744185882142385
4141,95086,0.009661851845227212
4142,36791,0.028231795745394563
4143,51278,0.01359473439608049
4144,19848,0.013598701523921184
4145,25929,0.012767988448041346
4146,1039,0.017056166726482018
4147,56270,0.009555247957997733
4148,42097,0.01692170721800857
4149,67069,0.0163041541485801
4150,81670,0.010738095604576402
4151,34196,0.03068564216821598
4152,43160,0.017346104773463256
4153,16382,0.013246586575000708
4154,35194,0.01607905687434301
4155,43864,0.017307513206397437
4156,83345,0.03402495756686243
4157,69324,0.01932247736315578
4158,35279,0.03875741345245683
4159,43648,0.007828475414457761
4160,7142,0.019034774183383986
4161,78809,0.016526273232777375
4162,74844,0.006157667495153997
4163,16667,0.016100771545826485
4164,42354,0.006701868096235365
4165,87660,0.023277725164959448
4166,64817,0.015454031667913688
4167,26296,0.021145871475185873
4168,34735,0.013419189797390532
4169,18605,0.011870251760994616
4170,7467,0.006554064913267984
4171,5250,0.007492529771684582
4172,83795,0.012622814815831464
4173,22706,0.019620191770708794
4174,40153,0.01027804714863346
4175,25470,0.007370130416843424
4176,91880,0.03114894389958408
4177,80518,0.006641362080753834
4178,97293,0.006856025248954416
4179,60598,0.03482497315607464
4180,54273,0.03380249458297399
4181,89690,0.018167885166803795
4182,32231,0.011395572861126952
4183,24886,0.011724669086443417
4184,61870,0.010157403770242364
4185,32418,0.009860945840190476
4186,66995,0.012497860982479073
4187,31285,0.007299767625144242
4188,97770,0.016184799824605522
4189,42840,0.008848881314640948
4190,61992,0.023010746339938992
4191,82425,0.00670909565019459
4192,19616,0.009345064955364427
4193,28930,0.028662108408671446
4194,46058,0.018465157980404007
4195,95845,0.014008582404387446
4196,12418,0.04189796092531291
4197,62684,0.011615125037307158
4198,80654,0.016717860202275066
4199,22483,0.012910583644224094
4200,65429,0.009196646879551592
4201,54130,0.031015439361992664
4202,3762,0.007270296968114128
4203,48259,0.008186124204369994
4204,27895,0.02609038992053119
4205,85721,0.021165794687361864
4206,55740,0.02111052528049069
4207,17594,0.006680636478281186
4208,51499,0.013486192833623045
4209,44132,0.010231852289499951
4210,95132,0.06393580727441235
4211,51183,0.019893321928029464
4212,96356,0.02430513434409347
4213,90650,0.028136848444365196
4214,67908,0.011029966543988811
4215,60732,0.015079410083001883
4216,52109,0.009261301610048981
4217,34507,0.02615791823609473
4218,87522,0.011343613978866494
4219,89986,0.013474442752187583
4220,8349,0.020392312257855923
4221,80316,0.01495192337634594
4222,87742,0.015718910865816317
4223,63886,0.040562521688663505
4224,74734,0.017129615409421182
4225,80391,0.011780367559043933
4226,46294,0.015603334923442142
4227,45798,0.015528727578536811
4228,19003,0.04564206375820395
4229,54985,0.01693485573709921
4230,2764,0.012963870976150909
4231,75177,0.00826229440270144
4232,19100,0.0046905106638563425
4233,58048,0.013376327221868939
4234,51761,0.03267282385650027
4235,9354,0.03908491354243934
4236,33384,0.02325496235511367
4237,7955,0.005271183851791922
4238,4021,0.02084682535649146
4239,55365,0.03408113592136568
4240,90073,0.01815376393019153
4241,55722,0.010637775732187231
4242,53312,0.01144691772706878
4243,17588,0.022039997103953896
4244,15903,0.021001328467087677
4245,79742,0.03337661306383702
4246,11408,0.021290009088802242
4247,13668,0.020748918134953283
4248,56221,0.019122314783839384
4249,33247,0.030753015948529566
4250,99780,0.024456402505410424
4251,46587,0.015788991741716288
4252,28184,0.008809760451171638
4253,28333,0.023729562772915436
4254,61070,0.00869489358079421
4255,97660,0.0319438369950945
4256,2346,0.007809255950205811
4257,53528,0.016653570322353914
4258,84328,0.018940971617530528
4259,34335,0.013769493262970885
4260,60003,0.011282401688378497
4261,94723,0.011539100870511689
4262,89010,0.02550400169335079
4263,269,0.007439854453840279
4264,16756,0.015764722591945154
4265,17274,0.030272402193409497
4266,54946,0.007387325360780917
4267,99297,0.014400750826041812
4268,75431,0.004885645469322991
4269,44308,0.01584076754141594
4270,61755,0.01311718764573034
4271,37738,0.014198650467421036
4272,55869,0.012912429541474575
4273,72860,0.011796028722057036
4274,34616,0.019347658971725423
4275,65839,0.0187618040587144
4276,57876,0.00993052510789295
4277,9600,0.006875187999959901
4278,98124,0.035306254906080484
4279,15106,0.013326385902545753
4280,68464,0.01201830763771975
4281,88091,0.009147375288233438
4282,87779,0.01328928428012652
4283,28316,0.008115742531164144
4284,55072,0.011405399883083272
4285,36337,0.019948096484700688
4286,61761,0.028719867371827065
4287,26269,0.006418495659114222
4288,43145,0.01571898293448656
4289,90547,0.014098276418657522
4290,74261,0.03306499183537159
4291,94494,0.023988024427909146
4292,87970,0.03229784504256271
4293,71242,0.01044627400962305
4294,65945,0.015912231277142475
4295,45902,0.021073151124343846
4296,2236,0.01640740934248944
4297,71275,0.014341392303037662
4298,37813,0.024959259248525063
4299,93247,0.01253680000609271
4300,52571,0.03175628585231849
4301,70300,0.02352834991277878
4302,15186,0.014921691123522162
4303,72770,0.04880234687267201
4304,24368,0.01889330570724007
4305,90737,0.060195613306127396
4306,86652,0.014548265467406092
4307,48321,0.00744059587697992
4308,12109,0.039585307478337245
4309,69601,0.04989109781865647
4310,27835,0.03013381235182604
4311,95877,0.02558390385049446
4312,54044,0.028561185289548898
4313,22824,0.026059411793050814
4314,22607,0.016874435777315053
4315,97311,0.012824176692177362
4316,66989,0.018600564437126856
4317,770,0.03460371686672337
4318,83082,0.015231283776371674
4319,32607,0.007068881952380508
4320,28090,0.01735832910046721
4321,88958,0.014317217785046079
4322,27054,0.00784413912722789
4323,75744,0.009710472041839032
4324,51589,0.007686503283202018
4325,97611,0.02184893922100668
4326,54179,0.021365309366020224
4327,62041,0.01525232632428832
4328,998,0.015241444208456214
4329,34701,0.013076189896027206
4330,8764,0.027140154100046013
4331,69322,0.015569176893880923
4332,20198,0.04423494267521036
4333,10070,0.008005781311876747
4334,17730,0.05055247569231276
4335,7035,0.014080652688828084
4336,39063,0.013902442833569048
4337,81238,0.010059329964768285
4338,88784,0.03624660265348699
4339,73376,0.017771326384035627
4340,23818,0.03254571204970273
4341,5255,0.018079948139886975
4342,88821,0.03843058080057313
4343,97954,0.03495343605993925
4344,63328,0.02835039492890649
4345,49065,0.006863451294449539
4346,47319,0.01497041532025083
4347,7136,0.012855211696064926
4348,69419,0.045797887972186896
4349,26099,0.019084947675798748
4350,39105,0.020049520349003862
4351,8162,0.02979834946875788
4352,53591,0.03384356798884634
4353,20784,0.009290554649432207
4354,45001,0.04531629504040796
4355,26788,0.015097269515328584
4356,48024,0.0344832831977849
4357,98830,0.028559426279893555
4358,99806,0.013242971837828948
4359,24825,0.0167792580472503
4360,66793,0.031099298264605123
4361,98370,0.03227468509088784
4362,27541,0.024536737454328085
4363,38468,0.014703376535561925
4364,26378,0.0072122907760725375
4365,80933,0.009399270582625264
4366,66665,0.06170783956553909
4367,20546,0.010216540559692738
4368,55941,0.015435809890206053
4369,82971,0.026210952549899892
4370,40920,0.020236539214118797
4371,89285,0.011519964270528218
4372,87686,0.02801289342800325
4373,13153,0.011166927334130331
4374,53987,0.031166521839908333
4375,21847,0.02604089396536416
4376,47000,0.01212541097840504
4377,98881,0.020895776968049645
4378,47121,0.008487780666763502
4379,31291,0.012683934180658253
4380,70062,0.01633945282855596
4381,56119,0.03759841036386105
4382,80029,0.0368761483929821
4383,12882,0.01883942726836956
4384,60634,0.01302240612888093
4385,59034,0.015845022025188026
4386,84855,0.062174628677560635
4387,29233,0.015528585943226517
4388,61834,0.02131078482407089
4389,64276,0.01323801940073475
4390,49328,0.01965721149498245
4391,76757,0.009755808198208022
4392,10558,0.021752023796096892
4393,92308,0.024233478497191045
4394,72793,0.01718120376126194
4395,37958,0.013833841752763688
4396,62022,0.006336884587474471
4397,31533,0.009542602605646718
4398,95217,0.01044783308553801
4399,46542,0.031139067545017968
4400,6323,0.005322187123483765
4401,19088,0.023541537615752575
4402,60846,0.016874773049036534
4403,7704,0.023845456130057098
4404,70850,0.024789321193197163
4405,78550,0.06643932333843236
4406,32836,0.01871320305782798
4407,57862,0.01344947073819775
4408,82091,0.00976747348415996
4409,91185,0.005075713067235312
4410,43196,0.029067305399603734
4411,66863,0.011803749282990997
4412,80748,0.010580246738036538
4413,19819,0.01789226850142532
4414,10177,0.02170521241602974
4415,39713,0.0072524385456443664
4416,90551,0.014923538692438315
4417,19781,0.01786775681132687
4418,51403,0.0074044844001294585
4419,92634,0.018021409884643732
4420,82158,0.005817414270501619
4421,22887,0.012478303280776192
4422,35077,0.024048204720113042
4423,62322,0.008536342256510822
4424,90034,0.03575674803906093
4425,57212,0.015172796343197627
4426,35617,0.015657538491460045
4427,4088,0.006855538059657872
4428,33205,0.01037898303549774
4429,83079,0.00600517473419214
4430,66716,0.0272143093464037
4431,2227,0.026061178855527264
4432,78829,0.017434310254219175
4433,16151,0.010480027563080318
4434,84624,0.015866070883354705
4435,67235,0.020799723592508743
4436,22009,0.010485017318479097
4437,96893,0.02218463161982321
4438,83978,0.014320758386857943
4439,68677,0.018750046185903455
4440,37302,0.015717732663073778
4441,79061,0.02033694776547472
4442,77147,0.026537492433488227
4443,72711,0.026331750457077484
4444,25642,0.0126914961094425
4445,9700,0.025236994317279576
4446,68669,0.03645304288950504
4447,56444,0.007754503293670558
4448,73777,0.0112278285811826
4449,38765,0.032873897682283736
4450,24177,0.013804294264921408
4451,28180,0.025201794778505707
4452,71597,0.03331586952448179
4453,2315,0.010912127808161773
4454,4113,0.014101696801755784
4455,98729,0.012641863562762305
4456,73339,0.0055800901807215786
4457,54477,0.018617924495750695
4458,74666,0.024100755710733255
4459,56972,0.032330120325494434
4460,80513,0.030890391226796727
4461,64423,0.01707019163891471
4462,65496,0.013655587402019864
4463,20127,0.011568906821137316
4464,5435,0.020383076438873955
4465,98257,0.03649903042608386
4466,22516,0.02194721150935345
4467,5838,0.015787513949149123
4468,57375,0.007058740899102558
4469,71354,0.043937323921326335
4470,3258,0.038476525606353895
4471,67822,0.015616039648060303
4472,52163,0.013433086745636022
4473,47030,0.020690984374356625
4474,45629,0.008860211878532597
4475,8621,0.0068627985979532735
4476,26174,0.014231732526985258
4477,6650,0.014522544563247385
4478,43222,0.005863538858164574
4479,93912,0.017410770986341535
4480,16526,0.01632562890860985
4481,80718,0.015226863722695591
4482,97577,0.028649408446759405
4483,47779,0.023508467708281716
4484,36039,0.01896454733761256
4485,29569,0.023748996071409074
4486,91463,0.007266754180330131
4487,31099,0.020232576093764897
4488,62978,0.009316241393053579
4489,47962,0.006094890389382018
4490,24065,0.04545344253449575
4491,36489,0.022827650585034262
4492,2924,0.012468854451648307
4493,55428,0.008917596623800969
4494,86150,0.010168696976017012
4495,28977,0.024711758236658655
4496,40852,0.03565039019302385
4497,3910,0.01259525427437327
4498,43011,0.019505361615971464
4499,84486,0.025749132507993686
4500,65389,0.027380481831778738
4501,44365,0.011234818461974857
4502,2767,0.018698767245385772
4503,33480,0.014647697097367822
4504,9213,0.009248005140063003
4505,30458,0.027014858398750976
4506,86918,0.010761621972108316
4507,65207,0.009915897908223342
4508,62133,0.007248865774284882
4509,12011,0.009301826601919696
4510,81398,0.00824355963108445
4511,22964,0.01360667324771192
4512,5432,0.00835499196262258
4513,31238,0.04412200697528073
4514,26471,0.017304566008433452
4515,42957,0.02104014491256831
4516,21381,0.015515079936235235
4517,76619,0.008684617152526412
4518,19450,0.02904043387964631
4519,63160,0.005161981051614235
4520,62903,0.02039497037126032
4521,20197,0.013062402236011544
4522,53733,0.016363292484316914
4523,49228,0.012064979705351165
4524,24050,0.03415076352659946
4525,61354,0.013624212702788237
4526,85260,0.02088637092380482
4527,65858,0.02732158433254463
4528,75027,0.022939728712948675
4529,34064,0.012573765758082509
4530,15155,0.015437334515680603
4531,47614,0.04895435736902989
4532,20013,0.010076477817173574
4533,12918,0.009459878713601643
4534,58650,0.02251672171122332
4535,63550,0.018830188178740766
4536,25446,0.020872505915595183
4537,20553,0.014815798283169555
4538,49102,0.02080301329018365
4539,82258,0.031608840742297424
4540,27458,0.015575840048071554
4541,12632,0.01424701839906893
4542,93650,0.018345591922117127
4543,94795,0.017889143505798934
4544,7997,0.016267380499560266
4545,31669,0.009197322038377816
4546,37809,0.01213939943115086
4547,7179,0.009289368314275112
4548,48904,0.011560973171941274
4549,19831,0.007886151873598927
4550,66964,0.008669369183716105
4551,38091,0.01098259641146578
4552,43561,0.011255275752629449
4553,52463,0.031575843410934445
4554,88662,0.019006878085262125
4555,35779,0.023690207556873566
4556,54006,0.007281013384994089
4557,39647,0.011865727608870426
4558,44394,0.007164012494384547
4559,57237,0.03575331690524382
4560,70006,0.0317920180276108
4561,10310,0.012681570766942894
4562,39404,0.03928437569809087
4563,60577,0.017890906417044713
4564,43998,0.020351097542958906
4565,74771,0.017919436603749866
4566,85471,0.01157190304266101
4567,49784,0.04045849579070163
4568,9845,0.004444300099376759
4569,71765,0.03064052819030982
4570,37807,0.01742419504810638
4571,99069,0.027067424486321226
4572,80908,0.010715879659884195
4573,99287,0.012208848711573654
4574,24088,0.037255151269013034
4575,54901,0.031180971829499637
4576,24281,0.0242299919868155
4577,44287,0.011742690830897497
4578,67748,0.030664786628947692
4579,30309,0.019094029758884638
4580,92150,0.013753384181144253
4581,84297,0.016565867579648688
4582,18140,0.008958099895709188
4583,25679,0.010887818598598453
4584,72452,0.008800897065561248
4585,52991,0.00949230655892657
4586,78810,0.021137722055880128
4587,11356,0.014920312683084297
4588,54038,0.013010274139881206
4589,4361,0.014717189957716384
4590,64238,0.014215764705124988
4591,87574,0.010206221234023297
4592,50365,0.029975507522198328
4593,97600,0.012608966250119999
4594,2495,0.0041585655663936676
4595,96739,0.026554170343340178
4596,205,0.00912368175685457
4597,17935,0.03677482401734521
4598,48646,0.016282950779586754
4599,23749,0.007887452785235637
4600,73718,0.030647667492202827
4601,48630,0.013959826526142033
4602,47928,0.010012910402923299
4603,77707,0.018831079297570722
4604,14087,0.02156564598042788
4605,92222,0.004026091646575859
4606,69276,0.03835807919468226
4607,67432,0.04327858560278688
4608,6110,0.023467611486322846
4609,94896,0.02746366964432377
4610,30958,0.011903970563577435
4611,21887,0.027791878871182587
4612,77357,0.012901071350656074
4613,35038,0.017150475814924362
4614,7867,0.011121137475843689
4615,93973,0.02274629771367482
4616,32370,0.012837788854727077
4617,10248,0.007665553063023546
4618,60635,0.01649312562124429
4619,92402,0.008193589857522693
4620,81071,0.021755851410443595
4621,95924,0.010045203509600892
4622,41568,0.011250070276432047
4623,90528,0.020111586445586346
4624,38631,0.03089969969380128
4625,62799,0.009660291598180925
4626,40652,0.03379428835954987
4627,27773,0.030604010016681595
4628,69642,0.027027878001906307
4629,5350,0.01401651207716321
4630,86113,0.012886678197811165
4631,94546,0.008445740132547477
4632,44826,0.020222015124440957
4633,23015,0.011478699350308253
4634,49520,0.016397521557709585
4635,14148,0.007196139054068556
4636,5757,0.05882821693004404
4637,60538,0.010941154420888964
4638,93893,0.007256304038379296
4639,93396,0.014790463789328034
4640,97530,0.017824267405606303
4641,9154,0.013964891923815205
4642,68840,0.030388334759179927
4643,21567,0.01376373956008405
4644,61588,0.009832977962751246
4645,63933,0.013454134828999108
4646,63910,0.024880127543091504
4647,91642,0.013421316930921705
4648,52766,0.01825469772555291
4649,77985,0.014035302629515066
4650,68045,0.006865096469633533
4651,82992,0.009720514589767467
4652,53680,0.017243422093777883
4653,36819,0.04384685358933152
4654,80387,0.018126667831600097
4655,96582,0.008809907821626297
4656,18674,0.01163537650370535
4657,26406,0.03807071025589207
4658,26828,0.010150007857847011
4659,15599,0.03264170993940957
4660,17175,0.006953700070237802
4661,33844,0.016051255601919417
4662,79707,0.039372531142114864
4663,54885,0.016474400924084778
4664,34860,0.015200710108283418
4665,92531,0.006866774533489898
4666,29503,0.012774737444172192
4667,38789,0.035419336533164085
4668,99255,0.01728522003681211
4669,10883,0.03331873508574473
4670,43105,0.009482922183062212
4671,93185,0.02607471475824316
4672,69944,0.0068049687699925036
4673,44207,0.04653624266948385
4674,74744,0.007125696994608875
4675,49381,0.008725841648757301
4676,19910,0.015443722234771747
4677,41545,0.023065537007268364
4678,70593,0.018948132215256493
4679,55829,0.015191631381219328
4680,47236,0.020296529859114187
4681,41414,0.015638600782336306
4682,77987,0.010323091576055949
4683,60335,0.01898593932784725
4684,54741,0.01913872690725175
4685,66279,0.015715672631760616
4686,59861,0.017397977075451605
4687,4561,0.019974553140488675
4688,88462,0.02584818899820581
4689,1086,0.03494197513457928
4690,51252,0.011214565065499556
4691,49685,0.015109037447451314
4692,66641,0.013048227505796588
4693,36264,0.0069694267899000325
4694,30188,0.009081466002956382
4695,21891,0.02738069513563851
4696,52429,0.02478364561523274
4697,91610,0.019172936657203002
4698,76467,0.044247623601481476
4699,63213,0.007672472411448269
4700,26713,0.03006470039674796
4701,52634,0.028004069946232977
4702,67968,0.06169818585352382
4703,72894,0.022909037203982286
4704,55579,0.010431306990809828
4705,93119,0.011158887269228252
4706,94828,0.025723274471527488
4707,53013,0.012882684957934015
4708,61706,0.01245400158544983
4709,42764,0.013961686269809856
4710,34680,0.03290231631353233
4711,83991,0.028990586717895582
4712,80825,0.007071812248329774
4713,98440,0.02004597372582851
4714,74244,0.01684563037198944
4715,43370,0.0161964615525772
4716,34479,0.028780514799233277
4717,37161,0.018308456199532395
4718,59339,0.017741504543711824
4719,45528,0.02409618690337752
4720,8706,0.012280542152112505
4721,28894,0.013699371717424615
4722,74960,0.02098079563397403
4723,33869,0.0165382633712126
4724,14760,0.02545097304417615
4725,3462,0.0151490337282875
4726,8366,0.026885495845936185
4727,68264,0.02237497098726888
4728,15471,0.019994706643916622
4729,78335,0.033850561991010414
4730,5888,0.01562887119754483
4731,14009,0.03183916760398041
4732,20374,0.012915509983319352
4733,46317,0.009151010109121763
4734,70884,0.015448584319327885
4735,5511,0.012215746037065163
4736,14683,0.01635228032294591
4737,79336,0.021294730576345598
4738,46573,0.012165022512236712
4739,42970,0.02221158821143828
4740,58500,0.02925176029014614
4741,65309,0.017009108218111586
4742,34500,0.008258402713025883
4743,22171,0.010804115185767292
4744,9677,0.007202406853972537
4745,73259,0.00624812803910409
4746,82935,0.004603304938581481
4747,34600,0.012631215800667912
4748,91304,0.026902835524722463
4749,4150,0.02717976014674529
4750,40911,0.023822466855105504
4751,66288,0.008405923798739001
4752,59323,0.011100863642327301
4753,39624,0.033330531460162835
4754,43541,0.0070561961468826005
4755,66940,0.008266902386945598
4756,83368,0.014829292996759797
4757,8630,0.0167722443916005
4758,51494,0.008543294395872023
4759,26361,0.011629513492655095
4760,95430,0.02156365806767625
4761,7785,0.01422445518605996
4762,16229,0.018254201166452134
4763,33990,0.025263173199943072
4764,72604,0.030671391575652567
4765,1927,0.030629480734076536
4766,15654,0.015381263020676226
4767,71841,0.01216609319013976
4768,69839,0.022394473261990032
4769,37749,0.014140652426360322
4770,37669,0.009081971863225465
4771,63410,0.00663994194211575
4772,88543,0.03553008635154549
4773,13271,0.026216311118085766
4774,64683,0.015967601960140416
4775,28040,0.022202248127320523
4776,67103,0.014199951288387969
4777,48331,0.012898310658990301
4778,91865,0.034268814406205564
4779,49656,0.030938248066398135
4780,88587,0.008414451428803382
4781,8183,0.012395888442195739
4782,7483,0.009917484717033357
4783,49965,0.053153622022810015
4784,27834,0.038132555660092715
4785,9936,0.009435641038134122
4786,98289,0.011779927354556276
4787,5687,0.036366438489626896
4788,99996,0.015132781298763063
4789,82315,0.013799323218737261
4790,90203,0.011605676515402783
4791,43185,0.015649777432040938
4792,53945,0.01491776292209939
4793,15950,0.01878469907156373
4794,67502,0.0075847682073335865
4795,49272,0.019449441537593728
4796,11316,0.010603381900307044
4797,4379,0.01983700829955438
4798,79761,0.0446446599856148
4799,82209,0.011514725114713877
4800,38934,0.016106512511025725
4801,65897,0.01706388851567514
4802,2415,0.017109706339536374
4803,45420,0.011759682627327121
4804,51362,0.01250295165432551
4805,54723,0.011821382506188818
4806,32367,0.012869538949254074
4807,44446,0.02123355337771107
4808,17800,0.008829219274918074
4809,44247,0.012529016940933559
4810,96290,0.03139922631108849
4811,59794,0.009497742520356508
4812,7323,0.021306287654324203
4813,80432,0.028686464105002904
4814,3003,0.01818876004048156
4815,47021,0.021887504505976013
4816,2003,0.03559502306184113
4817,51191,0.02115625589719037
4818,18421,0.017178606359513064
4819,11223,0.012999840273839887
4820,91189,0.009880670487801925
4821,80649,0.023333177334091352
4822,61305,0.014213870237956469
4823,90360,0.007943420219370298
4824,54964,0.01120510192699744
4825,29313,0.010506874536631646
4826,50584,0.04015785981940571
4827,12041,0.010325745636722315
4828,58010,0.010294409181013034
4829,43008,0.019808016258316987
4830,17087,0.016936791294289252
4831,40887,0.013792280873149123
4832,57381,0.022745109087521455
4833,97678,0.006941448601210067
4834,6087,0.02040190329528593
4835,90603,0.015505362424632914
4836,52577,0.017086264792139885
4837,89783,0.016669848351628297
4838,22525,0.010854795750640335
4839,28513,0.006247793442045171
4840,49846,0.020932796573225887
4841,11413,0.016033165685768746
4842,58841,0.02356145037761477
4843,44192,0.03593791451654141
4844,76316,0.020999941144202006
4845,56730,0.023518047420139816
4846,4636,0.009169083774239162
4847,15431,0.022892667782382983
4848,27607,0.01766399377301224
4849,4602,0.020297175670039563
4850,92559,0.008856359769829545
4851,86153,0.00492806369017546
4852,37231,0.022620009748326647
4853,76372,0.0075681957956229215
4854,57797,0.04368113515297782
4855,74640,0.031895226056222636
4856,34192,0.029111494551789522
4857,63016,0.005790276710539642
4858,25124,0.026234404326067856
4859,7207,0.011455010090057914
4860,69918,0.035710507519485
4861,82961,0.03356644443252052
4862,6256,0.01657068910530066
4863,61660,0.011952970969206517
4864,64662,0.023499772611328892
4865,9085,0.019092987106388855
4866,15624,0.009006894437093753
4867,80404,0.01850802470031605
4868,29570,0.00968318081037711
4869,37828,0.02954775184122098
4870,53002,0.0077046374177535066
4871,62140,0.014329630444012312
4872,43236,0.020065376364121652
4873,17389,0.009181958168444089
4874,52116,0.017103017321730626
4875,71532,0.02470885109870018
4876,43798,0.03395757440232752
4877,53822,0.005261625314115184
4878,29946,0.02055974845804007
4879,94932,0.015742488074826297
4880,2173,0.012214046859756954
4881,28488,0.005044698482883001
4882,50182,0.008809179675438724
4883,57844,0.010575975521102352
4884,14420,0.02167656442963147
4885,72313,0.018359167009389995
4886,75580,0.03692463612755892
4887,43750,0.008933797252742052
4888,36365,0.01255714680093906
4889,31478,0.008009429581465468
4890,86326,0.02252961767433182
4891,43526,0.016406177345665216
4892,32039,0.018035087171257905
4893,79424,0.027617793066355513
4894,48145,0.008740408359546977
4895,27166,0.008653097496018591
4896,57345,0.02276369591984448
4897,88224,0.035527711373787366
4898,91231,0.02228497032207781
4899,37963,0.02619481694328315
4900,87201,0.02011508024810809
4901,36982,0.01820647292106035
4902,23518,0.043821809720753585
4903,92805,0.012980819442381813
4904,6603,0.026158460832184725
4905,19094,0.009708943380557536
4906,14162,0.0066163453628497095
4907,82107,0.03659492255210118
4908,76207,0.009321259573097698
4909,31909,0.024550008062999742
4910,44514,0.006551331566928579
4911,30428,0.009188211880612964
4912,22774,0.04209982434963325
4913,28889,0.010781845149744035
4914,156,0.04348814794646222
4915,78667,0.012821506353784455
4916,1122,0.042787153414510906
4917,91188,0.01506754407196884
4918,61514,0.00799279946880469
4919,86951,0.005631561579580797
4920,9645,0.011368888763839489
4921,84721,0.03253427485529076
4922,49361,0.011916714069005283
4923,50183,0.04371879706750087
4924,51486,0.007490098416318293
4925,87541,0.04642730016666527
4926,72617,0.07323375307915445
4927,31412,0.04534258202144807
4928,28528,0.012597736813097844
4929,20697,0.020428317592984663
4930,58970,0.005415873428048184
4931,99242,0.018913691296629388
4932,40843,0.009820383534557598
4933,79658,0.03843598759544743
4934,93513,0.009216428643780014
4935,90742,0.008125056605116922
4936,72431,0.011214845251621504
4937,6643,0.0059826810171662225
4938,75557,0.023707962829412312
4939,66366,0.009015323035520884
4940,73976,0.027510721263057716
4941,83990,0.009155799371917996
4942,84697,0.011900698467138137
4943,63449,0.03853987219853552
4944,54442,0.015637173639361804
4945,53953,0.024700755261494782
4946,39165,0.020360389496521764
4947,41607,0.00843429225874768
4948,48453,0.012785908671015834
4949,43050,0.007874717845845565
4950,89786,0.038361595653667244
4951,28196,0.01203940024295546
4952,41668,0.03354656309450099
4953,95041,0.04706123928699499
4954,75475,0.011273258555942843
4955,28815,0.018149998569490428
4956,65348,0.026451542786156173
4957,13734,0.029014177019004352
4958,63899,0.00832965235906059
4959,2075,0.026045759707992906
4960,964,0.012184610578287791
4961,78978,0.02750241984433355
4962,75085,0.03883436875926674
4963,26952,0.01687168408025722
4964,99851,0.017079268179491264
4965,92535,0.008020228248250664
4966,65893,0.01562727010156622
4967,71323,0.016967148001739832
4968,99405,0.04022962320574866
4969,30956,0.015626646705681695
4970,10276,0.017874329030663126
4971,89431,0.06355989316143722
4972,79765,0.015939416269146967
4973,32314,0.00992062950518488
4974,59564,0.013054313198129918
4975,99253,0.009292835029203037
4976,54496,0.019598256062364917
4977,5484,0.004807919554233995
4978,41349,0.049741771200629586
4979,95450,0.01178192393078706
4980,82443,0.010840249905116905
4981,38346,0.012910449353718101
4982,55640,0.020358008249915304
4983,38157,0.01887030262763463
4984,98745,0.01088186670805585
4985,13779,0.01707105882630627
4986,68129,0.02554797321239935
4987,27252,0.015767175422410545
4988,51372,0.01777372930462172
4989,44801,0.024935593620078047
4990,36356,0.01517616004179471
4991,20337,0.025170159888201336
4992,63548,0.026703502549535737
4993,28783,0.010892580255262435
4994,82089,0.016016680382938873
4995,51152,0.014983936489915329
4996,84534,0.014522543633390107
4997,47059,0.005632321184928601
4998,48582,0.027884448309720807
4999,24798,0.015905887943173866
5000,98817,0.006337296982151611
5001,54921,0.018091916979354528
5002,42497,0.029226045653482965
5003,39035,0.011862882933103272
5004,66560,0.05933687362966357
5005,97682,0.014899895005371559
5006,4338,0.007636100364938042
5007,67430,0.015562110762263725
5008,42173,0.054196201568965374
5009,89753,0.011558351328300128
5010,68008,0.008526260883115973
5011,26416,0.050824825332457434
5012,26328,0.024945677774992164
5013,91019,0.012514551842383941
5014,50986,0.01562860504674308
5015,25611,0.011495695765613144
5016,26384,0.01646172916198152
5017,54086,0.028061163343327727
5018,48709,0.014327648994908493
5019,86135,0.021080040949260432
5020,70144,0.015760056186173134
5021,38596,0.008578115359692167
5022,72682,0.025873685338479797
5023,54407,0.03412154622320611
5024,70763,0.036533901232075484
5025,498,0.011176920519008874
5026,55121,0.00930806922915986
5027,30269,0.015636561579218722
5028,41606,0.010352343740552586
5029,51920,0.008161104940820323
5030,98539,0.016920923586795603
5031,93510,0.0302445459860321
5032,64792,0.021433141956881063
5033,67092,0.02899701994809993
5034,12188,0.022987900168865
5035,5811,0.02482259005731286
5036,19451,0.021487872792144997
5037,63177,0.011006531341025413
5038,40148,0.010973104581415177
5039,57915,0.012760022815729858
5040,12089,0.021511478605061606
5041,86592,0.00946886984942991
5042,41358,0.019688982972334602
5043,15500,0.008253540994808692
5044,41910,0.011669994898549167
5045,15090,0.022527998086931574
5046,59749,0.03879468936667585
5047,99001,0.008014797983430291
5048,62696,0.019541525583226232
5049,18570,0.024091688807552067
5050,6406,0.04756121914232922
5051,91677,0.01745943148705315
5052,98213,0.0195323090234997
5053,10924,0.017143053391500913
5054,70309,0.01083063875094736
5055,31817,0.018648128879356005
5056,88301,0.012609333011457741
5057,48418,0.006912642325313741
5058,87790,0.013768270855647573
5059,72670,0.009727167944616913
5060,13459,0.007829811946792511
5061,73164,0.0204583429009633
5062,70720,0.010706880930764665
5063,16553,0.013160863743202985
5064,76117,0.01056326877254141
5065,38611,0.014261150063756696
5066,56603,0.018517158615064037
5067,86104,0.02503429857539541
5068,79258,0.007624570948172626
5069,71094,0.010184108128136214
5070,72686,0.015666547732144438
5071,93170,0.016835381692091866
5072,14610,0.00575282596005329
5073,88460,0.023220995745865454
5074,67418,0.04270423118991803
5075,93633,0.021034935146273727
5076,18240,0.015315923710102658
5077,57903,0.03823147511989264
5078,96751,0.009974071079690557
5079,31177,0.015855054768171145
5080,4764,0.03196934336310213
5081,64525,0.036989704569898835
5082,98763,0.006072721445887922
5083,83169,0.043965273341267236
5084,10211,0.024546865170774528
5085,94499,0.014683565337057423
5086,5766,0.033319533808562014
5087,37916,0.020143629484726065
5088,88469,0.016170273066304756
5089,43823,0.012725576948244199
5090,5083,0.011527475440227914
5091,69132,0.012327865892200852
5092,49526,0.018452661873833237
5093,52724,0.012102685107287677
5094,55590,0.010188454028436707
5095,90062,0.019108324528021314
5096,38969,0.0068536505585189995
5097,98866,0.009551245306974918
5098,12231,0.014833944296258549
5099,29431,0.007649004266347395
5100,31514,0.018469566952351336
5101,870,0.008787681262547614
5102,49818,0.00983392948925924
5103,71404,0.012548048719448006
5104,17354,0.00941423308746889
5105,98922,0.02996700079057013
5106,17057,0.014512030034285119
5107,34375,0.026026920049022986
5108,36408,0.016712741097138422
5109,97263,0.011763223849839055
5110,28400,0.01634411682910841
5111,34783,0.017962525340945994
5112,3891,0.009566242241000125
5113,14394,0.006480933246171385
5114,97380,0.01510224242150865
5115,27467,0.014886035034503472
5116,94962,0.04722220405498842
5117,13036,0.008814475916034525
5118,75877,0.013474248625405853
5119,18995,0.029380122583743354
5120,58578,0.004300711069623518
5121,99039,0.015341937517478737
5122,24076,0.011791658518675445
5123,9113,0.021977675076791936
5124,64067,0.050128174680345916
5125,20432,0.012130325138940913
5126,88111,0.007942179792624487
5127,64737,0.010543189365544426
5128,50659,0.02105006195823375
5129,13936,0.029030159689647145
5130,28975,0.007036688428222482
5131,89809,0.04390975190546361
5132,30864,0.011196770308196153
5133,9481,0.023294626987526258
5134,9459,0.021732810817407484
5135,3881,0.01771332993609197
5136,95961,0.04748880503686312
5137,40955,0.03742844573518565
5138,10835,0.030814784747417674
5139,85740,0.0228773208685403
5140,83951,0.01953488854174896
5141,16002,0.038896656490056226
5142,50669,0.030201602038560014
5143,3857,0.007199358950820884
5144,88013,0.04628625309194036
5145,93892,0.035079347773325276
5146,74517,0.01439563121057305
5147,68557,0.007934116489753347
5148,84199,0.011709954104605
5149,38868,0.020166104347604595
5150,46779,0.008441962498278914
5151,42036,0.037330554041406346
5152,54628,0.01304487229677882
5153,28146,0.0219467957861582
5154,53816,0.005145675776479537
5155,11009,0.028161894446005715
5156,65865,0.059222806022071625
5157,46011,0.013267145307313266
5158,29928,0.0067880363965865664
5159,4342,0.010184592964977618
5160,83221,0.018186380433929505
5161,443,0.006862565443624034
5162,54697,0.015588572144048914
5163,13926,0.005692971868752639
5164,91199,0.0194440015296867
5165,9228,0.012317539368567094
5166,55748,0.01497730408711725
5167,94492,0.03437090485926374
5168,97291,0.02643258491338537
5169,44623,0.015159382282948494
5170,9773,0.014448239198343968
5171,71816,0.033080850169322766
5172,35082,0.009502745894733874
5173,88180,0.018914934086451802
5174,90958,0.011402907966796577
5175,66631,0.024281807929667193
5176,41105,0.008376966736723269
5177,88630,0.00786801286508291
5178,51593,0.024600166578185548
5179,85397,0.015918153324253396
5180,58156,0.016839374730082707
5181,12711,0.008845094018106254
5182,10090,0.007254403042331711
5183,29907,0.03684340870612603
5184,32689,0.017752603789650535
5185,64414,0.015972107184217592
5186,29468,0.017416420159530138
5187,15887,0.008679439876009332
5188,43218,0.017480023621539845
5189,16602,0.008401448709682999
5190,37706,0.030031285293038633
5191,50281,0.011703834661783876
5192,11584,0.01922317402986983
5193,47250,0.03098946844257865
5194,63274,0.008491823326024932
5195,96700,0.009652038785715078
5196,37440,0.014310506652299474
5197,70415,0.01960963049377223
5198,42188,0.018585933604785002
5199,69943,0.015706892698392212
5200,62158,0.013885237608261315
5201,75193,0.01089394702410575
5202,7649,0.017635460150435944
5203,99131,0.00988158720962226
5204,25046,0.054142208917539646
5205,12105,0.021993718910789717
5206,92562,0.014109154345297567
5207,2092,0.03824462336584861
5208,62952,0.008217816973401869
5209,44419,0.033461188387431395
5210,67028,0.027287013702806458
5211,23092,0.015504523443088699
5212,16898,0.02810288007139583
5213,19849,0.04130444142085536
5214,40133,0.004395236505963205
5215,69636,0.023277131330409172
5216,58633,0.014019342629640897
5217,71488,0.012530733388203588
5218,25086,0.010730522544484037
5219,12449,0.007951721718119698
5220,88591,0.015040066972517372
5221,46228,0.02854358127624687
5222,46986,0.043453098948180766
5223,79003,0.03329762534496661
5224,72902,0.010245368477381438
5225,36221,0.012211874934738538
5226,25696,0.020586261710583764
5227,81456,0.030850422102083122
5228,89000,0.01537714272974897
5229,62816,0.017830300911586258
5230,2779,0.01956028089834042
5231,32302,0.016240401967322175
5232,64191,0.014615038146355066
5233,10126,0.008334580713276798
5234,90233,0.015525600582343185
5235,79913,0.018058275531983723
5236,29561,0.02065835611116834
5237,31482,0.011379414778838852
5238,41853,0.020238354637826632
5239,75191,0.014565972736131257
5240,28135,0.013035676703660334
5241,10124,0.01908440046669353
5242,18638,0.009965181824110471
5243,31741,0.014360769579710768
5244,3271,0.013636699024370797
5245,88408,0.0067840749351376324
5246,7737,0.02018026571888626
5247,45586,0.013986887661982488
5248,59606,0.019499776672101444
5249,66340,0.0048020481002331635
5250,25652,0.015417868887190843
5251,97357,0.01559847161476986
5252,7059,0.01509636359525445
5253,77508,0.022172783343239466
5254,69657,0.01152189487701076
5255,37903,0.009786750163648657
5256,10315,0.017393514828103078
5257,23065,0.010836221031738716
5258,82769,0.023694031151784374
5259,38911,0.018837568658481654
5260,91129,0.010089830129765345
5261,87221,0.015365757243531583
5262,1678,0.007133655665543163
5263,32778,0.02512597913385853
5264,59196,0.024829439677952356
5265,79223,0.04230195086662592
5266,64764,0.04989463372692549
5267,1517,0.015846652861228737
5268,35445,0.030492985112584657
5269,4799,0.01876411230965582
5270,12565,0.05465679169566351
5271,90145,0.01722831697535178
5272,85038,0.016477303897920487
5273,16299,0.023148659296657388
5274,39821,0.025624811558871894
5275,47775,0.017054019739077338
5276,43705,0.015181456899859214
5277,1168,0.0186983264767395
5278,23549,0.009875427581939643
5279,13354,0.05536718323382965
5280,89575,0.009918071009622912
5281,83784,0.016409541261878255
5282,24332,0.01026091418890834
5283,28125,0.025441359522692972
5284,45102,0.013354583560433762
5285,79618,0.019263335926105976
5286,8495,0.01790909832582101
5287,53938,0.0237840309550296
5288,87383,0.020087379696782297
5289,20016,0.01648942302497311
5290,54970,0.029249240051106306
5291,45904,0.010048407792250715
5292,51137,0.013269719512718204
5293,72965,0.011901037378048951
5294,9806,0.027143943492354952
5295,66772,0.007246392388452719
5296,99214,0.008686333061343211
5297,77545,0.011783338588594372
5298,19794,0.00901110096349629
5299,65718,0.009127851082723848
5300,97869,0.011891306608569605
5301,11698,0.03250265558003365
5302,75824,0.01125951148408832
5303,25434,0.010657641663345431
5304,44521,0.019816380919042188
5305,81231,0.012782272613861244
5306,601,0.006013273179420182
5307,59678,0.015805157666083328
5308,49014,0.022089757357951153
5309,65872,0.0066384389351599885
5310,6046,0.0262220290371084
5311,12454,0.006125975418633927
5312,69967,0.012124360278955927
5313,74120,0.007221251699358707
5314,16409,0.007037410180418663
5315,79148,0.01415277622383625
5316,27088,0.02538803701098431
5317,80343,0.016460229356082764
5318,4093,0.03849037576561323
5319,45408,0.018845537392063877
5320,81239,0.015635593500015657
5321,84203,0.014289056926380217
5322,51326,0.023736620123700453
5323,32092,0.009147225793552819
5324,15917,0.008703561748594574
5325,78365,0.016630660752617557
5326,47262,0.006730509427651767
5327,35923,0.012677911811091317
5328,48030,0.01248467148881225
5329,94968,0.00632008722402061
5330,39089,0.050509222600904374
5331,79839,0.018003350162924474
5332,72536,0.017185755963580678
5333,64480,0.017814107989723122
5334,4658,0.014426035605617983
5335,38482,0.006850549494468296
5336,20526,0.011283192117047428
5337,26186,0.03358568550032228
5338,54327,0.020260074906400766
5339,22603,0.009519857568751731
5340,23676,0.021007318529781247
5341,65567,0.007311102826811442
5342,15403,0.03930083963718952
5343,40009,0.009151937304140477
5344,82156,0.017077125530580623
5345,49229,0.02290329222545869
5346,13044,0.008840338013860886
5347,54160,0.009881915526939355
5348,35768,0.01091131629605821
5349,5874,0.00960566552046803
5350,86965,0.011426315636928497
5351,64030,0.016094736185723622
5352,71385,0.030391533030221587
5353,72558,0.017308977897779118
5354,94339,0.00902468319729565
5355,2502,0.007888045351313018
5356,32097,0.01171132082721502
5357,32506,0.010498327459623246
5358,80486,0.026213888333399344
5359,36611,0.06044749074701804
5360,34718,0.02111952972626896
5361,23834,0.027930421946578764
5362,82807,0.017483074972531806
5363,16120,0.011655939267676343
5364,61343,0.023119115790200585
5365,57557,0.018290897155636986
5366,62004,0.014807678709949045
5367,20954,0.011893124104642157
5368,8267,0.006203576383517085
5369,6178,0.02579653532366866
5370,84044,0.036443356425094574
5371,98938,0.009101176078966705
5372,64459,0.008929993439476598
5373,77266,0.023428058617100248
5374,88645,0.013342848259925471
5375,77936,0.018363916554319168
5376,34590,0.007309325796648548
5377,72282,0.03795196685431601
5378,54447,0.014307853156776143
5379,72719,0.013750814982440537
5380,32866,0.03281518871760537
5381,9497,0.010440439872773162
5382,34436,0.008776027403907682
5383,59415,0.01161583587160289
5384,15906,0.012696307456648449
5385,35700,0.004506189561167409
5386,11417,0.012975959300917175
5387,13396,0.013373789321903053
5388,4543,0.00965312308264649
5389,42558,0.010025461491753958
5390,37984,0.011431220067858643
5391,29504,0.0416981177811217
5392,6330,0.015251805339261296
5393,22440,0.015036951035372318
5394,1070,0.00749822359634907
5395,119,0.00711208846605115
5396,52891,0.048319936005555696
5397,31019,0.032876080964066495
5398,84969,0.008962279764578519
5399,26885,0.018235720048241727
5400,20231,0.016442864331192124
5401,25007,0.02408225912568555
5402,94786,0.010626053034804251
5403,91347,0.016050048244846175
5404,66999,0.008136872836268825
5405,90757,0.020199795231534732
5406,59049,0.013138846308318713
5407,97215,0.010960795191544363
5408,18642,0.04227858698855084
5409,8863,0.00974402536184828
5410,1387,0.015236774167684715
5411,49348,0.021026472114236826
5412,3117,0.013167320214025318
5413,25925,0.01196566902811428
5414,90225,0.009828497555987277
5415,90533,0.013640482720691259
5416,35273,0.01417324995496764
5417,35650,0.028835045180422687
5418,98080,0.01392469629447735
5419,2159,0.00896540107924927
5420,48546,0.012968287514104709
5421,45284,0.01410420546810378
5422,87561,0.03543771752107091
5423,88131,0.024133406809245667
5424,66851,0.014472060565905796
5425,85566,0.01341468143367263
5426,69865,0.028713978472830616
5427,74898,0.04845649319657182
5428,3514,0.02821069329411972
5429,74457,0.022755814437498082
5430,46652,0.025322499070101027
5431,10523,0.009984978295957625
5432,40149,0.007340800204594213
5433,88622,0.013123814862306137
5434,12835,0.014857300070441115
5435,12390,0.009414633425770438
5436,63957,0.004655446436914117
5437,17049,0.023069500985058555
5438,91760,0.02234495625367014
5439,95353,0.0477627645610771
5440,67060,0.016226438871293096
5441,65536,0.008533601070427766
5442,82787,0.006613696663299087
5443,73766,0.009078336257891714
5444,30342,0.01424404222640627
5445,90443,0.020474945153681354
5446,10293,0.012598948533662165
5447,17270,0.019321890985029778
5448,16159,0.0322485035628861
5449,1241,0.01158382107469483
5450,6906,0.013216283563176914
5451,78531,0.010254350945744475
5452,62862,0.01889294183890879
5453,91951,0.008082679729701671
5454,58209,0.022712868202586216
5455,96647,0.017934422214659632
5456,70833,0.02148772809401103
5457,73419,0.006043319683883297
5458,83735,0.012115189958814535
5459,64654,0.010485949633678765
5460,64145,0.013917373264151042
5461,82216,0.005713816722984551
5462,27762,0.012218063087791255
5463,36529,0.0190772484611827
5464,53339,0.0222633292250144
5465,1871,0.012190891146585408
5466,59242,0.01309066725385318
5467,75278,0.014767876961948662
5468,47035,0.014244311436665743
5469,39142,0.020589809750098123
5470,77561,0.021565803546833455
5471,77044,0.009500398252385028
5472,17287,0.011937505696561945
5473,60309,0.00837185471235646
5474,61807,0.010711854971192286
5475,25969,0.010210540038363802
5476,50534,0.01989108930079728
5477,53489,0.018181856567070227
5478,47504,0.016906717958320362
5479,36320,0.01224772022014555
5480,78658,0.016228481293794256
5481,73786,0.006809740903883503
5482,76515,0.0068929634642190644
5483,35180,0.010575570050351858
5484,3349,0.014677308647607959
5485,70900,0.008778408973826021
5486,86089,0.010197126030973763
5487,39694,0.006004020091179314
5488,60798,0.01505417786255993
5489,82685,0.016473875992146298
5490,8815,0.01625187768357938
5491,60782,0.03290671914612879
5492,78103,0.015084584925170647
5493,23028,0.0150325282015442
5494,17052,0.015477473440915978
5495,82741,0.01898354634756762
5496,81200,0.026425886025052137
5497,3867,0.009232967522354935
5498,3638,0.007672033629192129
5499,98290,0.009257747182473542
5500,51594,0.008165676577310885
5501,82207,0.01596319423647883
5502,23376,0.02241584099087414
5503,55528,0.009914368515946391
5504,35980,0.018200956306489435
5505,78169,0.01068067974762312
5506,89740,0.012106066363807944
5507,53746,0.014693480383160706
5508,75387,0.011924447227276114
5509,76598,0.0073033645678921314
5510,63367,0.03468540494071776
5511,6738,0.020052905414171075
5512,7718,0.019071386575017037
5513,37960,0.032766075505985905
5514,63479,0.027463205293994923
5515,77099,0.024246638847158303
5516,52302,0.00826022970726781
5517,10628,0.01487573066294912
5518,9937,0.03382865059152529
5519,87482,0.006189685729891846
5520,62411,0.0076052364019569
5521,54969,0.010319413355757832
5522,20666,0.008627553391010689
5523,7156,0.023291304295466542
5524,14016,0.008822308532893687
5525,86716,0.010989418024455109
5526,25455,0.014763248649829398
5527,36009,0.021988474378197224
5528,80621,0.023003252305229257
5529,62091,0.03460031384615253
5530,90253,0.025734486574594217
5531,85032,0.014403154211553937
5532,94717,0.0072059178096431364
5533,84429,0.018137886369007733
5534,94286,0.014103191634855253
5535,46832,0.020184714912847183
5536,89061,0.04159355918884004
5537,19708,0.00993495756096762
5538,19350,0.021926479558211268
5539,97070,0.010890010041643652
5540,47978,0.007660916623653513
5541,36256,0.004891667803459247
5542,19585,0.004456648302309445
5543,35735,0.006277648750703625
5544,98597,0.017677544810860618
5545,38159,0.015019474056237039
5546,86359,0.014980732623271098
5547,47130,0.019910050856306406
5548,48716,0.012696014377712141
5549,32145,0.016251338683985997
5550,56335,0.05015281749976841
5551,76027,0.017451245676236293
5552,97948,0.029149289591364508
5553,35947,0.012754766543825628
5554,85983,0.03413196058657088
5555,5472,0.006497610957617824
5556,88379,0.01982688238806013
5557,57674,0.009035659226309875
5558,58842,0.00980153188719626
5559,52243,0.021123163516032797
5560,98735,0.011426641326979771
5561,16381,0.016316383904103376
5562,69811,0.01274736743387839
5563,64223,0.010800083974932127
5564,87940,0.01887677863686204
5565,36914,0.021246695681197178
5566,53145,0.011443468961382252
5567,3541,0.028395318802990857
5568,54967,0.01786584158212984
5569,83127,0.00998008236023044
5570,88744,0.010530704462771621
5571,2130,0.01587787518782569
5572,16970,0.01128446316726883
5573,48111,0.016223088637107155
5574,48415,0.009934749032971322
5575,4610,0.04255650323736375
5576,98282,0.010276496327243055
5577,63718,0.009546974587215583
5578,29932,0.01736624924029988
5579,51331,0.02321776011946785
5580,98181,0.009147732849266916
5581,45046,0.031130561885271187
5582,27945,0.018433186361242332
5583,67309,0.033870665879931365
5584,78713,0.018877806745174176
5585,35198,0.012314683539978145
5586,64477,0.017977637387908932
5587,77571,0.03521719291151948
5588,10792,0.00978699750810229
5589,92004,0.013842376375914593
5590,70295,0.014156646101452695
5591,5970,0.018967815896883705
5592,89178,0.0384588484367041
5593,55742,0.011274601259373941
5594,22642,0.03184363811583213
5595,2615,0.006801601683332374
5596,95471,0.006344537221844892
5597,59059,0.01185847740503141
5598,17369,0.03348270346525289
5599,45313,0.014473996467981108
5600,15615,0.013869857662427643
5601,25404,0.007645771437194758
5602,40424,0.0272631325103287
5603,55339,0.009179486288306487
5604,99181,0.03377805038934641
5605,98372,0.02987041411063448
5606,95971,0.019585561075490667
5607,13790,0.026104620641097285
5608,87843,0.009685015857919987
5609,4518,0.01362665596749325
5610,92749,0.019852905181322388
5611,38419,0.009808433384535641
5612,46954,0.09998353283247935
5613,30517,0.016394045470743263
5614,83284,0.018583371447223003
5615,35280,0.01999114604702792
5616,26758,0.008913409460381643
5617,44240,0.014477388476153085
5618,87385,0.014349968075766169
5619,2002,0.06217286974722617
5620,66192,0.014820944230996376
5621,2191,0.008176001348937083
5622,70906,0.008939943062094075
5623,73089,0.03668563008630207
5624,67334,0.0073222101751582395
5625,56359,0.011342675851183226
5626,98787,0.017046793226579895
5627,75611,0.025949093563265652
5628,3936,0.007447334910953338
5629,86398,0.013552816293328485
5630,27092,0.043178082360587004
5631,5088,0.019986109378310246
5632,88964,0.02418646369445554
5633,79255,0.019526349849401044
5634,87332,0.00535222648979837
5635,47084,0.014777465065822296
5636,92915,0.026663127496257037
5637,55700,0.012608967274156405
5638,37322,0.011086432500078779
5639,19620,0.015879588656068505
5640,32182,0.029438953621535306
5641,8018,0.00490141705368755
5642,29611,0.013587780172031967
5643,57488,0.054730633803055984
5644,78723,0.012885460052427945
5645,34594,0.048016647989729405
5646,65383,0.010493382354721142
5647,63965,0.021617832144723906
5648,4344,0.009680746328154508
5649,82543,0.017102174265942294
5650,86876,0.054518053752118295
5651,16283,0.012032767617316111
5652,96031,0.029000089412598202
5653,47146,0.03809241073687633
5654,24826,0.01617546272034488
5655,24400,0.005257369333338044
5656,61447,0.01642931546715681
5657,42483,0.026623022496220748
5658,4105,0.02120875336942767
5659,38809,0.011315004361011571
5660,51742,0.01166029410188492
5661,74695,0.013241945152518161
5662,37973,0.009930660513394411
5663,6064,0.00727543345653602
5664,35256,0.010750353785122487
5665,96776,0.012380420351026917
5666,9768,0.015033059601828
5667,54451,0.006403205332423544
5668,15708,0.01176916021027367
5669,82297,0.0110258026646777
5670,35676,0.012896067581241445
5671,40263,0.010881674822872767
5672,89972,0.008680654026602317
5673,77198,0.017815657030831183
5674,43427,0.015583453805489932
5675,27064,0.01633856756897097
5676,72194,0.013155372635482287
5677,81065,0.01208134008793535
5678,97562,0.040535814134304085
5679,83659,0.021571284815903462
5680,7229,0.010996032992022349
5681,45871,0.010149850555918764
5682,50652,0.01665674716416198
5683,46911,0.035475377944566365
5684,88902,0.032296984651151786
5685,11768,0.01111310828475036
5686,17920,0.012979841568395007
5687,80821,0.012542860734392623
5688,85937,0.037658012983922184
5689,45074,0.028348007420365622
5690,52256,0.02865803055702375
5691,22029,0.011173664146295935
5692,39549,0.017221987327486567
5693,92158,0.025598109831546943
5694,65595,0.013880006066098008
5695,15348,0.008305855677352526
5696,71074,0.012132146590438429
5697,95468,0.026079346781885802
5698,59849,0.05625891778698695
5699,49024,0.008148054833651004
5700,23926,0.016633576452856916
5701,74872,0.02276358784633261
5702,84778,0.012708567605124215
5703,40249,0.01746124577836467
5704,90435,0.021570209538738106
5705,3298,0.03958945226550933
5706,43549,0.009477916489310319
5707,93045,0.01953084446372522
5708,76100,0.008633557888595086
5709,36270,0.01099072637590767
5710,77126,0.020377907211841507
5711,34483,0.004111344660205903
5712,74477,0.007691810042260805
5713,18804,0.02349084521250263
5714,24248,0.007316328342947762
5715,78673,0.009640598876145526
5716,44699,0.014355017754240917
5717,24051,0.012926946972198148
5718,14891,0.015129633727467883
5719,77457,0.008723644111214304
5720,54381,0.012925117030394851
5721,59694,0.01752975823075396
5722,4895,0.041465171030455744
5723,15162,0.020989663875640083
5724,6520,0.007694210973342969
5725,58183,0.008696141742042479
5726,81696,0.025777959027116274
5727,42583,0.01160691039498209
5728,66507,0.018320353291600897
5729,53638,0.012452397179941148
5730,80401,0.006441800485311387
5731,10666,0.016205339710817092
5732,34250,0.010650615287025801
5733,9591,0.06083328707576684
5734,11962,0.04365131750670066
5735,25242,0.009161700184547941
5736,47807,0.02118072239563006
5737,80994,0.021595493114142706
5738,66003,0.02562509685975241
5739,92816,0.01812391982221105
5740,77481,0.009944217827461313
5741,61225,0.014673193774246411
5742,62100,0.01537873760342928
5743,24764,0.014179230398555606
5744,5584,0.017050053871202307
5745,692,0.009805737840470908
5746,24461,0.03342968239489989
5747,93195,0.013837886345023037
5748,2146,0.011170051740233982
5749,80146,0.016690769332014504
5750,58047,0.010955981667487832
5751,2830,0.011371703343347951
5752,72160,0.014327500693111311
5753,74112,0.0070882599140992
5754,38053,0.03355516056917687
5755,414,0.01986769156755639
5756,14366,0.005875477070105195
5757,99775,0.013295184603536741
5758,9650,0.007569746817093033
5759,10286,0.011012941515332914
5760,49695,0.020825706296631462
5761,84162,0.024158140827515134
5762,15160,0.01718959939995516
5763,626,0.0303831082940996
5764,19104,0.011422288637852192
5765,68742,0.007364499129746153
5766,96553,0.022429899668541663
5767,52500,0.013120890470890982
5768,77697,0.025583522944593796
5769,83506,0.023005486392451237
5770,17963,0.04499810111970923
5771,55982,0.012418464366792318
5772,37117,0.027622577394889818
5773,46551,0.02971284987176956
5774,16585,0.009609366172418119
5775,20100,0.03550386419062181
5776,14546,0.010844697256783324
5777,19472,0.010371195065993797
5778,31502,0.013923055961143781
5779,40381,0.01550988448456645
5780,60667,0.00945159551344612
5781,45039,0.018757759970754122
5782,28809,0.014183560192545859
5783,89104,0.01343618433529204
5784,57843,0.01126482076084778
5785,73728,0.011434746850947574
5786,29895,0.021744899858922376
5787,97258,0.010748192723403504
5788,14365,0.03426506881119859
5789,6101,0.016075596510462795
5790,5418,0.011956003876599973
5791,79122,0.03706220746306598
5792,37613,0.015556793605710512
5793,47554,0.015594054287586161
5794,338,0.016704771722624228
5795,23739,0.006451538228857896
5796,36034,0.015440959476534488
5797,56312,0.015172095664527355
5798,97796,0.0061145096644902985
5799,21361,0.014364280725540378
5800,85076,0.02322241768113113
5801,7952,0.019434217261259486
5802,43956,0.009546495980161891
5803,14606,0.012376192102370159
5804,94488,0.022266486486622706
5805,45607,0.00455824850195387
5806,65515,0.02493313071114506
5807,9254,0.012328091891612627
5808,86086,0.013045374498596713
5809,36415,0.01052432807354415
5810,38833,0.01641456930111184
5811,35844,0.011207545337135782
5812,5437,0.010687293044168584
5813,61428,0.025853170707952622
5814,42616,0.02390934482467764
5815,21956,0.012573939173809634
5816,14927,0.014913806420661388
5817,69977,0.008176911046282554
5818,25037,0.009890310425234316
5819,87292,0.016862066437914734
5820,30561,0.01949372303522907
5821,92474,0.028073495743299044
5822,77997,0.027382126908467048
5823,27797,0.02247447991575942
5824,36449,0.015412725030489738
5825,17651,0.02181824351568112
5826,29159,0.014963448556374683
5827,28165,0.027925124507089328
5828,708,0.018393811141838145
5829,22278,0.008435504791806395
5830,9222,0.013307707741618432
5831,33399,0.03334975903460256
5832,43964,0.009647958239494556
5833,53470,0.01898959629222602
5834,77552,0.01396734932390926
5835,88664,0.013913393368491334
5836,95774,0.021083541506833857
5837,76959,0.00833686535251873
5838,99266,0.02728431494304198
5839,15620,0.013211848361640613
5840,39844,0.00810754801212363
5841,96337,0.015119926445704781
5842,84179,0.027611405582724607
5843,30181,0.03084466473904984
5844,99970,0.01516389730635697
5845,15029,0.024128436278076145
5846,58032,0.02394125073571109
5847,48407,0.011979020155366938
5848,71022,0.04277868402176549
5849,30907,0.03447274573201028
5850,77224,0.03901625843900977
5851,76537,0.022714286297911113
5852,66467,0.010187646239790168
5853,21679,0.024780969633014887
5854,33687,0.04478272527156304
5855,90966,0.029586862946825988
5856,61641,0.008745678128804715
5857,93442,0.010966858593753568
5858,41924,0.015078090037592315
5859,66504,0.04614149217705897
5860,28628,0.012879229631530001
5861,29781,0.008797905090229279
5862,57773,0.03864358783817182
5863,7555,0.011251728085994436
5864,86726,0.036331744846050035
5865,18214,0.016091449482640376
5866,57239,0.036806421792263386
5867,36604,0.012095034731953336
5868,22451,0.008606716511515006
5869,24888,0.017304763765325082
5870,23528,0.015338711146591525
5871,880,0.013423401529066434
5872,76685,0.016201831185360088
5873,23601,0.014794024183966336
5874,13238,0.02269510956063906
5875,77028,0.013488812860146394
5876,50083,0.008895101739099754
5877,76886,0.010905955250258028
5878,23079,0.007920913656425605
5879,14652,0.03461271966133124
5880,91192,0.013267050307071176
5881,1663,0.030210048707924715
5882,7791,0.010212405650353265
5883,70645,0.0069702718469127
5884,99521,0.009147983718238105
5885,54908,0.0035650428003171815
5886,43400,0.04485249673765369
5887,96104,0.023191932632651763
5888,69237,0.014368403104668012
5889,93322,0.010851044870051948
5890,11984,0.03402955620932625
5891,36279,0.012654526619586826
5892,238,0.013498341150638277
5893,88998,0.017434057315281193
5894,55007,0.026308789860194047
5895,4317,0.012381370381299842
5896,63116,0.03012937377817117
5897,72454,0.01696264019133588
5898,80703,0.022274916073902744
5899,80681,0.02132715129323924
5900,50870,0.008099709196835031
5901,28255,0.0513344047242979
5902,64197,0.008373856149758437
5903,76155,0.04774505526802997
5904,88351,0.02007525351711762
5905,2878,0.013810361250972278
5906,66441,0.022765817933076044
5907,31247,0.0057315091253344825
5908,25876,0.03659623674358117
5909,87423,0.0096600790501493
5910,94022,0.042728565066332394
5911,39037,0.013268435988692857
5912,26787,0.015983750226640968
5913,73983,0.0159684761070478
5914,33002,0.01150027071188929
5915,71193,0.027594814405551355
5916,10978,0.03655658767918135
5917,62433,0.01971807111104978
5918,30234,0.03875227113948747
5919,83308,0.03553052631577648
5920,84331,0.021239024925526685
5921,54855,0.025042650957599343
5922,64837,0.013399213053866946
5923,53928,0.026727171144325806
5924,13683,0.006489046863284821
5925,61059,0.01613540878321828
5926,78168,0.03061515058281549
5927,80689,0.008018273741012194
5928,24774,0.03812479916106272
5929,15274,0.01671251538421345
5930,34959,0.018907375650087842
5931,60185,0.004073329808033259
5932,40000,0.04529716202571418
5933,16257,0.024456539466869386
5934,40305,0.02614372735704531
5935,33896,0.013829294656239808
5936,1805,0.023891726516264884
5937,93647,0.02344814740821341
5938,32061,0.012890154336879353
5939,30837,0.022167982663341808
5940,84416,0.013563158765214748
5941,50733,0.014880265489078457
5942,87684,0.02125913051082976
5943,2056,0.018856063697393732
5944,13090,0.029253323529345576
5945,2273,0.013619393008772195
5946,63141,0.039578523074668116
5947,32503,0.01755975430698611
5948,69974,0.021956849874847157
5949,24958,0.01807501102304039
5950,84469,0.020147909638787872
5951,89524,0.032578364499740595
5952,63324,0.0074054383490309746
5953,53865,0.014319428518957997
5954,49155,0.021005502937111318
5955,87989,0.0274084495077989
5956,35807,0.014178807613936065
5957,58857,0.014518437569718023
5958,56011,0.011464139221150074
5959,39711,0.016673854966358845
5960,26809,0.017969374189521187
5961,74380,0.024668640951884126
5962,87736,0.0073144629439824
5963,62748,0.01641694635101135
5964,63913,0.035752834658317564
5965,49663,0.029399031692361414
5966,59244,0.05596667323880833
5967,43902,0.023214401552767012
5968,77829,0.011571077304401994
5969,98405,0.009302694089325686
5970,28831,0.025376686012335958
5971,87847,0.027314280685211342
5972,52123,0.011999127793577369
5973,27644,0.03063192005310969
5974,64710,0.015210319867415324
5975,12107,0.018375139616716205
5976,72690,0.040418952020984264
5977,44780,0.013746675412732574
5978,78098,0.023910396968170412
5979,57747,0.021859482153044875
5980,99390,0.01880167138087759
5981,2380,0.01455003902868533
5982,16122,0.009521459869090587
5983,35126,0.018043804438861156
5984,31448,0.0031140342028843472
5985,28932,0.00480654001769637
5986,93762,0.035281162233354084
5987,15535,0.006211692031938609
5988,26669,0.02278181062197567
5989,29473,0.0062614452556295185
5990,2104,0.027994075640978056
5991,21996,0.020240008852943452
5992,25981,0.013106696412321508
5993,62224,0.029444024861637552
5994,43578,0.008495644456668467
5995,30087,0.05876545002885923
5996,26611,0.010405680772344036
5997,43987,0.01146029307575516
5998,4623,0.017912457637162798
5999,3174,0.0196619430196018
6000,83353,0.025176248263742054
6001,93980,0.02308258560704289
6002,97245,0.005445748267538031
6003,30604,0.04780609191035466
6004,12675,0.019608575794106853
6005,96121,0.007944799548316438
6006,72059,0.01856075136753705
6007,39572,0.015430778541605617
6008,24328,0.02067085290297611
6009,52584,0.024440706459107644
6010,40145,0.0513391724783747
6011,74984,0.015567002563697755
6012,43476,0.015820466612498627
6013,25785,0.02168831995976426
6014,27979,0.01978566063139777
6015,17079,0.017147922414437234
6016,97251,0.013750749450624742
6017,45937,0.015378125505627737
6018,26829,0.03368342973280908
6019,7107,0.015432248723492838
6020,59399,0.02336270202784449
6021,14239,0.009408181480017928
6022,70110,0.02538341085572449
6023,55503,0.027395111173198046
6024,66111,0.014540717277834202
6025,3518,0.02198006755293537
6026,77688,0.012125056307476347
6027,12133,0.009477391138622213
6028,29109,0.053858203764143665
6029,31727,0.02331160546833135
6030,91852,0.008312184186952506
6031,33023,0.03166729240877473
6032,13565,0.022118425897899537
6033,84084,0.036839256555430216
6034,5733,0.01579228431480845
6035,38713,0.02359680893720235
6036,21927,0.012471748122118058
6037,98044,0.03145428022302147
6038,11179,0.011772295720269044
6039,400,0.018551474755679247
6040,30522,0.03328863773285193
6041,43735,0.012848058277944146
6042,53253,0.01137426795128458
6043,82501,0.005859739827158702
6044,20942,0.013867215555647655
6045,44252,0.008076306585155209
6046,18203,0.010360363233124698
6047,75280,0.013889258435520227
6048,9298,0.017903152441255656
6049,97840,0.019331263153132813
6050,54942,0.006158778050714485
6051,1190,0.023133260810630857
6052,27468,0.018652154602881194
6053,35310,0.022511200372209026
6054,68007,0.01897987816694027
6055,62307,0.031237959238947826
6056,43461,0.026555821949324616
6057,39827,0.027921327393343017
6058,91042,0.008367943283360012
6059,48409,0.008535869469831222
6060,88694,0.006614733638916775
6061,99804,0.016393659556628925
6062,63432,0.014686367030778441
6063,16149,0.035956316258287296
6064,34182,0.050664532246579255
6065,42189,0.007731215872845776
6066,63106,0.029353190441962062
6067,79578,0.015798491658481843
6068,55756,0.009513528872956558
6069,21672,0.04585528485984533
6070,71813,0.045340179635240674
6071,2775,0.02391988206574111
6072,4482,0.009698343267027051
6073,26953,0.021494333953888715
6074,85833,0.015420911594185342
6075,46650,0.01183834914346956
6076,97484,0.00707235372812235
6077,51821,0.01993374058756593
6078,38365,0.007530741365029568
6079,13562,0.01728007270843719
6080,42831,0.012746524925771259
6081,72168,0.012792641998625929
6082,64682,0.0198547172908543
6083,89085,0.01922693660617212
6084,14193,0.016977542599021705
6085,37561,0.007742011439768569
6086,45859,0.008492339652437581
6087,14060,0.014147575530791401
6088,7996,0.02652893992326218
6089,90235,0.08066453813853867
6090,15276,0.013893314108555661
6091,28457,0.018199525951989107
6092,19142,0.021075692364277428
6093,66259,0.009907832768066695
6094,68349,0.022897363442082888
6095,99225,0.02255253237938454
6096,26785,0.010998718409542502
6097,65368,0.011545833253698708
6098,59744,0.016724071733816043
6099,46897,0.025937251566906683
6100,41657,0.018972021496214513
6101,59604,0.017202721237240974
6102,67382,0.008957487966028379
6103,22243,0.011163203386780316
6104,15414,0.012044379178351204
6105,12309,0.019476885080958028
6106,3865,0.007590203551896507
6107,87051,0.0046277600109286415
6108,23273,0.03771382194010062
6109,201,0.027314351441720543
6110,97158,0.024168420085549227
6111,99083,0.026423436178256668
6112,24998,0.04075501947451583
6113,36741,0.05463135644323246
6114,33178,0.008297919458219786
6115,28533,0.02286853183670441
6116,59315,0.02405492539517447
6117,27976,0.01745406168064171
6118,20611,0.04743800147622668
6119,18953,0.008691806054522232
6120,25848,0.026025754784843085
6121,13548,0.05829989291157367
6122,2398,0.017353962617130847
6123,98525,0.012672557310178566
6124,38749,0.012891989804429346
6125,24158,0.011331576587331041
6126,41427,0.02442715822503567
6127,68595,0.01325543471994034
6128,61128,0.050300973917898846
6129,96538,0.044553373632613594
6130,25050,0.010425948873386996
6131,17422,0.01995890837616498
6132,47061,0.06309494399957476
6133,69205,0.007693388266568586
6134,13195,0.025117455858172356
6135,92320,0.0192847843323774
6136,16249,0.019973080342711693
6137,75970,0.03629054984220318
6138,16785,0.017567282800629597
6139,70207,0.0356274384879718
6140,68799,0.008423909679127296
6141,51800,0.008387789772248803
6142,30670,0.011339903215748265
6143,58023,0.025916993289316164
6144,97503,0.016212876786139155
6145,1208,0.011002580608337668
6146,43342,0.015568473493583914
6147,40341,0.03060758875896897
6148,29055,0.013221091139727102
6149,60616,0.005590683758015901
6150,60860,0.04920832422193737
6151,23582,0.04538224542245613
6152,46432,0.025816755501961722
6153,75161,0.010884946122577645
6154,23984,0.017523856146618326
6155,97614,0.02170788140986795
6156,64501,0.021943186198775555
6157,43181,0.007110948011608002
6158,57166,0.0376710956628468
6159,89738,0.01754735860740864
6160,25496,0.054062088213556
6161,64644,0.018058646196105768
6162,75925,0.04285730098161211
6163,99158,0.02221697850681958
6164,62308,0.01282410587726587
6165,69288,0.018175377487480507
6166,2749,0.033172631306811695
6167,90474,0.010912782874004448
6168,42567,0.01447105146129015
6169,40397,0.020947464422037286
6170,71784,0.01406720065647806
6171,3460,0.010764897437503605
6172,62390,0.009695747046567659
6173,16768,0.012167546559890788
6174,92847,0.023586781190857095
6175,29891,0.022246902605816802
6176,14817,0.012159675922452463
6177,45592,0.013599418928144844
6178,66119,0.01617286588129123
6179,86585,0.01213068762933113
6180,69684,0.026337014541544645
6181,55997,0.0058232031322862044
6182,55766,0.006350157534708894
6183,12828,0.030104905358237462
6184,22805,0.023795590148128522
6185,46966,0.01302192900477813
6186,79629,0.01783665325774811
6187,75274,0.02216240003551377
6188,41810,0.02019910588878334
6189,32687,0.02085629337780108
6190,20890,0.01961731538784979
6191,31460,0.013504544243711098
6192,28945,0.023849415962493157
6193,23583,0.008113033288686712
6194,45675,0.010963685911593876
6195,62309,0.04902466686231564
6196,59249,0.006210803832597225
6197,31995,0.008510609892174375
6198,27456,0.018643454264552828
6199,54201,0.030992704813958286
6200,66370,0.014282484555153241
6201,35607,0.020223538937152615
6202,46606,0.01364615544780023
6203,66009,0.021305020430149257
6204,36090,0.014698235723849698
6205,74141,0.010862765351035319
6206,59971,0.014170911995782976
6207,45650,0.0075239288602954296
6208,33622,0.018470939651585
6209,81567,0.02114671671357487
6210,5663,0.046418035415395506
6211,48191,0.019990771529138595
6212,82057,0.032807744006819246
6213,94802,0.016203419180339997
6214,4832,0.00840128781690692
6215,85104,0.011876784427488334
6216,10518,0.004507384607842876
6217,86504,0.015234119611661651
6218,64890,0.008802308296952655
6219,99396,0.025153211900255146
6220,88382,0.009122129413103593
6221,36192,0.0320367102937498
6222,60275,0.0076687393763185
6223,29635,0.013703104237123903
6224,26040,0.013761645557712629
6225,15689,0.013048373586512944
6226,40678,0.03920066103348159
6227,47949,0.026965736919286627
6228,65980,0.009582223538159618
6229,92777,0.005390719002162335
6230,91064,0.006232022727035321
6231,22225,0.016715061933505866
6232,74450,0.008521853312568464
6233,64959,0.012580187554040195
6234,30248,0.00879578797933368
6235,33250,0.022798102098937487
6236,94064,0.01838332364613308
6237,38078,0.014104977042691185
6238,97316,0.01785639800785668
6239,476,0.007126605023966646
6240,78056,0.04446835067506061
6241,79087,0.04315760173411811
6242,69150,0.012902681109009991
6243,28823,0.028946430871670988
6244,43585,0.012500797595557082
6245,68717,0.011155971025802182
6246,90789,0.009642352713157679
6247,41750,0.011634922142723306
6248,10163,0.038245082578791195
6249,30938,0.013149698167497637
6250,74966,0.010891890941845922
6251,80176,0.015387030447427669
6252,28531,0.025760962393128032
6253,37733,0.007279592728805851
6254,57691,0.006341668256201203
6255,75176,0.01520319409561989
6256,62957,0.007711078330041039
6257,61716,0.026770655597435546
6258,35333,0.011207784098423306
6259,31203,0.012809955204407437
6260,37133,0.026171948820860914
6261,32569,0.0077788450182479894
6262,76168,0.02083557233450818
6263,29815,0.012708065408590888
6264,81139,0.02427020074339514
6265,99008,0.018227427170218018
6266,53267,0.008876970596998872
6267,36512,0.012030536985711889
6268,30829,0.0306808863898434
6269,52705,0.009920114459182077
6270,20994,0.03132772070379834
6271,77069,0.01120453191132035
6272,52943,0.026071169059135847
6273,9145,0.017752299982173873
6274,67746,0.016481000831604777
6275,65241,0.014092049262364324
6276,52333,0.00833378183883473
6277,22438,0.010867316400247011
6278,65181,0.011191737291614894
6279,5929,0.011823167603805512
6280,38418,0.007620140701269736
6281,80305,0.013043959612158266
6282,1259,0.01351466869109642
6283,85749,0.011438176531032039
6284,74472,0.013041974169770052
6285,98407,0.01004958996051743
6286,66972,0.02861295747201538
6287,77322,0.013302623970582936
6288,11548,0.04516802501083095
6289,71679,0.011751165527398773
6290,45899,0.03144577189048766
6291,68662,0.017910386666588066
6292,9477,0.008085667073164824
6293,91225,0.02047486342467466
6294,66251,0.021238101051983285
6295,65234,0.009214968715728645
6296,74702,0.0052542864535384615
6297,37120,0.014139455027629814
6298,10651,0.010635789697437642
6299,7023,0.023668429007827226
6300,20832,0.01655494601020377
6301,48750,0.02539564084189133
6302,12823,0.013943701627022709
6303,75598,0.029955954209723128
6304,14274,0.030694402368554165
6305,41300,0.010814165795710748
6306,38754,0.016968400379212767
6307,6340,0.008410475745306692
6308,68482,0.060410044799158596
6309,31864,0.025212706761753963
6310,56357,0.015068831128161613
6311,79348,0.029616191094369856
6312,45253,0.013378715408673037
6313,98750,0.011520453905865022
6314,13431,0.011855883043318234
6315,10839,0.014663263762587116
6316,6255,0.010132216958946928
6317,91405,0.007540762265374838
6318,98653,0.02820209870686734
6319,88311,0.010663238663805865
6320,45659,0.02192120540846587
6321,42034,0.006229085412110272
6322,79473,0.07071639623444295
6323,99878,0.0217211935991446
6324,35790,0.012330328204280799
6325,32088,0.017076319078473155
6326,71569,0.02179047466753695
6327,76955,0.01289862459125747
6328,75655,0.012333092460894847
6329,1827,0.029210969770329127
6330,21617,0.007520483213357115
6331,28967,0.028979553294347992
6332,20437,0.014929508888549565
6333,48093,0.021192775162195317
6334,14041,0.010085083973936178
6335,89260,0.00810056775731489
6336,2956,0.006343026234788933
6337,41877,0.012002661724535114
6338,6691,0.010071839725085017
6339,47153,0.010805793938681967
6340,48286,0.008746340502117032
6341,7673,0.026418066751090572
6342,51399,0.022606031110858744
6343,3454,0.01305950913039418
6344,44062,0.012079433095641105
6345,61195,0.020497749925163955
6346,35636,0.01718700501497923
6347,30282,0.0129765425574232
6348,67085,0.014636206133078273
6349,32024,0.013150284949016988
6350,5408,0.013017630485928543
6351,68697,0.006080020965894677
6352,58610,0.031822613206775485
6353,57052,0.011983084920610492
6354,10573,0.009438861471695457
6355,82572,0.009363383909740067
6356,59770,0.011359158061569535
6357,63714,0.012677248314010656
6358,47522,0.01753078227734778
6359,26887,0.022621801463884213
6360,56217,0.012117221813202836
6361,10053,0.02504274446054297
6362,57311,0.013416650351104741
6363,71176,0.01077597960430638
6364,13427,0.029427742405843095
6365,39350,0.006437589069585395
6366,5904,0.03617238027158787
6367,88533,0.018012102844174257
6368,22655,0.008495399066703768
6369,94842,0.016754968662644053
6370,10359,0.011804178597281783
6371,31979,0.007042435523770901
6372,45015,0.02513095303909344
6373,27865,0.007809410802304748
6374,54097,0.014069117741320353
6375,17475,0.01852241887147196
6376,60208,0.030371562912683545
6377,69578,0.01451841637794658
6378,44668,0.026746058292179735
6379,94555,0.02661212828200918
6380,34580,0.022538828902195943
6381,74202,0.01915271529780794
6382,46878,0.00826042897816467
6383,87148,0.018861058786771037
6384,27824,0.05800108212645521
6385,62671,0.008788000282333525
6386,99238,0.018880827663647466
6387,19444,0.02794601062287292
6388,88626,0.008136787895689376
6389,82383,0.02627418221299386
6390,24726,0.013231421814585018
6391,42660,0.009798500652785352
6392,66170,0.008000804528975388
6393,38949,0.012785669389428746
6394,35851,0.025971194568136888
6395,20881,0.01855389396763659
6396,78261,0.04952195565978777
6397,23327,0.011708561285482828
6398,36398,0.011037701059692012
6399,44783,0.01714325115606327
6400,97580,0.028300397397457842
6401,80819,0.012368213856515998
6402,65151,0.017914476957810024
6403,18111,0.013770525200566569
6404,13578,0.00973842806632865
6405,68422,0.011016749259125947
6406,34165,0.012624663223848663
6407,36377,0.03620349800602077
6408,73895,0.04182014569709739
6409,60088,0.026597178158475957
6410,58354,0.03393991642053384
6411,92301,0.04333960633526718
6412,2085,0.01881870851178842
6413,10986,0.03256596958497571
6414,66884,0.006862295461098073
6415,99537,0.013875629609096034
6416,96788,0.024965247844752368
6417,28303,0.0263768991329236
6418,26209,0.022986885019781758
6419,94903,0.010856659393536723
6420,89883,0.007556026405922943
6421,42465,0.015067841953143495
6422,12261,0.04073124916864068
6423,63882,0.008364657857461343
6424,58850,0.01809051628438847
6425,61787,0.008041106657038865
6426,68692,0.026283216623391777
6427,60330,0.018540607392069728
6428,56548,0.013773923991178539
6429,33620,0.018757560490886893
6430,29517,0.019258638428006784
6431,60327,0.015329326642153815
6432,264,0.0095325370062145
6433,28723,0.00923895443330014
6434,28310,0.01285369713058545
6435,48222,0.01240683219901892
6436,43572,0.009805958494132166
6437,14994,0.033758562343294315
6438,74994,0.013914312207068825
6439,13886,0.01963247809533552
6440,47099,0.025429119980162646
6441,557,0.007630130224804828
6442,43874,0.008568760343679385
6443,87543,0.028235511417156935
6444,25159,0.0184667925284594
6445,24920,0.016309436517480368
6446,18281,0.006994673998147891
6447,64220,0.019643293907896615
6448,10954,0.014167735129995843
6449,76311,0.044344296757762615
6450,88375,0.01897385799803315
6451,33792,0.014303602607880718
6452,74122,0.005369319068813343
6453,22886,0.012904841941693846
6454,37127,0.020258650799743858
6455,9492,0.014776238619763155
6456,49371,0.01900835192432498
6457,42170,0.008799391935714329
6458,78196,0.01375208182161361
6459,65453,0.03669523432009246
6460,35217,0.009914257349157797
6461,44320,0.014716593986441014
6462,54127,0.020168738515103278
6463,48920,0.01564367062518607
6464,91662,0.010605815682370132
6465,18822,0.022262692733788274
6466,54065,0.037930668001841195
6467,54891,0.00579788028884189
6468,94803,0.02083167374079314
6469,96054,0.02340746168614749
6470,68370,0.011342796905886732
6471,66706,0.028757482768260206
6472,5470,0.029740169622212077
6473,73076,0.013490708102933109
6474,38353,0.029669757005578324
6475,49338,0.00805616936103346
6476,5544,0.0165341165976344
6477,98086,0.008594341800939953
6478,13733,0.014844533599438296
6479,43857,0.025189130720134477
6480,53019,0.019495665694855245
6481,9207,0.008896117385358737
6482,6581,0.011729784820905507
6483,18637,0.009890719838382443
6484,25985,0.02377832626663167
6485,59088,0.013128668572819495
6486,19915,0.018175194332430387
6487,66708,0.050043735153187954
6488,17085,0.010106560049695887
6489,90266,0.006027247660060509
6490,2569,0.0033750059387790124
6491,64343,0.023983089261033486
6492,28931,0.02203899070551028
6493,19619,0.012551791093135346
6494,88299,0.012782707107035307
6495,47759,0.006145050072256732
6496,22764,0.007941111472232682
6497,41854,0.00941717673420437
6498,97921,0.016865707653538273
6499,24757,0.01521845553052244
6500,19010,0.009922308541003608
6501,66423,0.009356999864226405
6502,26185,0.03970434964379802
6503,27,0.02850816752644597
6504,26731,0.017639464322241828
6505,83430,0.011136924425855118
6506,51450,0.01763195597928551
6507,30101,0.015530958953375477
6508,50597,0.007877305752555158
6509,38315,0.009067453368145042
6510,37393,0.046679810555269825
6511,35672,0.013105090485466398
6512,12512,0.03234870689254371
6513,75695,0.019520023060977595
6514,3423,0.004618005691600393
6515,45145,0.017537276414829023
6516,35109,0.015457960888520467
6517,89943,0.005958277291119253
6518,98376,0.02605805699234527
6519,91233,0.01588507902139238
6520,24329,0.007401321940343818
6521,98762,0.036285497027894104
6522,6620,0.02086734658661387
6523,19736,0.011527406981438549
6524,20728,0.006029966158527762
6525,72183,0.012479501937795774
6526,71462,0.03467618108595933
6527,71868,0.020511833181674627
6528,68346,0.012621041761207995
6529,54690,0.022800477813310203
6530,40482,0.00896408513114096
6531,30156,0.006384276682691106
6532,67280,0.013911444263536656
6533,26229,0.018083677871744572
6534,290,0.02422764050373269
6535,29966,0.012046111799563832
6536,82891,0.005719389892455285
6537,86283,0.0099940859019406
6538,70613,0.006347728257728621
6539,388,0.025606370476057783
6540,95376,0.025725110144944822
6541,78815,0.005074791305133387
6542,41798,0.031205749974681233
6543,3978,0.02477249817747428
6544,15394,0.0572931196369202
6545,65061,0.010350595133647712
6546,53116,0.03806433102503613
6547,61473,0.012097477145464074
6548,18893,0.020256031925683815
6549,91921,0.01707971488894907
6550,84305,0.007255126714488996
6551,15993,0.03665176746688873
6552,19503,0.020143742544414485
6553,51853,0.013561607358380556
6554,12329,0.011531535645802369
6555,42239,0.01794506001341739
6556,17575,0.012253110804568772
6557,45126,0.01803671633386042
6558,75666,0.011449525996389652
6559,88827,0.015852964717187442
6560,79379,0.00753307762642692
6561,7383,0.017857868090113662
6562,5688,0.009500666469088814
6563,98133,0.009704168284478799
6564,20054,0.007534869172779069
6565,22493,0.01688249210387418
6566,15154,0.014424626373909457
6567,51266,0.00416343815045303
6568,53565,0.01037809407566918
6569,1170,0.016972853038776752
6570,51656,0.008103469653663847
6571,6444,0.03155650816662853
6572,74333,0.017498103008241412
6573,68721,0.009926967681264116
6574,71622,0.019622628947968644
6575,18751,0.03856621212939712
6576,62567,0.011219164499545606
6577,67058,0.006931491968473466
6578,63683,0.022400625812100422
6579,19330,0.041398239372932924
6580,59742,0.019010355845809044
6581,57600,0.015685277212321533
6582,85785,0.017763796158144714
6583,67656,0.009990944353003302
6584,56622,0.05446050542278747
6585,89732,0.019049557383811408
6586,48997,0.013340808530841828
6587,50784,0.012994050301122958
6588,18807,0.047912937774062685
6589,42551,0.008873404320800887
6590,55200,0.03746395686809041
6591,50620,0.015246949847584438
6592,54489,0.014208907889309822
6593,65011,0.012238424395207306
6594,5677,0.005210888207523705
6595,34091,0.022239872024656285
6596,2680,0.022878249871524245
6597,16145,0.021758489501667793
6598,49411,0.00750431128900567
6599,97297,0.005239596665051241
6600,51080,0.02679062273359808
6601,40735,0.015678476855056578
6602,11257,0.01029629044404403
6603,48006,0.012455321420989388
6604,91797,0.018546516015852325
6605,82105,0.012467081191022378
6606,60255,0.0279703833082343
6607,92793,0.01811898529663351
6608,24420,0.021274008377177564
6609,5346,0.01653694330998169
6610,50425,0.0060075779898812985
6611,74034,0.025159533182008503
6612,45962,0.036660980985303106
6613,30300,0.007117688727315196
6614,37203,0.014745756275046151
6615,99791,0.04707913988244938
6616,56374,0.008631394817751116
6617,66346,0.021489781637887746
6618,96997,0.021913325585849942
6619,95778,0.011592771313097907
6620,96321,0.017719539422734708
6621,99326,0.03167739206647022
6622,36467,0.014972288978906328
6623,88350,0.015166252432551548
6624,14535,0.016997151832393625
6625,71048,0.01187889506290463
6626,85816,0.016960714603043506
6627,74583,0.006756544696165403
6628,34441,0.019274647622312797
6629,93095,0.00624584169685284
6630,8095,0.008248411989284284
6631,30189,0.006715449220973366
6632,23563,0.01589658623829991
6633,45031,0.019982862922865937
6634,56094,0.03920144623919644
6635,7506,0.012567043227292341
6636,47396,0.008379604682231666
6637,20000,0.007542021100345473
6638,26475,0.030235174461396196
6639,17541,0.01547238836003571
6640,18205,0.005248646686433191
6641,58150,0.006786179929434891
6642,52953,0.01736270741070178
6643,60621,0.012647772075430207
6644,83548,0.014858411543863503
6645,22280,0.008846353951047634
6646,8801,0.01246397918407377
6647,35931,0.011790570486594713
6648,69985,0.021536104208782526
6649,27334,0.013525035569175465
6650,26873,0.01565901690631087
6651,94914,0.020216854886909108
6652,51578,0.012381955394440093
6653,66011,0.04243121266562368
6654,95165,0.01431538573175036
6655,23165,0.016439601544566605
6656,27767,0.011740088178889174
6657,71277,0.02584240304948835
6658,7861,0.0074534399831144415
6659,61277,0.02094208616304808
6660,33288,0.015781318872807818
6661,24581,0.04272492232630408
6662,25961,0.02932659957691431
6663,67601,0.02898141128716743
6664,99875,0.028544968785765186
6665,12228,0.03086914052143165
6666,86447,0.015472531321078996
6667,90818,0.00969960317404394
6668,34769,0.01252446863292216
6669,40708,0.011946413732210594
6670,76676,0.008516014487038247
6671,64469,0.018748366256524908
6672,75301,0.01801055327468017
6673,93364,0.01669074432644248
6674,58141,0.02023289341699267
6675,17241,0.007289273804679427
6676,56709,0.005645671924938698
6677,70783,0.00969708365564914
6678,12223,0.006804759930888584
6679,6630,0.015595347961183205
6680,86322,0.009799235002015178
6681,12351,0.012551868959903192
6682,3124,0.008044243999729353
6683,61501,0.01182530662114148
6684,7166,0.01607360649301197
6685,2891,0.01709676484816733
6686,5094,0.007636293417177236
6687,49183,0.01317819070699417
6688,37545,0.03837012183372683
6689,52111,0.01804118238501537
6690,6804,0.01657851650796327
6691,33730,0.023309458700050197
6692,56322,0.026959482813852794
6693,32565,0.0113099372015893
6694,71942,0.012050334739945573
6695,27409,0.026720259187517602
6696,11318,0.015765626618451323
6697,22861,0.014388122123498045
6698,81794,0.02394910932520268
6699,12501,0.01722291252668238
6700,51998,0.008280945908455097
6701,91858,0.0211673679344167
6702,447,0.008343911586833626
6703,43110,0.04062570447445978
6704,7192,0.009188927446027303
6705,82484,0.032587077587509575
6706,74570,0.029737723707825424
6707,16128,0.03556525210042147
6708,17341,0.013475649188793898
6709,11750,0.012446677442236414
6710,51767,0.010292215921226642
6711,90706,0.01540189277895708
6712,10018,0.010918547660981005
6713,72664,0.016029172863215948
6714,49747,0.0166075716648508
6715,29460,0.016763209640025787
6716,67489,0.014870646730650961
6717,13738,0.009748787753569698
6718,69653,0.01621699608925668
6719,92348,0.0142680413350438
6720,89474,0.021809421424550085
6721,60278,0.021503724642873503
6722,49470,0.00801961851619993
6723,47930,0.018912894445781786
6724,60197,0.007711398589294634
6725,44995,0.03139753054042732
6726,92700,0.0345675507190945
6727,1134,0.010289221539171885
6728,82284,0.006893354758742602
6729,72557,0.036980263743178865
6730,86319,0.012216012757808063
6731,49800,0.02198633339035479
6732,7546,0.03220820436912811
6733,12760,0.02407643757867082
6734,95910,0.01358139451690902
6735,65941,0.012926711672598555
6736,37636,0.009188033294466887
6737,30149,0.010216311356722806
6738,71225,0.008313097916685238
6739,68687,0.007631492831581624
6740,34606,0.04108553451539325
6741,99633,0.020554393748163417
6742,36524,0.008842008024672408
6743,67716,0.010463357333583414
6744,20774,0.016863536487673234
6745,88184,0.009315739028693844
6746,32242,0.02446749179470114
6747,79338,0.00727699878844821
6748,13167,0.02175431181141777
6749,7075,0.014737817128097753
6750,70133,0.009405159806959752
6751,67168,0.013635679095679244
6752,14332,0.023012549452069053
6753,62157,0.02457427894211344
6754,76406,0.04303989285236714
6755,24738,0.01913816854253984
6756,71419,0.01344257635687345
6757,82839,0.013405405587037553
6758,79911,0.015001421015054152
6759,68130,0.016150143342481788
6760,6712,0.012083867281891706
6761,16516,0.008339613584201195
6762,38296,0.013787361038814507
6763,66323,0.019282865949276685
6764,91904,0.007300118241207281
6765,98473,0.009803451697712186
6766,13430,0.047759429087810064
6767,96111,0.02136371748872192
6768,79804,0.03015230786250956
6769,39680,0.020952869633320537
6770,45981,0.03083474436830617
6771,41152,0.00788259036138248
6772,11620,0.04853596006351555
6773,27406,0.013346469630059365
6774,44957,0.00799299860338596
6775,45913,0.01730603199386882
6776,67066,0.021896361189091447
6777,73753,0.008504425814829844
6778,43837,0.01513943754087788
6779,80255,0.016917118967812506
6780,86449,0.01060241172959717
6781,27002,0.012670211924471523
6782,14932,0.006596154735995154
6783,61192,0.009563610322596321
6784,6790,0.012724096728647966
6785,50325,0.02595290368124752
6786,40088,0.013502296523658745
6787,4274,0.024566678220087224
6788,90432,0.03581116793238509
6789,16399,0.014448919799248571
6790,16525,0.02517340102485777
6791,67250,0.03272170162759935
6792,27794,0.009999325523777457
6793,58692,0.009538242397760011
6794,59713,0.008420495590561287
6795,62992,0.011912753442733305
6796,41127,0.010948658803527342
6797,46631,0.023248222326334764
6798,24987,0.01268798577210754
6799,1723,0.03749892295890837
6800,15803,0.01762835554924514
6801,85372,0.02005854915940851
6802,8804,0.02685993583231988
6803,79282,0.010625991927135134
6804,26932,0.008977439229260264
6805,29761,0.013116888120986353
6806,68839,0.014069327361257388
6807,85305,0.021632198254265406
6808,22318,0.03285485951611367
6809,54197,0.024641780535881445
6810,76090,0.027486268031138752
6811,71727,0.016476102941712936
6812,85580,0.020995277140566666
6813,37452,0.009644606193857843
6814,31303,0.009322545755677546
6815,8892,0.015897728190917625
6816,35342,0.008248415648243329
6817,49538,0.030880171198918924
6818,25736,0.008576302587865743
6819,54318,0.015378530468648868
6820,17094,0.018143982860168478
6821,63804,0.009523666601769835
6822,65731,0.017766881058416617
6823,11561,0.007502854619856279
6824,5247,0.017914001193159803
6825,2535,0.007032318711637142
6826,93669,0.007818546920721994
6827,96811,0.01654615622113984
6828,97058,0.012345495239361678
6829,72839,0.007032354210263634
6830,27575,0.0176435029484864
6831,43085,0.010064505395428937
6832,1300,0.012028149465559131
6833,15865,0.010081917676257972
6834,36030,0.02076921242004398
6835,84022,0.02663463246274384
6836,9743,0.008052652694150786
6837,98657,0.011344496609250881
6838,34353,0.042392384383695976
6839,76994,0.0357272942607681
6840,52226,0.0406098832406227
6841,19942,0.018906576549104694
6842,68988,0.013773628846672555
6843,49657,0.01431543446935199
6844,92333,0.017251702667633366
6845,21122,0.011526056102277096
6846,8447,0.01417507456603739
6847,64880,0.007947065778679051
6848,98583,0.04673706828279365
6849,29628,0.015243431802937576
6850,97920,0.015657122487402732
6851,78886,0.020521505717114478
6852,54090,0.02165145458576899
6853,75051,0.0115735891197059
6854,47868,0.005844305392946468
6855,86708,0.01700035749768127
6856,99268,0.01247331360258877
6857,18536,0.01828232137744551
6858,71454,0.02941540873141852
6859,23966,0.013885652366011848
6860,35548,0.024359335340880577
6861,32573,0.016148402588986397
6862,60033,0.02040420791014088
6863,10643,0.01798857773787703
6864,11197,0.005959897220940447
6865,29911,0.02624849443123737
6866,3412,0.017675305409165645
6867,88695,0.023388508785566964
6868,56869,0.01183898557925323
6869,4638,0.018395590118884322
6870,55724,0.03931953509131414
6871,19484,0.01821847190298333
6872,62356,0.018315983360639627
6873,63675,0.011569240792369153
6874,87613,0.005021592573665332
6875,98661,0.011766560734400907
6876,75043,0.009461845506384117
6877,75077,0.01158269937791131
6878,87633,0.03997328422952534
6879,46982,0.005415464956018203
6880,81233,0.01556752527018617
6881,17676,0.017364092058895424
6882,74133,0.014241352865186472
6883,85398,0.021349854491931018
6884,48495,0.04845579902786738
6885,11151,0.0534603240710181
6886,3450,0.018354727104757697
6887,41755,0.04481412162169475
6888,42055,0.010271464857189157
6889,52702,0.011751564792363523
6890,74004,0.03302023106442742
6891,47434,0.02075338579286924
6892,78922,0.03972284706993475
6893,53984,0.012416164180420434
6894,54072,0.013511017812404158
6895,60261,0.04363174448621665
6896,93786,0.016268251711551333
6897,32326,0.007781714380677564
6898,64341,0.011905205120380617
6899,89184,0.010290005404879928
6900,31123,0.01189777904580006
6901,83031,0.05376936490704172
6902,30121,0.009642165902192816
6903,38913,0.00892659076080608
6904,83827,0.006867402036478528
6905,28450,0.016842320596558207
6906,35961,0.035147441304611594
6907,76635,0.02417180344322833
6908,63842,0.007410929745969557
6909,7123,0.022158445766787112
6910,76336,0.021242275384218766
6911,29596,0.019320796327963477
6912,87282,0.014602880578717349
6913,18248,0.01145921898417673
6914,3386,0.016988417241641886
6915,40812,0.01950623627454738
6916,71910,0.0082487214188731
6917,37047,0.012807467943160367
6918,330,0.005529709008264392
6919,13858,0.01075795843311797
6920,71930,0.02656462877311431
6921,82698,0.011694973254009956
6922,3347,0.006602721844236722
6923,76177,0.014399669198365677
6924,98554,0.0346900470567581
6925,18231,0.01910013887874231
6926,53658,0.011836480429180247
6927,96043,0.030532396091682776
6928,41218,0.010124396783989353
6929,78234,0.021218464708212918
6930,97013,0.015649619832042758
6931,51730,0.01209616127524497
6932,37932,0.016055197600645832
6933,81431,0.013539467367780928
6934,6996,0.007129902131285667
6935,99245,0.015067166703753125
6936,18652,0.012219047500703678
6937,80539,0.014173999341395935
6938,24047,0.011476423727831737
6939,96317,0.013912941887812759
6940,2815,0.016960286215613234
6941,21714,0.017058025995960385
6942,42874,0.011693836119708735
6943,77977,0.016781252964644666
6944,51129,0.032185970011876196
6945,21351,0.005976825502118954
6946,43492,0.01079494100064815
6947,12932,0.020476956019728536
6948,44159,0.007765113900194461
6949,25436,0.011703165519174165
6950,31693,0.022354318557512732
6951,45219,0.015386831751944597
6952,36870,0.038519382145064854
6953,93344,0.010316204201619071
6954,42852,0.012011786318243775
6955,85327,0.009070346336607013
6956,27534,0.009092229032436942
6957,16035,0.012041288070521955
6958,49933,0.012456086212586205
6959,35481,0.012161923109957748
6960,900,0.014053619453466795
6961,70435,0.019351277743641947
6962,30377,0.018113122170785586
6963,87052,0.010221451465519617
6964,13972,0.017557285698008664
6965,57838,0.01392168983155761
6966,84952,0.009610923630893171
6967,84767,0.017045823417893822
6968,42064,0.053307487975681245
6969,31111,0.06300791860839344
6970,40705,0.037266003148008736
6971,62343,0.04792296540483122
6972,53850,0.012543409647462025
6973,83605,0.01649312333401999
6974,48897,0.025491023871506525
6975,55481,0.011034807026843643
6976,34024,0.012010739072407628
6977,46766,0.04253434779336235
6978,184,0.017965751278182857
6979,32664,0.03712479986273522
6980,92037,0.013771115384086513
6981,9541,0.014936167897466194
6982,93176,0.034374769761001685
6983,52418,0.026438670313649305
6984,57826,0.0048221303692658575
6985,39343,0.019353519666801267
6986,33430,0.015804347866904114
6987,71719,0.01203656884903441
6988,81677,0.02110294333357314
6989,58734,0.01019971779241718
6990,94618,0.02232129952921408
6991,52356,0.01819936846450529
6992,57582,0.009880810100815882
6993,73740,0.01068417000020246
6994,63019,0.0194591644576832
6995,39979,0.01622556897748988
6996,92312,0.02134886767583871
6997,9489,0.007115972629317095
6998,89696,0.01919460661006432
6999,56224,0.007084266513667411
7000,51215,0.02309554894915641
7001,24428,0.03761669496990454
7002,70265,0.02134181019628258
7003,7717,0.01171767053395565
7004,54223,0.012916873837941366
7005,24160,0.018115476592833798
7006,44601,0.03307580971357424
7007,90298,0.009868165225660594
7008,49922,0.03445025195397686
7009,44141,0.020527568215882162
7010,34225,0.0277374182614165
7011,15960,0.02748478450340651
7012,52916,0.04139017702217883
7013,42103,0.021394047811123005
7014,64858,0.014909211661520138
7015,9371,0.0137879762193639
7016,97882,0.015023537359848096
7017,40190,0.011514015062726977
7018,91065,0.017737548505183567
7019,33443,0.024851881364407923
7020,73174,0.023403466407884963
7021,78108,0.010765370819829593
7022,15172,0.006607913308559991
7023,21199,0.00873720746148121
7024,77687,0.010041920808290975
7025,27491,0.012071913607667083
7026,51340,0.011729325032554042
7027,56538,0.013858523274020462
7028,92230,0.011003365239019649
7029,17428,0.011967538411910238
7030,4674,0.011481618493461156
7031,17228,0.006908541931053332
7032,32175,0.02037184817056406
7033,7344,0.018545148379019685
7034,43701,0.01384049745335543
7035,27071,0.009730977443567811
7036,76844,0.018541135639409987
7037,89729,0.017082497075436402
7038,12853,0.03864126867245686
7039,72077,0.021806390003686088
7040,77560,0.017008876127568066
7041,36775,0.00578519992206423
7042,94023,0.017624613623934415
7043,43235,0.01213609508482973
7044,89653,0.018855567474427654
7045,97712,0.013683977112696206
7046,11198,0.004640391065354554
7047,84407,0.0106458401682442
7048,72073,0.04860408840000829
7049,43624,0.01107874824293391
7050,36859,0.023655862622634537
7051,60814,0.01699650157611364
7052,66528,0.038429790669957366
7053,74499,0.014941289366432372
7054,90408,0.008980245185473785
7055,65866,0.015896057977000642
7056,69219,0.0278343827922518
7057,57251,0.02041939877720188
7058,86749,0.009137913178687493
7059,53279,0.020037926157188538
7060,5967,0.032426012475244695
7061,15372,0.024081406404592966
7062,84926,0.007271210324022494
7063,48248,0.021789749559146337
7064,95713,0.01676567263182724
7065,743,0.018764395232811697
7066,84339,0.007046129984607801
7067,48681,0.03577892755555993
7068,92718,0.01670390214062872
7069,96606,0.025591779054216703
7070,17783,0.008769736074386098
7071,51746,0.009652033810168176
7072,84101,0.016978662795565244
7073,70581,0.008627431078129157
7074,13506,0.032250015099409
7075,56671,0.028538210651555096
7076,66583,0.006591337514026772
7077,11834,0.008401317461209288
7078,89318,0.01720548780555952
7079,75639,0.006321165834082344
7080,31260,0.008996059743232442
7081,87048,0.02291535280786658
7082,55697,0.02601621067918773
7083,25716,0.015329821057833736
7084,92591,0.011360191657542469
7085,96417,0.011271073526282482
7086,43636,0.038327136602135915
7087,12428,0.005727436234671885
7088,70559,0.017166044310462085
7089,54795,0.010732992216977927
7090,52431,0.019292405441784843
7091,90313,0.021350189421721354
7092,40786,0.021289059454872375
7093,88407,0.01366839449706735
7094,9938,0.005232457961095451
7095,51828,0.026871403702255103
7096,98628,0.013078962420730384
7097,75724,0.014845960031986625
7098,39269,0.022803243036990842
7099,73219,0.013116226796323106
7100,83689,0.018288441349027032
7101,29076,0.04056975418155383
7102,78041,0.03123225336178216
7103,14005,0.05107794282609408
7104,63068,0.015762231917718826
7105,66904,0.013469819195038441
7106,3607,0.010651990004350975
7107,34725,0.02368110390642515
7108,73242,0.02231788545221051
7109,70938,0.0385814526743163
7110,82644,0.00601140608309196
7111,72344,0.009582370189412218
7112,10142,0.03992917749085959
7113,95045,0.022325140786865035
7114,88864,0.01441094499677604
7115,58481,0.010387131662529964
7116,64711,0.010938069540514132
7117,98540,0.01908060748562423
7118,90068,0.07255093565984194
7119,25171,0.012697006623319736
7120,65948,0.04294168858252221
7121,34317,0.011038400729269024
7122,49085,0.022985177058926713
7123,43554,0.022027282638944042
7124,56733,0.012621189363129084
7125,33336,0.016732635255000704
7126,31687,0.01670385364252626
7127,98856,0.013891692192151167
7128,85872,0.020011960509033436
7129,45988,0.007751101243319359
7130,69166,0.009056542611087359
7131,17383,0.011763411673168914
7132,92643,0.032675033227162184
7133,44906,0.0429262966834949
7134,11478,0.02281005562483062
7135,22120,0.009433902877424016
7136,67504,0.009869956414606348
7137,34218,0.021847714320137643
7138,89532,0.007740592737231107
7139,68513,0.007042421039834057
7140,73944,0.010747507116332457
7141,4567,0.015491809230093159
7142,96985,0.008847563784808601
7143,75828,0.005792282251353473
7144,30207,0.01992969808813046
7145,49746,0.021100916568095346
7146,95426,0.04176681828225973
7147,70778,0.048932351464081224
7148,98336,0.008874036330009199
7149,27078,0.008451620883451897
7150,70097,0.0456914464870434
7151,3104,0.043341334390408694
7152,93776,0.008076532626446989
7153,15999,0.00917852251286474
7154,87408,0.014231684839817283
7155,97746,0.012769285429154176
7156,5944,0.03216430906207618
7157,93989,0.014307845838678685
7158,83281,0.016896735863141978
7159,99082,0.008307505050624827
7160,87100,0.01923300545793815
7161,60123,0.005007311074185911
7162,22585,0.052650521110560906
7163,94663,0.024161299483060235
7164,50235,0.010434006841946135
7165,24396,0.012997785822737376
7166,47395,0.013191621985239472
7167,73210,0.016817447412192058
7168,74678,0.014751910231985525
7169,74075,0.0253322362548792
7170,17570,0.03774119099859184
7171,35918,0.006699346812783404
7172,32284,0.006924157616802325
7173,21242,0.009819806127787305
7174,14905,0.012709885987260788
7175,85103,0.022258179058466537
7176,69598,0.030325628591923587
7177,38598,0.0646546372854125
7178,92564,0.012539693581760741
7179,20012,0.024379571079201176
7180,76047,0.010889556788860173
7181,71458,0.03577612806140935
7182,48277,0.010595372787380201
7183,14200,0.011731957741147946
7184,44066,0.03127629079070371
7185,32449,0.021076024158404465
7186,30426,0.03258123853410887
7187,67757,0.003483152136778931
7188,88341,0.009076487070890406
7189,57411,0.036633912768488486
7190,74964,0.007927940987868108
7191,95386,0.030303755792149587
7192,12925,0.03118436331696546
7193,61863,0.007128342636344886
7194,34855,0.0138137297943707
7195,20157,0.010173530195469248
7196,26106,0.0119271984975995
7197,83968,0.004406181378583493
7198,24531,0.03147152511876791
7199,9407,0.01094868934449607
7200,32132,0.03553677958965215
7201,66077,0.006750525419296905
7202,16532,0.012223686917125016
7203,16393,0.017284807115716273
7204,97844,0.014300783456535692
7205,36350,0.01094322262846189
7206,6235,0.016068268201672196
7207,64495,0.005923225364896919
7208,88479,0.009873869849412563
7209,40062,0.007894039163498507
7210,26474,0.009492210890522837
7211,78481,0.007303593452697052
7212,98395,0.020369490998645302
7213,59513,0.010538812137357315
7214,73551,0.006538500873264565
7215,80682,0.007640631170926195
7216,49527,0.03145439972886979
7217,73630,0.01767281078254969
7218,18282,0.031183939441436267
7219,69859,0.03565182031586878
7220,10840,0.021480506183193707
7221,48698,0.019816277477084296
7222,65800,0.027602615478713354
7223,96609,0.016799594805959325
7224,42007,0.007972269650666795
7225,76744,0.021995276784070966
7226,54703,0.010283132193647442
7227,49039,0.006028596427490056
7228,59127,0.012647685203131835
7229,65618,0.009117427273256968
7230,88318,0.018929822631196525
7231,24446,0.018501270296664908
7232,3016,0.0106915183526879
7233,65279,0.01132939601330335
7234,10766,0.019110059031252624
7235,75168,0.008186375218658039
7236,59203,0.04219373077534429
7237,75033,0.01988305839018626
7238,97296,0.012081833435131126
7239,19693,0.019205285419252323
7240,80019,0.03638492615336107
7241,91799,0.008301652541372483
7242,49330,0.02035262989870279
7243,70555,0.028306983810388382
7244,30629,0.013047240415008522
7245,30031,0.01687949646848077
7246,90381,0.022182764039571617
7247,32350,0.010114084148980854
7248,13862,0.012614847346483228
7249,69520,0.03627104483367974
7250,68206,0.007817214613374396
7251,68992,0.015465972155880355
7252,71194,0.010592943316522404
7253,66839,0.02296329814226093
7254,69376,0.02245084360694207
7255,31496,0.00587626756539419
7256,64008,0.01948758208634541
7257,68515,0.012530783283807356
7258,31084,0.010968542349067203
7259,52846,0.017257660098233506
7260,80304,0.011572089871975276
7261,39708,0.03326926227256091
7262,88759,0.00993146778101395
7263,73644,0.01228120258690413
7264,77926,0.007814073511020384
7265,45155,0.03696756038988088
7266,28625,0.023256305957234713
7267,11708,0.036029877890577384
7268,31225,0.0092342457685353
7269,17440,0.015696842765877593
7270,10001,0.015226554783195378
7271,88738,0.025021784295787525
7272,84125,0.03680232459833385
7273,61809,0.016326254829893458
7274,22726,0.005586397465830297
7275,92404,0.027055145070544566
7276,50557,0.012907723213329628
7277,2757,0.008434787380901143
7278,88509,0.01214136551917654
7279,46271,0.010858646807921863
7280,69799,0.020572221717327546
7281,78333,0.013622664091017627
7282,67155,0.020186234975590946
7283,16664,0.023779374675219903
7284,85941,0.011364489387640505
7285,93675,0.008794186756250901
7286,92058,0.007211074217536031
7287,38625,0.011780170126681613
7288,93201,0.021293908720989744
7289,64259,0.05107404037550052
7290,32557,0.007528069054893777
7291,64931,0.008015733363963993
7292,21933,0.00900803729269054
7293,24434,0.013148220863147136
7294,21692,0.014601745288978387
7295,1470,0.021964032142183315
7296,88920,0.007095862038693213
7297,23181,0.015988811760567448
7298,44499,0.019318744399499006
7299,5741,0.05006020678918564
7300,60446,0.015940755378783353
7301,52012,0.01121107631364529
7302,30420,0.011300985927187807
7303,23240,0.024216672914497153
7304,35040,0.03862644680226858
7305,88305,0.03475033194842903
7306,40290,0.020553984060393635
7307,85595,0.020187919544562293
7308,18852,0.010647088490479007
7309,83582,0.016857876162794716
7310,20176,0.06173225314362772
7311,85889,0.010396789461439921
7312,2376,0.01950380452039023
7313,89683,0.014539643898672783
7314,43061,0.011752320512499104
7315,77382,0.015042438780043979
7316,92305,0.021328689468867935
7317,44700,0.015200864324067134
7318,8500,0.013245022728222203
7319,6664,0.023168761903658963
7320,1781,0.016888802612643354
7321,54350,0.021216923840896323
7322,53556,0.008848723792330062
7323,73747,0.01661706965244993
7324,29958,0.00779165841354071
7325,94362,0.013533053296440266
7326,36335,0.019641427583268065
7327,81197,0.019268949311827197
7328,47389,0.004792885978304389
7329,46232,0.01588208269116043
7330,32240,0.02342964354413558
7331,46930,0.0220947316962241
7332,36057,0.009184531799678375
7333,61245,0.005985828629799721
7334,91513,0.022864951352803274
7335,63738,0.02019774701958535
7336,79596,0.012690837949724455
7337,59710,0.0367882145384165
7338,80416,0.037579798156083505
7339,46022,0.016348445823509777
7340,33919,0.012328332591515738
7341,31124,0.01784328486182548
7342,48596,0.008915778186466713
7343,74910,0.006936893371780484
7344,82736,0.024700380552300703
7345,98294,0.02043866195502073
7346,17254,0.02134614388680344
7347,90635,0.008524359790265161
7348,84176,0.022903561722514922
7349,94122,0.01024387527703516
7350,279,0.020134919391069837
7351,15937,0.009262301318314502
7352,65512,0.0566994102952138
7353,14666,0.05139979664784364
7354,10017,0.01499012761239034
7355,29699,0.012142810721234942
7356,68803,0.008335334913274317
7357,27934,0.04392803901372976
7358,81040,0.012552370017246335
7359,36814,0.018989031634385103
7360,82920,0.03593461112358379
7361,93410,0.015035314849510133
7362,79215,0.022707501838574028
7363,74160,0.012541588324178092
7364,43844,0.031927611934876976
7365,43653,0.011131959372498425
7366,36923,0.01687093507961361
7367,61251,0.01666407972681899
7368,31164,0.01796385257603717
7369,53801,0.021572503633069475
7370,70949,0.028282273767036795
7371,99934,0.03102708515632579
7372,14540,0.03990374707800624
7373,39695,0.013361710888976853
7374,35236,0.013622481134864618
7375,83887,0.014979129841540196
7376,75279,0.004418442292591509
7377,87174,0.006827905277283097
7378,44800,0.015422745747549557
7379,70008,0.013671857830255953
7380,52278,0.012132776620566197
7381,47119,0.028979824833640686
7382,11164,0.01140763990918375
7383,2322,0.010891039048550611
7384,40340,0.03297245225712598
7385,63642,0.016723501643697562
7386,61606,0.011359435860365249
7387,81015,0.01904998971853252
7388,29507,0.02056305892384404
7389,32204,0.010640477719055054
7390,34054,0.04942893653631253
7391,17645,0.02687695511981289
7392,63375,0.028381701883778816
7393,54258,0.02842848406571801
7394,88700,0.029764153154270726
7395,97834,0.030303719471990752
7396,3861,0.010383749292418244
7397,24153,0.020214124098162384
7398,48201,0.036486654644812
7399,62202,0.022252035328913344
7400,42905,0.008580043015277797
7401,10216,0.023827643118607304
7402,2440,0.01702493859402092
7403,95947,0.04060718623503135
7404,53048,0.012981039453294268
7405,23259,0.009676015563747614
7406,52104,0.02411531196215174
7407,21786,0.03727936135089109
7408,47293,0.030807485005425565
7409,95195,0.017183450505179724
7410,42214,0.007651953933436628
7411,90534,0.012498748527804217
7412,15026,0.01229565326459518
7413,51195,0.04752362787276287
7414,35895,0.014207139213166114
7415,82210,0.0555805292856196
7416,69420,0.009216617160909395
7417,88646,0.02344281332004885
7418,75790,0.020715763172288546
7419,43296,0.013716014965941256
7420,34492,0.017343156642562335
7421,31839,0.024104297363091498
7422,94473,0.043471633320300095
7423,36013,0.017628361326418936
7424,84748,0.048933712818930816
7425,36904,0.011585148970717059
7426,62854,0.014906454750936299
7427,83167,0.009672665768898003
7428,7221,0.008038644492882099
7429,2789,0.013156168602564942
7430,17523,0.015809786575874042
7431,55627,0.007428919484331964
7432,554,0.031049761799965124
7433,80154,0.009668375752829552
7434,48444,0.005478390541447518
7435,12271,0.009644032589458704
7436,73793,0.02384247049590305
7437,98807,0.0055330691615471245
7438,82195,0.015863958062417343
7439,68679,0.006419118559777607
7440,72302,0.02431690833879591
7441,814,0.009791464443535814
7442,73830,0.016349774081176785
7443,5330,0.008422336764980304
7444,4517,0.03695976349230644
7445,76072,0.012926683717484126
7446,97701,0.010489889378060785
7447,18702,0.01401638343322766
7448,35881,0.022524098901761245
7449,42819,0.039849658255616906
7450,61607,0.019791565783643272
7451,48124,0.012340618843486468
7452,19214,0.015026024847989818
7453,42043,0.003846154131740169
7454,80242,0.009549928286225258
7455,39391,0.006761238092424948
7456,18999,0.012643071235892537
7457,42210,0.008378782891678748
7458,956,0.01898208426875444
7459,76371,0.01094935333946298
7460,30663,0.007793006722805396
7461,19553,0.016088206138545294
7462,64122,0.029776940440508968
7463,99770,0.01104102316250751
7464,51787,0.03797568195819448
7465,74144,0.00494099031152391
7466,63275,0.01096202832945065
7467,6151,0.03274493912216248
7468,50098,0.006329139076260438
7469,52495,0.014985830337110474
7470,75036,0.04557607582514669
7471,37261,0.030317598940789666
7472,54401,0.013823196470891188
7473,66419,0.02092718708079172
7474,19105,0.03504241593108015
7475,48159,0.020634600361518964
7476,49905,0.07485243059037974
7477,78592,0.014318780631304684
7478,53829,0.007490727411489265
7479,52512,0.026739945732554015
7480,87581,0.01358311828680992
7481,28246,0.013392507669729308
7482,25425,0.007167797093631427
7483,36660,0.008854422303477319
7484,30548,0.02713837872807321
7485,27930,0.02214813480063882
7486,33216,0.03861603835733474
7487,78159,0.01614073793570963
7488,48639,0.024839075886266285
7489,2676,0.01278507517225284
7490,45221,0.04286562833421756
7491,91935,0.010337379847632118
7492,13497,0.01826061390770612
7493,90624,0.014398194099825068
7494,39169,0.007815142416557907
7495,12065,0.011719265098101315
7496,35110,0.006598040608265978
7497,80450,0.015642324479019906
7498,97464,0.05776790383703815
7499,969,0.02032356966210616
7500,56805,0.005388418815587301
7501,65242,0.009466339140977009
7502,55960,0.014113672432733454
7503,67747,0.04041732890351317
7504,26790,0.01640512686640415
7505,49389,0.026357297389646164
7506,54315,0.01899379794053684
7507,17557,0.010343441734329216
7508,48377,0.013799052320078805
7509,68871,0.010049682336964894
7510,90581,0.009507421442881876
7511,36518,0.010762117437196326
7512,89328,0.013385701004802422
7513,7788,0.04735526422822642
7514,99340,0.007447681882066345
7515,94692,0.026314684078951288
7516,6970,0.012916695726853486
7517,41376,0.024925670899669457
7518,21074,0.018303751692304207
7519,23586,0.024535894256081194
7520,78793,0.015775258583316416
7521,83441,0.018786438160097917
7522,48058,0.016267658085818988
7523,50673,0.009455667997964
7524,10285,0.04090781367301025
7525,21219,0.012978861614243522
7526,92580,0.030900523407018807
7527,9595,0.02096891306203868
7528,18074,0.007700838679495966
7529,1158,0.018456097319256376
7530,3722,0.006832333188159551
7531,62517,0.011980212964620719
7532,56296,0.008997076232662535
7533,76607,0.03583891695727271
7534,74784,0.021600537055761124
7535,59764,0.0385968724195645
7536,52335,0.01032686628988367
7537,75849,0.016769799345671344
7538,28228,0.011384515937762876
7539,44988,0.013271058349080874
7540,80377,0.0137982180683361
7541,71172,0.011569796231297787
7542,70700,0.014770989315148125
7543,12631,0.008983487850848359
7544,39400,0.014135280826807487
7545,18688,0.008493510891262355
7546,82542,0.01471463543598257
7547,41212,0.010267203999662664
7548,51569,0.02484160681901291
7549,93588,0.009057895613406582
7550,82488,0.012769141273937475
7551,60784,0.008064034565741538
7552,59848,0.03415386478391758
7553,55370,0.007829512843959333
7554,14068,0.010746570639213504
7555,93536,0.0350716642428901
7556,90882,0.03131807928208853
7557,61620,0.023945970505176925
7558,92765,0.009444928450463588
7559,54208,0.014998762092190886
7560,22192,0.03156855148784221
7561,35990,0.027935964348963685
7562,32226,0.02349946352340493
7563,73395,0.022090334650254242
7564,98319,0.018866346485467055
7565,80199,0.017686616784375234
7566,32330,0.036274678245914786
7567,54028,0.011198632754901145
7568,38990,0.011895491620450102
7569,4007,0.027823025338347577
7570,22856,0.010179366689320329
7571,90962,0.022167875595334275
7572,63261,0.015257027010093124
7573,37608,0.01223317217998135
7574,18113,0.005908531439861409
7575,76425,0.007207176671302743
7576,19108,0.00922454871081755
7577,37181,0.00786093852072969
7578,86401,0.05084049818236812
7579,33388,0.021727146729215975
7580,16086,0.008744258580390945
7581,52113,0.03630574050044039
7582,12786,0.010786547957762575
7583,31959,0.009745768860930372
7584,78467,0.013375587416939614
7585,94338,0.017525290938708436
7586,72133,0.031801166872752834
7587,76853,0.01388990806833434
7588,36672,0.02868677047468354
7589,7702,0.00844263676742116
7590,54810,0.015876071507021174
7591,6990,0.024390187733383355
7592,29872,0.011294789330210143
7593,13123,0.007581161990787032
7594,51465,0.025624920763993884
7595,61425,0.027833680281692665
7596,51214,0.008327443243956926
7597,37450,0.022851417825024613
7598,86824,0.022401601938340936
7599,36793,0.01662825882924189
7600,98038,0.0152328373864564
7601,74207,0.01662133052428757
7602,26682,0.0162721885602569
7603,2151,0.015639707851149848
7604,71912,0.015571354320326044
7605,25127,0.007761382734715858
7606,18968,0.01989387219729726
7607,40058,0.01845066849933946
7608,39202,0.011003206269717083
7609,87664,0.00805253592712403
7610,42045,0.016916746604674567
7611,99713,0.009511003759632273
7612,42871,0.02037445341274753
7613,26521,0.013576142236542629
7614,47927,0.050710005912717744
7615,37359,0.01975667232673378
7616,53203,0.012370203422771316
7617,74208,0.010512552425804329
7618,8106,0.02128820740779715
7619,36746,0.027995294535827976
7620,56423,0.024754646472601696
7621,27616,0.030029857161676537
7622,27758,0.018331044913359067
7623,98143,0.016391357976643383
7624,80439,0.036043682597697205
7625,5895,0.026129753076271977
7626,22019,0.012316413632285254
7627,17104,0.01163925591758808
7628,52019,0.017657585526031423
7629,17711,0.011254810305925449
7630,3490,0.021821619955920232
7631,60388,0.011636079069117441
7632,49978,0.03260119829281947
7633,93260,0.008318456627121914
7634,31310,0.012165516912094049
7635,78363,0.016044315718500457
7636,44688,0.024713910745656466
7637,63727,0.00830553903834389
7638,58693,0.023208539475673
7639,99388,0.015817883633483423
7640,74487,0.017883257292119207
7641,30613,0.009832348855031751
7642,44374,0.007024060148098997
7643,26643,0.01814332976941149
7644,44445,0.015368245851502788
7645,27628,0.027772901909794135
7646,61950,0.026382744246945228
7647,99694,0.025316315021541858
7648,46942,0.00917995495409601
7649,4958,0.008986719072647148
7650,22932,0.02154294275629847
7651,60080,0.01450122454411431
7652,46558,0.004752672088046998
7653,28104,0.03332045323440452
7654,60589,0.01883478438017
7655,35105,0.012712735695681439
7656,68316,0.007891655400282306
7657,76717,0.01630606926433275
7658,84413,0.014250998891803203
7659,80701,0.014140097294797416
7660,37036,0.02210311694050192
7661,91033,0.021367674366394286
7662,26267,0.03927190254189501
7663,47320,0.01646184356035604
7664,15082,0.016149911487015736
7665,22433,0.044566656503777904
7666,34501,0.05055864146103957
7667,87551,0.025293973900863572
7668,61904,0.008534725541903047
7669,49872,0.009200490014670836
7670,14973,0.02134263590309744
7671,53107,0.013211394780888775
7672,32587,0.022565160294012076
7673,33593,0.009644342257062547
7674,27971,0.0312538005686192
7675,74868,0.012906447381287265
7676,43356,0.02956496685559834
7677,96411,0.019001088211593294
7678,49211,0.0435781465116583
7679,3223,0.027828402450264425
7680,63973,0.019903118684893802
7681,52776,0.008404325188921733
7682,77509,0.018962002545674185
7683,91296,0.005754485904512578
7684,4722,0.012809788090887713
7685,63702,0.02723822051887029
7686,63154,0.00975441691376836
7687,88871,0.008243686848310497
7688,2686,0.019738367982100075
7689,64679,0.01699845994427187
7690,79261,0.030329972557274758
7691,61672,0.0076700506837658194
7692,34206,0.008624167166047674
7693,12789,0.023905947564994413
7694,90329,0.017259312756745155
7695,70648,0.014968652641194777
7696,82522,0.017210089565181944
7697,33350,0.012011313942276232
7698,42538,0.02180488673839893
7699,20452,0.038855278882071805
7700,75090,0.014685447111657788
7701,44762,0.02316335515747027
7702,55583,0.012221518703809445
7703,7337,0.011289036924034206
7704,26503,0.007394138078763974
7705,4854,0.006482487969096657
7706,87401,0.006386936457819114
7707,68984,0.006093362726448911
7708,58144,0.026362396347862933
7709,76953,0.008981622868104146
7710,63087,0.026045535342747998
7711,58381,0.00910404643494321
7712,93688,0.02711957627955955
7713,42973,0.01196911147914479
7714,48996,0.02491838948880803
7715,38683,0.007986470454490047
7716,6637,0.009141883089408215
7717,68049,0.0368965866246936
7718,17903,0.016050531130389373
7719,73779,0.0401161281210892
7720,34643,0.0626914245618337
7721,81819,0.007935532567322202
7722,57225,0.028281699233077284
7723,486,0.016030781479003584
7724,41112,0.01189013542084063
7725,47220,0.007135436592014933
7726,32288,0.018063173225246705
7727,78924,0.014661719420267312
7728,13010,0.012713445630537404
7729,99812,0.01199801213826968
7730,36799,0.01742409145232978
7731,3086,0.05075945565358069
7732,66634,0.007851209823169851
7733,1724,0.018409605539142008
7734,50086,0.01698846729499287
7735,89027,0.03047858066988015
7736,72494,0.015770231769067198
7737,92853,0.010431828815939338
7738,27855,0.024428523611706825
7739,8940,0.006902456583189368
7740,55570,0.010268735917118332
7741,40554,0.006310096040636754
7742,19892,0.012445337250080565
7743,22792,0.008684302482287779
7744,44078,0.032469328098962136
7745,32167,0.019695679476811702
7746,47991,0.03221741463014242
7747,87361,0.011806198111476231
7748,73770,0.026536011282301274
7749,33515,0.011090346352052449
7750,17984,0.010908322203913865
7751,27938,0.040681148160661366
7752,96385,0.05196789057551009
7753,9819,0.011586162126657962
7754,45064,0.0168091526628276
7755,23849,0.03955221905212689
7756,4157,0.007437615014998992
7757,65834,0.011172335275968165
7758,47205,0.018019840484815558
7759,30079,0.007640138653399811
7760,4466,0.02443010212785818
7761,74348,0.030706204777809824
7762,63807,0.011798296460672111
7763,52621,0.02353571700487097
7764,80444,0.024975073628897053
7765,96642,0.009551734804446755
7766,7121,0.00814547148083128
7767,89155,0.05801090396479381
7768,18873,0.007034744851994525
7769,31944,0.031090024935220013
7770,1863,0.008399962191466074
7771,43113,0.0605756744359251
7772,13015,0.02461764334127665
7773,93335,0.008030899547518202
7774,53385,0.013374500427054898
7775,87704,0.01508667099984665
7776,38876,0.02203159998190812
7777,45806,0.020058079139659738
7778,77055,0.011278879795635525
7779,65478,0.028715396539318965
7780,43769,0.016171898779211717
7781,96092,0.01838338615906398
7782,29427,0.03792915504434357
7783,72735,0.011827881514030901
7784,46242,0.0582493574866748
7785,55127,0.02396941158059253
7786,30410,0.012916713811334383
7787,31857,0.01870228738320846
7788,57714,0.03098698074787128
7789,51664,0.042164620425032835
7790,74303,0.014812142786308727
7791,66576,0.019966664144932113
7792,12969,0.020816947924982964
7793,73312,0.010378971775521932
7794,45885,0.008755452220356025
7795,45990,0.009464846388248904
7796,46886,0.023907787429514264
7797,27827,0.022977586438854253
7798,31275,0.005824592128593805
7799,99325,0.022652389840526255
7800,17441,0.00766379300693887
7801,83091,0.01164719747901784
7802,90990,0.009070794252913291
7803,28267,0.02553729355558499
7804,72402,0.009403996459432046
7805,33576,0.006250419458242043
7806,98094,0.017385654877731336
7807,42277,0.009084304922294624
7808,17947,0.007874364350424178
7809,18740,0.01895957980404397
7810,80727,0.009138005901728127
7811,26966,0.03800790274440832
7812,56923,0.013539057673290443
7813,11939,0.014264053586827717
7814,6068,0.032747718598831715
7815,63205,0.019955359361118943
7816,12241,0.01986601785338539
7817,37594,0.017564187954326207
7818,23579,0.010652152371302868
7819,53210,0.040335080421505215
7820,53697,0.008597664417916073
7821,68251,0.010094550997252398
7822,79253,0.037446180980415994
7823,24689,0.009966503453363161
7824,27737,0.018006983480303336
7825,5509,0.03824426693636984
7826,75220,0.021390579820423007
7827,65008,0.03464069735425941
7828,28423,0.03805026302201621
7829,3901,0.01303479295116905
7830,55319,0.008251940710694771
7831,54695,0.017858271078993928
7832,9632,0.013151088077110464
7833,3363,0.024847896695881527
7834,27577,0.00731548982904324
7835,21120,0.02092094801465274
7836,32419,0.02479958974146798
7837,5723,0.010807228825989432
7838,35005,0.027123093382910683
7839,31090,0.015377758667975262
7840,12523,0.02853962088530772
7841,70560,0.00841275160047707
7842,53771,0.03299941000851374
7843,71525,0.008133887356944609
7844,91667,0.01316316663987056
7845,63852,0.02840751018758837
7846,19,0.032637897240907404
7847,95297,0.010538001587447913
7848,86731,0.04148087378498377
7849,9195,0.0199561270202523
7850,88263,0.029704647400308506
7851,69286,0.010072762294989362
7852,56354,0.008302201847792089
7853,75282,0.04063387457371449
7854,77130,0.01140122125216463
7855,17363,0.011550718532158966
7856,37647,0.006696278725455309
7857,88067,0.01919819983112181
7858,45378,0.015048210908506438
7859,84443,0.008731123154125588
7860,7761,0.014627123541051505
7861,54480,0.01890405520798541
7862,7418,0.018020180789454745
7863,67719,0.019716843240150748
7864,95842,0.02506914534420352
7865,14161,0.023070380353861355
7866,61751,0.013045229028726285
7867,84514,0.01630133781767728
7868,13949,0.010853129887896022
7869,18310,0.01198664193478638
7870,39659,0.01644623397101159
7871,27949,0.02738904080671021
7872,40045,0.016674077847194158
7873,11686,0.026524516581478128
7874,30376,0.008424199899266786
7875,6775,0.012535594213060426
7876,71526,0.021104788818095226
7877,91216,0.012172987356864593
7878,60078,0.019427774499940632
7879,23754,0.009262405484096202
7880,36362,0.01289788137007154
7881,13531,0.01798290423976441
7882,15461,0.019194831763588736
7883,39521,0.008919026011868437
7884,64016,0.033420378853905516
7885,14716,0.013897630114696056
7886,60765,0.025070689462420095
7887,40547,0.014401791257505086
7888,19212,0.03470032122977023
7889,11436,0.01228142069653248
7890,7609,0.008491526034342226
7891,92361,0.007194111865396321
7892,51029,0.022494967273828485
7893,33139,0.009883457746999405
7894,26283,0.00826012466560824
7895,83455,0.011357357441439599
7896,32014,0.017690918325435963
7897,3044,0.08727379955893977
7898,10739,0.01987922450337318
7899,28780,0.012165985876576467
7900,7677,0.03608852019247147
7901,25934,0.01956315695669042
7902,19811,0.011442945566415482
7903,92960,0.05066392029573363
7904,61438,0.015125292255562335
7905,49399,0.01971722062923421
7906,63535,0.00994849044004626
7907,9579,0.015303544712871922
7908,2574,0.025216982568849702
7909,23867,0.014663111341377658
7910,10616,0.008066463371858533
7911,4850,0.014352764408402375
7912,70332,0.010020305952955607
7913,65784,0.01596388374386804
7914,59444,0.009721206546137126
7915,1286,0.021460506185869848
7916,20450,0.014413592433842241
7917,2692,0.02135646426317001
7918,89246,0.017953133287715927
7919,42335,0.03089293562239393
7920,82285,0.038997479349700444
7921,3398,0.010667416135825397
7922,10660,0.028909803265679993
7923,24058,0.009265216193550438
7924,52364,0.01252543265750616
7925,51500,0.025187341640229552
7926,59407,0.013495991423248926
7927,57812,0.014038348336797308
7928,88211,0.049283646494729355
7929,68367,0.013063037005659604
7930,19116,0.011277740312685849
7931,43825,0.010817338025843778
7932,39284,0.02022904305670276
7933,68504,0.03481417758574304
7934,70776,0.010040340477137167
7935,68042,0.00909937786243137
7936,74306,0.009612933289051979
7937,87834,0.00963157149061454
7938,79035,0.011621739790769438
7939,48157,0.02152144717200542
7940,19592,0.014296822106463524
7941,82446,0.011337065391561223
7942,95782,0.024004662648952704
7943,3931,0.026453415294471323
7944,90748,0.008278864203204039
7945,58467,0.011552804176737744
7946,4433,0.009084454762095295
7947,84531,0.02349712968344231
7948,85811,0.016294449931642734
7949,77326,0.022575083896522442
7950,59661,0.0355192902819146
7951,8988,0.014552745909828274
7952,50390,0.00554029540328515
7953,37268,0.03835256755909675
7954,47309,0.014807363285205119
7955,21798,0.02750193239220621
7956,75681,0.015152524709846578
7957,78597,0.007150584487553584
7958,72930,0.013414188584527972
7959,48688,0.018472244783487517
7960,80590,0.008064235592821534
7961,63611,0.016937364571294848
7962,43697,0.014462954455874808
7963,80710,0.007925756173386426
7964,66993,0.018074768504793445
7965,74637,0.011009077451218771
7966,52087,0.010612698761497346
7967,19873,0.009700208012604173
7968,29105,0.020437433772703656
7969,52392,0.014414724169918788
7970,88757,0.034724858897312555
7971,78012,0.01949435328647275
7972,99059,0.0071181454464404985
7973,85840,0.026612456357219892
7974,66615,0.028799073676905384
7975,10133,0.011251222056727472
7976,46103,0.01608058251617821
7977,22704,0.006680011142579141
7978,68563,0.009519037252178774
7979,35835,0.016381106110605437
7980,62504,0.023300813457794493
7981,90869,0.02390666491211002
7982,89739,0.010913823862526066
7983,36181,0.025339137119672565
7984,80057,0.01141618447724108
7985,72287,0.022476544955767105
7986,42999,0.012632142778674171
7987,76246,0.007749677074169998
7988,58193,0.02030309473741651
7989,19590,0.009735750191722292
7990,2928,0.012328669682441347
7991,93181,0.009477851033142685
7992,25707,0.011625731113656732
7993,9086,0.026000306087673744
7994,99075,0.014441657667838071
7995,32491,0.01716098126036115
7996,51505,0.012184959821458449
7997,83145,0.00958382842562622
7998,77315,0.043676932744573946
7999,50671,0.012152283702967939
8000,43566,0.012628460163689462
8001,81945,0.027303621283286943
8002,57434,0.008077343923478402
8003,47692,0.013874199399827283
8004,93073,0.02472726742743513
8005,80824,0.010579939599670046
8006,96277,0.013345301329817193
8007,39272,0.007859129386222463
8008,36451,0.012113497721578409
8009,10181,0.01603497725455738
8010,85378,0.03257164898751817
8011,88782,0.0081222039858857
8012,28388,0.026226925834174943
8013,67259,0.014600082830865745
8014,58274,0.011268844470542326
8015,8020,0.05113466394866231
8016,65457,0.005886190337581868
8017,16235,0.018404799891626702
8018,43909,0.019876151608359684
8019,41949,0.010358236172581362
8020,68404,0.007880295438849336
8021,34223,0.010825492143172294
8022,88921,0.01138037754047543
8023,36837,0.02256097001955608
8024,49382,0.00966064523873901
8025,93528,0.013164182051967996
8026,34665,0.018140605364171485
8027,69533,0.009332607883737716
8028,68624,0.05670509054760568
8029,71859,0.014847986008097355
8030,46049,0.008064977840319882
8031,69413,0.01498776266230864
8032,96708,0.0147248563196117
8033,7060,0.021887471440759906
8034,92326,0.019790003943013782
8035,6496,0.01250614688062941
8036,31603,0.02249116990683541
8037,95467,0.017103694359552325
8038,31452,0.02492410099568867
8039,76514,0.011740471194178198
8040,46586,0.014298537036978327
8041,42320,0.013357579421215121
8042,36634,0.007990776617867897
8043,98323,0.017273713304692268
8044,47054,0.03005321425810757
8045,11614,0.02103176120774422
8046,82004,0.017484173775543788
8047,82556,0.033558742918815394
8048,88277,0.006198784153158925
8049,4889,0.03588937045770692
8050,20983,0.008324981994508335
8051,66675,0.03085776901410692
8052,25816,0.007039235245952765
8053,35681,0.009806686722352756
8054,24029,0.016084644236998295
8055,7019,0.01468093104674165
8056,41727,0.012400582041528784
8057,33666,0.014702731503580207
8058,47952,0.0194029732385922
8059,32777,0.014943779704890919
8060,42726,0.00989580159207293
8061,49252,0.014895846497757702
8062,87848,0.011404700768796903
8063,11205,0.012669763152936163
8064,75745,0.015325425783298593
8065,41578,0.032868946058651996
8066,17801,0.016082448480376803
8067,84123,0.019847787638201313
8068,951,0.01237841295261517
8069,23618,0.016885538155573546
8070,23505,0.02260751581992968
8071,56965,0.007486383847266801
8072,56755,0.01350856046057309
8073,92024,0.01128230519591858
8074,959,0.009215947370866303
8075,92231,0.06125243937448907
8076,6988,0.016325982079137664
8077,33394,0.011939412389905639
8078,18076,0.034382202142437875
8079,84559,0.009605200503743569
8080,15514,0.01716483052898455
8081,30129,0.012540335912599178
8082,78199,0.022781753570507764
8083,98199,0.009483404094945552
8084,99702,0.021353194955621428
8085,44939,0.01964446929746464
8086,5416,0.02071062902428757
8087,63576,0.011726626960166762
8088,64364,0.020237445877416348
8089,62318,0.01570401855088897
8090,99119,0.027386546472253703
8091,80160,0.00964589299761257
8092,43256,0.023303530249107935
8093,96429,0.03504133919845535
8094,32630,0.021868350131211394
8095,45720,0.023592949135820548
8096,55201,0.0063785156513166165
8097,42140,0.011674741235531909
8098,21266,0.01208994145295917
8099,49655,0.026623807696072893
8100,99205,0.027450338938016974
8101,6164,0.009267582018114735
8102,83077,0.013778078681113047
8103,45468,0.030238124831161006
8104,53787,0.00821185548492638
8105,6480,0.013933989348865175
8106,54593,0.009223224735719855
8107,43977,0.00946182750805563
8108,21184,0.01470390637519544
8109,86253,0.008148388104511867
8110,83642,0.0357407422808746
8111,20841,0.006804984012842152
8112,77843,0.006649021766812171
8113,89948,0.011703503907282435
8114,71603,0.016896558280666205
8115,77933,0.02180674679189086
8116,83517,0.03497901663785678
8117,2960,0.024136710330068808
8118,16238,0.03523090322487442
8119,23385,0.0066914753677347494
8120,14776,0.005413341711303777
8121,10475,0.014719812622798869
8122,26862,0.006647803189255064
8123,46553,0.01048248714125307
8124,76924,0.01763925512855316
8125,62575,0.012202685150603432
8126,49327,0.015025820162461487
8127,93462,0.01755185284591662
8128,16205,0.04449330713440426
8129,97045,0.019131414976523937
8130,35064,0.009396161737862492
8131,63197,0.01533209387412063
8132,47912,0.044408153599947424
8133,86408,0.01466836442091499
8134,2689,0.01725071643939593
8135,77607,0.022874031657194708
8136,4352,0.012771840832047193
8137,59170,0.00879261197607022
8138,34972,0.01461447098889128
8139,60871,0.008241911800446972
8140,49547,0.027308559876289475
8141,20719,0.009041294267212407
8142,45359,0.007436173957861093
8143,34437,0.025616935964631313
8144,55075,0.03004953668203215
8145,16828,0.010509160281129772
8146,45918,0.00885160345645611
8147,94922,0.011275746251315732
8148,9299,0.026867472277494604
8149,29415,0.01750333203278302
8150,7538,0.01743460651810308
8151,51530,0.019123754677283885
8152,92877,0.015416259010593413
8153,96073,0.014060372589356326
8154,20143,0.017691088023859623
8155,82424,0.014612381231414581
8156,1358,0.0582838951657445
8157,36322,0.013514342690527766
8158,27730,0.010712148157037088
8159,12118,0.006713798696900851
8160,22952,0.02546604862541397
8161,13066,0.021907631424008946
8162,3459,0.014344070937778234
8163,24310,0.008308957303874214
8164,90131,0.007401083467505374
8165,19186,0.012793216936191669
8166,6217,0.009129980417917082
8167,78209,0.013416605174394084
8168,29259,0.012261536049926712
8169,76139,0.00704041906312565
8170,31606,0.01663810081335767
8171,11621,0.016636715516299968
8172,81746,0.011126546829570415
8173,52363,0.009726814796602586
8174,84005,0.019373667901018472
8175,55400,0.022910753977638858
8176,84226,0.033139184023022614
8177,47071,0.017734454676383717
8178,9427,0.015045589257184064
8179,76887,0.008870142620691976
8180,43849,0.020977545995364163
8181,80063,0.02299006694721391
8182,88758,0.01883695785322563
8183,53181,0.006544275774179679
8184,34958,0.01850001622624436
8185,44155,0.010685686477364096
8186,52017,0.01907245213298122
8187,8978,0.010073212875368618
8188,26362,0.015497584033158714
8189,50307,0.021388497698591826
8190,51943,0.020945416521551734
8191,7815,0.021854723889205792
8192,70169,0.05292268091627332
8193,93148,0.01999387037939897
8194,76374,0.011178575935963476
8195,5515,0.03403672083961384
8196,80219,0.018020381084144606
8197,17574,0.014768770983897003
8198,23243,0.02999519860830997
8199,51987,0.009288279941947891
8200,9758,0.024359985518679073
8201,5254,0.03374791443778197
8202,2150,0.020978578611806794
8203,91277,0.010454880363530556
8204,19278,0.007888829404832435
8205,25402,0.01707179061885953
8206,68555,0.003783095670474166
8207,63448,0.006792521054783473
8208,74556,0.02968831607601077
8209,26971,0.013636453151069679
8210,3937,0.013295506664783841
8211,80934,0.05219063219617167
8212,48937,0.01304509770821511
8213,8951,0.006335882971090715
8214,83026,0.006036930030854303
8215,50007,0.012335965358972379
8216,98852,0.010097971939066858
8217,81662,0.01917640985196497
8218,85646,0.036441778722029416
8219,79858,0.008553404542505744
8220,83066,0.03641407470263911
8221,82363,0.025998723164345178
8222,34946,0.01261120422988472
8223,2718,0.01725358241092817
8224,98927,0.01153974593461334
8225,38209,0.007145759169718982
8226,39129,0.01967650815216719
8227,30857,0.01311201152995467
8228,15938,0.01143158685354197
8229,74027,0.011522934075562308
8230,87806,0.011371599532252778
8231,82999,0.01131822737057701
8232,29927,0.009786470121314533
8233,69914,0.014277825651698361
8234,34559,0.046386417079583325
8235,84746,0.015052555242040265
8236,52382,0.008499226075022872
8237,94756,0.005124977872373352
8238,1044,0.010408891931102799
8239,9563,0.03147756676000035
8240,31684,0.005962491494069022
8241,60063,0.01713218183643636
8242,60498,0.010272226932609454
8243,76776,0.043244174924162604
8244,44183,0.016230674928541952
8245,46227,0.02357403136928003
8246,15182,0.019470995153640414
8247,77445,0.02619912056048335
8248,81068,0.011780787601555608
8249,94087,0.03177498790673481
8250,16326,0.061854538816959806
8251,11810,0.0323091759929839
8252,22077,0.023361581322991293
8253,87729,0.008400338450052136
8254,21607,0.007256225045795556
8255,30315,0.027805366466926794
8256,56428,0.018717553419718345
8257,73194,0.010615638701524556
8258,20816,0.010192116427807124
8259,15856,0.028702567279065047
8260,59807,0.041624560873632324
8261,63762,0.025753822696935384
8262,57796,0.0324827310643009
8263,19409,0.012713149284536346
8264,57545,0.012803212626754674
8265,71117,0.01011545943757517
8266,19774,0.008065489496120194
8267,34652,0.01956053761350436
8268,35495,0.020148262360914233
8269,50258,0.0356550888704813
8270,26228,0.021257585782013384
8271,56842,0.024840057410822472
8272,10661,0.01954222660761118
8273,89921,0.028030951434265178
8274,17184,0.00836614312931206
8275,74797,0.0070287321428213236
8276,93545,0.021538698067548365
8277,38132,0.04886747434690847
8278,11262,0.02175258258953857
8279,30014,0.01898270740619787
8280,62430,0.050161793300601526
8281,84432,0.010756706814354852
8282,88537,0.019559766147798613
8283,55206,0.009053082858099616
8284,89069,0.040752060979158275
8285,14543,0.039861314923757205
8286,86227,0.05468480105670278
8287,7756,0.01479878642909735
8288,51777,0.012888675637092204
8289,90952,0.022579198194152057
8290,75448,0.016062433828761373
8291,67063,0.004263351365353143
8292,81731,0.022544104970370092
8293,63198,0.020818243196987097
8294,75575,0.011619412040266909
8295,86552,0.010947929603067307
8296,45854,0.01345053067526405
8297,15011,0.011242489310733805
8298,85779,0.05141150954108147
8299,93199,0.04730059320223157
8300,19164,0.04717929398682432
8301,95680,0.009884872465337369
8302,17381,0.011796019751064885
8303,35510,0.024215531770613332
8304,12920,0.023605290093747754
8305,41514,0.016600067535082832
8306,68901,0.010797815015682674
8307,59964,0.015381728603199285
8308,83325,0.01460145101767191
8309,62003,0.036319760570995605
8310,9879,0.03320854676943183
8311,57991,0.020306895663765236
8312,31385,0.028947737661756647
8313,56715,0.03273615739111037
8314,8432,0.004881136110637492
8315,8819,0.024235725297559033
8316,37352,0.016840982530517183
8317,40821,0.011771488911172336
8318,26246,0.034424467136724535
8319,93020,0.011614450991231269
8320,82617,0.01287668780690001
8321,98171,0.014951867009145973
8322,79380,0.01330258252298525
8323,64941,0.011700323738397963
8324,59796,0.017006774357143227
8325,11270,0.023560508534403016
8326,83763,0.02651774188736679
8327,34530,0.009327825621708209
8328,95141,0.018432715505146358
8329,5319,0.02898867969238869
8330,53410,0.01316268360066708
8331,34638,0.01481048538726526
8332,51601,0.012526055511187847
8333,70033,0.012981925577216407
8334,78265,0.019935624687438293
8335,48216,0.03157958826119284
8336,76654,0.01271349193487454
8337,28115,0.008930743812932861
8338,98726,0.028681279607037292
8339,51402,0.008182163054393265
8340,31612,0.013648389082990781
8341,36856,0.012718018683162715
8342,48789,0.019564939957797445
8343,44449,0.014306559140088292
8344,42926,0.0144428161851427
8345,90425,0.047772274594345875
8346,89042,0.05436772218766887
8347,38369,0.02221340356929695
8348,47033,0.01854203356805637
8349,80669,0.035759552676565
8350,24304,0.015567465814321411
8351,3382,0.06718630944273263
8352,70620,0.010629723611055361
8353,22501,0.006993314061037871
8354,47423,0.024135005647165784
8355,65828,0.0161438093331031
8356,79997,0.018616017644953693
8357,11395,0.04898382661640659
8358,38581,0.027353419662029914
8359,72715,0.00781902371358493
8360,90728,0.01575770162049559
8361,5647,0.012726115682898897
8362,47508,0.017269821129394004
8363,18787,0.0226941351972194
8364,62949,0.017074337593092327
8365,56557,0.014280615047974721
8366,10076,0.030813442933736418
8367,3637,0.011177369153134265
8368,86339,0.017205433519919978
8369,2976,0.020847206361149534
8370,15188,0.01309102462124587
8371,36501,0.015366093794797803
8372,52599,0.03410162844771578
8373,41663,0.00866930658026507
8374,34991,0.015789703578080422
8375,53686,0.017116883276048232
8376,3187,0.013705313633616592
8377,34238,0.00670928289055552
8378,92671,0.01475735807396671
8379,92476,0.01591510177028793
8380,30347,0.008659414357002411
8381,94638,0.008168321568604978
8382,93072,0.01181612916160307
8383,49692,0.009572815553858484
8384,38248,0.008598948607805754
8385,11999,0.005832878744219576
8386,7866,0.019977721491608893
8387,86975,0.013518267995724214
8388,12352,0.00613209931390133
8389,47087,0.018018861811040798
8390,15690,0.010098915127062204
8391,360,0.010038341715446692
8392,45194,0.006977150333538232
8393,75748,0.007558268328060099
8394,7133,0.011433377022848464
8395,42477,0.021084990240440585
8396,14804,0.02790826627303083
8397,65443,0.02130134154857362
8398,66060,0.004981108071876722
8399,87473,0.01501182655445509
8400,69758,0.028234355591294696
8401,40445,0.012696570768804632
8402,10982,0.01507612498853507
8403,86461,0.03571008927799596
8404,63511,0.01426514699459764
8405,40257,0.05078904282280048
8406,89802,0.01743047009913109
8407,42548,0.02368376938349398
8408,70578,0.013495342994527041
8409,52187,0.00918592010844377
8410,60681,0.007728931252923431
8411,31726,0.012720964926785778
8412,88068,0.0060003781559167
8413,62935,0.023906357175657977
8414,16627,0.009566845579910221
8415,98137,0.02320671017478431
8416,93498,0.008677384622608758
8417,26532,0.009294980344823237
8418,7698,0.02608982338931984
8419,34443,0.010191400792739017
8420,31784,0.011913905093678442
8421,16692,0.024645186709222937
8422,6617,0.007464566940985646
8423,71463,0.025469633633054094
8424,69781,0.009839618922279157
8425,63624,0.0138892872128671
8426,595,0.017767907420191843
8427,80260,0.01940729195489057
8428,16176,0.027128020545978064
8429,16092,0.012399306619740695
8430,40066,0.00679365144947179
8431,52537,0.015962216719998666
8432,92941,0.008814526267533849
8433,65408,0.014410700178977404
8434,57828,0.00893168455217113
8435,47526,0.01179485058088229
8436,13693,0.01330360254184723
8437,98108,0.020933780923986043
8438,53757,0.05630445379521772
8439,54363,0.013421372073389132
8440,84953,0.009566731942144092
8441,33997,0.019266633406697743
8442,33951,0.04589325385202636
8443,94163,0.018123519045229228
8444,62608,0.007286126694785138
8445,81489,0.012735708977613978
8446,32147,0.006226412265423338
8447,69362,0.010721087064553932
8448,23931,0.017234382964492423
8449,38525,0.021335481696024238
8450,86785,0.05542421341706229
8451,61445,0.019956507105174034
8452,10095,0.013356903480821827
8453,67491,0.016712699817699805
8454,82583,0.008420283384699894
8455,90774,0.03071819891042034
8456,43155,0.02721352566344199
8457,42897,0.025884612652018402
8458,73898,0.02447326799763947
8459,57509,0.025456803589999726
8460,67975,0.007075117102061744
8461,79793,0.015325448044892253
8462,31326,0.015406004246246436
8463,69466,0.03512340612975972
8464,26264,0.028578903672041186
8465,62363,0.010637456406334067
8466,47634,0.018975306483659856
8467,81725,0.01625747891086716
8468,13978,0.017416446344845113
8469,18268,0.012600253009547552
8470,30212,0.015366572082226138
8471,97465,0.010988670358728036
8472,59346,0.05071976086240891
8473,20688,0.05431106595554141
8474,10752,0.014075146906542133
8475,9676,0.012886847343754858
8476,20578,0.01739522780528494
8477,52707,0.02041779983859713
8478,10107,0.017740104427600337
8479,77022,0.0074643185126404615
8480,80104,0.035024037368467174
8481,1472,0.008842422565120925
8482,77551,0.01856144750611674
8483,40581,0.011221747539017585
8484,72648,0.008688625980034006
8485,44170,0.028352548597781867
8486,62450,0.006046321655922364
8487,36730,0.017823990292623836
8488,75716,0.036998367055857434
8489,83103,0.02242639238189872
8490,87128,0.022440320502742712
8491,22943,0.015196903917760986
8492,71649,0.02640041688043918
8493,82759,0.0048842222670083535
8494,45137,0.011507018725844032
8495,84807,0.029773979838171014
8496,16997,0.016263965296367262
8497,35291,0.009277769911500724
8498,45422,0.02041416049642649
8499,61289,0.01195960563009192
8500,6716,0.03546581604733198
8501,4313,0.020884570801836536
8502,7656,0.013494686365912896
8503,43620,0.051888701703952184
8504,32971,0.012451070466644055
8505,29688,0.012229506043407869
8506,34427,0.013381653953605799
8507,39826,0.013003566760745221
8508,99116,0.023935416918553096
8509,69484,0.0364813841642314
8510,9342,0.019814947346177367
8511,8879,0.013166921674654684
8512,48868,0.01396089292206111
8513,86361,0.008401051724065148
8514,63057,0.00783162210749102
8515,97964,0.008534493827362565
8516,85846,0.01238762082802737
8517,2670,0.02027820734632735
8518,4358,0.00829698060459857
8519,76309,0.019428828865819234
8520,51117,0.01637537437597827
8521,55164,0.021019569005409855
8522,26664,0.019942472211321272
8523,16824,0.04211525425703894
8524,6457,0.007158097156230494
8525,70470,0.024335514320068093
8526,21492,0.00669253337975693
8527,46812,0.018444460167910855
8528,41948,0.00936746412560296
8529,12779,0.01597076364774974
8530,79884,0.039971781304217247
8531,3815,0.012096609758688245
8532,68829,0.01296489297019434
8533,80889,0.03298328437122904
8534,48075,0.016194094318020033
8535,76116,0.04279592995321538
8536,94711,0.03877394807380394
8537,65938,0.038474629369629185
8538,97077,0.025221180371122674
8539,43709,0.009447717098183556
8540,3070,0.023356720270476625
8541,73243,0.02470307004855924
8542,27600,0.010442519327227982
8543,82481,0.010668612415214728
8544,942,0.016271831279690077
8545,11138,0.014541070936694416
8546,5607,0.01225439192304743
8547,27307,0.010842408648402831
8548,86941,0.007242356682369847
8549,57598,0.021546231008441115
8550,97006,0.00810289324914358
8551,43875,0.015543708825664367
8552,17250,0.02730885607611105
8553,49871,0.005774246013153132
8554,8922,0.03033488693501978
8555,8749,0.009252106233848697
8556,96756,0.030828975492438036
8557,47773,0.012524165013142808
8558,52164,0.009838300394603467
8559,89615,0.014435887061658471
8560,92173,0.03577378567555645
8561,83849,0.015134359067854718
8562,7487,0.005791871404117724
8563,53830,0.039531261293222424
8564,2017,0.010323514611461988
8565,2987,0.01808791255743941
8566,51747,0.05042468232162309
8567,39683,0.011367748591839151
8568,22324,0.036555979815543746
8569,17482,0.013297891709852749
8570,83254,0.021166512078083403
8571,88395,0.01855885498607717
8572,41078,0.012903961140479068
8573,34242,0.01452328026739189
8574,63395,0.03988423560653526
8575,66048,0.006987749442509181
8576,60317,0.010597549080522864
8577,31925,0.01801138959669773
8578,53314,0.025510456912296565
8579,68527,0.02352383346962875
8580,73043,0.014439368963793678
8581,71993,0.014601379680119648
8582,32080,0.012511525725371526
8583,2291,0.022753090303333934
8584,81950,0.01773187751068279
8585,9852,0.0302588774588282
8586,46197,0.007632804645688571
8587,5611,0.011321180274722868
8588,22532,0.05115557518650567
8589,6484,0.014569522518173828
8590,78141,0.014426435307878651
8591,61430,0.01411022872471977
8592,76549,0.01577673188445967
8593,775,0.01632100593030327
8594,64565,0.02362965659841698
8595,80014,0.020527741178536146
8596,12924,0.011807159559368
8597,4942,0.012138826410980543
8598,63460,0.02523580701344557
8599,41799,0.02831397444235066
8600,22620,0.03744574028717815
8601,54618,0.0406570851719701
8602,7206,0.012149038532221572
8603,7080,0.010591595289941514
8604,62875,0.022397976405673876
8605,84205,0.05578485873199833
8606,33937,0.018430849066322037
8607,84106,0.02864149317728135
8608,13313,0.024160396684027727
8609,92271,0.02390922602523786
8610,48814,0.012762677727305865
8611,16905,0.019155984986147304
8612,10500,0.03218069819246807
8613,45286,0.02342953823148676
8614,30546,0.018838117092842072
8615,3399,0.022684538245361055
8616,73928,0.028042138570633375
8617,45782,0.00689720630436283
8618,91227,0.013213922382568358
8619,84691,0.013986503811009708
8620,59440,0.01909208447636688
8621,66614,0.006299401495961143
8622,72125,0.024276180538857002
8623,75691,0.007949376522368325
8624,66550,0.0207478486138195
8625,74680,0.010900674893693747
8626,35166,0.018769601919140035
8627,65299,0.0227509758410465
8628,79743,0.01993871464606783
8629,37091,0.015492600180925076
8630,79237,0.012997121423655908
8631,70069,0.00837021410505048
8632,79755,0.005793956944016311
8633,82098,0.007111245106647705
8634,83297,0.020967721762906462
8635,41133,0.02976333217640294
8636,12728,0.027836596520302008
8637,73685,0.02095640160936238
8638,54737,0.016138170308030893
8639,2498,0.03812718680777121
8640,89392,0.01730283852698014
8641,86446,0.027835749193393787
8642,71856,0.03415655322741089
8643,90261,0.010821826769656318
8644,63138,0.008788918711863679
8645,25895,0.01047145122909385
8646,46877,0.03508738011176303
8647,75832,0.013429206108197762
8648,75807,0.015030982170539386
8649,3427,0.01874386967554964
8650,5365,0.019727815950570056
8651,63671,0.018051413745167787
8652,33762,0.018588427187902136
8653,39743,0.012492084190802626
8654,17004,0.028728867273215192
8655,6951,0.009797503818285142
8656,69588,0.004530286899315478
8657,58504,0.010643395239014964
8658,18249,0.01561793508705081
8659,71129,0.019190647765921734
8660,87381,0.009182977940907363
8661,48861,0.008522564650214726
8662,6814,0.008661053602226106
8663,37073,0.00906719528415581
8664,17086,0.01334592830840997
8665,12593,0.015480573175763648
8666,53074,0.0339571005781322
8667,64848,0.015347251946072064
8668,72436,0.03086050785083603
8669,66118,0.013074758517676826
8670,84599,0.010492334512203725
8671,5175,0.014014224096384234
8672,85405,0.032144444896498106
8673,38688,0.024499363112334742
8674,37420,0.015935363932033875
8675,9089,0.014173225298840828
8676,2194,0.048602233141560466
8677,5298,0.03163419021315498
8678,88943,0.009380070246079954
8679,29995,0.0190327233675364
8680,77746,0.015037076805911542
8681,7369,0.02761734452299495
8682,81534,0.009002979015851054
8683,58562,0.033493226516943544
8684,20261,0.01716782911894109
8685,22865,0.009631671498736756
8686,23466,0.01942946584004268
8687,79370,0.01618687270073345
8688,45490,0.023229373488801955
8689,20681,0.008913447686746392
8690,62291,0.009899577472084857
8691,95103,0.010796430571495316
8692,98867,0.029334765660082623
8693,44384,0.01400220720367109
8694,96691,0.017492942008062506
8695,34893,0.010861428534821273
8696,2560,0.018814448978745305
8697,59248,0.030026727230543313
8698,70043,0.03963114865113556
8699,81474,0.054489172183084335
8700,14361,0.026725843401334808
8701,45473,0.015606883222118725
8702,89432,0.03223965822226316
8703,79880,0.01053848245784254
8704,82530,0.019040963436047012
8705,91028,0.008748710133344047
8706,13306,0.03495166348751043
8707,25134,0.019609637113491576
8708,70213,0.01375145912140867
8709,657,0.014316345605585359
8710,57058,0.012246838305837903
8711,36934,0.008868475191225744
8712,79817,0.016459742820897294
8713,12757,0.007478890006876129
8714,29139,0.011238200144550261
8715,99601,0.010863226791559679
8716,9863,0.020529167264801636
8717,67953,0.00751664752251251
8718,65728,0.03526390952201007
8719,71772,0.022065507721570475
8720,32743,0.01087128328063992
8721,4019,0.03237114067787001
8722,58719,0.021891862827047102
8723,32640,0.004271632612786332
8724,61866,0.03465532586949059
8725,98333,0.006622480894272382
8726,16038,0.024805630782738314
8727,69430,0.013535781742140152
8728,85277,0.01447744742999596
8729,50352,0.01106405007579408
8730,30130,0.021172977612314684
8731,65848,0.02459029291205817
8732,95838,0.02015300494298133
8733,51715,0.011805685310136572
8734,79594,0.022530115101514186
8735,29634,0.0065249764707738505
8736,33660,0.02963965636595009
8737,43801,0.014410266542301977
8738,72840,0.006088828508965297
8739,70692,0.018606729591646495
8740,98890,0.03757593939118286
8741,30354,0.0111886063014255
8742,1975,0.00890430874133646
8743,18404,0.04367631084873353
8744,69539,0.03045380306448755
8745,53352,0.024981082898298403
8746,48448,0.011794917386076811
8747,61317,0.026061516052648746
8748,95658,0.011799319304046568
8749,73699,0.015336531241960527
8750,83440,0.049860583364391156
8751,50957,0.020667488754156426
8752,2967,0.008456840769101063
8753,92492,0.019844202117755116
8754,51521,0.021814036482569694
8755,71316,0.017353608171138606
8756,60479,0.03916073802053372
8757,93447,0.014143040258081534
8758,97072,0.010724398844347111
8759,33103,0.011341540119610086
8760,18599,0.06058945174765806
8761,31906,0.008778273214704854
8762,5920,0.00799195415567454
8763,74608,0.014940723859662107
8764,10553,0.010356340982808408
8765,83777,0.0209987228438234
8766,69891,0.021996733472960737
8767,93797,0.013774173232217184
8768,20714,0.013025726841414776
8769,19095,0.01564892950201723
8770,93884,0.01957828857230517
8771,38440,0.02002079513524324
8772,86479,0.01897537828039037
8773,60976,0.006345738689042169
8774,6149,0.005833648875374594
8775,4079,0.01436264640330119
8776,90887,0.011257222235408084
8777,85232,0.050014729292731396
8778,40655,0.023749171493556983
8779,40973,0.020554010585261014
8780,26392,0.021116022922362226
8781,34744,0.009052149424051198
8782,42168,0.009805767293103734
8783,57964,0.008969347081417861
8784,80594,0.022433991590110645
8785,5069,0.016742813960054254
8786,36146,0.017549251776356623
8787,76692,0.012649592415193629
8788,15885,0.008426833760055954
8789,11439,0.0176914314716719
8790,36984,0.013463104842495816
8791,6195,0.03736608395000515
8792,54792,0.010846404483470549
8793,62227,0.020329616404778962
8794,18180,0.02996967072928711
8795,8130,0.020747041191488295
8796,92409,0.024455861444437437
8797,36806,0.01261226036152505
8798,92444,0.06282639520713906
8799,40201,0.013937152140283599
8800,61313,0.031874870524368805
8801,24772,0.01506012467001083
8802,39001,0.0191595797374894
8803,47227,0.01867854853838939
8804,59095,0.04343039994940408
8805,86133,0.009589757915231974
8806,6392,0.0180117350747589
8807,5842,0.010888946310603496
8808,69866,0.02864048304340543
8809,11844,0.019746937011514216
8810,3220,0.007946078110272101
8811,19354,0.02580085146463499
8812,99107,0.012210878217535274
8813,90186,0.010783218019481566
8814,31158,0.013023387749313508
8815,87287,0.024631471781920645
8816,34337,0.01573137108742591
8817,57530,0.020971247543049798
8818,26768,0.004841408471475467
8819,28620,0.021798211698817307
8820,57803,0.01276939521477221
8821,1880,0.020278517599947275
8822,15709,0.014615988347311114
8823,43745,0.010984778811588911
8824,93188,0.009573936250482317
8825,36001,0.023249463584162973
8826,66849,0.01842048788635869
8827,34284,0.008627084699757813
8828,28140,0.007208170723666212
8829,90274,0.01143165545178493
8830,4002,0.0105509068761552
8831,25039,0.024185219738905358
8832,81116,0.022868075619466965
8833,40544,0.028382132636036138
8834,33615,0.016076730535309662
8835,11219,0.013282875009080163
8836,49462,0.02967603517064522
8837,80265,0.02241267139196881
8838,64214,0.022407699880123182
8839,30159,0.016601713147833066
8840,54392,0.008918153635392258
8841,17922,0.008727328904908876
8842,78908,0.02108216357066751
8843,306,0.014068727957279682
8844,51245,0.029550497853925196
8845,49950,0.02116657600930228
8846,88518,0.014900036409215152
8847,10533,0.030554662767024496
8848,9841,0.018117769991959094
8849,10357,0.0093779795157745
8850,27079,0.01415121594514739
8851,92392,0.004761382771691613
8852,56953,0.01692856588736877
8853,73161,0.025163653112532453
8854,70084,0.007859716290192411
8855,31575,0.012323885019188123
8856,33397,0.01644389136830016
8857,2486,0.023570510013581885
8858,77657,0.018283490562454544
8859,36929,0.013569891324800668
8860,33222,0.015924320895026375
8861,75588,0.01989597672477268
8862,81359,0.021847001711838097
8863,28803,0.007308064893941658
8864,79401,0.01567399877091958
8865,94627,0.008938663033880592
8866,24623,0.01938913564917959
8867,80096,0.02121042193031075
8868,64379,0.019223167095745095
8869,91675,0.006655567078042264
8870,31936,0.008463764309357334
8871,61872,0.034714228895974586
8872,94237,0.019373274825628107
8873,10167,0.012789012906788572
8874,84372,0.016448713406603734
8875,85285,0.06137924537942242
8876,41491,0.010513921165266355
8877,58838,0.008004601662481643
8878,44027,0.016300161936976573
8879,24221,0.052905751070160136
8880,58432,0.0133839925354656
8881,90859,0.03094996147037842
8882,79113,0.006799695217155236
8883,54646,0.023555526380170565
8884,97146,0.010636713004887487
8885,42070,0.02523674970155203
8886,73038,0.010830134506261404
8887,85276,0.016283213027151557
8888,23730,0.011186014855969886
8889,81878,0.016009000411680546
8890,44839,0.024544017750961766
8891,71883,0.008846376927464802
8892,97343,0.009039522837533363
8893,39109,0.023860226458056348
8894,76694,0.016446425776322878
8895,65215,0.008930351565077642
8896,11571,0.030081522652080295
8897,91358,0.014000441201671734
8898,54354,0.008206811420959578
8899,9969,0.030871920851290535
8900,48775,0.009854767528299014
8901,17252,0.025381221298700806
8902,41667,0.021148289400180684
8903,51864,0.013198749348336753
8904,16644,0.006425962345219871
8905,61098,0.01572915679051822
8906,94942,0.012351229911846654
8907,20576,0.011403059793337653
8908,54137,0.02011617950961766
8909,80606,0.03217640672783373
8910,37551,0.025556665372899242
8911,1561,0.04583388155736809
8912,38918,0.05037052561257471
8913,89305,0.015573102223516402
8914,84895,0.016697302919306944
8915,44919,0.04516015057241884
8916,97761,0.009659901858009969
8917,97738,0.017688159050014814
8918,97475,0.073599763270211
8919,86360,0.025362025394276996
8920,84579,0.032249536822408414
8921,29344,0.011460613587093875
8922,252,0.010789372808535203
8923,95047,0.028183744384918517
8924,15550,0.019682318664561087
8925,3716,0.008561030333808938
8926,47032,0.01293250187701285
8927,87465,0.015262882170467985
8928,71064,0.02585516055122454
8929,61771,0.020775864072486466
8930,17242,0.03565998344929072
8931,87594,0.01739198492738874
8932,55567,0.023635478616948383
8933,41233,0.013507537025030646
8934,56439,0.014513226747291478
8935,11278,0.014431829449277688
8936,78296,0.009505766517319474
8937,7509,0.02154684105310159
8938,31604,0.05931057290058771
8939,96825,0.017842671861920796
8940,17421,0.010030143795003221
8941,96589,0.029089976876665452
8942,73813,0.008780494578178956
8943,57735,0.019656232705852962
8944,1797,0.02411880442262232
8945,16067,0.00795182213938648
8946,77990,0.010808316669603076
8947,37996,0.012734552113488513
8948,51303,0.02152685852216197
8949,45790,0.01524815985005178
8950,64158,0.00832626958582992
8951,63646,0.019881817212608587
8952,13474,0.008520561978803505
8953,68484,0.011856229007143141
8954,37038,0.011795239867190895
8955,93730,0.0051256377242700595
8956,74305,0.010079998336939264
8957,81101,0.04342430544490345
8958,99313,0.00936748774955327
8959,13355,0.014654927178335778
8960,50298,0.014582276738624987
8961,54426,0.018572788261112166
8962,59224,0.015265744200100323
8963,23050,0.03913818773645582
8964,98279,0.014222032084331945
8965,86334,0.01491137142658245
8966,79278,0.008377683278310552
8967,32908,0.02758805984952054
8968,44750,0.010438315965519274
8969,35416,0.030444903031061177
8970,4437,0.01598793461879538
8971,646,0.0370682548034917
8972,23159,0.02382138425618658
8973,41801,0.013862035511487267
8974,1206,0.0055947302948401645
8975,14825,0.02090973377611561
8976,27344,0.007944845941848466
8977,10631,0.026578820984351912
8978,14649,0.012529030478927563
8979,47721,0.011077872313836244
8980,55402,0.039957354336802184
8981,86723,0.014324342518519932
8982,21364,0.015039069194425929
8983,1715,0.005847887717663352
8984,50358,0.01076733860160423
8985,29725,0.022746164580133905
8986,90524,0.017909344061409038
8987,13190,0.010501928440543554
8988,37385,0.01745571929774387
8989,60951,0.010700285024474064
8990,46801,0.0677533811071222
8991,14442,0.010568493955300342
8992,52898,0.010250442324867019
8993,5424,0.017106672894763728
8994,82050,0.011687703633005083
8995,76418,0.02153320996110284
8996,41752,0.042988162151142026
8997,63559,0.030672108211456703
8998,64874,0.013992318875891073
8999,50536,0.012567708521413862
9000,91614,0.022671916666224895
9001,2780,0.032243260728912065
9002,59099,0.0441399917604314
9003,64440,0.02793391289232662
9004,52068,0.014180765526161787
9005,496,0.02022869099180434
9006,84519,0.006873829771490848
9007,30235,0.01667733313346321
9008,30054,0.034807690114044706
9009,72683,0.006615368523531665
9010,26894,0.00766465307987784
9011,12806,0.01608669406546856
9012,99035,0.008148342179789153
9013,24910,0.024738073062544864
9014,68044,0.00827205469230537
9015,12550,0.006242320874979156
9016,11065,0.013665458201383976
9017,96344,0.0190204582126302
9018,94650,0.04364480401925476
9019,7910,0.007119533051460472
9020,7326,0.01552852396371842
9021,52944,0.036793985855654604
9022,1296,0.02114798263814522
9023,5154,0.009915117773717692
9024,49843,0.011504493831081763
9025,55903,0.010728000359963814
9026,80446,0.014225850992869878
9027,34018,0.02037470089081068
9028,97883,0.028760839992512728
9029,86904,0.020704556110910478
9030,75831,0.02637818221707824
9031,59509,0.011493190442493976
9032,27225,0.031025947708947222
9033,88158,0.01042364880630549
9034,27437,0.010769789305716735
9035,86439,0.008764934851039475
9036,80201,0.012193823734305987
9037,49981,0.0072887825451325135
9038,58029,0.01563989355384296
9039,6534,0.02088642830469622
9040,77715,0.03860553552536664
9041,12379,0.0420811625021916
9042,16272,0.018572683303001113
9043,84660,0.01369860298990775
9044,11002,0.02622533041175795
9045,60706,0.04149554821119604
9046,70808,0.005201146331313479
9047,68029,0.012533789313544322
9048,83003,0.023905835511259528
9049,79442,0.04752985215678894
9050,6757,0.021293341598132325
9051,13248,0.007913303817007973
9052,73264,0.01091465199213315
9053,42774,0.015605482651460015
9054,7466,0.02154291420715688
9055,86097,0.09056715809644986
9056,7184,0.006308220856714007
9057,62168,0.016327529285114738
9058,28549,0.014150591796482344
9059,99365,0.016025227141700113
9060,11092,0.011775264102279156
9061,59874,0.011097581362051096
9062,78016,0.009557376709755823
9063,83873,0.013433065441554398
9064,22827,0.007992278555636785
9065,97430,0.02170026280721252
9066,51953,0.007890939638579939
9067,37831,0.011857306849529178
9068,2200,0.03336871490848843
9069,56355,0.0399602908705701
9070,26031,0.01728376923398113
9071,75463,0.012396792691959233
9072,94778,0.02878142492029316
9073,54548,0.034131826383251344
9074,24127,0.015539443636765548
9075,22795,0.01168225288351049
9076,58509,0.012012066446514423
9077,91894,0.03358783511891958
9078,34526,0.007334675274476356
9079,31107,0.009699100699776544
9080,28760,0.010825916322164886
9081,9065,0.0072431398509276625
9082,53622,0.005591164194680476
9083,72016,0.01855853445217814
9084,47003,0.010500765932107973
9085,17235,0.009461385895594322
9086,6047,0.009740538009169911
9087,67912,0.009121722409354853
9088,80778,0.02916024058761283
9089,64864,0.016647977741733887
9090,91971,0.006758241380644599
9091,91530,0.024137134792837342
9092,79651,0.012163400059852645
9093,19728,0.028702026459705855
9094,48334,0.010815895259456525
9095,44245,0.013981688674480117
9096,43093,0.023100487182600313
9097,24466,0.07083519973815118
9098,24705,0.043569583784948504
9099,29266,0.041970919582784705
9100,12252,0.009067733230129639
9101,9051,0.009136420338251043
9102,34120,0.02362753024680775
9103,97839,0.008576988646551233
9104,1542,0.015266412925085371
9105,40243,0.07866553239938592
9106,88031,0.021577775334149348
9107,78379,0.01293794381655544
9108,41967,0.041245357044951074
9109,99206,0.00918211104669176
9110,17329,0.016300595362200604
9111,28520,0.01739349294172007
9112,54947,0.011783282702153747
9113,94290,0.0320998475394831
9114,38222,0.01704147987878917
9115,1763,0.016986051166802383
9116,97533,0.017578783378100763
9117,59084,0.018994883262158563
9118,86243,0.005210577950358838
9119,6802,0.012398916586760017
9120,96061,0.006030141384256206
9121,56749,0.032471629270139774
9122,88681,0.024610681881812292
9123,85095,0.0222012516890501
9124,36887,0.04553216076024923
9125,68542,0.011606827146154082
9126,53774,0.015236242608886784
9127,52612,0.021776950697496158
9128,31723,0.013553115398469442
9129,98185,0.011795126827986311
9130,52359,0.031505448306801326
9131,59231,0.015443662174355959
9132,78813,0.0169335244309712
9133,82831,0.01601360641743466
9134,50374,0.009540453399813619
9135,13894,0.015655579767605385
9136,88014,0.03482691014808059
9137,13550,0.025428908972843476
9138,50781,0.009744831988942809
9139,81440,0.004292531013317949
9140,98832,0.012505242541887136
9141,54001,0.008110464986443985
9142,17791,0.012611689244923178
9143,80900,0.00698598402353144
9144,47950,0.011049126787760329
9145,6813,0.01674871593719834
9146,45196,0.014325587172976644
9147,64243,0.012795904111111272
9148,13075,0.004826919046775123
9149,83168,0.013184782343758318
9150,63678,0.015097385014293304
9151,5504,0.01110999121178744
9152,76505,0.012869183944503437
9153,35624,0.02372966745895975
9154,44892,0.033704980428336466
9155,20301,0.02038892021257587
9156,83243,0.014509698336691721
9157,85873,0.016527053054468353
9158,9880,0.0116104965141186
9159,82220,0.018210614353398616
9160,4425,0.026268743440449854
9161,73945,0.00614954527520155
9162,82072,0.028263365610032995
9163,84801,0.009055269908575553
9164,78017,0.0383797686863839
9165,16689,0.032439907769100294
9166,90160,0.02930823872772671
9167,63681,0.009435273386650168
9168,18216,0.011138657485575458
9169,1124,0.01773812857046181
9170,57408,0.010545645234840932
9171,5606,0.019714417459559024
9172,29936,0.025536050405913512
9173,67846,0.017818980763979024
9174,14579,0.016157269043074157
9175,9815,0.020596883273345218
9176,10687,0.03297976324346011
9177,72955,0.020518952386883293
9178,46281,0.010333762017627653
9179,4941,0.010053762013100292
9180,70502,0.008110884280266805
9181,37771,0.009732409124333359
9182,53497,0.024908642424833108
9183,68999,0.012850188528482378
9184,28226,0.007818259272258966
9185,13056,0.011339541583403844
9186,52060,0.011645131248305142
9187,86386,0.0070562393523152505
9188,62725,0.014390687663047618
9189,83957,0.01717165377240054
9190,73950,0.01173990908468963
9191,56983,0.024007365892882805
9192,99196,0.0051805093996147135
9193,25502,0.017992317710953817
9194,88545,0.012725100465338262
9195,28678,0.02480487864721281
9196,46941,0.015973250777320237
9197,73225,0.008730967434000283
9198,8724,0.016179314508143354
9199,53374,0.013681527311323641
9200,10510,0.022158780953575156
9201,3685,0.006283188605784658
9202,68142,0.00820331957725827
9203,70903,0.007416540179762093
9204,13452,0.006450704844991206
9205,47343,0.014554093288195333
9206,5310,0.014194858551858746
9207,43456,0.015438216739310874
9208,21298,0.009926265634768035
9209,18468,0.01945115007730251
9210,82295,0.012297096349695155
9211,84442,0.016240350825694704
9212,72717,0.006452086700852405
9213,13637,0.012301735801065344
9214,70570,0.010508869805787979
9215,19845,0.02005284450236569
9216,44331,0.029519072520487164
9217,57753,0.011033937205548244
9218,35029,0.013648688560163005
9219,51192,0.029058901688331647
9220,52030,0.013496467663549273
9221,29986,0.015308678148539482
9222,94622,0.028033037922937397
9223,85290,0.02820293132034206
9224,83637,0.007610318991006853
9225,63348,0.005206959361754037
9226,79612,0.016564151898285886
9227,89549,0.009625892910851974
9228,73533,0.018220609141185402
9229,81435,0.014978915221276007
9230,74046,0.018311827125423057
9231,87811,0.01771635114027175
9232,90759,0.020493465775294838
9233,89489,0.008480613451194361
9234,24425,0.06723367679295897
9235,9719,0.026909454177925205
9236,12061,0.02074638522157001
9237,44734,0.012679737736941681
9238,17701,0.0072241232032311375
9239,75936,0.017879789364707577
9240,59408,0.027428727596819
9241,37326,0.011517564131215949
9242,2256,0.008951007340143835
9243,2673,0.03408579724695941
9244,48927,0.029635352524358286
9245,42438,0.00317896361791878
9246,52428,0.012345847579506245
9247,91400,0.0361277080475321
9248,49038,0.007775634612328382
9249,31557,0.012180662928973435
9250,5668,0.014182806976313064
9251,35055,0.029912023445758103
9252,17610,0.029879621164610563
9253,20788,0.02017388092719507
9254,56387,0.023145954868776096
9255,17813,0.03230451635355731
9256,27196,0.045863373212404246
9257,17689,0.019565751329653887
9258,1436,0.014532085184535082
9259,54207,0.008976636468817654
9260,69432,0.017954921489172423
9261,20664,0.043449157005095905
9262,54861,0.010229200102478563
9263,42663,0.046795350445151665
9264,22349,0.04250062992093491
9265,77365,0.005920111543375794
9266,23885,0.027933001517502554
9267,4064,0.006831987339905981
9268,1496,0.015515684869277695
9269,55706,0.01228122402497061
9270,98725,0.023794660707670785
9271,36095,0.011508521822458057
9272,68637,0.00982815790950126
9273,29147,0.013536257878131827
9274,12802,0.019749428694919347
9275,39295,0.02386906967834099
9276,40842,0.015409040657239415
9277,55571,0.010355590568088486
9278,40834,0.027951317617171553
9279,92014,0.0072841306237377765
9280,71864,0.01064339357175459
9281,21657,0.030391245598921826
9282,87349,0.024713860174872978
9283,87092,0.010376543332409255
9284,56505,0.006607345060231004
9285,95390,0.01490244709498164
9286,84873,0.013551886946281646
9287,98688,0.020010422884046624
9288,70469,0.00738514711164863
9289,23248,0.005732536737215056
9290,98115,0.025060090270204394
9291,26112,0.030821325240474227
9292,23724,0.05218610807094285
9293,94105,0.013593937013639236
9294,75734,0.01373906158131796
9295,13810,0.008027218766005866
9296,57873,0.03152023277755883
9297,41470,0.019041740326575123
9298,76709,0.03180254568735638
9299,20300,0.013646673934554487
9300,45678,0.016719610753215878
9301,69651,0.015061614025695723
9302,62937,0.019401598515474176
9303,3189,0.02012631764019315
9304,74545,0.03575288975730969
9305,56070,0.01218115272305478
9306,39276,0.008810573022852302
9307,61057,0.00948693961803639
9308,60460,0.014792203619085124
9309,32082,0.010587004420026636
9310,52972,0.010088867134414651
9311,7415,0.009876445586560773
9312,34280,0.012527068249648003
9313,67788,0.023120162382346578
9314,57000,0.008879747154134403
9315,91741,0.011797773106734712
9316,52130,0.011781416669196718
9317,14762,0.010728482649521809
9318,53610,0.02154948862257205
9319,26411,0.01551756187342726
9320,53915,0.01545392886406899
9321,30292,0.038047526413094425
9322,90863,0.01715207795252023
9323,22702,0.013143158489647744
9324,44226,0.019755727774162117
9325,22650,0.019178001515352087
9326,96323,0.008894092916433394
9327,12260,0.007220400214871752
9328,3212,0.012427157219367001
9329,63491,0.02635371991797281
9330,49245,0.013287704772923768
9331,1458,0.016462933291636894
9332,74747,0.012580122423206094
9333,77956,0.023040954367482935
9334,76832,0.02758077461000997
9335,32222,0.009211613168868257
9336,24773,0.010427265802871778
9337,85525,0.027381272798789855
9338,11341,0.008491636131503204
9339,54743,0.009704845048318476
9340,16678,0.011526180332707402
9341,75841,0.012508983804102659
9342,10542,0.03138655505508891
9343,71259,0.023055256105149927
9344,55987,0.007019713484474071
9345,50150,0.03958987898122157
9346,89122,0.048663211147823134
9347,60807,0.0195147810074649
9348,24049,0.012072156754495177
9349,64504,0.04712428427141779
9350,75487,0.007401609391146564
9351,31587,0.011102925399207793
9352,86041,0.015319878044303176
9353,70164,0.024716475349622093
9354,35044,0.02019355650320099
9355,88934,0.009329649321943287
9356,10393,0.027475995329331492
9357,28590,0.01678325594524384
9358,26482,0.011021426223156702
9359,51844,0.014018749507415364
9360,27507,0.007168125743995953
9361,30006,0.0206950930349961
9362,68944,0.008094703159002032
9363,87818,0.011401227492104007
9364,55954,0.014325695859081632
9365,72353,0.0186977463039979
9366,97364,0.015395594663514868
9367,27565,0.008152785506748778
9368,59035,0.027223313793263496
9369,70572,0.00815230205850349
9370,748,0.01561056655004957
9371,86094,0.012324516311419988
9372,87760,0.009783948462754408
9373,51164,0.018705275714693728
9374,8379,0.014510683645767155
9375,7129,0.01774548653896525
9376,37034,0.013584667030474163
9377,99241,0.0067758714800387546
9378,26844,0.012083168438444687
9379,12439,0.017575320236963985
9380,56144,0.01747886142673196
9381,59752,0.014177967543973172
9382,80614,0.017197121119342615
9383,42285,0.022588779313003
9384,85929,0.008847172940879697
9385,50290,0.013258547975677461
9386,23139,0.009857592096544372
9387,72034,0.013798330055399273
9388,4386,0.016483651534949004
9389,84672,0.045021233503194105
9390,87643,0.021649480620007853
9391,75178,0.011940245761645762
9392,6327,0.02775811441560399
9393,70024,0.00685550244237257
9394,31794,0.013932448833916405
9395,46266,0.006904798120725588
9396,99315,0.010129012709033913
9397,13916,0.01314909960974695
9398,98699,0.02378730355295166
9399,50189,0.018240178293730702
9400,45115,0.014319536973860715
9401,68326,0.01700973322157041
9402,2048,0.02036349433904852
9403,69449,0.01628033549213271
9404,98302,0.007484719060833835
9405,40639,0.00748921368152203
9406,66275,0.00625042272316506
9407,51097,0.025213505694885386
9408,45752,0.0064849618483538065
9409,62248,0.047457917762296103
9410,69360,0.01987054718818861
9411,55765,0.028647356948033827
9412,32319,0.05495532469191165
9413,52605,0.056671904793185
9414,3616,0.04051695681248484
9415,87436,0.01439075883004776
9416,4981,0.019236804542814366
9417,87441,0.023780640568952873
9418,13510,0.007017276872827501
9419,58910,0.032481873871001994
9420,12080,0.0336907867520544
9421,82136,0.04344650257397518
9422,59726,0.011046709469250179
9423,1333,0.011687714237811038
9424,10699,0.014152089968193707
9425,19548,0.013394613166170095
9426,11734,0.009821778089203221
9427,97407,0.016753312380865724
9428,75497,0.041458591367646874
9429,60903,0.014396434250287327
9430,50302,0.01283325344421094
9431,56494,0.006933204850570989
9432,8269,0.01618997211934302
9433,91876,0.010654913234222603
9434,71426,0.008874050589523058
9435,44643,0.015532545167151805
9436,88986,0.05725252509933819
9437,7978,0.009268283430551996
9438,90795,0.008596170395250555
9439,15710,0.016831385107730343
9440,46940,0.02534393360582004
9441,58442,0.01223027237255862
9442,43453,0.015735804016766063
9443,74724,0.02114420991959559
9444,89828,0.013296245882373266
9445,59500,0.01677412239408334
9446,53122,0.018955136753205697
9447,13739,0.008548670034393342
9448,49448,0.013737979495317718
9449,96166,0.0139174420708208
9450,43520,0.011842460513415863
9451,59641,0.0075454475514493136
9452,7135,0.0246110699909948
9453,31719,0.030531910128678647
9454,42649,0.005608139595798931
9455,96777,0.011417829749044256
9456,51374,0.015414479592441063
9457,84211,0.01747135103347912
9458,45704,0.01563360174078603
9459,10777,0.011689235526230163
9460,61106,0.06190568131074664
9461,54320,0.007421512902089649
9462,38651,0.012305553609250577
9463,1461,0.032012721541458865
9464,92555,0.01041325092880692
9465,21699,0.02346517516339211
9466,24902,0.04580198194101649
9467,76956,0.0289917095874562
9468,65111,0.03215591875581734
9469,51894,0.02485753240307809
9470,59865,0.0057445421498465155
9471,40992,0.01263636163723319
9472,80940,0.011496737359840022
9473,29349,0.02054299486697664
9474,19477,0.007887942017273924
9475,85297,0.016350324966727184
9476,48761,0.012982166732236743
9477,86672,0.013044788662679737
9478,64632,0.009115666183976644
9479,30874,0.01414536267487005
9480,58302,0.01852864157720054
9481,81887,0.012774230077368155
9482,78445,0.01032103122388682
9483,16708,0.007502852750875165
9484,4611,0.015360714749389664
9485,73505,0.011052959922419218
9486,4723,0.03216230165504761
9487,9081,0.015710011571147924
9488,69652,0.049465986681443336
9489,88714,0.01990967911312461
9490,56278,0.009484123729182838
9491,38362,0.029279380814831026
9492,23585,0.012273112943477951
9493,64581,0.015897336173526323
9494,26695,0.006490322637015506
9495,95124,0.012537003381385393
9496,66270,0.013160685276060685
9497,26428,0.025577694126980258
9498,1772,0.007773753988196918
9499,18355,0.0180136045280626
9500,69143,0.018689211998788122
9501,96119,0.011578400200646582
9502,19421,0.015398098968967315
9503,63525,0.014220149381242622
9504,99194,0.01192337737520206
9505,98884,0.022070239878204584
9506,43076,0.019418996029619846
9507,31001,0.011782595181312357
9508,83017,0.026541852603307048
9509,30472,0.006439140423576401
9510,44810,0.018669313016167054
9511,44650,0.01980661323641266
9512,90664,0.0050031992727125035
9513,13171,0.007552979620040203
9514,88966,0.008614077256157648
9515,98671,0.00829713015331663
9516,88079,0.01595430300281276
9517,80902,0.008982912659607588
9518,60780,0.01906048429515489
9519,8852,0.010902119146779398
9520,12997,0.032692530974717304
9521,89725,0.016000737218973066
9522,20511,0.010169407988324566
9523,92914,0.019905402116817943
9524,76348,0.03782377882577552
9525,16522,0.012791837390882792
9526,60587,0.018620999170529954
9527,65916,0.023836773436649413
9528,68851,0.021520664222015255
9529,14571,0.013586823872344597
9530,7902,0.01505034971390466
9531,21500,0.013532963535341478
9532,97755,0.013671603022277497
9533,10,0.01073805811687086
9534,90430,0.009723284784931226
9535,97610,0.013139105271429904
9536,99761,0.03135259065023115
9537,35017,0.07938988736809183
9538,91813,0.009320352487135121
9539,3812,0.013692204046456451
9540,73432,0.036550306418357124
9541,2237,0.010029911514805586
9542,71943,0.013996352017087082
9543,72068,0.016917729252163106
9544,89343,0.010097223700659885
9545,42468,0.020117189859365562
9546,75165,0.014021094378683359
9547,7372,0.006155119054834266
9548,70628,0.01402378980780369
9549,35213,0.010740506293475345
9550,62940,0.029385685961382187
9551,54084,0.008466254608459487
9552,92537,0.04076984911522068
9553,87144,0.01784827273466675
9554,88087,0.014791399329332652
9555,97141,0.01155507399019209
9556,30868,0.011794712153641265
9557,47189,0.015977657004921902
9558,4387,0.004591907336295253
9559,64951,0.006719288383725955
9560,39151,0.017492957563900343
9561,91501,0.013423072083922726
9562,2643,0.02731069501724042
9563,24386,0.014648634568349542
9564,8685,0.009684679780619068
9565,1891,0.03138314563681663
9566,41116,0.017761979592162726
9567,39052,0.0030185437975316955
9568,17546,0.013461540415045017
9569,91932,0.009878906401405412
9570,28082,0.007922164983412472
9571,67585,0.013270927572181974
9572,6616,0.02426595820257567
9573,75756,0.022715398063057404
9574,56819,0.017145041087708767
9575,17487,0.017506513457536343
9576,64486,0.021751270915895172
9577,32965,0.006708279538026347
9578,70801,0.04207241125310101
9579,96727,0.011896716618427765
9580,65833,0.007885183392627452
9581,17055,0.009832632381655534
9582,13787,0.019378631112224202
9583,40895,0.01489224671471747
9584,13376,0.014217843669781079
9585,57507,0.015712275012376414
9586,70106,0.008680197819565747
9587,11738,0.0487911433522033
9588,71088,0.020489887033387232
9589,20524,0.02933855306228728
9590,61469,0.02714681302804765
9591,93140,0.019212290259286408
9592,2408,0.02971042145314722
9593,42153,0.021908016010559344
9594,78730,0.00850261809037776
9595,19140,0.02132262194392083
9596,29481,0.0439719311592345
9597,9182,0.02664081336858344
9598,15754,0.024847418096368312
9599,32979,0.02566785736591715
9600,69488,0.006846248364477765
9601,77065,0.010921284028346063
9602,71211,0.02691252545990941
9603,14424,0.010479666369617547
9604,53484,0.004743711113670087
9605,65358,0.013104478321707152
9606,94468,0.018414394668392405
9607,24589,0.01381429233327348
9608,45403,0.008107131390170474
9609,16732,0.031200078818334035
9610,26080,0.04045797320577617
9611,20957,0.021058046931120126
9612,2838,0.03830466844512004
9613,39867,0.023092146516816833
9614,16800,0.019379494757222625
9615,52767,0.01412945019773231
9616,8122,0.010372154513995932
9617,58247,0.06478556598788748
9618,16989,0.009287477665648603
9619,92296,0.005951988209665511
9620,87090,0.014849518974420028
9621,58326,0.01200491841443304
9622,75174,0.016322656254025767
9623,65085,0.004634553708273665
9624,85593,0.017635365763679127
9625,35469,0.02082162858869837
9626,95197,0.011253151647723395
9627,38595,0.009431627169180718
9628,3805,0.008247484129124322
9629,12858,0.018475998008770183
9630,53269,0.02040657492773528
9631,28492,0.012285735979930617
9632,44344,0.008478553156457617
9633,88205,0.01231682187069416
9634,94206,0.012084876615795694
9635,94063,0.01363155694835148
9636,93402,0.005589590810632236
9637,26225,0.025776298147780208
9638,82384,0.01590134302974276
9639,58739,0.01452521968292912
9640,90935,0.014975349576535096
9641,47492,0.017834689951425044
9642,68828,0.012368638211811896
9643,42627,0.00787312137713322
9644,50509,0.02102401330481052
9645,49982,0.019771573809055747
9646,82679,0.009124665247111538
9647,99893,0.03948412249010452
9648,39185,0.012603843109307697
9649,90229,0.011446725859872584
9650,2608,0.024869262285502524
9651,48600,0.01352653860241541
9652,58080,0.0488929611805272
9653,64812,0.026920066261801084
9654,48358,0.012382914551328778
9655,56503,0.018072226479603454
9656,74,0.03090785834638566
9657,11161,0.010707611602759534
9658,44509,0.017047557995474978
9659,40752,0.03545465334915664
9660,89636,0.011437289739645595
9661,21957,0.07081174823100914
9662,17573,0.01990394542559152
9663,7865,0.01975537621994628
9664,27509,0.02270698716451445
9665,42375,0.01095596115802325
9666,4727,0.015036020160880917
9667,47853,0.01138515354253956
9668,92073,0.020092828348511
9669,70689,0.008738688820233037
9670,86997,0.018940082484858355
9671,9945,0.037614560908564354
9672,94401,0.017917544786086762
9673,73617,0.0185583172629738
9674,86645,0.008792946108152708
9675,28187,0.013055608577857923
9676,93403,0.012309318691544457
9677,82758,0.017090376637789798
9678,14059,0.014407182883642726
9679,47361,0.007982735386858744
9680,29044,0.016429007814285766
9681,33838,0.011782009602257806
9682,73342,0.01215673526472185
9683,87775,0.05993977560698753
9684,6341,0.012225760190987268
9685,40297,0.022376793272071514
9686,10594,0.027568642965575412
9687,32805,0.013688425342038341
9688,37571,0.01192276960881019
9689,53282,0.00720841580935026
9690,78802,0.016814854267509283
9691,1766,0.00871265607551042
9692,94680,0.00675725329559901
9693,89258,0.006204991107122115
9694,84849,0.005757391621155827
9695,43355,0.02044626517203163
9696,24631,0.014644065097704193
9697,38292,0.02587235798451739
9698,40461,0.03717024922167717
9699,85460,0.006729330082912472
9700,41753,0.01044807665833308
9701,44093,0.01239287650326662
9702,51682,0.016129096703159894
9703,2028,0.006727316750375654
9704,73420,0.014232897278359621
9705,23060,0.032121167434579476
9706,78955,0.023091350543478287
9707,14947,0.017812547419016167
9708,64360,0.03381405990965887
9709,96634,0.016905147262618013
9710,94532,0.009712952926808238
9711,39591,0.009627149271757871
9712,98121,0.02582484409869603
9713,80282,0.026459724896133935
9714,52517,0.010452338603632151
9715,65973,0.04899513704163838
9716,63716,0.019779129776660968
9717,43228,0.007131515703077867
9718,73353,0.016818255928896058
9719,650,0.009686570845538985
9720,31763,0.016958431457324643
9721,4258,0.019593180546980477
9722,45746,0.03745122733347621
9723,22096,0.014497730940179957
9724,83144,0.02108106416807075
9725,36771,0.04537405372602814
9726,85590,0.030606342747063035
9727,33578,0.00894395968049388
9728,8670,0.008737817612260277
9729,6186,0.030383723460178546
9730,66162,0.03837719378910735
9731,80228,0.011285959231459142
9732,53506,0.03563422526830848
9733,14744,0.022017942439511565
9734,50537,0.011272984550663527
9735,51989,0.019229643988080698
9736,21297,0.020159666871538758
9737,82167,0.016631511698970616
9738,5177,0.019547107307238666
9739,69110,0.008031281453485792
9740,28441,0.021728098579923298
9741,9986,0.00957934321680784
9742,93729,0.020812478486339867
9743,68569,0.007031133853432519
9744,96009,0.015715102611896452
9745,58657,0.0038882746262074246
9746,86588,0.019423336841586137
9747,82006,0.014787375890780385
9748,74732,0.02006827733252215
9749,36558,0.018496243429864577
9750,69486,0.01628528784120615
9751,95703,0.027977219700025414
9752,75608,0.03723784932140921
9753,41847,0.0275750695623782
9754,78775,0.021542814333307545
9755,64334,0.004875904609401421
9756,31886,0.008172905708916647
9757,68033,0.011005091602529504
9758,50527,0.012295284070498916
9759,48007,0.023474010114791572
9760,77240,0.01206295760510472
9761,44185,0.009745623857352722
9762,53668,0.02584021390446659
9763,58861,0.029976205108474676
9764,5410,0.020485981975770968
9765,82189,0.011882200044323641
9766,92397,0.01685307104307084
9767,37218,0.012211864451255269
9768,29820,0.01561593591391733
9769,77642,0.007176690742312638
9770,45685,0.014157231408235153
9771,67619,0.035503469997694624
9772,36243,0.01455858964837618
9773,92384,0.021152047311983304
9774,45002,0.007928380055595333
9775,84052,0.012898380886796724
9776,95976,0.01090701951390378
9777,80523,0.013426993084816883
9778,19729,0.009724184124089014
9779,19034,0.008431864985504259
9780,81606,0.009106070239730035
9781,61874,0.009789601323983713
9782,19580,0.018872442595572865
9783,60882,0.015754638818865328
9784,95251,0.01864568733792549
9785,12244,0.007379667561566893
9786,17414,0.013019322237090274
9787,97934,0.008359791632838929
9788,61261,0.019917025922746547
9789,34273,0.030016072772342754
9790,9636,0.01799108556193717
9791,52202,0.01229624045997619
9792,65058,0.013210730639256284
9793,87207,0.007817635695898158
9794,52347,0.023799071085856507
9795,8548,0.009151128209269003
9796,20949,0.011501614785125118
9797,57824,0.013469726883688502
9798,56773,0.022459575632204853
9799,90125,0.01945444090524255
9800,72336,0.006783081935074025
9801,94256,0.00812738412484243
9802,65365,0.059181195157231525
9803,26855,0.007865864084377193
9804,74849,0.01553984305930242
9805,24240,0.01799778416930742
9806,53377,0.028012076784776182
9807,26572,0.009610292263835373
9808,67469,0.010729463544793429
9809,44994,0.011890737689893877
9810,77600,0.010404324663312658
9811,77089,0.012457124342696172
9812,21631,0.02677850819191698
9813,13925,0.017643511611452986
9814,42921,0.03003276113254915
9815,58095,0.028371647504272946
9816,71885,0.016869609118540886
9817,56977,0.024573691950031326
9818,44935,0.013225507856049331
9819,57554,0.008204809711535553
9820,81283,0.014173434766402038
9821,15019,0.02429245418597042
9822,70200,0.01761584490368672
9823,9276,0.014486458089713876
9824,76681,0.017038774263853154
9825,26469,0.014751875217300769
9826,70162,0.00878196481177562
9827,88990,0.02693237757250292
9828,95123,0.010764838313208284
9829,84549,0.027935921666043455
9830,59480,0.015110563857315327
9831,1570,0.0293516286514589
9832,2335,0.01158571626418058
9833,25064,0.010703445708385174
9834,94672,0.03090395565431604
9835,13199,0.014261294815691033
9836,57899,0.02205435858606727
9837,54148,0.04156443410406984
9838,37622,0.015010139033189504
9839,55957,0.011241088786237715
9840,17447,0.012741249226818279
9841,44199,0.021236944420844076
9842,2261,0.012798996709803834
9843,361,0.03022248172014052
9844,66652,0.02516117397380122
9845,6745,0.01572857705849611
9846,40526,0.023030376292487907
9847,89449,0.018437176445815842
9848,15810,0.008401967567808845
9849,9590,0.010734158362570816
9850,65308,0.0118733008387202
9851,19474,0.03601470188667664
9852,65276,0.010782366581538996
9853,61737,0.01144294092355554
9854,30853,0.01535350398223996
9855,70182,0.007913276152317615
9856,87935,0.0681807386398569
9857,46037,0.006679311060575339
9858,76411,0.016123361326657405
9859,21049,0.018085502047432072
9860,73021,0.019718476324164923
9861,980,0.04977228295114833
9862,62384,0.011717573591464223
9863,63942,0.023260468021505717
9864,49612,0.04740957432437235
9865,18487,0.017127276494636683
9866,11557,0.03141047872348596
9867,52561,0.01325018526429729
9868,18194,0.010634674073157399
9869,10450,0.019616193596315442
9870,21388,0.011045379783013296
9871,82482,0.010804598121490806
9872,62177,0.014254362310465262
9873,84970,0.021564720006881526
9874,2657,0.010411018061302332
9875,23066,0.009642454119915642
9876,52854,0.010706603094090902
9877,47028,0.018863303734674472
9878,14798,0.03280400635771735
9879,44649,0.017786880506491524
9880,51533,0.00848327234038147
9881,66388,0.012923009097122599
9882,13961,0.008920053839732952
9883,421,0.010415673975807577
9884,15880,0.007349117526522716
9885,50117,0.011464391870365862
9886,62893,0.015720602264857282
9887,60459,0.013697176589583616
9888,98825,0.026907217945526193
9889,58273,0.013218334300363515
9890,20989,0.015599006238153905
9891,52988,0.0187901689160572
9892,72916,0.009552148569395225
9893,6296,0.014970022141048513
9894,50440,0.01937333657831634
9895,28516,0.026927502221048095
9896,79667,0.014733692541852793
9897,45851,0.013135734049991899
9898,41761,0.02020079347219168
9899,25651,0.00939004888569858
9900,38186,0.016183171647429453
9901,32831,0.00729652082011729
9902,59541,0.015674897211737017
9903,16517,0.007835171074357297
9904,66406,0.023422353158897964
9905,13181,0.009689901769489943
9906,39797,0.011451954784651025
9907,90461,0.027180135887139936
9908,99372,0.012913999661443928
9909,63516,0.008087889567807326
9910,26867,0.01720393117568653
9911,92210,0.017899092696533964
9912,13519,0.03813264274973969
9913,25090,0.055069912507216746
9914,60921,0.027493394047071955
9915,43960,0.015696199733744233
9916,36603,0.023806781745467555
9917,93490,0.0125498780836508
9918,34835,0.005190636104973457
9919,91938,0.008714355829835478
9920,83527,0.005363230499561318
9921,58068,0.021892521920344264
9922,72576,0.02118917212141648
9923,99005,0.035752264339010464
9924,80528,0.008915156599461157
9925,26137,0.02163883054302018
9926,99758,0.011969805012423496
9927,42844,0.022634874636897062
9928,37468,0.013002746637197339
9929,94368,0.015204168130875597
9930,36807,0.014186500490763383
9931,51820,0.014023097341648562
9932,1996,0.021168049574594703
9933,94416,0.021122138436889735
9934,63680,0.005402878034806913
9935,49759,0.016627707854684152
9936,36447,0.016379223400608555
9937,38467,0.019901348262603556
9938,7927,0.012091465004301626
9939,55218,0.0313740672237221
9940,58316,0.011357787125106402
9941,45834,0.009406877105288196
9942,28365,0.012417298855321807
9943,470,0.00933217869117768
9944,89677,0.014250093988185842
9945,61491,0.006319332347990145
9946,88468,0.028071852139742233
9947,70105,0.01262018034100788
9948,56308,0.009019506141949341
9949,68170,0.00830691003374727
9950,15481,0.012298943796055128
9951,32581,0.01728871147478704
9952,71658,0.007153634864109072
9953,15178,0.013569187636462381
9954,61255,0.027138728101195702
9955,98315,0.011974914283280243
9956,14867,0.032195474355962234
9957,16549,0.014579513282136584
9958,19987,0.006342728690400687
9959,48905,0.009933420302724663
9960,17949,0.038951580492104426
9961,87001,0.01535624607580219
9962,3318,0.013914917676580287
9963,92077,0.009941114234076627
9964,13963,0.023671416189309943
9965,99695,0.011304490431375647
9966,46338,0.022526209443201245
9967,65476,0.02367956070893723
9968,42804,0.00902102397966804
9969,972,0.007054807454163498
9970,86748,0.01039106637007945
9971,77911,0.02188481489954004
9972,68237,0.01078509474694415
9973,3683,0.026401092083905193
9974,29243,0.0074374009583695645
9975,73742,0.017721871620821894
9976,91291,0.017735286848717634
9977,46889,0.02246791735989944
9978,85229,0.005022097237502384
9979,77839,0.015574903489532683
9980,2301,0.015146723758006807
9981,26483,0.016901370746450133
9982,67742,0.017512316884661885
9983,28505,0.010170418206566405
9984,66689,0.014744087240556963
9985,99528,0.006969868621636127
9986,29633,0.0062009581684078375
9987,2025,0.03912553908263239
9988,57762,0.006645154642295437
9989,65360,0.008197977767951184
9990,59773,0.00991855793595926
9991,95015,0.013224480104325621
9992,89304,0.008229000579956142
9993,64359,0.017617899464904403
9994,86030,0.007430304696483765
9995,61844,0.015229522919225654
9996,8627,0.02487502542636403
9997,7377,0.043595534477415196
9998,48774,0.013742667338622155
9999,90487,0.021120719451362957
