ci_idx,ai_idx,distance
0,30606,0.031180554039825736
1,5029,0.024982606368996234
2,66264,0.020559341185667636
3,22059,0.018822284625809742
4,99141,0.016157002578960807
5,50544,0.034924135086067495
6,69141,0.023841611732387084
7,42595,0.04199298568556665
8,81902,0.019225752734524582
9,14413,0.014981089383033516
10,36846,0.016005076683273597
11,29274,0.03651142911657443
12,91742,0.01995232165170359
13,23867,0.020641293478466816
14,89307,0.010377339576989008
15,84786,0.01935108281015785
16,97612,0.023209983545310432
17,88319,0.01630748058175472
18,4250,0.03149280423399824
19,94438,0.02601649795531423
20,3889,0.022916890336081755
21,69415,0.014978695130079121
22,31845,0.014393497393222918
23,80176,0.01621209622542637
24,81328,0.024671067558786546
25,1429,0.019108082731679576
26,53600,0.044373411927918285
27,89284,0.0347509031002833
28,18451,0.02395746959019167
29,28175,0.019659070373881274
30,19761,0.03175017165679038
31,49997,0.05603659329997578
32,25955,0.0180310919035489
33,49352,0.02226662579887639
34,69759,0.025368158863355594
35,55314,0.012565819451039099
36,65219,0.0270628506225942
37,57220,0.01670795789141465
38,29529,0.042661317360245976
39,7352,0.02178945528615828
40,28193,0.021748061153695077
41,73577,0.01707534861486981
42,36468,0.02916280145056989
43,51164,0.023138559916490522
44,15408,0.022604082595413116
45,84600,0.02466387436778444
46,77140,0.019254602847556278
47,69445,0.03201344674177234
48,25197,0.026199087335830734
49,56152,0.02356640690050606
50,28973,0.017676940012588203
51,72996,0.018857295783328693
52,26438,0.020170135446374686
53,16443,0.04158943048639965
54,14048,0.014829005570629857
55,20123,0.03650859063244263
56,65299,0.019713478502117354
57,31530,0.03350302747430093
58,51235,0.03206506832867628
59,17073,0.02912749098378667
60,68518,0.02883873396838091
61,42805,0.02827952165496634
62,61997,0.018664863917525344
63,65569,0.047209142625361855
64,84960,0.026507848604385827
65,31310,0.012007846161289904
66,37293,0.03452684993585928
67,41899,0.02159475985466896
68,60589,0.02561853859297289
69,52385,0.018360898686230788
70,94940,0.02532395809510958
71,89738,0.015062493446414391
72,41552,0.03195598310813858
73,53975,0.023120406668803342
74,2545,0.0202528840429217
75,83844,0.03348298202888089
76,34525,0.015678533329272586
77,5082,0.021681072571242598
78,4109,0.027619436804651065
79,92548,0.019455458266068447
80,14695,0.019811515708446956
81,99408,0.02659183150871663
82,50355,0.023553716371345183
83,31370,0.031156245380411635
84,53151,0.03552006846696482
85,14929,0.020096198621350866
86,6725,0.015598323430578362
87,44446,0.014475523503444821
88,10213,0.023491396790114326
89,39584,0.020057470009955693
90,18675,0.029355399082788922
91,89966,0.02263705284332916
92,77875,0.023349726732247382
93,20976,0.022402331531263545
94,38034,0.01898719090501845
95,51620,0.02506182588649335
96,79332,0.013155947758036792
97,14631,0.029543733491837247
98,12683,0.0229390861924204
99,17989,0.02748954306919246
100,59449,0.02088787681250036
101,11869,0.03309779221054686
102,62095,0.030865299138531286
103,12981,0.022870237912865923
104,42930,0.02365045049799117
105,68714,0.020053354559689575
106,7349,0.016141051995218855
107,5237,0.02001467792902509
108,41488,0.017319397713139655
109,37923,0.02540132756131615
110,53164,0.02387730234708732
111,65411,0.025194400942601912
112,31755,0.029493192385264898
113,91553,0.0346677790088223
114,44788,0.03530209905523779
115,16988,0.019412712576577958
116,35344,0.024909071023786235
117,81538,0.024205307422953418
118,15338,0.02080694743806437
119,20192,0.01627607245981713
120,82483,0.03653546679728283
121,47785,0.038630888714521694
122,81039,0.02584618106350939
123,9080,0.019378191919188086
124,88959,0.031965229103031935
125,73014,0.0178759800573786
126,47079,0.037038030667776244
127,26016,0.031943221081137056
128,22209,0.020707004530946753
129,85300,0.024755291601309095
130,42381,0.04405177199109088
131,88616,0.019919470929550785
132,60944,0.019862552326913814
133,9350,0.016805253464884644
134,73141,0.023310438479071008
135,38590,0.02490970890409322
136,97733,0.01924647223831913
137,87036,0.018862599717548556
138,39948,0.019036464577069246
139,80587,0.023770956362128608
140,34776,0.03669098010319612
141,12580,0.02002423940629635
142,90819,0.029117995381246854
143,25024,0.020911535611162324
144,85167,0.04402870515309572
145,6288,0.02694629099494069
146,41716,0.03200150905805349
147,65919,0.03795512111036664
148,75161,0.01913036166776628
149,43450,0.01886669181365572
150,33698,0.019828810493966398
151,83908,0.023935472223195683
152,21896,0.01924199667233099
153,46614,0.015908530607462116
154,20172,0.020614497398599163
155,15873,0.03126288876575721
156,39571,0.03367644878651749
157,30023,0.028308220958063145
158,75930,0.03201580321713911
159,37724,0.03213752262555833
160,56332,0.03333189218391115
161,63579,0.02552831825488326
162,52215,0.04310497544073237
163,53970,0.017952965127864956
164,15374,0.056035900642544136
165,44098,0.017822933802880914
166,9366,0.01458391968195609
167,21264,0.03377711120390427
168,66999,0.029806800177313256
169,44114,0.01797499109619672
170,26955,0.025459186557076477
171,40800,0.02265315203966273
172,33364,0.021371099432767326
173,15577,0.0186627699799308
174,27072,0.02314812514459458
175,48634,0.01739407998172919
176,38114,0.02258750934548805
177,56684,0.04178563721430639
178,18345,0.020069642647992266
179,88426,0.023392954277511275
180,80562,0.039836968015355675
181,76926,0.044982262777871394
182,35851,0.015530431214370017
183,75938,0.02522480763603822
184,88760,0.01933203225898327
185,40186,0.015668497244924248
186,17749,0.02843942087549745
187,60573,0.020037793049753776
188,72550,0.055073145376207736
189,83993,0.023745212752930067
190,44086,0.030112173814666656
191,29875,0.018236429582611957
192,65343,0.02319051553624608
193,87292,0.017080316335022334
194,5383,0.011937317468095416
195,78547,0.03936629456430417
196,45968,0.03578383461764893
197,30816,0.018201769526330906
198,26475,0.023894047827415145
199,72831,0.017491052374662544
200,92913,0.018141764791222148
201,27375,0.023788858820842043
202,46993,0.011952681077054581
203,76863,0.025799751253392157
204,78048,0.01976798897858717
205,22626,0.03403672247481483
206,19815,0.01974106229042693
207,49740,0.015419793746317474
208,69044,0.043856401076313285
209,51196,0.034815560511744684
210,7753,0.03210858463994837
211,56529,0.017290305892137335
212,54377,0.02071380882954465
213,83353,0.03230104654167263
214,68634,0.0157019018594422
215,85990,0.022539929797693748
216,92423,0.0361160131729879
217,65395,0.021620676855311213
218,65386,0.022104683870893493
219,56264,0.015254830041944481
220,76881,0.02259847795437965
221,37410,0.024234393312107447
222,15612,0.032564561735053454
223,99567,0.022567073128068292
224,48343,0.02683617064828519
225,29501,0.025562929914177333
226,33068,0.02315299343496583
227,85489,0.019679119877783535
228,13285,0.02432345563012423
229,4497,0.03739050128414371
230,47784,0.020724621790968838
231,46258,0.031618345371846504
232,83144,0.01524038871110874
233,74021,0.03385718986184802
234,61405,0.028857027756007157
235,63840,0.024139907394770163
236,2783,0.02489895645890442
237,45921,0.023227528005447282
238,95511,0.05760806362855269
239,40359,0.02628560552859551
240,79599,0.058285582246129314
241,98487,0.023449350351181245
242,87672,0.018386908403507596
243,64578,0.03637079567891729
244,5814,0.04015717515975155
245,87647,0.022192815091159293
246,28292,0.02128676312337644
247,64847,0.025293227849544034
248,87806,0.024464915755211213
249,35130,0.03577769415548351
250,96199,0.01606419417833294
251,22885,0.036684899061567106
252,27317,0.014298119655874166
253,44729,0.028010433809512097
254,73791,0.025702473323655866
255,85839,0.017638689315319096
256,35142,0.028292428656922285
257,12589,0.0225026627169741
258,63934,0.02427597029312504
259,1985,0.017224247089649123
260,83628,0.026348041391099444
261,50678,0.023807496417491428
262,1129,0.014492780204728651
263,94294,0.026955438599928508
264,10986,0.02080961194879927
265,9267,0.02230969948777176
266,66388,0.02322562157774549
267,40590,0.03812604797948781
268,614,0.015323648935756254
269,96244,0.020199944497087584
270,10080,0.01690848762531458
271,93638,0.029658574612027745
272,36955,0.011951766054748994
273,99825,0.03046938814493577
274,69090,0.01910046769635372
275,35890,0.02018960560761427
276,45899,0.020573344707367047
277,37398,0.02158577072399373
278,71352,0.02474796449087944
279,89691,0.024124993716515677
280,4774,0.02407178944231425
281,99124,0.031538221891867946
282,10556,0.03312315528276607
283,61985,0.01567052536758686
284,17186,0.029795362446465128
285,54635,0.04139725451075118
286,59048,0.016244005774799807
287,76032,0.015803099899366416
288,51866,0.03809277111965102
289,39322,0.01794098253229718
290,29959,0.018306165428963087
291,40861,0.01933270794064227
292,70060,0.021558531248952625
293,84340,0.0336845223396767
294,99073,0.02754859291581803
295,6319,0.023547255674896354
296,89757,0.03533158382715485
297,15689,0.025741135220745538
298,54188,0.020078149322277698
299,56396,0.013583168804040206
300,54958,0.033750041331432404
301,34658,0.03337819441274255
302,42966,0.014466092139357472
303,16224,0.010869673535031547
304,35690,0.01726166775039463
305,82490,0.018172518873992596
306,46208,0.04644304458371574
307,1765,0.018357737299351404
308,83862,0.033110292214711956
309,37345,0.027727942672540435
310,86867,0.016596539476874457
311,44391,0.01840360632209265
312,70222,0.024093680452442135
313,72085,0.023593779611121947
314,60134,0.025975903174044288
315,4431,0.011349111259518648
316,97292,0.026098377836801422
317,68889,0.040695407182551026
318,34208,0.020199829420490215
319,34140,0.05681273832089885
320,70141,0.02203501081211332
321,99337,0.023236322108115492
322,70040,0.017130679853552565
323,55290,0.01394428469776084
324,44063,0.03172562963573575
325,85865,0.015935544666808934
326,85289,0.03560201013985741
327,95166,0.010951832348291196
328,50143,0.027257145237404808
329,82672,0.029030785936564905
330,67715,0.03367491274525937
331,57745,0.025442997747927916
332,46594,0.027019657396195895
333,17910,0.022018595491419945
334,76930,0.03750912678645361
335,30479,0.049290471816120736
336,18534,0.01820430463576922
337,30555,0.02840478240415213
338,15664,0.025134970833039283
339,75649,0.04755606335937305
340,16073,0.01835609741841239
341,32710,0.017071039469210923
342,36318,0.03302791409937959
343,39179,0.0530938341274447
344,75891,0.01886759638911886
345,2523,0.022873699785830575
346,91683,0.01865902570161125
347,60007,0.024844480409409238
348,93395,0.030246258814007006
349,56589,0.0243560005043569
350,71677,0.032113368072114526
351,5400,0.059745432821345035
352,95240,0.03367026016512369
353,13532,0.028766841932313013
354,74044,0.018804839346276067
355,90682,0.023515510548733378
356,53034,0.019813173274404055
357,24801,0.0153548892832399
358,29921,0.06150320007480134
359,13774,0.03378297388945602
360,53595,0.01121352966861772
361,30599,0.02538927584996251
362,27934,0.029788404266876158
363,35015,0.027016633836280647
364,73957,0.049029329842582375
365,78564,0.022560829871766754
366,51371,0.02572925811859234
367,81993,0.013325163977963012
368,68508,0.01787859021867784
369,30590,0.017444118532358645
370,17453,0.01863348590877715
371,85200,0.03464359189084707
372,52756,0.026661357820975243
373,47336,0.01383252474766257
374,69232,0.01300031424607577
375,34699,0.016319930686623078
376,45327,0.02643302374215747
377,46705,0.02234365757449727
378,28801,0.015758544461231545
379,98954,0.020770092346936865
380,70530,0.02455358348112798
381,28874,0.0279320892873128
382,98364,0.03055511364320827
383,41158,0.03224183190767008
384,34304,0.018065976749585613
385,42358,0.024212932742920534
386,89253,0.026090398375956315
387,66957,0.021543591487679887
388,86261,0.02034693332768572
389,73188,0.019826304412419254
390,69628,0.015936131425549425
391,1569,0.022071625262432427
392,47200,0.023291643687565918
393,2112,0.03123449392339983
394,12521,0.019290657660268034
395,21726,0.019091406545633193
396,40920,0.017684806800599917
397,59245,0.046331794543818444
398,97455,0.019120770535079587
399,95348,0.027106851938691574
400,47148,0.02216578328144854
401,49326,0.013326912092869923
402,57947,0.053613492615033724
403,33031,0.016868109985640943
404,84837,0.029500639134226042
405,88604,0.02343648962024189
406,57146,0.026605539576921237
407,68660,0.02838057616596666
408,9096,0.020532556226455997
409,95313,0.02955789980429727
410,44059,0.02465078286458286
411,63153,0.02965207392217238
412,32168,0.027430955509179573
413,17428,0.023914282502548085
414,51847,0.050720240473901904
415,66517,0.022156726539343405
416,46064,0.025853088542731988
417,62731,0.020311937368392985
418,8476,0.017956396742021884
419,28533,0.026431473375446577
420,80312,0.019326343511991757
421,96923,0.022208579141096602
422,83071,0.02793146284548491
423,6861,0.0323982215446756
424,35072,0.017976037687077617
425,34904,0.033313087028106744
426,34136,0.04774096461405776
427,12879,0.024552173771272816
428,37323,0.0179435819919231
429,34870,0.025723091842980047
430,88091,0.019229713752425905
431,42279,0.014003820376620003
432,53857,0.03141665806787999
433,82041,0.024526247017013426
434,16286,0.03666932827912924
435,21984,0.02323483765615725
436,23780,0.049323571084992794
437,98449,0.011718674265460758
438,73511,0.03008643608024196
439,39391,0.028449209341846603
440,45858,0.020676081311416312
441,55293,0.027477572192630462
442,34719,0.03661254305850304
443,94090,0.02338864336967192
444,14583,0.02602847913690997
445,72243,0.023441360135511166
446,9363,0.016700539462714055
447,69802,0.015223983351430164
448,5961,0.02320746152372751
449,80064,0.031002330632047912
450,77842,0.019031846749676572
451,23670,0.020652628958972796
452,48832,0.04201875647090836
453,50329,0.019229987386707337
454,75802,0.02138089620178646
455,16209,0.02680364770064029
456,97473,0.021339413916914268
457,79664,0.0241920978188209
458,4482,0.016153318158123833
459,5987,0.02414224684870818
460,32502,0.03754313411228774
461,86601,0.02072491356217353
462,53344,0.05722098768440529
463,18035,0.03155346811900481
464,79984,0.027569985499779456
465,85624,0.019403628281919234
466,33632,0.024735625307211927
467,23921,0.022483325420746533
468,15039,0.026778213236952675
469,14951,0.02402687225953247
470,69895,0.025923979463460107
471,42454,0.0527312465095327
472,52444,0.023726966650658085
473,68501,0.0281133083881085
474,41163,0.019344549092524924
475,51046,0.022843405367996002
476,20685,0.04195142916249439
477,83964,0.019017132737759974
478,86924,0.018905990670133085
479,94922,0.023988575449532732
480,68949,0.02801164412486552
481,27319,0.01596518747404474
482,63941,0.031287944697118056
483,18581,0.01808712403777522
484,23141,0.03636617352422594
485,93116,0.010546104211864232
486,73186,0.02726929266993293
487,79457,0.019593467920249803
488,23599,0.019966563319488536
489,83776,0.015220519815647442
490,13650,0.03255248523865084
491,42904,0.035118723866669886
492,89925,0.020482132334606298
493,15127,0.02774574345929456
494,14707,0.01803437137899529
495,94537,0.022211595689260642
496,41660,0.01866079684892027
497,22878,0.02296892558914596
498,9382,0.017075289694940973
499,27442,0.022546732374873542
500,12891,0.029196168242203165
501,7297,0.026881707948658063
502,93976,0.03603566114210116
503,26795,0.0163287795722885
504,96861,0.022677713232578167
505,96072,0.024998608241215543
506,20838,0.02126455545515481
507,86044,0.021043675336767837
508,45776,0.01708074176805479
509,90003,0.04655572891507567
510,20343,0.018433267827516808
511,64181,0.019301833265468783
512,37959,0.016042482187542118
513,79693,0.045798175081616814
514,68374,0.05202886516821324
515,13542,0.009788532718522595
516,93332,0.02583310033663866
517,76891,0.03222003842513953
518,79665,0.018479665911614398
519,89610,0.015806026054908377
520,94169,0.023023793769561093
521,66074,0.021723044375506394
522,96503,0.020233261057998452
523,45963,0.022882142032027927
524,67551,0.024731727738579203
525,22617,0.01995413463816276
526,42853,0.030035361132943496
527,60661,0.031190596578198636
528,48372,0.03767921792366607
529,3447,0.028505641049296954
530,8849,0.02003647047606235
531,13242,0.03086078812329904
532,56072,0.0216807463052834
533,29641,0.03026271494886418
534,15457,0.016067400687546977
535,78787,0.017089103320249485
536,45644,0.0205302053996035
537,66488,0.0313173755762078
538,86998,0.014612523298830503
539,46555,0.020821420027148083
540,77651,0.015467571131957321
541,34639,0.016340363441055262
542,28795,0.02967616892068695
543,25051,0.028560343691793548
544,72325,0.030498117921045058
545,90813,0.021999337236437773
546,33594,0.020863065390837113
547,93149,0.01455661374460684
548,46363,0.020431665641439316
549,36384,0.023719582945444833
550,32819,0.011915603546934293
551,97442,0.016802709727707192
552,14688,0.021887529972084846
553,37052,0.026204384566418538
554,75026,0.01852078619258827
555,72629,0.01742327870107009
556,58303,0.01255397685519028
557,47541,0.035269564116723245
558,97448,0.016407920718852713
559,64526,0.01377938734127604
560,50628,0.013743632426210767
561,22314,0.026628854087040753
562,78708,0.031673269121240716
563,60330,0.017165794466272224
564,78872,0.028834701605786626
565,60806,0.033601674534929654
566,6402,0.021287665460476467
567,84973,0.01932519383157553
568,56911,0.021158577002159777
569,46428,0.017002058157061194
570,79376,0.016697074505007785
571,56920,0.02041650730255966
572,2199,0.026036831256970573
573,22071,0.028247978083327324
574,78109,0.01960568689955143
575,85151,0.0189914902962003
576,24136,0.010897076462435066
577,52611,0.028728720679744083
578,28850,0.03740234889901395
579,42619,0.018347136845196114
580,97989,0.029394753995078862
581,1786,0.020974818608272137
582,44366,0.041745121485239296
583,33372,0.026023685258316102
584,60437,0.020825837981524802
585,58587,0.018476470897890052
586,70676,0.022835419529407732
587,73138,0.02929603087415622
588,27087,0.022825305439893126
589,59750,0.03006669721469571
590,43809,0.028389716203563408
591,15670,0.01752575747723223
592,75979,0.03981186186338384
593,65882,0.024425380518452163
594,56381,0.016943778914667723
595,49612,0.019368490669774377
596,54546,0.018818264806282733
597,68430,0.024193010347528403
598,17844,0.033249239768233976
599,51560,0.02952315580787037
600,2071,0.02292928839187678
601,7209,0.027360763326901117
602,86607,0.02309817178979095
603,80327,0.027395295041511645
604,17545,0.03137707069871771
605,97721,0.026557170267651954
606,83969,0.03143790246834362
607,70642,0.010141193684095138
608,82799,0.04469444584266445
609,25785,0.023408768478129817
610,71489,0.02713348701998588
611,12482,0.020675766180167823
612,3883,0.034692482729161686
613,63702,0.07230368448767494
614,50093,0.029468977500354473
615,64073,0.02656692582130931
616,77792,0.031627513147566545
617,7566,0.030432017448471932
618,44149,0.0222355217543325
619,74381,0.015063295511585199
620,48576,0.02999537312904565
621,1820,0.04491144615250806
622,19269,0.03164771771107699
623,30640,0.02843600871041635
624,33849,0.020925134922034343
625,4021,0.02245139927547925
626,65604,0.017666229479124107
627,72376,0.02659926397746273
628,65734,0.024360763613370265
629,37214,0.02142399262030905
630,57551,0.017319430855433054
631,22200,0.028557373468228873
632,41483,0.02204499097107924
633,1619,0.019710813558483642
634,65372,0.025509378689240733
635,8332,0.023280166519749755
636,16625,0.026774509708171596
637,61027,0.03081522917547411
638,57899,0.023714248419474938
639,52634,0.018364111854698967
640,77358,0.02381775296747065
641,23590,0.019026374081386133
642,60440,0.02674095808505452
643,86982,0.022083280411934705
644,1271,0.02149889422905958
645,23298,0.039106274510047355
646,31824,0.05719980910827676
647,54667,0.026523311665185914
648,2067,0.0133682276740964
649,69391,0.014771644927102711
650,96014,0.02768306442855991
651,4191,0.019876941321046844
652,80778,0.025026411192879496
653,98891,0.041043049524103446
654,57968,0.026940407287509474
655,65268,0.013990641104006886
656,19900,0.01801337665823448
657,64300,0.03573640299960988
658,35180,0.02863364655799062
659,53814,0.018751742009849796
660,59577,0.02008141377331291
661,56696,0.02817200833912284
662,20853,0.031087354850415205
663,28605,0.04224485236658606
664,89963,0.022235156180943003
665,71192,0.025938114280272
666,66677,0.01523861530259219
667,41436,0.021664013209020394
668,13411,0.01865751504572897
669,24105,0.028293868034076058
670,68017,0.018231495072010252
671,98106,0.026062079193915535
672,42323,0.01716956693116235
673,82381,0.02332131240027813
674,31866,0.04464168832993936
675,88597,0.014060161088715403
676,75791,0.02403042880654237
677,34441,0.020985595201367686
678,80754,0.03505895623637987
679,15477,0.0208909331375264
680,15018,0.023906458852231145
681,25081,0.02233094539346899
682,22110,0.056325859758306965
683,80306,0.04406469197293045
684,12890,0.016030169133245193
685,85942,0.028502748689528425
686,49778,0.049124550058872944
687,62964,0.022004383790062237
688,29335,0.07499518727395102
689,54176,0.030079300694495412
690,81273,0.025611158876458463
691,92986,0.014800103329110404
692,51179,0.02804570064636921
693,63258,0.02936546204931989
694,8505,0.017738956456184302
695,23192,0.025472923687709176
696,4624,0.021897797846806562
697,61359,0.011488784476651696
698,89196,0.021808879966898564
699,2068,0.014883980864351495
700,15753,0.010550402727682245
701,12578,0.01704429753158558
702,68191,0.026395140199170587
703,98813,0.018119911272433335
704,96603,0.033938694985387166
705,11491,0.0154821734786987
706,73588,0.025021214841569443
707,93705,0.01805625246955575
708,78737,0.030201436986945468
709,44402,0.026702807297022943
710,69864,0.03319363779399942
711,31214,0.01861540917854112
712,41608,0.019921190818720284
713,71511,0.019222586132576568
714,70881,0.03711208655064842
715,90555,0.01880582795887872
716,93878,0.021939548432092372
717,95153,0.023618807322779573
718,87042,0.025927378549874397
719,27229,0.020590456605130758
720,71686,0.022625156530114526
721,94625,0.0266418564502703
722,58001,0.02224031868221455
723,94080,0.03469581166849196
724,20720,0.029037325432178664
725,58011,0.022572901117375106
726,19759,0.018782021143079565
727,34755,0.027659888298863445
728,74142,0.02685116263761887
729,40441,0.014540461454460675
730,34920,0.024708681358480693
731,9279,0.018595722999712648
732,69154,0.029330250553886786
733,32810,0.022908731152571908
734,47551,0.024866960444997848
735,23655,0.027974536931706852
736,32390,0.02588769823261025
737,54948,0.014248425454186317
738,65131,0.03167774220596014
739,57327,0.027214528125272988
740,32588,0.030435727354412242
741,44292,0.015499589661660627
742,58452,0.026274069421970744
743,51829,0.034809886049965905
744,67396,0.017022427891054355
745,65430,0.025118142932232527
746,92358,0.02181588489998381
747,89876,0.04135445055563896
748,7529,0.019369289099372397
749,51015,0.02519854552342002
750,25657,0.028972815396079304
751,28046,0.030275508477965344
752,18383,0.020268881731401508
753,14061,0.033160160345444584
754,23624,0.019439387275275444
755,57313,0.01823267577390715
756,87492,0.018717466240455102
757,160,0.018440572154299797
758,38844,0.022143519470765066
759,64734,0.017941133047456027
760,21791,0.01863587557204373
761,8784,0.02930388324616059
762,22754,0.041857639819929085
763,56604,0.02549994835731454
764,33140,0.02976495620486734
765,45724,0.023573981089475653
766,14687,0.018120151685129083
767,63411,0.05050445165193051
768,8652,0.03671259451787494
769,62892,0.027310834406131766
770,68204,0.024561592171679164
771,58545,0.019030546974788055
772,17612,0.02602207039534137
773,27405,0.027199990856020397
774,9774,0.024161332529052445
775,65605,0.019834908484485617
776,12133,0.018775259856303572
777,26900,0.015531920527698887
778,65291,0.03415180985597634
779,92378,0.030175170881447593
780,79191,0.024924407254129474
781,73291,0.022883193369231846
782,66080,0.014971643041238459
783,33801,0.023235694837449694
784,67131,0.016444403455783206
785,99657,0.040607515016569035
786,50838,0.02236276772755783
787,95047,0.02874769916223639
788,65016,0.043127232235237664
789,92690,0.01579213641659353
790,97415,0.015896959804420286
791,58010,0.025558411456847136
792,32488,0.01320841236963654
793,45110,0.012221059389834983
794,37531,0.020962371113148554
795,97650,0.023821261181430485
796,45680,0.027695712161150996
797,76427,0.024511161689961942
798,37840,0.029777516260543514
799,77478,0.02046588755318237
800,5818,0.030882499566475183
801,74371,0.016070295238390528
802,21068,0.025105738022367288
803,11047,0.014769942801078973
804,2052,0.03232995019456044
805,50875,0.025719069163963347
806,42064,0.013195902507623498
807,71235,0.02442108938097936
808,47910,0.026101957000355412
809,39696,0.025231806589256455
810,60626,0.021481968573590856
811,53141,0.036032126725717116
812,67098,0.01339696006046868
813,12913,0.022245351387405958
814,8087,0.03243559814555157
815,38542,0.019339309824994794
816,33790,0.025430391593545296
817,3954,0.025568033907794815
818,9735,0.06563506071998443
819,94717,0.020692594583518735
820,70185,0.025137347436703837
821,86518,0.024622177869230648
822,34131,0.026269661838083023
823,70409,0.020011136723196165
824,28818,0.01677643854823955
825,56715,0.02045180303576047
826,77821,0.01941747542537764
827,38140,0.02820761147179679
828,44203,0.01431134154179798
829,47859,0.04294569653054159
830,24866,0.020810557775313036
831,32312,0.03551874303915187
832,51854,0.02225623528028866
833,28824,0.027450017063364383
834,72247,0.026024911678495185
835,72906,0.017931418040493117
836,36303,0.024362378599601556
837,87772,0.01827425157189495
838,11349,0.02960476365313593
839,51105,0.019297094863921622
840,87701,0.031877804872283914
841,27387,0.010206976101513771
842,76579,0.0282520480282792
843,78592,0.01832044651506757
844,78420,0.021780886983480612
845,27352,0.012873301967395643
846,37682,0.019066188665009996
847,179,0.03427506972274072
848,34541,0.029351035949836825
849,46896,0.021135242031877118
850,75603,0.026758474816092365
851,35238,0.026800154521921474
852,36852,0.01944918642281452
853,14602,0.017183223579950384
854,95208,0.010162726585575096
855,20776,0.02279438003967391
856,25838,0.044432239003563814
857,53336,0.018606526543511494
858,25310,0.03933890874556087
859,8330,0.02724372981802078
860,28750,0.01252882613317363
861,44688,0.01416681628526093
862,76408,0.025182430586392253
863,5979,0.02589402866354784
864,51265,0.020895940480220435
865,67789,0.023016655716853643
866,27533,0.03573224145067826
867,27378,0.03325543201055462
868,87326,0.019846307694500763
869,32516,0.027146581065856806
870,82228,0.01834222694408827
871,41624,0.026408457900660837
872,3398,0.08001754800496705
873,59362,0.02604626556478854
874,57235,0.040827559038752265
875,43062,0.019501883385741218
876,72346,0.016592701947628775
877,49482,0.029722573645541157
878,48499,0.02863776404019214
879,24946,0.040337725091589796
880,65139,0.03230737658552333
881,84350,0.0180718632802057
882,31451,0.03739895311699184
883,37482,0.022440730887888508
884,58675,0.016013027121714887
885,50558,0.017067719182464004
886,91837,0.022222251603127588
887,67705,0.026752460255285132
888,86013,0.028852310816097338
889,43134,0.02440712624420784
890,87973,0.028900004472006156
891,51989,0.03429477787360993
892,75512,0.030368753746234742
893,39769,0.02060963126531239
894,30886,0.016177887791835537
895,72902,0.031296402843394716
896,30359,0.024097831896634263
897,14181,0.019393066575135797
898,57922,0.016497930166028407
899,17699,0.008769689651301968
900,94786,0.01737331517773183
901,6042,0.012190721309510207
902,34013,0.024686356371710884
903,77263,0.02270889467994213
904,73662,0.029172062269297933
905,2440,0.018462861725209938
906,64070,0.02049474822490705
907,29803,0.023045413276085475
908,87118,0.028486000055126855
909,78426,0.030471703260849775
910,17117,0.02028387783300273
911,10117,0.01817763278294997
912,53829,0.029708743863751996
913,96426,0.019026486352164834
914,16676,0.01834246715801783
915,55379,0.019657144706661835
916,98071,0.023511229243678593
917,56494,0.03441301742278298
918,53022,0.02051294794273896
919,14607,0.01908791010956227
920,570,0.030395728637168714
921,39121,0.013164777801278166
922,33144,0.025500477887314008
923,8328,0.032970632072371615
924,34393,0.025455245551603844
925,63798,0.014619250506182574
926,9249,0.016849228676227145
927,88054,0.02611176495890849
928,81219,0.028657792939952915
929,97474,0.025416030656651843
930,67578,0.034321639302007365
931,65145,0.020007429549707176
932,53349,0.025711941456099133
933,88624,0.027695414743483422
934,94000,0.032360678652043
935,15775,0.047631666563951194
936,317,0.012280069790184152
937,80421,0.017258270773835488
938,27901,0.02523523493646554
939,453,0.024396036030279164
940,80426,0.022022316809559385
941,15305,0.0588795516124627
942,39144,0.013477650544220818
943,43988,0.026012395367648634
944,7573,0.019395363865707768
945,8511,0.033445938417196425
946,60418,0.030627736685158703
947,39377,0.027380443868366147
948,32156,0.0215276793764768
949,7772,0.015120319358903074
950,15228,0.035781885803307864
951,79209,0.0144896766214738
952,7948,0.020307539236980452
953,2224,0.03312484091486345
954,62167,0.029032648644218086
955,33881,0.02052558715481519
956,30888,0.01982572569596084
957,64195,0.03753615457907521
958,74424,0.024971366685913834
959,38905,0.02136152683133498
960,27948,0.018748509885924244
961,12735,0.0756248232527293
962,38730,0.022103029983726638
963,41776,0.024321615993362744
964,30144,0.029399201288393954
965,49603,0.03233557963373582
966,4500,0.017631596630987158
967,31025,0.024580354158387434
968,54077,0.026127289030001204
969,47640,0.04087745912815677
970,76449,0.025247839148467587
971,1435,0.01671682733881974
972,33176,0.01329161427448406
973,96858,0.023695444630129906
974,61313,0.02512096178549337
975,69240,0.025595333795875943
976,14938,0.025481657443678633
977,44721,0.023320178697121288
978,51306,0.03170786069612441
979,82872,0.020930090565691156
980,24055,0.024421160892899398
981,75567,0.019015052999547748
982,51129,0.027675866623378956
983,27456,0.017714469599762594
984,91849,0.018682579340510083
985,18915,0.015615409255493377
986,74364,0.03036428291036894
987,78781,0.02065623180231863
988,84637,0.019889632001516833
989,50017,0.036443636637375064
990,33829,0.02622734349555011
991,48320,0.017950619675966437
992,50207,0.021662126347707058
993,59790,0.01825114968131836
994,18436,0.018139358276089097
995,76542,0.017147120427581312
996,27167,0.02821349580343589
997,60808,0.04147728658697132
998,62686,0.019330941895339866
999,12516,0.04538077317540079
1000,51153,0.02068458147009803
1001,3252,0.033869577381565735
1002,45647,0.022239876459933805
1003,75162,0.029690898923502122
1004,32528,0.026396918070503293
1005,27125,0.03289243669203667
1006,88228,0.028387436119996712
1007,94406,0.03488792629955781
1008,89882,0.012906396462240337
1009,95604,0.027177238547365444
1010,93803,0.014574112172895358
1011,63485,0.019928108103081175
1012,81598,0.018699696424128043
1013,69307,0.022742102283524808
1014,35322,0.03711767735807227
1015,2447,0.012168635229768052
1016,56763,0.029563120538963088
1017,94053,0.03917832859128898
1018,30829,0.015544431188309426
1019,28195,0.014330713075972144
1020,56652,0.019719246718348706
1021,27155,0.01887574656342168
1022,66692,0.02896006251944402
1023,35553,0.020852948753530783
1024,99634,0.021822870105042486
1025,53268,0.027780011378162193
1026,18044,0.020589163437655704
1027,74138,0.018144069106881225
1028,98972,0.028088380315175895
1029,44582,0.04428195169293228
1030,53872,0.020503273013368913
1031,24537,0.025900056164519708
1032,85529,0.03312868106912285
1033,4728,0.022027373797239562
1034,33560,0.03832054649205008
1035,90371,0.026617533240346426
1036,22991,0.015447638026216643
1037,73158,0.01909573198450566
1038,87895,0.020933379173088892
1039,6193,0.03170030219121636
1040,98044,0.01553035865492616
1041,36977,0.015015490995094156
1042,948,0.04336247868660942
1043,96794,0.018355997940854983
1044,14257,0.02389976345277934
1045,67739,0.0210411983271681
1046,15161,0.03135229586724902
1047,16810,0.020026513951314096
1048,55100,0.021216863342746146
1049,21948,0.017057418903055094
1050,96108,0.010045770994747884
1051,82764,0.03389209194131852
1052,97991,0.023408604202481177
1053,28720,0.022482713580821982
1054,22126,0.02132057568887201
1055,56706,0.017374178930918742
1056,39035,0.018700171465968255
1057,82532,0.025047813364131512
1058,69689,0.01563132514478549
1059,90136,0.019067784748889302
1060,19907,0.03357613971248635
1061,10197,0.03862365316357084
1062,94563,0.03321042187916483
1063,318,0.017713889983787222
1064,46048,0.011939050881593694
1065,90430,0.026544484642767117
1066,62271,0.029202714677868155
1067,50726,0.017979602277339742
1068,31393,0.01933458715754963
1069,20810,0.0354558262940155
1070,22065,0.03098065788708896
1071,13848,0.020265556944816836
1072,99485,0.0271710032851152
1073,11383,0.016508227501118137
1074,73890,0.01896739267615475
1075,82674,0.019998018446505332
1076,31611,0.04003132527198805
1077,29271,0.01923084839985109
1078,25986,0.02392423620077958
1079,92825,0.022130941219058967
1080,70390,0.02168020603992748
1081,72567,0.018862575943203626
1082,69580,0.05509599489795846
1083,28855,0.01598816240773307
1084,26252,0.03762730161338645
1085,44046,0.03244472195720114
1086,67634,0.03551061742096226
1087,61921,0.041048151058149164
1088,41062,0.036514233040832
1089,42974,0.015921653274668178
1090,66050,0.016821108338917926
1091,9043,0.02994114259694454
1092,25010,0.022101748502300036
1093,30119,0.027811349180570287
1094,10355,0.021314264602739316
1095,85769,0.02505024247538493
1096,78622,0.014202622467727537
1097,13457,0.015775272255294424
1098,6706,0.026519506106745964
1099,23258,0.02683093354118442
1100,78241,0.025168394559851544
1101,34559,0.025105419467339768
1102,54169,0.027276010078575177
1103,81544,0.02709923729151175
1104,49609,0.02899439519493849
1105,28710,0.01999485777176254
1106,91538,0.03141441361302626
1107,64620,0.015065188685854585
1108,91222,0.031174389803520497
1109,65650,0.021928885617136667
1110,70546,0.06267760269705339
1111,35229,0.015358665724834224
1112,12737,0.012106217314354538
1113,78192,0.019169322484105245
1114,58655,0.014842949784893464
1115,25467,0.026402081324024166
1116,43060,0.03214218304501576
1117,45143,0.02012265684859786
1118,37116,0.03682664575688267
1119,70749,0.05683561020682208
1120,17444,0.01473417368741636
1121,37311,0.026994026389957355
1122,26530,0.016397369485071107
1123,34514,0.02929367057929527
1124,22212,0.02024341818709889
1125,61487,0.024604716346263003
1126,66278,0.02174077835146529
1127,93571,0.01831616499580178
1128,90203,0.014929745885839504
1129,25892,0.021354266181317125
1130,73,0.044999795866066596
1131,78189,0.01704904836935268
1132,86796,0.0354051278905842
1133,6987,0.03892614421478005
1134,48466,0.015640848775293127
1135,7271,0.02224428301098874
1136,86744,0.013383281664854054
1137,7363,0.014349358616458002
1138,23639,0.026540638374536157
1139,14852,0.012866184588223872
1140,17915,0.01418958715229597
1141,60962,0.01891642402464127
1142,78817,0.012485191627921288
1143,8734,0.026466124416733176
1144,73012,0.02421832364667139
1145,79931,0.03688126941414509
1146,64373,0.028266260197227045
1147,15000,0.028881593186616462
1148,55640,0.018300812721182558
1149,11778,0.02745882425424579
1150,48893,0.02415742558253537
1151,10362,0.015313692010031169
1152,83968,0.03866342147684336
1153,36078,0.034333652164168324
1154,22234,0.02285873772987348
1155,41848,0.020808365595893316
1156,75542,0.035491825559313406
1157,96046,0.015749124176764898
1158,11272,0.025683334844521302
1159,47346,0.015382786897202516
1160,97952,0.03670083226208553
1161,62143,0.032563573588119205
1162,74761,0.018187970293515376
1163,42859,0.02551113812586981
1164,3653,0.02843272129421262
1165,13126,0.024131257138251178
1166,50741,0.013839246667618828
1167,46778,0.02504805514687704
1168,58860,0.02282279852778864
1169,20482,0.03155355729701501
1170,39350,0.02037988574796777
1171,99959,0.04209122891030395
1172,22939,0.03961264892062627
1173,11917,0.019263093717896605
1174,68070,0.017110573867713592
1175,18658,0.03414286160917107
1176,17597,0.019288305867151575
1177,43821,0.025290176921383162
1178,87747,0.012405599104820565
1179,80454,0.031016351404405847
1180,30339,0.009286145374798726
1181,61229,0.015610178153713435
1182,70433,0.02342027005488959
1183,16072,0.08515247281714397
1184,51231,0.015680760789688917
1185,63280,0.028229676457594423
1186,57438,0.017828554922265503
1187,58964,0.034326030761375054
1188,86648,0.04836172682169758
1189,51817,0.020131575526770324
1190,79868,0.022239524012483906
1191,19640,0.01658426873540182
1192,23675,0.02023239242313673
1193,72807,0.019643956807113325
1194,79946,0.014599782177437869
1195,22809,0.027024373056546296
1196,77981,0.02161700895779976
1197,69326,0.018024302976826535
1198,97011,0.019567945391041064
1199,66229,0.01631710017661931
1200,85251,0.015572373397575692
1201,165,0.018425793066036904
1202,9512,0.032064407758795196
1203,74721,0.020560390504163396
1204,58439,0.02445911389484111
1205,94557,0.027256380420476598
1206,37792,0.021820870165647495
1207,48637,0.018143864217030212
1208,15380,0.024403934593289284
1209,15575,0.019976915509265333
1210,96696,0.021838231037371453
1211,28838,0.016696453945500477
1212,39245,0.04015680781108204
1213,16379,0.01857230941818102
1214,21680,0.02111697773840706
1215,15265,0.04110577979185808
1216,27098,0.01717871474861423
1217,38439,0.026822498672829993
1218,3858,0.0302272293082963
1219,936,0.02159773806160667
1220,67466,0.02279731220838736
1221,18467,0.03488780247812054
1222,49619,0.030364745858015227
1223,92247,0.050354540763872246
1224,24798,0.021922577457946138
1225,90583,0.02399595673167668
1226,74680,0.02645754249707841
1227,27692,0.027021706183089196
1228,43352,0.020449290204342892
1229,39908,0.024132803650566713
1230,33402,0.014825482736768116
1231,60436,0.024864946324696977
1232,27225,0.024756014743505417
1233,35377,0.013345683753256482
1234,76226,0.017916321519546582
1235,95342,0.04402997057973629
1236,70200,0.018059496848930247
1237,84320,0.0394284991887671
1238,37086,0.027275592131666113
1239,36620,0.04086871592341097
1240,92955,0.03305818885799017
1241,6717,0.025117397103990965
1242,68978,0.027716249847449213
1243,72194,0.046011689208600076
1244,61569,0.026936842742881613
1245,97717,0.02221554854962758
1246,69995,0.020752658135244285
1247,87234,0.02570715121598159
1248,72574,0.02274399413772656
1249,23427,0.012338574941017678
1250,34008,0.0194929060086973
1251,51886,0.024551444741767802
1252,29887,0.026871959277891724
1253,79186,0.01834005490818167
1254,6652,0.01274308914429448
1255,26729,0.015819754969865714
1256,96382,0.01621292615641726
1257,69461,0.02163202228809649
1258,79061,0.018318675386769342
1259,65835,0.01801388804357992
1260,13019,0.01594975709619456
1261,57874,0.021467586758347073
1262,94532,0.03464695576422194
1263,56992,0.022367953371245
1264,64503,0.0217819257152664
1265,54337,0.018678044173260827
1266,17912,0.02364758617010326
1267,85912,0.03452123374769966
1268,63401,0.019680212776265978
1269,16435,0.025015854080339642
1270,20575,0.01742434531314834
1271,97901,0.02912529391509362
1272,10215,0.016296188257656503
1273,93536,0.020494692273549588
1274,95994,0.01584929195906897
1275,44587,0.026715456538966308
1276,21310,0.014846235035870176
1277,70929,0.026470356845119444
1278,66428,0.024533703935634702
1279,16464,0.019565420591162327
1280,36962,0.02463998051610425
1281,97580,0.016865455677518515
1282,16008,0.021393137882665995
1283,66782,0.01793650905050579
1284,54650,0.021222266247121507
1285,5699,0.014747611449342581
1286,55911,0.030743070684111307
1287,80150,0.02406677796310245
1288,87644,0.02041239270891886
1289,19428,0.0289004311006538
1290,8817,0.026389638915111938
1291,31438,0.02193386882989847
1292,10394,0.02383236130739985
1293,79701,0.026683905656489326
1294,67158,0.025368165323522172
1295,22312,0.01991112927587304
1296,5277,0.027701285130011095
1297,97019,0.03351589885057171
1298,26044,0.029042568037852295
1299,74646,0.023196070554317157
1300,10436,0.04810863702178335
1301,49996,0.019272580520876638
1302,79951,0.021747645077823015
1303,33478,0.0170070453044989
1304,87098,0.023290405982738908
1305,63779,0.02417028139300799
1306,36088,0.03450866635167496
1307,70900,0.014559132059525824
1308,81184,0.01512949554038919
1309,95661,0.01999081327602012
1310,57900,0.031547125645377136
1311,62330,0.029604843437019645
1312,17475,0.03073210149044331
1313,66743,0.017380660678070516
1314,44126,0.023737290660540457
1315,5946,0.02094943876810913
1316,20074,0.010007524413216598
1317,16336,0.04231837692202363
1318,37257,0.025507724395990174
1319,65245,0.02013760589563324
1320,68667,0.015640238315497105
1321,98241,0.029440173965264986
1322,94251,0.025690031698502754
1323,48794,0.02210115583063034
1324,95211,0.02587123431132253
1325,89250,0.024465505157716495
1326,14934,0.017561527199865926
1327,36097,0.01612079216655809
1328,69137,0.018739692057251754
1329,81063,0.019607002592251205
1330,86432,0.015541120079642834
1331,42278,0.04174531736744838
1332,28147,0.023606017389100127
1333,30055,0.020856626875916426
1334,27168,0.02940620019375953
1335,22474,0.022477484316737233
1336,83637,0.048810951278489514
1337,17418,0.013764415073273693
1338,85515,0.025720531358873783
1339,39438,0.02825474229297335
1340,77458,0.025429525710330986
1341,95218,0.022669408770851985
1342,99112,0.022822244857690466
1343,77264,0.02169245122438209
1344,4751,0.02980114394259516
1345,58236,0.014246892200166776
1346,25179,0.023065506136332722
1347,71413,0.02388493833722352
1348,6802,0.019014685665775372
1349,74916,0.020375769050734037
1350,48441,0.03616873196837979
1351,77098,0.05037811734664163
1352,97983,0.029818073349506233
1353,60804,0.06496858918107881
1354,38517,0.025854192387758337
1355,50836,0.021064299139887704
1356,54501,0.015423104949331403
1357,35696,0.02105049624615911
1358,27525,0.015334453108876253
1359,49919,0.012376877437091425
1360,55725,0.05084419098684582
1361,15109,0.025270399647239494
1362,90835,0.01122236244607338
1363,33371,0.02570978891153524
1364,80604,0.01715664172974772
1365,33465,0.044335712764606225
1366,5228,0.03001888273907555
1367,20702,0.009300239387874531
1368,70067,0.017414126225291704
1369,85314,0.02807789826688244
1370,62873,0.018508311205761185
1371,78875,0.01599718547452148
1372,49062,0.030201250185927495
1373,76785,0.01622911905706917
1374,88724,0.028060312376526512
1375,46685,0.009843553776966187
1376,4929,0.021101406442886488
1377,8834,0.01559051673696862
1378,7605,0.019157138282375755
1379,99533,0.023507710570017794
1380,90135,0.01980699076813336
1381,60862,0.020361595734743054
1382,85535,0.024830479777454513
1383,97867,0.012546726963213392
1384,64056,0.02719382863297501
1385,45148,0.019354028192878694
1386,66271,0.016448180605819658
1387,50512,0.026527693731088344
1388,74861,0.029736097189898607
1389,1829,0.01894781606292242
1390,70928,0.02642232410451562
1391,72967,0.05690430716379784
1392,81316,0.03295738409388746
1393,83930,0.0156428746045576
1394,75398,0.02963091359709581
1395,34266,0.01965402289463547
1396,63292,0.01327829803046685
1397,61981,0.03769154908098147
1398,58893,0.03715100591234674
1399,90140,0.028145474931034597
1400,64739,0.01754098640912636
1401,96245,0.027662150627563574
1402,74827,0.02831458309355738
1403,15085,0.03499133041263097
1404,52344,0.023228607410141353
1405,38477,0.02607044802693472
1406,94668,0.030391657135729812
1407,91095,0.025074403126051
1408,8046,0.024664878016664633
1409,51762,0.040538004299116095
1410,22762,0.014876104343776467
1411,72648,0.022019082142665965
1412,71345,0.02141585442575359
1413,58041,0.023315830194021687
1414,72948,0.027487465079396003
1415,2791,0.0359745143299217
1416,92654,0.024425731321481965
1417,91503,0.032759392769676134
1418,32088,0.023088957782392838
1419,10990,0.025038723458782865
1420,70985,0.023424159679112256
1421,40159,0.02173434392319383
1422,89055,0.018709599499975176
1423,21167,0.023988085216594342
1424,48778,0.02279568118583018
1425,34905,0.024938074610493244
1426,63168,0.03627784061441204
1427,1638,0.019370405941683926
1428,90856,0.016988225440850793
1429,92890,0.02868645590818062
1430,44306,0.022650592578285677
1431,37198,0.016901388093128147
1432,68804,0.03201002289768447
1433,48417,0.019750496361826943
1434,11450,0.027596529005154913
1435,66390,0.023899833549852964
1436,64917,0.02357854646354191
1437,65229,0.024935150391893705
1438,46902,0.03726331861923772
1439,51474,0.02094720194479671
1440,53271,0.03213059334002255
1441,70677,0.013091834641107792
1442,72612,0.03390625439405688
1443,13351,0.02417237922048407
1444,62809,0.025633301770006087
1445,77272,0.012757068223910293
1446,79827,0.027752912782351084
1447,9515,0.03212297222679007
1448,10140,0.022469639629558533
1449,13757,0.017205818554692477
1450,49230,0.03265072859002939
1451,40011,0.014426093051945688
1452,35354,0.02876550796274146
1453,55685,0.019891400265628426
1454,29149,0.05021144437816605
1455,13416,0.026036482463726588
1456,62865,0.018733021167007854
1457,32824,0.018628970186948958
1458,10624,0.016069722470929346
1459,62569,0.01757680758375007
1460,25118,0.021495150024670864
1461,28232,0.020490309544072813
1462,45315,0.0339946589711345
1463,83817,0.01711100651560724
1464,92903,0.020233285623657508
1465,47795,0.023099857180348796
1466,55662,0.013416785674642976
1467,77827,0.031149743647216923
1468,16846,0.03064109894507204
1469,46329,0.027988772840294725
1470,1209,0.021619082458816774
1471,71060,0.039663919131022574
1472,44642,0.03300483161319687
1473,75911,0.024050549363923892
1474,21930,0.03795973227352107
1475,87723,0.022303527317838957
1476,17386,0.02402319087297026
1477,57354,0.014506166760007107
1478,72852,0.030415697058823715
1479,61909,0.018660880815898218
1480,34341,0.019299106009136147
1481,51996,0.022609076313842822
1482,97632,0.020122151323008174
1483,16389,0.01689502772479082
1484,49850,0.02348603316646464
1485,28062,0.0330715352578968
1486,18812,0.02735713905864651
1487,15968,0.0247163827987897
1488,59832,0.024829653110626182
1489,61723,0.02207466482436943
1490,95124,0.0220810599787387
1491,80632,0.01497656607552793
1492,56500,0.0253571997302852
1493,73622,0.03440318614806773
1494,57802,0.01767518061864804
1495,65326,0.0226944117795339
1496,36132,0.020144743569908172
1497,96538,0.02759005473178452
1498,44875,0.01961375198149082
1499,76431,0.02909931211700916
1500,17006,0.031523329777548764
1501,60611,0.0294949784601162
1502,65265,0.016154600205041246
1503,40448,0.0194916534640427
1504,15372,0.020430758659759178
1505,72782,0.022188616175843452
1506,91715,0.03426264622009414
1507,74854,0.014672807125794463
1508,37817,0.02282895635543875
1509,98122,0.021729270012479412
1510,23016,0.024717318676162926
1511,1008,0.0237747668230724
1512,50988,0.009516762614437515
1513,91293,0.02544238081434825
1514,35337,0.01857686008727709
1515,46172,0.03396169299579457
1516,10075,0.024588169949065323
1517,88509,0.02367263597684304
1518,8944,0.025582158542668876
1519,2347,0.01135110718687279
1520,87864,0.019470862774568744
1521,73038,0.026053253107752247
1522,8962,0.053884508888794855
1523,9621,0.01854492343122949
1524,60185,0.024461143926983002
1525,7733,0.03235258729560184
1526,41157,0.020721848168717822
1527,80093,0.02732928066698036
1528,6121,0.021964760405507898
1529,24005,0.021333028551195204
1530,50606,0.024688717874685545
1531,63351,0.01832221154265026
1532,23195,0.016509447630332023
1533,16233,0.03239311799260554
1534,76317,0.025059197174924223
1535,23696,0.027366796480251726
1536,80275,0.023170118014639772
1537,52616,0.06704926464982089
1538,45757,0.030456646634807016
1539,42246,0.021466428490762763
1540,66042,0.013913623975015992
1541,13426,0.021023130304678103
1542,71315,0.03791367522069322
1543,32338,0.01996164399543673
1544,76711,0.023863345148751675
1545,6523,0.02105411779391653
1546,86212,0.018136746427081914
1547,52077,0.016481686454895356
1548,12240,0.042678341606349646
1549,94274,0.017837318370100858
1550,4813,0.025114876597270127
1551,51626,0.04771689575978416
1552,9373,0.022572803835034745
1553,75405,0.024858020815874106
1554,62043,0.021310135486316682
1555,49640,0.012032857745837254
1556,16962,0.03336784678813695
1557,69395,0.043463218781509834
1558,12227,0.018964393038862264
1559,50670,0.017995739837681376
1560,310,0.013488436390199266
1561,50036,0.018900364033137933
1562,39093,0.01653122430284424
1563,47563,0.01790973513769463
1564,44000,0.021129506738652302
1565,70848,0.02242828331337389
1566,50690,0.02590675291436915
1567,90443,0.02840644867796887
1568,66643,0.03543230170814461
1569,80314,0.012394396259766651
1570,60741,0.016856893242938955
1571,10161,0.019951011897352506
1572,23866,0.015251249577766112
1573,78745,0.041395366365263864
1574,58456,0.030891728974556627
1575,68126,0.017729901130122582
1576,19953,0.02316808607122946
1577,88997,0.0183228827296857
1578,12491,0.024457058357797667
1579,33116,0.024419891787717158
1580,36343,0.028340960488868666
1581,62482,0.029060110563057663
1582,96073,0.023189162847560098
1583,10111,0.018915222801524155
1584,80661,0.013417844296094862
1585,45104,0.01855901409854538
1586,24995,0.02224759937515021
1587,71490,0.04299835021350048
1588,70791,0.014961129323818883
1589,33624,0.023829673005998173
1590,71660,0.04545400213483723
1591,28685,0.02553474640372287
1592,35282,0.027459630801780495
1593,17328,0.02936991180664799
1594,20187,0.01564958485769849
1595,29614,0.017006283434596772
1596,35740,0.019188578445292172
1597,33164,0.023843082897997844
1598,79998,0.02361339320354445
1599,92418,0.019007993497025623
1600,49238,0.01269808524262487
1601,93090,0.023148908844954803
1602,75811,0.022329828836548514
1603,76312,0.022266620853636596
1604,31083,0.027594868075392315
1605,94711,0.025783342781213043
1606,18775,0.019072898495285446
1607,61397,0.017415096937261874
1608,49635,0.023216333885679556
1609,49231,0.0335591582451509
1610,95564,0.027741120527552215
1611,76580,0.028412822002550422
1612,59561,0.03163552101296396
1613,17179,0.041828933798327916
1614,34922,0.0571576283660056
1615,38726,0.016377879213652663
1616,37756,0.021733914278555783
1617,19029,0.019179050628830657
1618,79031,0.027652003164118005
1619,61034,0.04448973944467133
1620,71840,0.02618522160621889
1621,39373,0.023859699420529325
1622,77623,0.021055983717528863
1623,91551,0.017310152935796536
1624,44828,0.02896515713101069
1625,327,0.0171937131399394
1626,95946,0.030780365495619796
1627,91950,0.024346284794533688
1628,8092,0.029124609827866563
1629,1603,0.014839267662615088
1630,33154,0.033101371668155306
1631,90267,0.01198847758950438
1632,85437,0.018428727195837488
1633,8010,0.041630138012814316
1634,76014,0.016381380334751422
1635,56357,0.02699256514913991
1636,84668,0.01975495267741707
1637,53885,0.03476335727363906
1638,34544,0.013705029028228358
1639,82699,0.017384073067160624
1640,43222,0.031125515134813847
1641,8357,0.014387221381317289
1642,87337,0.02655129863313093
1643,21275,0.016622402149557743
1644,61307,0.028306943078280147
1645,20242,0.022351129763676016
1646,95505,0.041906483788720535
1647,24372,0.028497583319997483
1648,93656,0.0352655910585936
1649,81949,0.021814260660618808
1650,99188,0.02367237734806038
1651,77371,0.021407826196118574
1652,36175,0.036199081513764775
1653,27156,0.014430423363796054
1654,26028,0.02608896777003696
1655,96364,0.017756681178363733
1656,97069,0.014921931256823657
1657,25800,0.01922620830868442
1658,8581,0.015016516781288094
1659,49825,0.019492442709355285
1660,3911,0.033448236725724535
1661,12403,0.024464432551717777
1662,36729,0.015714167434866234
1663,64870,0.03851895699372274
1664,7822,0.06166349779747605
1665,88990,0.03120301282611313
1666,17888,0.027363218430141476
1667,57378,0.016401725359148422
1668,84620,0.029830963874612062
1669,78056,0.025001707031331706
1670,25371,0.03572643751820283
1671,84967,0.02349397975538664
1672,32445,0.023875003454759448
1673,35283,0.01900894423788856
1674,64713,0.020003276380680463
1675,64419,0.03227900135531782
1676,41991,0.013774676876321796
1677,11428,0.026521850248278675
1678,89819,0.01788669734758067
1679,60911,0.04544957965227905
1680,67464,0.03160700149130355
1681,81254,0.020953159590449553
1682,63794,0.027534722729401523
1683,23246,0.02902756710539952
1684,51406,0.04200883833682448
1685,92662,0.01926296985556321
1686,8955,0.01904744978971398
1687,24704,0.046698948310827645
1688,7707,0.02459707317022818
1689,85078,0.05577442687274094
1690,31541,0.05080050301763751
1691,39547,0.013103398994772053
1692,26480,0.02855040826308506
1693,63362,0.028808438395027305
1694,17146,0.03877363541250371
1695,54133,0.0310414057475477
1696,17512,0.031958797191743674
1697,98963,0.026510603975801846
1698,68130,0.03959493063357438
1699,96688,0.020928536079443
1700,94038,0.03372028411647415
1701,58484,0.03142032769426367
1702,58510,0.023520152897186
1703,8053,0.03813383944551787
1704,45112,0.04140533982679938
1705,26041,0.014157356374837966
1706,74608,0.02918899011459941
1707,45812,0.02721189461277227
1708,4530,0.02831871594576558
1709,10448,0.021230425081558098
1710,15791,0.03360359930354037
1711,67231,0.029451507023619823
1712,84312,0.021051763076395807
1713,25237,0.016122364114127756
1714,8471,0.039038327518776825
1715,98233,0.02628880812921841
1716,58645,0.011401137886027165
1717,84860,0.03170821251754051
1718,26506,0.016511876245203817
1719,13730,0.022841030532457687
1720,42905,0.022101053602509614
1721,79249,0.03825936508589905
1722,13210,0.031196032140763878
1723,99370,0.01651555899359878
1724,14825,0.03633122303104856
1725,88113,0.02749798062894603
1726,88606,0.015491738745111911
1727,46953,0.029894560136741237
1728,26595,0.03318522865092
1729,67179,0.017169950575088466
1730,8744,0.016597086354156194
1731,16744,0.028441537977661368
1732,58773,0.014739468074976482
1733,77682,0.059381325836236634
1734,56247,0.02019951541927366
1735,62369,0.014950758016479361
1736,49383,0.016095340141097255
1737,22426,0.032414965054266935
1738,99664,0.021500457066518083
1739,13375,0.04700242664407714
1740,4322,0.015393515482209557
1741,76513,0.018873267164392304
1742,83445,0.021823882761613993
1743,49542,0.023843905264563196
1744,7964,0.027034208154168897
1745,68955,0.028690270250321136
1746,58881,0.019908895446522808
1747,38222,0.029779924746515248
1748,69907,0.024941645884808634
1749,5767,0.06030133486582451
1750,19728,0.017161117228178317
1751,97720,0.033814480546116465
1752,49099,0.021282076718242456
1753,12921,0.026350601639466557
1754,97015,0.028643606169360118
1755,51128,0.02950196046872206
1756,14703,0.012796770971690524
1757,11947,0.026975000825739538
1758,50284,0.02514513706323158
1759,40560,0.026846245997897575
1760,75863,0.02132015638456916
1761,5132,0.022917488287850077
1762,61455,0.024832003257715778
1763,88634,0.025919496454501246
1764,24244,0.05578475612605151
1765,52691,0.017924958568858885
1766,1968,0.01891257985969299
1767,38063,0.0187360358208335
1768,68052,0.022266239346153197
1769,89368,0.01855371309216029
1770,86275,0.022946045288294917
1771,970,0.02431273346855627
1772,44184,0.010811009380688491
1773,1667,0.024248688574187983
1774,1127,0.031958415860539165
1775,67103,0.02207694476969654
1776,30049,0.0269933766024207
1777,82299,0.020270302092290506
1778,45814,0.02244564730497905
1779,28108,0.02599860887745345
1780,12555,0.019467732978777793
1781,53641,0.018353077101219965
1782,65870,0.03033741821257979
1783,464,0.03664332245844493
1784,55041,0.029200251032061673
1785,33122,0.018950114017168805
1786,97486,0.02465215948934561
1787,29349,0.04426859660379924
1788,37763,0.023375188438336605
1789,99844,0.035686189157595985
1790,88806,0.02220827209635476
1791,24166,0.011919087916673891
1792,7380,0.02369800881774905
1793,35308,0.022628243476335196
1794,82786,0.03975985635318914
1795,92769,0.02008865352995601
1796,82723,0.023806055861568517
1797,80950,0.02804387074531937
1798,6878,0.02743242843600313
1799,78889,0.027100243985918475
1800,14020,0.037320085993835184
1801,88190,0.02576222745221207
1802,40276,0.014248950158643645
1803,4769,0.026038302589271107
1804,51889,0.03542220726294904
1805,41575,0.028004303840099075
1806,4309,0.016528516229214727
1807,44042,0.014614818921560805
1808,25494,0.026804972239862043
1809,12314,0.01902874798961216
1810,86193,0.027678796179345617
1811,99698,0.022384399583524936
1812,87130,0.02156361249276422
1813,84022,0.033335424263832694
1814,78897,0.013237834367742639
1815,66085,0.021333664364220142
1816,39392,0.01914198401251548
1817,91634,0.02550350383075255
1818,46067,0.015784871693643367
1819,16750,0.021362991961563292
1820,22745,0.026075498256504376
1821,44264,0.010950760670501197
1822,12710,0.03054612882294755
1823,1889,0.01606633690564531
1824,54111,0.02317935136507142
1825,31170,0.022378074120033356
1826,65770,0.0212828258541019
1827,9694,0.025660306153370994
1828,83386,0.04047645435910868
1829,77973,0.02421159214901038
1830,89212,0.01993286314186648
1831,76906,0.029292362704348214
1832,10818,0.024864281698044798
1833,95523,0.01897234602256957
1834,36913,0.02216337662592781
1835,89370,0.024179227036890506
1836,68482,0.019296842001509933
1837,62245,0.021450296756787304
1838,80411,0.01355459535469406
1839,66797,0.022377884898237062
1840,82579,0.06322569456447968
1841,53479,0.028818338064458302
1842,46550,0.036259106653075614
1843,34815,0.030838311537578066
1844,60359,0.021880315091824695
1845,89820,0.022237715111642832
1846,92909,0.03212551862530416
1847,71949,0.01166675392705779
1848,96973,0.030540899326958675
1849,92174,0.02726142664128053
1850,78529,0.023203033795305937
1851,74146,0.03227547051518406
1852,95096,0.016850938675043416
1853,69298,0.02399234181392406
1854,87314,0.024478295942969328
1855,65519,0.017728404118532413
1856,51388,0.05722107485040491
1857,43050,0.023422114830934725
1858,8719,0.023309462473780046
1859,42621,0.020913872379562565
1860,60235,0.03843919313946262
1861,81450,0.024067710797507358
1862,65012,0.05085454779066538
1863,50476,0.018285754374606823
1864,8510,0.017928399991165737
1865,6001,0.014890058077301671
1866,14163,0.03322769472564576
1867,33104,0.018712593485060245
1868,86587,0.012969176125517297
1869,29737,0.027740540701819087
1870,48738,0.017057290416322632
1871,47878,0.01725232821826091
1872,16453,0.022468161984424796
1873,46193,0.021076148792575786
1874,71097,0.03833445359764462
1875,8664,0.016716131095414706
1876,16283,0.018028584237737514
1877,94423,0.030129733292995755
1878,66593,0.01985630549746258
1879,44635,0.03724743034826959
1880,872,0.035531116056058326
1881,4366,0.01875865181551508
1882,87979,0.02898855189819893
1883,74407,0.03802680138951765
1884,33483,0.026068522698502298
1885,10009,0.03254407939265004
1886,71457,0.03199765341258619
1887,38663,0.027199880289651087
1888,587,0.022386036871803572
1889,25185,0.035845258701809594
1890,62668,0.028793549927598534
1891,29825,0.029891191785674204
1892,54513,0.021004546290995105
1893,67164,0.015548334039376685
1894,83256,0.02259976380854218
1895,23321,0.016815488063287386
1896,21411,0.019980607082491532
1897,92161,0.023090630146809222
1898,19429,0.025251415484258778
1899,43673,0.02032721178479599
1900,72926,0.024049110020317864
1901,29063,0.018286969710609075
1902,99805,0.027252337520315365
1903,31281,0.019471198566122918
1904,60889,0.02028798467825603
1905,9202,0.053844269075073246
1906,44002,0.020760532844571952
1907,15926,0.036050637012204574
1908,36432,0.036165048709966084
1909,98189,0.01896078693194679
1910,65809,0.01536543856008736
1911,5039,0.02548510732580857
1912,34788,0.037896133845568794
1913,23481,0.056474350295694434
1914,5077,0.014468491343683328
1915,7892,0.04794238529881259
1916,77157,0.015448803636800621
1917,38217,0.03770437256914498
1918,6607,0.020311767313810698
1919,17810,0.014611366651974034
1920,17742,0.017610726220138546
1921,44691,0.023559627779510258
1922,10137,0.02276402308988519
1923,62587,0.021210848567572545
1924,97343,0.023356746812173992
1925,43304,0.03951123712640392
1926,4855,0.027196797130955647
1927,92522,0.03368540924773053
1928,92732,0.01375739958259826
1929,47229,0.04441887043494697
1930,49547,0.01296956582342804
1931,28381,0.017341216195763294
1932,27283,0.026939511090277073
1933,69337,0.02365736455188247
1934,14904,0.021655749272644097
1935,59481,0.022381251039602795
1936,6685,0.01802994095752473
1937,70211,0.03368451739266547
1938,17356,0.01753290281111103
1939,38392,0.021998017023453748
1940,69183,0.0168113147981457
1941,85259,0.03721071564998635
1942,37033,0.02680362440989842
1943,72453,0.01903478292278856
1944,25730,0.01706049202411563
1945,15500,0.02172632612068063
1946,8362,0.033750582351869306
1947,75093,0.022952619182552484
1948,72510,0.02382675073414192
1949,10071,0.013285386035800586
1950,76379,0.026127376652796526
1951,78123,0.03297073474570962
1952,27638,0.040847561435628864
1953,9178,0.021543162953974786
1954,18371,0.0374882994241776
1955,65067,0.02441039277058732
1956,83848,0.017928797213155333
1957,27662,0.030975808346666574
1958,87133,0.02293185064741472
1959,29642,0.028270252341241885
1960,97129,0.01953889057457654
1961,71798,0.019494419175012954
1962,34053,0.032874726820748296
1963,42469,0.013998067747461242
1964,72917,0.016629182775428474
1965,77594,0.018292350068569233
1966,36402,0.021498442385825843
1967,82201,0.02337337250083281
1968,86593,0.02542241893433938
1969,40953,0.01365861884131065
1970,55702,0.02198667869076698
1971,14574,0.026373423305020224
1972,5244,0.028892249490334563
1973,70975,0.01172194933521212
1974,33600,0.023830537360610075
1975,21707,0.025525252035576464
1976,50299,0.028779756082086647
1977,84494,0.02037961521434256
1978,68570,0.041800374489705965
1979,21389,0.026862674254913777
1980,90759,0.02160534836531997
1981,1939,0.02799882311696911
1982,63646,0.02237467547517273
1983,11360,0.020766477093544344
1984,97582,0.019078534406906267
1985,47400,0.018894056024198243
1986,48400,0.0174747025741621
1987,94336,0.015860487689438464
1988,47656,0.01696639754911344
1989,98056,0.024078577499318687
1990,50030,0.02677625066245792
1991,18940,0.031533046615169924
1992,42050,0.016436953795818936
1993,50347,0.020800422316024553
1994,96719,0.03798014918297641
1995,2637,0.02152824471440758
1996,69742,0.02946441412056239
1997,38153,0.026761787239547433
1998,86129,0.020869471093106034
1999,91051,0.09691434009334572
2000,44924,0.02593794267837789
2001,72068,0.02739159069104043
2002,65413,0.02672500259870273
2003,79973,0.018269708586528256
2004,26204,0.017090478549408705
2005,45142,0.024979487959411528
2006,62289,0.01476418298377131
2007,6049,0.03511282592754523
2008,14442,0.01887544126031462
2009,70310,0.02697206554499669
2010,45623,0.037878638947887636
2011,18352,0.01893241914093191
2012,80212,0.03553597407509235
2013,64086,0.024563022649619976
2014,51351,0.0320301323860602
2015,615,0.023243837615774497
2016,64637,0.01973656343703911
2017,56714,0.04860452640260526
2018,98358,0.03204243884917688
2019,20463,0.024257903841643995
2020,37979,0.01866463893149602
2021,98573,0.023260724485104335
2022,90927,0.016454056935597476
2023,26968,0.01822904796784906
2024,87322,0.018651961139598123
2025,61354,0.021386799069666583
2026,71295,0.018437163563177178
2027,59170,0.030580440155915718
2028,70587,0.02398667392751492
2029,36574,0.023079958466295538
2030,28051,0.014482360204530066
2031,74820,0.02971470273915564
2032,23864,0.015765279794708237
2033,29602,0.015224779127184234
2034,89667,0.0417727353386637
2035,1728,0.03999446763268014
2036,94213,0.02640798076430493
2037,89679,0.028912101230704094
2038,45415,0.016550545043363448
2039,78468,0.030951865709669377
2040,91027,0.03181825234045599
2041,70472,0.030559559633019043
2042,4710,0.020065533429270404
2043,91949,0.03523474247560102
2044,62344,0.02178875163642186
2045,55910,0.048432541032721245
2046,47285,0.022768808309898678
2047,76979,0.032531202879087076
2048,67144,0.027355967390668028
2049,69165,0.023463888719416102
2050,56254,0.019229418826908744
2051,98591,0.026394455955066707
2052,11585,0.01732423181399641
2053,59742,0.014198070656381137
2054,68310,0.02937335625493266
2055,62445,0.016453574489802704
2056,42404,0.015328850894345401
2057,51781,0.018898832940622712
2058,15922,0.024758198082083318
2059,25195,0.018080434435372487
2060,37721,0.01918146834652811
2061,58797,0.02061831488188759
2062,37543,0.02887108789810324
2063,70838,0.029173223484019715
2064,88237,0.04370986981656515
2065,41676,0.015253764617756516
2066,43996,0.03996731802263723
2067,98394,0.04197572026078863
2068,48340,0.013773976885072179
2069,6634,0.03836698295698843
2070,85457,0.028836469258827508
2071,18829,0.029758784266413867
2072,48012,0.01787907830172134
2073,89732,0.025675703001548374
2074,31614,0.014544534711903949
2075,50423,0.023984298047303294
2076,92479,0.03407084051840646
2077,56800,0.033040063038269445
2078,26691,0.022776662371793602
2079,96694,0.039303712630497076
2080,88060,0.03406053189858466
2081,26602,0.017447042817034457
2082,36072,0.031212401364074032
2083,55570,0.026261631912114693
2084,2400,0.014810216624262594
2085,65332,0.03133146848177178
2086,48457,0.03112771998955474
2087,57265,0.041444674127088243
2088,57928,0.06181467557774453
2089,69929,0.05085915935383957
2090,1039,0.020133370256018107
2091,59802,0.02117610851107617
2092,97492,0.03704232065707237
2093,16089,0.020519770215771536
2094,82094,0.05729492222270456
2095,37191,0.04174885325550074
2096,11107,0.019488807995801206
2097,73724,0.02757650766279612
2098,96586,0.023192525353635703
2099,64347,0.016893754196640815
2100,54265,0.022026074762322875
2101,52248,0.027791443002304482
2102,31890,0.03823887654979401
2103,90131,0.041148962820325076
2104,17100,0.028426163489094772
2105,80165,0.03278037477451193
2106,9591,0.0255237545513202
2107,24391,0.019347424102288707
2108,93908,0.03324746624898017
2109,77108,0.024049589582401595
2110,35388,0.026185345417160805
2111,14133,0.014134498934810025
2112,20393,0.014076250864576693
2113,39857,0.017871468043475367
2114,56644,0.024747530585725645
2115,85635,0.03504005955506948
2116,92373,0.014283220114848172
2117,23162,0.01889736103927807
2118,1760,0.023331233027224705
2119,86339,0.02384267155109675
2120,47185,0.018797452972178753
2121,62113,0.015848506994511215
2122,52840,0.026103390912811317
2123,31396,0.023026921915678487
2124,61025,0.021631845507934833
2125,1021,0.017111199200726474
2126,85171,0.020882447174310714
2127,63738,0.03150490411739763
2128,66290,0.01557586189236425
2129,13111,0.014075237085467441
2130,57407,0.029995738107269555
2131,45744,0.03030886984944235
2132,95996,0.022110460100431353
2133,26649,0.033459909484714265
2134,2776,0.02820291279070189
2135,72568,0.027375022753508962
2136,82961,0.017832234683762816
2137,71990,0.026678118366695276
2138,42795,0.02241029116533786
2139,74459,0.019846930750749454
2140,21208,0.021905284527613086
2141,90035,0.025668898458621005
2142,54584,0.027879638898226543
2143,75194,0.01673580040943727
2144,16812,0.021615123302912397
2145,45075,0.03049425306819955
2146,9335,0.01549956966204552
2147,41198,0.01996690199817479
2148,47543,0.018242892967760008
2149,72546,0.05445638810757348
2150,34956,0.018134322186171194
2151,81364,0.03001332365036712
2152,43464,0.022040467138537276
2153,33424,0.02362239588819362
2154,93517,0.01697958594684576
2155,34778,0.025341632027056665
2156,82691,0.010990191843255767
2157,54207,0.02467238517290938
2158,28142,0.035707129447831276
2159,13481,0.03411672912990009
2160,53757,0.024025212476263196
2161,8439,0.018789013294536
2162,2695,0.014069522050370225
2163,52359,0.047900853069087965
2164,10143,0.01636714336834466
2165,58435,0.016486566348306482
2166,68369,0.020120004919720415
2167,23941,0.01698255668309271
2168,17287,0.02348684124336599
2169,75200,0.015279374614148493
2170,75801,0.023443167178445072
2171,8137,0.011768715640310819
2172,68934,0.030261086695740673
2173,52423,0.036473416981975475
2174,96723,0.029158985412757042
2175,76968,0.02257300082040825
2176,49644,0.013682412162257821
2177,47264,0.025667535060770724
2178,78219,0.026339490198453944
2179,69031,0.03093197262155847
2180,56638,0.02232961121152477
2181,57075,0.021104751401422865
2182,15558,0.014077695506013009
2183,28756,0.023054829060322038
2184,11699,0.012432079483643563
2185,12265,0.01926161039948734
2186,41423,0.04526266660686912
2187,3198,0.0257903593359039
2188,1097,0.014504031826633934
2189,4046,0.02515044023541923
2190,53214,0.05074365163295369
2191,18207,0.014700065400468093
2192,22376,0.011681383066902909
2193,7438,0.025977299117611236
2194,3955,0.02491741987326002
2195,83131,0.03768232418699766
2196,27247,0.04000203149599811
2197,40507,0.030820362127366246
2198,99647,0.0237136503863273
2199,22173,0.022440230813545216
2200,38545,0.032753375298656545
2201,17554,0.020683152482050035
2202,75396,0.03735349975166903
2203,28053,0.04976401849361049
2204,78279,0.02721996173830589
2205,46811,0.03003954691388579
2206,22253,0.02841890161265779
2207,32739,0.024843844695880163
2208,52583,0.01903438484141102
2209,91616,0.025017125288604072
2210,11167,0.03871842894896717
2211,66722,0.03816574353026707
2212,89844,0.03154362334533423
2213,20007,0.03204328100445205
2214,91339,0.043808610247881644
2215,6516,0.02340918915697929
2216,64144,0.02112394957663087
2217,2037,0.019043738197295434
2218,96768,0.017999050737158153
2219,1787,0.015394810436893159
2220,86807,0.024278853417259754
2221,41576,0.0373827395335145
2222,97600,0.015045109038557014
2223,10933,0.01524132440351205
2224,18950,0.015826537318741687
2225,96101,0.023877855509272215
2226,86798,0.019959131712043075
2227,57404,0.03401288275746868
2228,3885,0.02201484576743701
2229,68153,0.011229197805402394
2230,98048,0.024918386903139002
2231,78735,0.0341972816975898
2232,33329,0.018559516286421603
2233,98712,0.020317682787872306
2234,72639,0.027556519263815284
2235,39047,0.033729549635774216
2236,95918,0.05275732660979418
2237,32035,0.032876261677763786
2238,74852,0.02813029270592342
2239,69989,0.02961848786397067
2240,23525,0.025538430384808103
2241,99522,0.02443285157329997
2242,15726,0.02473192475489716
2243,56389,0.01951370125332437
2244,96219,0.031648059276723386
2245,72758,0.020670801940590344
2246,49880,0.02422418624574594
2247,23201,0.042737419610164355
2248,16446,0.039268346335466046
2249,66238,0.023985280334502874
2250,81323,0.02860157214989532
2251,71679,0.01272138474603006
2252,26067,0.04305917210798464
2253,12699,0.03206247056443412
2254,66338,0.02179250693656569
2255,62810,0.018760647116706462
2256,83983,0.021352641695827814
2257,38502,0.012970204036460958
2258,24855,0.017724746241143445
2259,24691,0.010098758596184133
2260,79900,0.01616912220795478
2261,15795,0.01955055545273305
2262,72033,0.03157708827036932
2263,18511,0.03530107557493467
2264,18151,0.06461016631922722
2265,97728,0.012504829976436158
2266,14033,0.022701942205209907
2267,53401,0.03255563893532307
2268,44756,0.012870476379108282
2269,28402,0.025648498760114272
2270,973,0.021993197754617208
2271,5730,0.04814134163999159
2272,83191,0.05664463139858959
2273,41343,0.03416305811404547
2274,49105,0.02888009807154295
2275,29771,0.02184539150625599
2276,95847,0.022778434021091434
2277,33553,0.018961480555773787
2278,25830,0.013413424718260297
2279,6803,0.04297512013034294
2280,76583,0.02491991614743135
2281,27917,0.02286131926992517
2282,57853,0.02504185008176781
2283,74081,0.03487946418173003
2284,94067,0.01546381678402122
2285,7169,0.025032389007923865
2286,58720,0.024414285753496922
2287,51084,0.021780249170770656
2288,63818,0.015465967994134001
2289,88132,0.021490427077168178
2290,60328,0.02410358531474463
2291,97121,0.021189592440917237
2292,12973,0.02548842539719167
2293,56832,0.01966354142682671
2294,99462,0.03232366923742923
2295,88484,0.014606294772913496
2296,3881,0.04111886864418874
2297,52466,0.020680673563784523
2298,32896,0.02245280029659939
2299,25102,0.02881064989572998
2300,13784,0.013972051662578946
2301,81561,0.02507457160168072
2302,27932,0.026235175804690695
2303,27478,0.03715457290677246
2304,54244,0.04851935562879724
2305,7148,0.029374388667466132
2306,38709,0.0471021451213562
2307,6452,0.020077873031891992
2308,38210,0.013243707428801236
2309,14900,0.023726035171123185
2310,90349,0.10593488628663064
2311,53639,0.027543711539818484
2312,46926,0.02443028719833633
2313,74801,0.031023984614662183
2314,3900,0.017353236040499813
2315,18062,0.020622162662977735
2316,94463,0.022103313142757836
2317,28580,0.018579543692786124
2318,97761,0.02243016681170917
2319,93540,0.053645096725547584
2320,36302,0.02062232603103949
2321,16910,0.046896957177101024
2322,12047,0.019161883441493124
2323,58492,0.03396869187339262
2324,2421,0.032928193918302
2325,71607,0.040991775882906284
2326,45474,0.06268449124700193
2327,3426,0.02684470699418261
2328,64781,0.022294961030234296
2329,33601,0.020720897043873535
2330,88513,0.045404486781457906
2331,41261,0.020271542628206886
2332,33870,0.0405214621545687
2333,55648,0.032322464638042746
2334,95289,0.016394100629388137
2335,44588,0.06396924008276555
2336,17415,0.02626637385630033
2337,11805,0.019039431219576932
2338,40712,0.022177508624695808
2339,77612,0.02784692482640099
2340,66289,0.017359153339367328
2341,89301,0.053178228653330606
2342,71182,0.022842739543983664
2343,34001,0.057021330903603756
2344,91994,0.03274496465421616
2345,7383,0.029496839475386186
2346,57515,0.02309688901782889
2347,26021,0.009099115581580119
2348,17955,0.028262041360364296
2349,57132,0.03552242646374619
2350,42565,0.024294427781610253
2351,819,0.03536391151268235
2352,70901,0.021943328677746628
2353,55264,0.027312282776767623
2354,91744,0.01946254654177436
2355,97815,0.02631814189785452
2356,64753,0.03349509987951278
2357,91361,0.02322821191383257
2358,37573,0.02610991209441775
2359,1790,0.02828497999300718
2360,20221,0.03139524517905097
2361,60699,0.014737178347628383
2362,39458,0.022809733241202494
2363,8938,0.016373063164907248
2364,11369,0.01785973135681052
2365,29187,0.02473087276130104
2366,57240,0.029834750313339414
2367,94667,0.021196302076687983
2368,13701,0.020786105821505314
2369,92534,0.01786886164763881
2370,79017,0.02043719936863687
2371,51670,0.019575245419528608
2372,77380,0.016889893645721972
2373,18419,0.04539130810600309
2374,47333,0.02272009027228554
2375,89726,0.024196070034168973
2376,44583,0.02314030988736749
2377,91886,0.013039793258062156
2378,20070,0.043714128796146196
2379,66595,0.0284978412712164
2380,4747,0.021162285268963407
2381,31834,0.015575818997879682
2382,6275,0.028378234421067506
2383,35103,0.01864596462278848
2384,24442,0.014331964278633747
2385,88500,0.020594872288758233
2386,63224,0.02960203521425028
2387,36441,0.020899664361278585
2388,50854,0.021732531016437233
2389,99536,0.023137792014078982
2390,51417,0.021157268775586695
2391,10995,0.01541836496001362
2392,2283,0.022936709064806597
2393,8665,0.01852394982396013
2394,42942,0.022796698077184974
2395,39125,0.021299297595176188
2396,8054,0.02609896420689447
2397,43128,0.01904863002473295
2398,17191,0.01686939098504344
2399,3130,0.030082055737490312
2400,17118,0.021311488578044758
2401,65825,0.01985091294743154
2402,10217,0.016894250900097253
2403,18117,0.025622418142005443
2404,25050,0.0303708833269514
2405,54756,0.036436505672997
2406,9563,0.031078565037514046
2407,36778,0.014080612671666628
2408,5012,0.022761253292476177
2409,48861,0.020613734604190775
2410,41510,0.05688817556904717
2411,45878,0.014768823295865173
2412,31132,0.029160026857925476
2413,11262,0.01952327709557576
2414,37083,0.018662331123932833
2415,19708,0.0253578835773235
2416,79936,0.017245706776136932
2417,55666,0.02133884675623515
2418,88185,0.037733903704155566
2419,37586,0.024687193868356272
2420,73090,0.03406212627963029
2421,56910,0.050983838071799785
2422,49251,0.02425961476786236
2423,66199,0.012901099180487005
2424,50958,0.03040629525209823
2425,75657,0.021558310759155867
2426,66740,0.029074790777067802
2427,19895,0.016342683690839924
2428,67714,0.024874542860823357
2429,80544,0.02715517113430175
2430,62645,0.03086486275478305
2431,98986,0.01814141871554107
2432,8706,0.02220391931773076
2433,74744,0.03516984320966324
2434,20107,0.026177735288344526
2435,31640,0.023269709267361282
2436,98728,0.025198316994961546
2437,45666,0.025323708277721856
2438,84413,0.02137521850947816
2439,62981,0.039743111739187556
2440,66477,0.029603679826873824
2441,68044,0.02019146883398632
2442,47330,0.01987867109147018
2443,3368,0.061893248689662256
2444,2201,0.03920732682291131
2445,84872,0.013453358852609223
2446,39895,0.023547764186657775
2447,98652,0.02081546733414267
2448,46181,0.015069954995358554
2449,22236,0.021459914861990743
2450,81639,0.053180219466342535
2451,42908,0.020545173325958958
2452,31260,0.019013874537469753
2453,20263,0.03126788077505745
2454,70244,0.027529921556646762
2455,12947,0.024419145003974938
2456,24613,0.022237861981867255
2457,89818,0.019746544015154695
2458,16421,0.01807377071568871
2459,14251,0.027260827792114747
2460,52654,0.014140042171704427
2461,63681,0.03515058109400196
2462,25236,0.026833827777818398
2463,64922,0.028354643670972055
2464,1650,0.03423823097173893
2465,96728,0.027199488376008434
2466,21675,0.037152892926884146
2467,24204,0.013976961031917156
2468,8739,0.028276741833574884
2469,1090,0.02437053057629493
2470,64072,0.019661458383207573
2471,4249,0.029974302405635526
2472,32093,0.02167142603235054
2473,87199,0.020274904157818387
2474,35321,0.0296911244362492
2475,81509,0.021020372998174226
2476,84776,0.04145379422564279
2477,71978,0.022133307514730045
2478,83955,0.04548833851175994
2479,35483,0.025809318185048592
2480,6442,0.02606815919503677
2481,60744,0.01992825557833537
2482,74342,0.038230019282987526
2483,47107,0.028083497437206107
2484,86769,0.03240535584746925
2485,44528,0.019318345455946156
2486,26545,0.02026476040110971
2487,70800,0.02106281364980126
2488,70739,0.021887806477214326
2489,78339,0.02382964047865633
2490,38048,0.022160231415603103
2491,59966,0.02197926849439307
2492,6269,0.022464670730731384
2493,45819,0.019469898499160237
2494,27610,0.01349802553939209
2495,1240,0.018324254700341276
2496,4760,0.02467706224479974
2497,84614,0.029820680623965916
2498,15312,0.01913984123432229
2499,14172,0.016539838771981
2500,48223,0.03442908492647501
2501,79655,0.022139747436255568
2502,3846,0.014403938441887382
2503,22077,0.016970496690269662
2504,56077,0.027992847342384643
2505,24837,0.025041398150578355
2506,54431,0.021076924293719865
2507,22750,0.020705741850985275
2508,72211,0.029616457431605746
2509,22526,0.01559307875884347
2510,97841,0.016840107655967745
2511,953,0.013468435258745463
2512,46939,0.0330457266750115
2513,79721,0.026297403428344548
2514,39463,0.02546854845187645
2515,7851,0.026682165890860594
2516,27115,0.013709879864215048
2517,52238,0.04100106935012859
2518,73769,0.017905647041280295
2519,42841,0.023725315394885274
2520,13397,0.020987889014693596
2521,95149,0.02314360747657711
2522,32211,0.04081167071722516
2523,83884,0.026405608683264612
2524,72570,0.02567829529725239
2525,27585,0.045556670819857904
2526,19698,0.018777772371372202
2527,31673,0.03736552931286247
2528,25444,0.01922921209073472
2529,97305,0.014996504815643125
2530,46935,0.028463726997157268
2531,35332,0.02260226598481177
2532,95820,0.028029482579100803
2533,43641,0.03711636273685255
2534,43184,0.025184459409282704
2535,45856,0.018343269680822664
2536,6769,0.02188176169251049
2537,15428,0.03206687093656634
2538,80724,0.022307314208118628
2539,23035,0.026084226207043433
2540,27149,0.024416611207047988
2541,56516,0.04376253095413611
2542,62538,0.024653948000674327
2543,69875,0.012567068929579579
2544,85722,0.023704050123397127
2545,97039,0.03109256701701563
2546,5797,0.03351267663667251
2547,15198,0.023135743159674718
2548,32579,0.01212906967513548
2549,45176,0.02040051485700077
2550,96969,0.022814417165269406
2551,47695,0.05035566092721527
2552,18378,0.02377095673040915
2553,80206,0.019452181504449384
2554,58503,0.030607659946662844
2555,80589,0.02360714490896741
2556,53718,0.01817664543438863
2557,20087,0.013796473756256344
2558,49139,0.01899639919283403
2559,28422,0.02528275340470565
2560,40324,0.02201449013590269
2561,52235,0.01128441876424726
2562,34051,0.03335918837072345
2563,21173,0.0254053596116821
2564,96742,0.04177000580067285
2565,23307,0.024572107654990686
2566,86058,0.02025170974764154
2567,51783,0.012823111707886694
2568,2955,0.026969527559103677
2569,77514,0.030135377910668986
2570,37603,0.02700896337218751
2571,42975,0.02953342670271144
2572,74252,0.028433899875341426
2573,16734,0.01977943116605748
2574,54923,0.018505537921818617
2575,44110,0.01802408292811191
2576,98690,0.023955534643946497
2577,4746,0.01689223433868067
2578,55626,0.02081324453201774
2579,20522,0.02294781942080546
2580,6191,0.019248302738742704
2581,31428,0.023339014153124546
2582,39882,0.017301677043763928
2583,1914,0.0231019773396601
2584,34392,0.02327337610387631
2585,91946,0.01710741123659272
2586,45788,0.021643991835955962
2587,75790,0.02626653776552424
2588,93636,0.022443161890654838
2589,35475,0.024284749510588306
2590,47550,0.016267502835955037
2591,50893,0.03420797155434894
2592,89402,0.015626031358361988
2593,27819,0.014901804614458483
2594,29350,0.02627213347705456
2595,87175,0.022236799809322954
2596,10004,0.03345805335610237
2597,88684,0.020696759781672115
2598,90101,0.01910215490106701
2599,17639,0.024730603186407612
2600,23665,0.04792507247540745
2601,22331,0.02902427978151767
2602,68154,0.027732303262518666
2603,3494,0.01675318631302284
2604,83417,0.034894595561925035
2605,9085,0.02023266188934694
2606,52243,0.013042692322143909
2607,12613,0.02582187630043324
2608,38419,0.0127984072866538
2609,40523,0.02475852450972268
2610,20836,0.013464208306742541
2611,59360,0.02375879611310934
2612,88700,0.03275600947220572
2613,38992,0.02127099081504465
2614,40106,0.062050415719631324
2615,98628,0.01977592111343903
2616,60068,0.026634054125884155
2617,44845,0.02969123319164743
2618,20253,0.028949659763205546
2619,525,0.016286193286495065
2620,99703,0.025949878734714785
2621,61935,0.03559784548047608
2622,3207,0.030041624618883805
2623,60581,0.03977831557074406
2624,58061,0.017389076889529717
2625,41221,0.015844544085032584
2626,52506,0.039220674388939995
2627,28897,0.036752264861360344
2628,31127,0.022584554391303212
2629,56472,0.01644812075028351
2630,75415,0.0412522682036504
2631,96636,0.017804905458150447
2632,17069,0.017942176342380288
2633,9943,0.034604560315508764
2634,34333,0.020643926349349945
2635,3851,0.020012987008514973
2636,23689,0.04134143058783489
2637,35115,0.021965236137203744
2638,75827,0.04061261848195141
2639,53050,0.01894000403473418
2640,39301,0.016202635803895103
2641,95871,0.018701942750836604
2642,89275,0.027307911580676858
2643,78387,0.027907770231949125
2644,61201,0.027490918424321643
2645,77537,0.034501526740076005
2646,62462,0.014855313383344237
2647,13667,0.020177638593023125
2648,13698,0.026421279068231607
2649,38438,0.036402309665784505
2650,33386,0.024508789093169444
2651,89651,0.01905908328401512
2652,74772,0.030717219009328788
2653,24393,0.04744679898440966
2654,38501,0.03534883601744866
2655,58905,0.022118171347130434
2656,61991,0.02780923533060938
2657,51822,0.012751828804160176
2658,85456,0.02052727982029691
2659,57299,0.01831319137363181
2660,3519,0.019509606953868084
2661,1468,0.022870386121049323
2662,54902,0.026131849956965995
2663,62764,0.031546467581820094
2664,75826,0.019168102647762825
2665,99246,0.020851233081694787
2666,67848,0.03147989668711857
2667,80580,0.022705362463516187
2668,28255,0.022474608612270935
2669,46168,0.04703731282606423
2670,65323,0.0220331914783621
2671,47446,0.02395925115711399
2672,90571,0.018737219521534336
2673,16791,0.02082406633819913
2674,73761,0.02406795486252396
2675,55349,0.013386696413929613
2676,84442,0.020755054529006944
2677,29043,0.053706360572157705
2678,95697,0.024164344924535123
2679,92693,0.017023299916560895
2680,57522,0.01488398288342558
2681,37989,0.018160905955194272
2682,98550,0.036281164649350314
2683,71134,0.015970045864692556
2684,19183,0.031466645837635886
2685,86779,0.029855808012384983
2686,37306,0.02683601707789708
2687,72931,0.01231361304501011
2688,62136,0.028259419560339002
2689,254,0.03170777164420931
2690,42487,0.016563266792247743
2691,41691,0.026714971485728753
2692,48146,0.03954883724491039
2693,60092,0.023689663722198318
2694,62000,0.02698259591738436
2695,76638,0.03578569962202381
2696,83173,0.02947391709078427
2697,61967,0.019497469786413243
2698,56600,0.025115764954794444
2699,55812,0.023811162274749473
2700,69733,0.024179325509028116
2701,63583,0.02091736320787648
2702,27355,0.026323323239340557
2703,4068,0.031108806440185006
2704,24883,0.022440773874127386
2705,98391,0.027721015500105917
2706,54361,0.02351691344616562
2707,14389,0.015909128699216565
2708,68927,0.014741727209351255
2709,82398,0.025077768228227975
2710,6519,0.013849366508554204
2711,93625,0.026728576673114495
2712,48415,0.02770881596930782
2713,39151,0.016524890119622968
2714,54910,0.0273616299039302
2715,6527,0.037760603824109354
2716,7265,0.023262458527841968
2717,36152,0.01681111177067865
2718,56155,0.015300808768986443
2719,42660,0.022003282103823282
2720,68291,0.020368955940680167
2721,32200,0.012814289671854162
2722,80785,0.027424395898006854
2723,92532,0.021810493350626528
2724,77280,0.015180963322696485
2725,87664,0.027089639296364976
2726,41143,0.031159856600396576
2727,57012,0.0391333579930378
2728,18854,0.02161777707816762
2729,32982,0.03031297971256724
2730,55893,0.025799366587487074
2731,44372,0.02782964312956252
2732,98758,0.023955867809846303
2733,85106,0.023604401721114054
2734,34059,0.01857423451606341
2735,31535,0.028051266212205914
2736,4496,0.032538576579871456
2737,64676,0.02013993544465374
2738,38103,0.021132246658914316
2739,80404,0.02862364602855546
2740,2715,0.01788540720221302
2741,26170,0.03767726945953444
2742,77933,0.05431365466984199
2743,80570,0.01543393357479918
2744,58089,0.022935207185472012
2745,56315,0.01949740165239825
2746,18538,0.014088871017684476
2747,7231,0.02413488757667838
2748,54968,0.03439251995201325
2749,82964,0.02188822608054208
2750,29943,0.014316317430917514
2751,22136,0.021565072125605874
2752,4566,0.018132516430572086
2753,47849,0.02598789452439644
2754,25976,0.01879683749229079
2755,1747,0.04728141958563263
2756,62247,0.020510333567768477
2757,39517,0.040765228050161924
2758,96839,0.02268305472582304
2759,29281,0.018052751803507405
2760,68506,0.032228291851824076
2761,20299,0.034687133853301584
2762,44396,0.047561604055213695
2763,6739,0.036304368534977746
2764,75349,0.022292850167564365
2765,95133,0.01564914302592119
2766,84756,0.016241254173491405
2767,12459,0.01773206051490237
2768,63320,0.03153240750229204
2769,65601,0.027823340311530786
2770,66960,0.018569636680876432
2771,74511,0.02101180359277141
2772,6147,0.015493410495401988
2773,34902,0.021186789175605927
2774,80575,0.03228313708413605
2775,27867,0.017997172910214403
2776,96787,0.02674262473366453
2777,76833,0.02599563974013221
2778,97772,0.019709172144969807
2779,99404,0.019306994353406208
2780,18484,0.02293273536735059
2781,71535,0.01757821954217722
2782,32977,0.017261715419586352
2783,95202,0.026280703481841396
2784,20730,0.027765276554332953
2785,92160,0.01820051645883307
2786,94825,0.01779199061784667
2787,21112,0.031011791981948818
2788,50434,0.01114694491660961
2789,65926,0.016398316044259394
2790,37929,0.029605996231113645
2791,26989,0.01497056521738974
2792,27732,0.019570904274047538
2793,83699,0.026188721499660342
2794,40413,0.02861669525328044
2795,82112,0.01766369869994555
2796,92519,0.03205992501826451
2797,33391,0.03505621426339348
2798,4846,0.01855017831506401
2799,2155,0.02975856989149555
2800,49539,0.020706047103013443
2801,48241,0.030377097388300703
2802,84498,0.03172973308652909
2803,32525,0.02284734958789333
2804,23697,0.03132283508560309
2805,10613,0.019083381868776526
2806,76105,0.0404606293275883
2807,24235,0.02545504538413428
2808,33331,0.022791429752132747
2809,47344,0.01822711049016401
2810,73684,0.024441673398848996
2811,94451,0.0736746049362206
2812,68313,0.03216690179851567
2813,43267,0.020263604657838826
2814,9812,0.03406439130891442
2815,58267,0.02158302837264684
2816,9549,0.019360757482942425
2817,17897,0.01860142229355379
2818,45113,0.04366263818689214
2819,13500,0.04349839313931764
2820,96376,0.024813276324800813
2821,66175,0.024388190501172614
2822,11073,0.018766069398101527
2823,62544,0.026711663149020924
2824,35415,0.021395394006051484
2825,99867,0.019859821803267022
2826,31267,0.03552174110063637
2827,47334,0.024458810960906782
2828,37960,0.025262565532727432
2829,57978,0.035755830782428916
2830,37761,0.009347886345652763
2831,87545,0.015134706997559843
2832,60608,0.024423717042343116
2833,80596,0.06691094081412877
2834,74723,0.021360181905059457
2835,95552,0.02057838461494802
2836,6268,0.02080324526478428
2837,73162,0.014487592241492143
2838,11235,0.04351657804902793
2839,98739,0.03412869054346346
2840,66456,0.01781064431555337
2841,30203,0.022186622896765252
2842,89071,0.03931603696506879
2843,14112,0.016622147093078226
2844,68546,0.024248316672019547
2845,80590,0.023661420989067317
2846,86096,0.012618365887751231
2847,53752,0.023636647579679336
2848,65318,0.019784416060712417
2849,84033,0.027398738389455692
2850,59138,0.024204155573721305
2851,79405,0.01137984000569641
2852,73759,0.024791208453068182
2853,81627,0.01735432580921801
2854,11178,0.01819340206449689
2855,97196,0.02917889299003923
2856,74410,0.020140793398224447
2857,73754,0.025228222653065357
2858,50382,0.026112438975157838
2859,17952,0.024015705933891247
2860,57413,0.020898315468054714
2861,1083,0.03565075359900773
2862,57192,0.024857392756761493
2863,4571,0.03175794708002393
2864,51727,0.034752657376562614
2865,79494,0.040265053237847806
2866,55773,0.024608659031896626
2867,35104,0.012572763676728528
2868,63367,0.034426129111876494
2869,18587,0.019577788957889822
2870,22329,0.024283951340786494
2871,51313,0.028944411000626377
2872,496,0.02968976348181521
2873,79726,0.022399295214983152
2874,70580,0.023275013231234886
2875,93159,0.02156232479181848
2876,85183,0.02641956372850658
2877,94551,0.015315684611043373
2878,90865,0.016250114419221383
2879,5242,0.02761463753587772
2880,71696,0.026773690919057982
2881,52372,0.022810928515714535
2882,94985,0.01808518789861023
2883,16770,0.020827127140335584
2884,55908,0.02027387468261786
2885,77789,0.01327045095242819
2886,2287,0.027418962752971284
2887,3111,0.0685251239758177
2888,98383,0.026271480490194222
2889,25199,0.04821975226448892
2890,1742,0.018364788132794733
2891,91695,0.03025321932879865
2892,27308,0.020667351920936994
2893,98880,0.01762691425271947
2894,76845,0.02797225844385738
2895,36625,0.02701849942131492
2896,58290,0.02133864141108095
2897,68908,0.03879975261301385
2898,37400,0.008884201697360872
2899,91680,0.023288614636327486
2900,51,0.026514160252347856
2901,46035,0.02483168096897638
2902,18613,0.025244497225192647
2903,73703,0.01889156977418116
2904,75746,0.03353793310943069
2905,30632,0.030154436221562362
2906,62306,0.029805431181036495
2907,20831,0.023153938153624844
2908,32590,0.019332232503883794
2909,2433,0.02388204184690155
2910,71446,0.04478495582422971
2911,6741,0.02473583809892955
2912,57424,0.016841471242767744
2913,30486,0.03633281059230958
2914,36789,0.017632406347318552
2915,45551,0.016927794174216162
2916,34005,0.0216548181886987
2917,47282,0.02198862492939221
2918,48289,0.018328560291941687
2919,47941,0.01645407748039608
2920,20832,0.02390511168562939
2921,60377,0.043572037133466524
2922,51226,0.013350652579548674
2923,62973,0.030234308207831347
2924,32493,0.014732675660575371
2925,45800,0.016438110700064505
2926,23388,0.048780161822572894
2927,29189,0.03396793994128225
2928,95771,0.014619287045857673
2929,40644,0.024541915788002022
2930,29239,0.023792047947777686
2931,11712,0.018877953509997335
2932,81612,0.0212623971317636
2933,71684,0.016217431421236533
2934,21465,0.025013264353517417
2935,32912,0.02305972676558106
2936,6071,0.02536151005414907
2937,56066,0.02443323662211624
2938,36041,0.03310975550963732
2939,5893,0.015212640958185648
2940,51315,0.020370066151833947
2941,919,0.021975731769898334
2942,98974,0.02143475083703236
2943,70990,0.016701552224849328
2944,92006,0.01537123510538032
2945,80056,0.02004225839953091
2946,13131,0.012562454440040243
2947,35727,0.014837051982875018
2948,69429,0.030882853204185465
2949,80564,0.021368722832817613
2950,21042,0.020838131854114903
2951,95015,0.01845145331418962
2952,1864,0.03575232821842096
2953,34499,0.016706663563174868
2954,40515,0.03092908880115077
2955,16404,0.05108473785531485
2956,95235,0.017697876116579792
2957,67474,0.0306727102126125
2958,98099,0.016685405146468973
2959,84214,0.018509008600805562
2960,23394,0.028255057730434276
2961,16597,0.022394473870242314
2962,79115,0.02553668279095532
2963,13040,0.01656090317822125
2964,94556,0.02065583898002371
2965,73070,0.03314646431879849
2966,68797,0.011977275397981709
2967,99373,0.032039102850789196
2968,59336,0.024382312920360694
2969,78762,0.02458052473806258
2970,14062,0.019650132724999946
2971,34673,0.03748775760772818
2972,78065,0.029993543319649252
2973,7746,0.01514021986329563
2974,66494,0.02816903948676399
2975,67853,0.026533091857234452
2976,3314,0.026420346277640578
2977,17763,0.014765451315215535
2978,54609,0.06637803794289177
2979,73705,0.022963509951442158
2980,88951,0.03414582129328578
2981,19196,0.02903887895074665
2982,18090,0.02321413393040149
2983,60928,0.019373664876724202
2984,26488,0.01645638383144099
2985,2638,0.03127153918306197
2986,15843,0.008469556423132584
2987,68745,0.019873303971962852
2988,32430,0.018051404071575655
2989,11136,0.023011563329813065
2990,5938,0.011106323640113346
2991,12661,0.024321865382156006
2992,33619,0.015127477607577216
2993,60285,0.024174260602424405
2994,65330,0.012338270040693445
2995,39394,0.022655289052672296
2996,81920,0.014649742013446683
2997,40870,0.022682787535763436
2998,15125,0.018924615581145734
2999,6309,0.02603483022956401
3000,5164,0.02841618219583183
3001,59375,0.02590924800357277
3002,38926,0.009596657923880708
3003,48624,0.013177583989200157
3004,47075,0.06087967014309302
3005,68394,0.01840902287167701
3006,67925,0.025321312808882713
3007,68306,0.030376895194560567
3008,98800,0.03081832449790664
3009,39680,0.02355220660671365
3010,66793,0.028485611370704593
3011,81090,0.026127402715178497
3012,11375,0.01919567117284423
3013,81074,0.03121807085910462
3014,16433,0.02744705511940234
3015,6789,0.019962879580353636
3016,60211,0.04112556386009271
3017,71974,0.029969415741686278
3018,67293,0.022834717993960987
3019,89984,0.0204985088008778
3020,49806,0.017171112263791685
3021,73880,0.020543257974533283
3022,95734,0.014446836856314
3023,82308,0.03398810935765524
3024,81811,0.03308759977634618
3025,61241,0.03210139081468264
3026,34336,0.024471738236548066
3027,45891,0.014518832301225413
3028,30212,0.03289431906650139
3029,41240,0.030348820736595554
3030,17230,0.026870633055366525
3031,31242,0.02335339555735523
3032,8651,0.02120668111286066
3033,91241,0.01260614607325819
3034,37189,0.07084196552817339
3035,86393,0.02520478809149896
3036,16666,0.018776804271226855
3037,84954,0.01621244114707139
3038,22625,0.01922517387903993
3039,68876,0.02409080230063083
3040,16322,0.01905856893058909
3041,37842,0.02710551428446366
3042,76827,0.02111151668365831
3043,7421,0.03163356116180705
3044,72608,0.02621662957662137
3045,84332,0.015504091948117799
3046,28013,0.017796814523300543
3047,84250,0.025272054723067205
3048,49501,0.03439976139362823
3049,52374,0.02374409995314389
3050,6446,0.019565139973981766
3051,94577,0.022106631526746214
3052,44229,0.03010180895612472
3053,76752,0.030535797380124182
3054,14671,0.013185993437125358
3055,31129,0.009852647684605354
3056,78646,0.023068006918235733
3057,63770,0.032184978660570254
3058,78899,0.023353244163383594
3059,59863,0.03624493407178333
3060,38768,0.03441869707523962
3061,58459,0.016845910872175386
3062,11940,0.03224722767634393
3063,53500,0.018550802693113103
3064,825,0.0219229353687322
3065,65223,0.020807580418717088
3066,70340,0.028915007994874276
3067,62420,0.024172003784322767
3068,99388,0.015792397930706283
3069,23565,0.019688826494163075
3070,18054,0.027538213131626375
3071,6632,0.03143017467187328
3072,81174,0.04982703095697647
3073,56751,0.043377472209607346
3074,95406,0.03401128868775896
3075,34700,0.020636299159830583
3076,90339,0.024644983242428906
3077,18424,0.017891983164706204
3078,43843,0.030908078653490857
3079,37008,0.018701349843375084
3080,2337,0.03616414038019644
3081,97549,0.03139238246593087
3082,33313,0.030239398516038768
3083,93375,0.024297041856105674
3084,10027,0.03734545019629022
3085,75671,0.01238674174891586
3086,75464,0.015130804360248754
3087,51073,0.023428914726400143
3088,80840,0.029268355281611914
3089,75371,0.015855234839024235
3090,37972,0.02597909788342643
3091,86272,0.015910679225328284
3092,65340,0.025724323262331695
3093,5933,0.036120496740448725
3094,49331,0.03230202057088922
3095,45721,0.03199402615235192
3096,9112,0.016690419704683435
3097,31973,0.02225608796597656
3098,41330,0.02634302714075626
3099,55485,0.029138317271206363
3100,43248,0.06362506393505296
3101,74010,0.0412953790316125
3102,41572,0.039503895343723824
3103,71828,0.014711122447056515
3104,47080,0.009637467642497462
3105,27571,0.02630336873362019
3106,31358,0.03538060177565353
3107,64695,0.027683603173405742
3108,77920,0.02544627673594233
3109,3272,0.0382709211065705
3110,89780,0.01722561884630746
3111,87,0.0390833207455108
3112,76294,0.0120431275766642
3113,48275,0.04106457242942002
3114,56819,0.018973866663294224
3115,85848,0.025501841248183933
3116,54016,0.011437743988676604
3117,63642,0.0392831560059787
3118,30418,0.03107451566121206
3119,76835,0.015364032341372926
3120,2481,0.03112600957913909
3121,29727,0.022424302006559666
3122,53644,0.04354091991712082
3123,98989,0.05798634602005352
3124,8463,0.015874905588899136
3125,74779,0.03564528535209653
3126,94984,0.02512458624158854
3127,22843,0.022271725621818617
3128,32324,0.03877947791487198
3129,53384,0.02190189680534132
3130,11660,0.02046276355328982
3131,31277,0.035025612682664964
3132,69202,0.01998450316685354
3133,69696,0.02447028809289041
3134,84394,0.01822940274359293
3135,73846,0.0371302168638465
3136,22045,0.06632265099685387
3137,37659,0.018875379626879872
3138,28921,0.03384998094600025
3139,38354,0.019994138631817843
3140,90484,0.02574048097635394
3141,76323,0.022232543845296
3142,14964,0.017154083982841378
3143,71787,0.022971078766721945
3144,14250,0.0254012942989893
3145,70298,0.02732434376512337
3146,54056,0.013344303027088462
3147,36803,0.017855434076725237
3148,16745,0.02408673696483208
3149,70235,0.026869704478693083
3150,80646,0.0333709265913981
3151,19322,0.02079918166352463
3152,97699,0.014110289309090201
3153,88933,0.02610709425390636
3154,57153,0.029794422706717887
3155,27353,0.019466077766452157
3156,91226,0.041173367884840786
3157,81280,0.03148390625828358
3158,13813,0.04483115487111632
3159,20335,0.022554709673789856
3160,15974,0.01772812587696496
3161,27347,0.028277832230659883
3162,20104,0.021276899191778366
3163,95978,0.023794471302009772
3164,80010,0.026743233643452782
3165,89445,0.018677609490526305
3166,18762,0.020388592352777138
3167,44281,0.05156963310121901
3168,73072,0.024737760417597034
3169,98439,0.026329845857088037
3170,28407,0.01524874627915853
3171,4857,0.028858086134316598
3172,75302,0.009368478008886688
3173,36289,0.04977183917153501
3174,15352,0.015918159386817416
3175,69738,0.038470494797575736
3176,63283,0.017465315524010743
3177,59223,0.0199318708202551
3178,80993,0.02704357795937379
3179,88786,0.049533431941797615
3180,34555,0.034785703725971534
3181,93553,0.028821937557392496
3182,52522,0.02731593317056807
3183,66529,0.01384772882450421
3184,20057,0.027956488125432832
3185,28256,0.01597491571092028
3186,31737,0.02068100469434745
3187,88311,0.020022651294237335
3188,7344,0.016350054660893974
3189,54287,0.027107854498084335
3190,82656,0.024589195259700356
3191,40613,0.01714553392926143
3192,12841,0.025918258411634677
3193,23924,0.03184227887813185
3194,81747,0.02379017815040869
3195,36632,0.040304478937782384
3196,53522,0.01842288608881243
3197,85173,0.014297764738811584
3198,52252,0.027019667462619506
3199,1314,0.016793469853481423
3200,4071,0.03300158023657444
3201,47021,0.05201987423813749
3202,10419,0.022123205255042466
3203,2388,0.024083971274974494
3204,32868,0.048914424320273306
3205,78821,0.02630904982642335
3206,41103,0.02675747071610952
3207,96924,0.03545695809406928
3208,89177,0.023226307156708138
3209,92447,0.019041958527955566
3210,22479,0.031385751525028774
3211,43697,0.0339820665181444
3212,11475,0.021853167958243963
3213,33578,0.03683767481466023
3214,62586,0.029059457897622806
3215,79411,0.044393074200927515
3216,4716,0.02854543510409564
3217,76039,0.014123078715638258
3218,78396,0.019465906639026503
3219,12161,0.02350005202858815
3220,46107,0.01740019751375033
3221,54624,0.01491534142605587
3222,52171,0.01733571647406902
3223,70661,0.02504123527729508
3224,71559,0.02912305838043764
3225,53211,0.02043515877033905
3226,40790,0.03130356500034963
3227,11226,0.038636111872265295
3228,57657,0.023772250382308874
3229,86241,0.01621193551262977
3230,91747,0.020734758087179776
3231,25239,0.030260382711185387
3232,10557,0.011726203889340378
3233,78015,0.021488751088989396
3234,39189,0.0326927910153537
3235,45617,0.014757035495182484
3236,56939,0.019506146543170275
3237,5343,0.021024597716711474
3238,93155,0.03307941930218626
3239,59279,0.054516571757478746
3240,9365,0.029029464933800715
3241,16084,0.02310716656077527
3242,43736,0.03881087136880031
3243,8424,0.032731880685549886
3244,83656,0.027546610498415433
3245,72415,0.03948291967949264
3246,12813,0.023434702581126433
3247,85555,0.02718180606294306
3248,44048,0.026041492694978883
3249,45762,0.009432730655972926
3250,80286,0.024869489479715665
3251,33701,0.02302102634127066
3252,13139,0.028703492197191538
3253,41537,0.025005788314857315
3254,50148,0.02596505626843534
3255,95570,0.02091012646597056
3256,19934,0.03211326058543504
3257,48609,0.021801892910112003
3258,41742,0.018937551066526816
3259,81605,0.015189591057657359
3260,5742,0.05565188122981116
3261,91477,0.014480787173369999
3262,13795,0.017367416224883834
3263,11884,0.011231723922334024
3264,55323,0.07308796026130697
3265,65689,0.023750189722718234
3266,99688,0.024453313857595277
3267,24101,0.034735662754150826
3268,79342,0.023515147667644485
3269,4977,0.02464326992178671
3270,43896,0.02454170825519455
3271,99110,0.018033598840948333
3272,64384,0.020503495714822597
3273,35581,0.014355895765725005
3274,98586,0.022582172927088785
3275,82915,0.019561979530134256
3276,58858,0.036070073096610436
3277,93377,0.03160892088301842
3278,78236,0.019084320587514247
3279,16772,0.04191538895697834
3280,51215,0.04003696852113687
3281,16154,0.023558920487487225
3282,73384,0.017999772462591178
3283,63372,0.05924999863135749
3284,42147,0.03639479222082594
3285,43295,0.025540281405491014
3286,39553,0.028286202939388518
3287,67684,0.014875829615665121
3288,47244,0.019617623591162633
3289,50464,0.020467808108084115
3290,85077,0.02700813790476958
3291,88453,0.015487328800940926
3292,21202,0.021250498105662603
3293,93408,0.02179816514943215
3294,61068,0.024626119893504973
3295,89145,0.049656369459488044
3296,9541,0.02592200251757998
3297,93591,0.022589887217028343
3298,74591,0.028192929650209912
3299,52582,0.03353690782987035
3300,23692,0.0230619065893869
3301,17234,0.02704486182344942
3302,88728,0.019632704908839893
3303,53049,0.023949372734583703
3304,52717,0.021185743797655223
3305,94172,0.03227853194590482
3306,40,0.013084738197752311
3307,18264,0.037979619461240156
3308,96974,0.03279934387713378
3309,39798,0.02217711618083773
3310,72600,0.02138481694728679
3311,93641,0.020500214168250878
3312,13626,0.015741008764498382
3313,80914,0.02493910204372033
3314,20376,0.023202017837795606
3315,97993,0.017629126588054385
3316,29565,0.01704304150087701
3317,47393,0.01885410993019655
3318,66612,0.015180319650160567
3319,19042,0.04327089046400183
3320,91004,0.014026873646550699
3321,7149,0.02736613555073994
3322,77790,0.04255674984185787
3323,57073,0.022211079778717294
3324,85339,0.037202304501083285
3325,30623,0.01911555780496833
3326,73172,0.019328324099380487
3327,74186,0.009540197961927
3328,18876,0.02072906100069989
3329,32085,0.025383017796264774
3330,73575,0.01972721149451466
3331,38338,0.03423308539593932
3332,66751,0.016343756573189618
3333,95198,0.02842243475723016
3334,62362,0.02125515275957091
3335,55846,0.020538106474771063
3336,92730,0.014223405695346561
3337,13384,0.020031968565336004
3338,49490,0.02137839583053664
3339,58289,0.03506037010057114
3340,16505,0.021351797847780025
3341,17047,0.012823895376133865
3342,9852,0.02631209032739575
3343,8855,0.03148495729597782
3344,70368,0.023872261268857584
3345,95757,0.024185269244779442
3346,85360,0.020588641038968826
3347,19235,0.02326671046728441
3348,87058,0.012297909713763924
3349,74629,0.016871549937234175
3350,32447,0.021122372541776065
3351,61910,0.01900672240617118
3352,78574,0.04235760248894451
3353,64121,0.018693297213400198
3354,20489,0.023355840654232858
3355,36208,0.02161531902380335
3356,92494,0.027818991346916934
3357,79173,0.0418394296850232
3358,64206,0.021229457420569933
3359,46957,0.021756257222020844
3360,73105,0.02015857288707998
3361,96584,0.02242865660190396
3362,3100,0.022709145847599824
3363,16111,0.04168068140569753
3364,10017,0.025449696399673715
3365,52873,0.03209087595721437
3366,73314,0.016477293936563154
3367,34366,0.029218708353878017
3368,22124,0.017778229457153544
3369,44344,0.020086898099665223
3370,32304,0.04198691858024728
3371,4948,0.03140710965103328
3372,73036,0.021965690168101727
3373,62503,0.03612627095664099
3374,15082,0.021003084934201426
3375,31168,0.017464883789736034
3376,95094,0.023172922954065037
3377,32544,0.018476949392826028
3378,40937,0.03666270690964561
3379,81535,0.016578056575621964
3380,97742,0.012678507272525428
3381,32108,0.02283908141256977
3382,95673,0.01959762933308966
3383,62624,0.019260422205840448
3384,46252,0.021361824295126702
3385,97641,0.024828619423803475
3386,64786,0.017400065472700975
3387,54671,0.023422978672869042
3388,97016,0.041365001103783675
3389,52576,0.04033961819125849
3390,91152,0.015799071387404273
3391,6061,0.023611332560721853
3392,39687,0.02499690896318418
3393,15535,0.03122107204910441
3394,1234,0.0470997533619521
3395,17318,0.027382283063257434
3396,16578,0.010284942236870516
3397,98090,0.021702302615499616
3398,6243,0.01527220211776127
3399,84748,0.02552013288692263
3400,47689,0.01562256139963145
3401,95329,0.017353168100712222
3402,30437,0.01662860319186675
3403,22146,0.02530438298740363
3404,46770,0.019597165428298865
3405,17260,0.016858533651096165
3406,43754,0.022715210172887128
3407,63853,0.022923577988648535
3408,95777,0.024212820387744447
3409,37951,0.02650070417744107
3410,5651,0.021711279624843646
3411,3942,0.034277859929692234
3412,89633,0.02279521375607882
3413,36786,0.033680062388511366
3414,16602,0.023942356734477584
3415,22165,0.030950024754980796
3416,96313,0.023819810592365556
3417,65059,0.0392029196601153
3418,53259,0.01991819230422977
3419,35503,0.021727207827865247
3420,55426,0.019939984152412625
3421,65307,0.018534340188876737
3422,59049,0.017852845555819095
3423,67250,0.032345645189906236
3424,31565,0.023235701039412724
3425,79193,0.02635026090182488
3426,25647,0.0220219962488165
3427,66473,0.03477729902243128
3428,72340,0.018495737611235775
3429,77946,0.027865548217985227
3430,2600,0.023228530707136395
3431,25565,0.02424246547478232
3432,36897,0.0315536336479045
3433,80820,0.025093372885563747
3434,7775,0.0292906872474768
3435,77400,0.02568862357720888
3436,38869,0.021477555053048027
3437,49071,0.02169162380206954
3438,92799,0.021736027326725194
3439,62279,0.03871550510568467
3440,52457,0.028849143624670538
3441,71874,0.018716939762175547
3442,31687,0.014301266883513937
3443,51199,0.018875743463640668
3444,87689,0.02677611149796534
3445,34149,0.010299725274308127
3446,50623,0.03117839349397762
3447,22222,0.01578702269625407
3448,16289,0.026051882166768275
3449,77925,0.020749372252445872
3450,28638,0.018923854238780517
3451,32337,0.017375855186131814
3452,35435,0.023585778809648517
3453,18832,0.01361787579121463
3454,64946,0.026346943298627655
3455,87984,0.01853902775796152
3456,60801,0.032544746146669995
3457,29363,0.013807974577977153
3458,40478,0.01758036169729868
3459,96172,0.044071886880447074
3460,83598,0.016043099593031157
3461,85249,0.025278392269987997
3462,29241,0.02897006483828295
3463,30597,0.035816138754755186
3464,28755,0.021344388295120816
3465,10718,0.01763685395478398
3466,73883,0.03303382565415795
3467,230,0.01982662237855831
3468,55611,0.01821833360765885
3469,1492,0.041413271999192036
3470,51715,0.08301110623366599
3471,91338,0.014095541724467607
3472,97916,0.03089029525982298
3473,69235,0.021140598879605656
3474,56143,0.016095018956769493
3475,70090,0.0200077725932688
3476,67200,0.041399093065447576
3477,47825,0.014745774709479395
3478,62119,0.025285162054230943
3479,75209,0.022614297956571733
3480,63512,0.013976218293038214
3481,59003,0.01899002824071762
3482,77826,0.017245820738419987
3483,33011,0.021284616633345667
3484,72773,0.017165967142193227
3485,15978,0.02602681684979018
3486,83636,0.022247628710311097
3487,71626,0.0206946010223783
3488,28955,0.01783056045024424
3489,17001,0.017247348932245273
3490,63979,0.031987266349729274
3491,39055,0.025676526553857264
3492,98616,0.0336185113884301
3493,6072,0.023689069115104464
3494,67023,0.03064153569080683
3495,43749,0.03387865349425209
3496,56430,0.018496759570067675
3497,15293,0.019628463057847573
3498,79154,0.030393383039615817
3499,20051,0.021474538389572896
3500,40570,0.018936288587970432
3501,57548,0.033669642035509706
3502,63953,0.025941120261301152
3503,2858,0.027027734513993023
3504,28651,0.021335504635692983
3505,89356,0.029916777799727116
3506,78565,0.01973066235942483
3507,7483,0.01679995300762365
3508,79478,0.02222854384283056
3509,46506,0.0331636742565405
3510,50913,0.013937265445778377
3511,22459,0.01603050671159858
3512,44164,0.023980677333845443
3513,40467,0.01986503461326019
3514,25645,0.023978722398447595
3515,34877,0.02151999944282936
3516,44698,0.029347140063829626
3517,96799,0.02702114835322502
3518,94375,0.01190183094758176
3519,70155,0.028012191272089468
3520,30940,0.025299448883678063
3521,51426,0.023052635853113318
3522,86641,0.0388633399343634
3523,12095,0.04091757451986346
3524,22230,0.03638375212819891
3525,1436,0.02426736464321673
3526,55105,0.02249956588901236
3527,27469,0.028710786948124054
3528,52540,0.032265402321952026
3529,41633,0.028429596485002148
3530,467,0.026109908882341794
3531,95878,0.036387801650211105
3532,3318,0.02404412312956751
3533,25966,0.0312346354272778
3534,41427,0.03031906857100956
3535,24620,0.017734845324314675
3536,42326,0.023214385710209704
3537,85344,0.03131997929468476
3538,1841,0.024053647645729197
3539,58347,0.04958608939748331
3540,53291,0.02013243952770737
3541,92517,0.017226210065483652
3542,58839,0.022612743857650008
3543,1414,0.021679682536874936
3544,52958,0.027549061388504867
3545,13778,0.025152554975778313
3546,53696,0.03164527880601447
3547,98638,0.01789437031415224
3548,90132,0.04271359147756519
3549,44411,0.023819958602655594
3550,42962,0.02058136876063929
3551,55278,0.02114014183694233
3552,92475,0.019481927632290345
3553,81830,0.020970694546692342
3554,16703,0.029700406420521182
3555,62064,0.020902238823417473
3556,81502,0.028323957523269012
3557,1278,0.02315403240737788
3558,22106,0.023999017864463006
3559,41256,0.01974175328127506
3560,63267,0.029432734341974118
3561,86922,0.015081122906755421
3562,42958,0.016733763384124013
3563,41345,0.03659291394006012
3564,97434,0.019589405653166542
3565,34668,0.01900060927251543
3566,41546,0.0193051560125588
3567,14901,0.023553691453947617
3568,28455,0.012651269733603882
3569,54311,0.019716424595550966
3570,78669,0.05789299582069149
3571,73134,0.02818708979220863
3572,8635,0.020197223226971414
3573,16787,0.023869596367424903
3574,90876,0.011971421574248627
3575,3746,0.023998797515324417
3576,20769,0.021813552893338573
3577,41344,0.018412668161396507
3578,5977,0.027878452663752933
3579,79476,0.029412715303034267
3580,42530,0.019955099025550045
3581,35632,0.028692171966037412
3582,40231,0.031308457477547305
3583,70431,0.026567234170335952
3584,99890,0.020185265587357927
3585,14051,0.015505696614425036
3586,60564,0.019751046820867396
3587,15562,0.03214337977044171
3588,10446,0.05312781480493319
3589,34045,0.02040590515636093
3590,28059,0.013764642587405068
3591,75808,0.06676837978894823
3592,15647,0.022388017676435813
3593,37953,0.027009049866372373
3594,16867,0.04461334263493031
3595,83318,0.021162614240450725
3596,56217,0.018242589741567804
3597,75985,0.01796160849548007
3598,3468,0.020750750094162704
3599,7542,0.026967843695358266
3600,74008,0.016102647542133107
3601,22513,0.03267951495869138
3602,50867,0.013380928266918665
3603,56334,0.021256803628394702
3604,89685,0.030335022879744145
3605,35891,0.02558147981788631
3606,88944,0.020628579019887273
3607,92034,0.020199417860988906
3608,48989,0.027461183239894358
3609,71393,0.020980285059360906
3610,59588,0.07459162077960833
3611,58681,0.023170012355141
3612,4942,0.03388862226613917
3613,28822,0.024997272846621316
3614,70721,0.018587027287370845
3615,4570,0.022153935320678733
3616,7696,0.03933962721416946
3617,96592,0.013948793961040741
3618,56307,0.02834922053276134
3619,9657,0.01644402956035654
3620,1027,0.025452961946535596
3621,42367,0.028614828176343473
3622,83100,0.02574371770219877
3623,85583,0.021964899419213153
3624,13830,0.0163275482824322
3625,15184,0.03375606442789297
3626,28303,0.021686324233919533
3627,55487,0.021962741402695028
3628,90746,0.018992882505321385
3629,30665,0.021851515355020473
3630,41693,0.016202373084604812
3631,17858,0.03852952967107953
3632,3567,0.024572472068365644
3633,65461,0.023450699167390992
3634,88622,0.0231505743561902
3635,3640,0.026574983065951685
3636,175,0.019596582935735813
3637,71713,0.02446158667460594
3638,78719,0.020932790725995208
3639,55546,0.020374331155394165
3640,67533,0.02389352920025893
3641,37993,0.020201978075910544
3642,66273,0.025899738481972513
3643,30388,0.03203308762425097
3644,97049,0.01396187685336095
3645,94885,0.013247509518859654
3646,40623,0.040808604928655824
3647,73863,0.019461399884832017
3648,54228,0.012627345136033984
3649,50217,0.03994334148540916
3650,54959,0.037849892984608016
3651,17262,0.017343801420011747
3652,70845,0.029722172302142233
3653,71239,0.02105023273048776
3654,43152,0.021100306804133877
3655,66319,0.01977169022143248
3656,62259,0.029696672831840285
3657,44731,0.021357161283978427
3658,18716,0.020249590763219513
3659,42070,0.02085669005524444
3660,24710,0.02039402452603189
3661,95288,0.03142362829924603
3662,2322,0.023125792371234636
3663,52635,0.020845930618086136
3664,18991,0.0223293524347883
3665,19706,0.024247157731662305
3666,33376,0.02419396223128953
3667,97907,0.027705723575268456
3668,83193,0.019080199196860253
3669,1821,0.03127165670360985
3670,17015,0.017175198536230486
3671,7001,0.018143899703233518
3672,38290,0.05675742041255269
3673,83439,0.021720980951995032
3674,20802,0.03968210004751177
3675,55565,0.040821560268808066
3676,28023,0.04141537597249187
3677,39708,0.025000442718414548
3678,36449,0.023210092418373716
3679,10081,0.015472109546479047
3680,6814,0.014608585599934467
3681,68122,0.03304110318120965
3682,28359,0.009729044783006742
3683,23534,0.09465840659421508
3684,30343,0.029022589201223952
3685,4390,0.015236439070582617
3686,7422,0.03327055199418656
3687,77129,0.021060889062041968
3688,84834,0.024508717944622175
3689,12966,0.0283873667514394
3690,79761,0.0185564865880871
3691,63641,0.030091558070592748
3692,54270,0.02073605366347136
3693,24464,0.03599728102824275
3694,86353,0.025526297597826896
3695,89592,0.01592955287536249
3696,20473,0.022681203513563303
3697,19718,0.013650441329978854
3698,65110,0.024189900215290404
3699,5626,0.021357341369010515
3700,87943,0.025610201376061296
3701,17565,0.030401334234234103
3702,21461,0.03560659141966031
3703,56812,0.02007590190737067
3704,28565,0.02048127064307728
3705,27117,0.018385215027349508
3706,98146,0.03197320197518712
3707,9710,0.024345086357758457
3708,42203,0.029821960259926183
3709,24377,0.044974596391771614
3710,90554,0.07875080805318
3711,20559,0.03132254116704642
3712,55601,0.019308159663746258
3713,59350,0.017463895193629564
3714,32055,0.026168802018129832
3715,61098,0.01559505854961879
3716,27102,0.0240862197841021
3717,76116,0.016889532615000778
3718,49913,0.02208100860432264
3719,90297,0.017232255038371936
3720,23980,0.025743448991656676
3721,57427,0.03629838767527274
3722,35699,0.0214236506709595
3723,43499,0.02463201264191439
3724,84710,0.03763151511221813
3725,7651,0.02968913641563971
3726,1822,0.016136695381685932
3727,50216,0.03027963466905952
3728,81342,0.02489438350184111
3729,47590,0.013965480546702012
3730,67286,0.033703141181939573
3731,52456,0.027356273406746956
3732,55707,0.019504468876273096
3733,54970,0.016665711474079557
3734,84592,0.023753599088441907
3735,95833,0.026685657043637314
3736,77528,0.013040572610330693
3737,11902,0.016346176421243017
3738,11671,0.033658488870328025
3739,25677,0.03233665378312778
3740,69355,0.015509856918106885
3741,47847,0.06471310993701379
3742,49322,0.024705908190049565
3743,58430,0.04235420586819746
3744,14411,0.017088677725577456
3745,53363,0.02876357989147506
3746,92128,0.02049190372784885
3747,93450,0.02182788273678863
3748,74524,0.028631911549478514
3749,78848,0.0229475707149102
3750,56640,0.020282445593453276
3751,97932,0.011636466853413258
3752,70986,0.027350389144452914
3753,85899,0.01565446551248312
3754,29424,0.02360379168342313
3755,79605,0.0314670954645937
3756,76509,0.014754421782601909
3757,23602,0.017447752565033225
3758,49080,0.03280466014225668
3759,20499,0.02592796802369133
3760,42673,0.021902273864370554
3761,31122,0.019917321225538732
3762,14991,0.028504703227914773
3763,27518,0.021657621574168062
3764,56803,0.0328480781153772
3765,64477,0.012030275477520815
3766,51043,0.06319236628708877
3767,17682,0.02560717106714305
3768,97481,0.013613230620252116
3769,74133,0.019386610985732702
3770,64965,0.030663513023269303
3771,40667,0.02475529458810022
3772,13815,0.024275014711145362
3773,42881,0.01582091354764658
3774,37776,0.018367810338155918
3775,37436,0.02481561136992574
3776,41592,0.014011342107124316
3777,82261,0.032192487517620924
3778,83889,0.017525106482576793
3779,51548,0.02160395746152422
3780,22478,0.02037312130026681
3781,71144,0.027086257616635225
3782,49776,0.05267325596818689
3783,26654,0.026017672266509362
3784,86311,0.024158038720830072
3785,96955,0.018770352806122707
3786,20095,0.047937923866605094
3787,14642,0.02402020767267157
3788,93914,0.018451139146732614
3789,95368,0.024078908798539522
3790,10375,0.036096495716353164
3791,73712,0.01481343839289945
3792,61161,0.019103298063622265
3793,88659,0.028669749228356838
3794,7464,0.05026142091746651
3795,61937,0.026172023054136427
3796,74959,0.01535090929703521
3797,66110,0.029663033743674433
3798,92915,0.03144594305826978
3799,90547,0.03417960136895797
3800,35364,0.015485393096758258
3801,55683,0.02979309965335133
3802,67710,0.011321446050084803
3803,2033,0.030357708848696104
3804,9033,0.01595584578416326
3805,74284,0.034678662666015866
3806,38589,0.028324014319177214
3807,34200,0.01195829957004933
3808,50118,0.014392895693027234
3809,24936,0.01634990998158774
3810,31549,0.025071300613656127
3811,86367,0.039348420887426884
3812,64427,0.028640025016707735
3813,11002,0.0243348357327508
3814,70056,0.023898386521502498
3815,87771,0.024206718137440613
3816,71092,0.02370660381476914
3817,80334,0.030392759415967342
3818,45983,0.014159646866684562
3819,67991,0.02540220298934366
3820,5952,0.021373176305537922
3821,72365,0.021583048114933757
3822,34605,0.03021706164118798
3823,34977,0.02250332796717867
3824,52468,0.01856258734143075
3825,90377,0.024980575205359987
3826,63404,0.024543266095718917
3827,97947,0.017384872461425463
3828,38906,0.024868264959256953
3829,69011,0.03652832173909333
3830,96121,0.027118135167806236
3831,49124,0.022004087704867614
3832,47514,0.02006427208341071
3833,60515,0.02451279491555059
3834,42933,0.03494586686847691
3835,60317,0.029218295402448673
3836,53471,0.015302677732537464
3837,35456,0.0210640653947795
3838,53021,0.0177482530589419
3839,60678,0.016142845288964664
3840,17427,0.030291931010501576
3841,9546,0.07196471183854307
3842,83106,0.026846104453366264
3843,41230,0.02336963790000145
3844,51844,0.021548698830958453
3845,86226,0.024190329688900707
3846,96253,0.01821530127727766
3847,56723,0.027019237253075565
3848,5302,0.06943420337447101
3849,25719,0.02369165835486093
3850,29593,0.02197625020118533
3851,73279,0.01975764501229382
3852,51952,0.026747735078603962
3853,23673,0.01959202419478869
3854,36140,0.022997154844603292
3855,45423,0.039110256554920335
3856,10243,0.02085148863879336
3857,48095,0.02159910387834146
3858,60230,0.040367841769022215
3859,71910,0.011721334943640046
3860,16412,0.010978198989789597
3861,18828,0.018658912110040345
3862,95787,0.008621010164801199
3863,15994,0.016319989894872572
3864,67990,0.024604147740389565
3865,73084,0.038604640585680035
3866,35518,0.024439192446799013
3867,72460,0.01838646001031912
3868,98754,0.017574628602702803
3869,68572,0.012550214228128149
3870,15067,0.013803088458413817
3871,21387,0.022157412780842396
3872,89157,0.0291238158116013
3873,56574,0.017729287953557413
3874,58996,0.020327186548779325
3875,45058,0.028183726038042128
3876,60846,0.052406088448849614
3877,50723,0.030589325570652682
3878,56314,0.02130438515646267
3879,91868,0.05133836749609168
3880,32306,0.023791810686300898
3881,11634,0.043285544887594764
3882,21291,0.024542153714458673
3883,50084,0.0297852299607866
3884,32440,0.028971500713710123
3885,5086,0.02734765990320521
3886,5235,0.018791276800921144
3887,54819,0.018922548622919148
3888,34049,0.032047045606776806
3889,81885,0.016291153755349324
3890,53826,0.02176946733852677
3891,1856,0.018581641021382725
3892,34109,0.01685473603929068
3893,24200,0.023445179275100113
3894,77560,0.01822903540115244
3895,77690,0.018981369823753716
3896,42467,0.03125761511979308
3897,14962,0.02983957573934769
3898,97480,0.03540216697812222
3899,38310,0.030154558426865128
3900,99620,0.024394015316615794
3901,83162,0.02856868570414678
3902,64846,0.026466126924225473
3903,75257,0.024040059401420122
3904,18737,0.02371166913858428
3905,10002,0.020733119791220507
3906,63141,0.015657291453283845
3907,37502,0.02042479868895176
3908,64110,0.019118125065041857
3909,91643,0.0198237211337836
3910,40707,0.020074459645765638
3911,56367,0.014963010012380162
3912,56953,0.016559459338785287
3913,82905,0.019723173923554
3914,39155,0.022807353904818462
3915,90575,0.017090935520761547
3916,77575,0.026519296334097036
3917,28545,0.024891125658700858
3918,59344,0.018746624129010195
3919,58861,0.02881746384226919
3920,52354,0.027267910414636862
3921,19445,0.037297357314605935
3922,97431,0.03198918515104993
3923,89043,0.030483546514842565
3924,2908,0.01973726654033269
3925,65123,0.020526222181715105
3926,9244,0.0279902572817814
3927,75947,0.05064270070271281
3928,77680,0.02416231641663896
3929,85092,0.03584320839257041
3930,95484,0.023628132680737456
3931,16054,0.023347212590034156
3932,84322,0.01598039425296374
3933,5391,0.039579685790705706
3934,41974,0.024864834411303806
3935,72187,0.0453984620001396
3936,97694,0.03863172846789949
3937,36407,0.02508224496544792
3938,80138,0.014013414601645024
3939,34771,0.02679423102590846
3940,5782,0.022927978736089767
3941,61973,0.013397868622000677
3942,85659,0.014991470364659528
3943,55035,0.0175800588975071
3944,83488,0.017077070090323655
3945,93726,0.02741966889983443
3946,34578,0.02862694372280139
3947,95440,0.018264071271643294
3948,94651,0.021793811544243705
3949,12360,0.01534673671530006
3950,58052,0.02355226485122652
3951,72138,0.0591891196439552
3952,79260,0.019566340912708306
3953,58592,0.023220803019949693
3954,28608,0.027019729001619617
3955,88501,0.015099102673340092
3956,32867,0.022870877811541294
3957,66639,0.03337039972747344
3958,84150,0.022694794016787333
3959,73951,0.03357094876867543
3960,7062,0.02750388259046902
3961,78350,0.015541153292590034
3962,29478,0.03440776021589462
3963,73358,0.016833175577513133
3964,87180,0.01823523803678155
3965,87182,0.01530634997829314
3966,90851,0.020321051615196026
3967,41102,0.017078595790501697
3968,76960,0.027940758927996967
3969,92459,0.030260572573939267
3970,22242,0.026776047650584715
3971,32683,0.06039583213260507
3972,94243,0.010811366728024532
3973,412,0.016126123319288574
3974,71024,0.018428291000339436
3975,23628,0.026354250829448294
3976,74914,0.01756799110864163
3977,19529,0.026228566086328942
3978,1453,0.025207225996448687
3979,12587,0.032079077906491116
3980,80710,0.023589715265289
3981,15053,0.044752282395744476
3982,56053,0.026551976992978628
3983,83233,0.028942273589209724
3984,86021,0.02214658606138671
3985,83458,0.02680658253846818
3986,51430,0.028217519912359285
3987,86004,0.023554339734412948
3988,21600,0.026130748924825906
3989,3315,0.03060785707390128
3990,57179,0.021686196013517723
3991,81995,0.015488708118643578
3992,40833,0.017012242820668738
3993,69004,0.021917916726035984
3994,33156,0.0321619994735913
3995,52791,0.04775365372698172
3996,81880,0.027014982792894226
3997,59570,0.026718142139583307
3998,29127,0.015525643735419967
3999,97768,0.019715560956639525
4000,85394,0.01762274909666657
4001,29696,0.016362880469817227
4002,13870,0.016981769202519172
4003,38227,0.02085190765341034
4004,75974,0.02800938949323932
4005,71920,0.02194750678049711
4006,41129,0.013113821853733635
4007,17762,0.022505129729250985
4008,78914,0.02472984776830974
4009,23,0.03243501980012543
4010,92171,0.025474009098757928
4011,47347,0.03460078935718621
4012,46504,0.025888044898941472
4013,26669,0.033527434217694704
4014,61035,0.013034237014957177
4015,23250,0.025963745139194774
4016,48914,0.019829933513497554
4017,78412,0.02033799535011679
4018,92716,0.025601390370861545
4019,52608,0.017995536076580144
4020,13228,0.05527104474502773
4021,16039,0.024734922127762852
4022,82636,0.016517115603389188
4023,17301,0.033818482363957486
4024,91318,0.019902599075941302
4025,16152,0.025938538338853994
4026,86408,0.02425031934420971
4027,42035,0.021670318309202942
4028,27964,0.016117316469795955
4029,98457,0.029143269743503716
4030,69373,0.01584718220620637
4031,31514,0.026358494340608482
4032,80535,0.032991228406256026
4033,20368,0.02205247679470426
4034,27813,0.02854645528527767
4035,68277,0.035132350356727245
4036,25161,0.023828460485942463
4037,46157,0.025703385806186554
4038,79556,0.0333231012523958
4039,54328,0.0209905200724819
4040,7208,0.018910889083336165
4041,79862,0.03136840398238462
4042,83170,0.055485417477224505
4043,72261,0.026099365849991375
4044,12690,0.016984590686056296
4045,97013,0.037524415546399695
4046,54623,0.028464650002000512
4047,41967,0.018815955755428798
4048,56855,0.01855278809732976
4049,28259,0.01748657271166828
4050,31090,0.018924595549243754
4051,44690,0.017837774125165604
4052,88641,0.03083234747926743
4053,66211,0.01820255594431419
4054,22507,0.032926462141949775
4055,58972,0.024481674045570872
4056,58973,0.019234291093779627
4057,12237,0.03464971739424198
4058,81166,0.03198409286132775
4059,84779,0.02574222863184764
4060,8111,0.02268512983252216
4061,32134,0.014293683970596001
4062,81408,0.028921796100528422
4063,65686,0.019246683290077272
4064,58486,0.016818598813468248
4065,22854,0.025676216474535794
4066,1859,0.01853643510889589
4067,32016,0.023638794993231398
4068,76663,0.027234505282928305
4069,46669,0.022464230821567847
4070,94701,0.03050393036838238
4071,72789,0.01671469067261281
4072,14547,0.0214743552046276
4073,654,0.027416710476754765
4074,67857,0.016341606721233217
4075,74588,0.015817242745785186
4076,91945,0.020844793502556726
4077,61984,0.021820180295036583
4078,93376,0.023967865097462068
4079,57044,0.015838248824824347
4080,16536,0.030382073521474956
4081,33946,0.010428923852125512
4082,18336,0.02183410353297153
4083,80436,0.02347037078350956
4084,2766,0.028453671085011775
4085,51935,0.03475395510726725
4086,36884,0.020325227358287987
4087,20392,0.01155055301373456
4088,52195,0.04230339042215927
4089,80323,0.013261122409339906
4090,22406,0.02243064483554296
4091,43339,0.017891551852889806
4092,9440,0.0241206053458815
4093,93272,0.027391844693456683
4094,51413,0.034164011737756676
4095,34703,0.010998189364354472
4096,53898,0.03532940799908177
4097,95383,0.016836106699531027
4098,92556,0.031785186231012286
4099,84598,0.021276626480889783
4100,51319,0.03080576167388999
4101,84145,0.020821507222974486
4102,32009,0.02528628699344876
4103,53190,0.01620549314643871
4104,79067,0.02680227808466404
4105,94448,0.016655509439572863
4106,8183,0.01693066874107015
4107,52505,0.020132060999750546
4108,65335,0.022831832416836145
4109,72119,0.018097698350560687
4110,33238,0.018339075244621694
4111,94875,0.022255351858196746
4112,28917,0.03836968312865047
4113,79019,0.03279327493947655
4114,47776,0.022177271689953548
4115,2009,0.0219477552502545
4116,4642,0.013534401670258931
4117,24331,0.03365475909514583
4118,4179,0.015363056329401343
4119,53708,0.04252717049467972
4120,87913,0.016136727536187046
4121,29774,0.017047387585560687
4122,13362,0.04799762315103188
4123,70659,0.021681457934453825
4124,84547,0.023322389456322187
4125,32973,0.032177526511221494
4126,4527,0.030606777051474455
4127,81687,0.029873942542020488
4128,11967,0.03011269333513485
4129,67587,0.010838021060389707
4130,44236,0.024254989194246297
4131,48431,0.03872415637471427
4132,53604,0.02019505407562707
4133,97156,0.016275479439155617
4134,113,0.02355625837753194
4135,26086,0.03190152597407167
4136,19643,0.03424872693357642
4137,83570,0.011660672530192153
4138,88430,0.01534471310283452
4139,13949,0.03150807328382188
4140,83940,0.02238182078970561
4141,26120,0.026410391981730532
4142,18165,0.09349707308105781
4143,73191,0.020321498467407863
4144,58916,0.023199260615749697
4145,65494,0.011893467995647729
4146,81526,0.018890286154791495
4147,34820,0.03269473516824418
4148,33162,0.02767664537978112
4149,99770,0.015099220195827382
4150,91603,0.013460890741998492
4151,33449,0.020801761638073166
4152,88579,0.04067494205538106
4153,53841,0.026924116612299532
4154,85527,0.03063579084498755
4155,14838,0.029777740481384648
4156,41414,0.012754517156389571
4157,57140,0.021216006133247648
4158,79820,0.01771075197122477
4159,36976,0.057126067998276193
4160,38346,0.025065232710326416
4161,75849,0.026271057304246694
4162,44566,0.012939435523496117
4163,60812,0.01460122870552675
4164,99210,0.020314962875162438
4165,46572,0.035694953265746315
4166,48874,0.02457564021476474
4167,86431,0.036882322398351694
4168,23944,0.02355703273538578
4169,86599,0.022387052940465675
4170,15203,0.017241032524282687
4171,18543,0.02565264470177138
4172,84768,0.026998523140505493
4173,13320,0.012537321351667364
4174,35044,0.027936136236372765
4175,25581,0.022358999459354836
4176,43290,0.025310160830562978
4177,55518,0.014563590268015247
4178,79445,0.020287809184157356
4179,19449,0.028590065398714774
4180,18970,0.02582806477618755
4181,88239,0.028485570158004837
4182,6380,0.03886487736037364
4183,9315,0.013304018464706815
4184,59789,0.058492581897242955
4185,32940,0.02725730352989214
4186,29192,0.031079653656749126
4187,74775,0.020632807682142196
4188,83051,0.027998065190875547
4189,75111,0.011085869277083186
4190,91956,0.014145827166621924
4191,43046,0.01546356395945896
4192,40841,0.0210178286976472
4193,45518,0.01811358271349152
4194,59948,0.022802761786316537
4195,78083,0.021698976478444383
4196,18169,0.024458856426817423
4197,91549,0.020397856624041633
4198,28257,0.025194862126148885
4199,30449,0.022607221535154803
4200,46501,0.028599023895628004
4201,74345,0.02435656033456731
4202,24375,0.01969124280467275
4203,50955,0.017243838836456273
4204,70189,0.016454855853592208
4205,77405,0.023239601523615837
4206,37013,0.01759475555873078
4207,18191,0.018651806029646847
4208,6183,0.02301668228496296
4209,7484,0.025463628586165556
4210,22806,0.03581139503142151
4211,44518,0.02205313652405251
4212,74156,0.03171735531100421
4213,32889,0.03169430521481826
4214,73711,0.032232165312876385
4215,88027,0.019905807636664333
4216,29758,0.021211609510618696
4217,32416,0.02284370943140384
4218,86378,0.021625160881321017
4219,2437,0.027519740710920997
4220,52808,0.020216450063730206
4221,50880,0.022859572049652895
4222,33950,0.02285285180260721
4223,61470,0.025526633488445274
4224,85197,0.01528923627186186
4225,23806,0.02378367814401752
4226,79748,0.015443675556705658
4227,52074,0.015827157841826166
4228,44194,0.019840815848421255
4229,12027,0.02419086788786608
4230,75580,0.04295804129240668
4231,4183,0.024486595172562638
4232,49476,0.01608770894264224
4233,22897,0.023078686984694726
4234,5008,0.01783737786889858
4235,45252,0.05648564135279845
4236,65620,0.013960175417342806
4237,33105,0.016112593177336744
4238,86954,0.020924889068983366
4239,51792,0.03559073909498292
4240,52740,0.023990593868456155
4241,29352,0.019475047834439395
4242,43930,0.014286368760704814
4243,67817,0.02381887122390117
4244,49713,0.012085031118287386
4245,86147,0.025380621603580955
4246,23020,0.025568026001041425
4247,83291,0.019180510943869074
4248,14289,0.016657834252901748
4249,66026,0.024628668184822997
4250,70662,0.0623760025732863
4251,82505,0.012441664409508968
4252,55882,0.011123182211336766
4253,83934,0.019144151488658
4254,8644,0.02301850177619538
4255,52396,0.016583398668000716
4256,94596,0.04678909812117201
4257,32828,0.021877697142054356
4258,41882,0.03157083126614653
4259,66753,0.022623430680644374
4260,50043,0.043510653569915736
4261,5695,0.019118454670529056
4262,8816,0.021562654253998906
4263,49201,0.015533802915193623
4264,18644,0.016094494266836647
4265,27994,0.03292176085984626
4266,53255,0.022201532404328542
4267,29691,0.06397461466299059
4268,48265,0.02084165469377516
4269,79621,0.022362199125213873
4270,53914,0.024824272102205943
4271,38377,0.026897166993161387
4272,83409,0.04032812224084448
4273,85999,0.01717982570114092
4274,86638,0.0213239164198413
4275,72328,0.01509604620610015
4276,89444,0.025768677832749772
4277,26046,0.024600897778302638
4278,31793,0.045376174113491125
4279,90373,0.05658919415537478
4280,29636,0.015051687955217337
4281,44014,0.02422902839946875
4282,41966,0.03152525484063283
4283,73852,0.028043807202101433
4284,1876,0.01840609099136628
4285,10809,0.026788661702120287
4286,8194,0.00878697398666401
4287,43057,0.022208599677194314
4288,68662,0.02650292688182977
4289,67977,0.024157295233006238
4290,46294,0.02895626850031736
4291,6473,0.013909360460701854
4292,49429,0.014210462463592961
4293,75882,0.021324103440786175
4294,99708,0.030446027971674356
4295,68410,0.03781639680687657
4296,5003,0.0378282059875885
4297,86985,0.017918368949893352
4298,34299,0.042838569652304544
4299,49144,0.016356232882803065
4300,6242,0.01406068389536835
4301,53274,0.023703845046303774
4302,79164,0.020416931551866586
4303,40691,0.0232010003803943
4304,46200,0.01955450357340002
4305,58506,0.028154796258950995
4306,15093,0.024081422832514913
4307,14879,0.02868776339990693
4308,88157,0.022749933821138477
4309,66788,0.050656171306394354
4310,62053,0.01837480624795032
4311,82611,0.02620895326144368
4312,84720,0.012451204617242544
4313,84977,0.027764984545684546
4314,91863,0.031355280517641845
4315,91745,0.03161214664520392
4316,87319,0.02510239464600484
4317,35904,0.02274296119646853
4318,10109,0.05418268938168556
4319,79780,0.02092170217274792
4320,19932,0.021859860909739987
4321,81050,0.01882125738320394
4322,41131,0.025491453682421752
4323,36045,0.02536811864516414
4324,41677,0.023340785131211683
4325,20541,0.03028166703091091
4326,65120,0.023306909155586742
4327,60010,0.03423443180897369
4328,74428,0.022184517942953397
4329,42209,0.01576891436978066
4330,36768,0.009487804765267099
4331,2774,0.018308240960682183
4332,66669,0.03446045795475523
4333,18161,0.020167081257835187
4334,15090,0.02132070158658616
4335,65702,0.023721364946894755
4336,97574,0.02885908621088868
4337,19393,0.017681868009393555
4338,7126,0.0254237696343748
4339,19356,0.026920404498498165
4340,75905,0.018360475170883832
4341,34211,0.02030886850240485
4342,51336,0.04133936008862199
4343,91826,0.02666919902166046
4344,56194,0.02502855944649701
4345,72324,0.013883256070421578
4346,82935,0.011647241300268407
4347,2822,0.026107950977021985
4348,3692,0.026401052337042718
4349,4214,0.041519666927123076
4350,27288,0.03889279173891934
4351,77287,0.019224393172606723
4352,97775,0.018769356469603097
4353,37164,0.034767712650148046
4354,63617,0.027508196298045032
4355,58344,0.013720638486771295
4356,5553,0.018339019287003704
4357,93530,0.038922754998819906
4358,9215,0.017869525786725175
4359,33949,0.020286242166224662
4360,42521,0.02429264234403665
4361,30679,0.044832940262662206
4362,8674,0.03927226767237797
4363,70849,0.02950211600890612
4364,4045,0.02310454616640631
4365,1544,0.01819501190834269
4366,96158,0.022723125596129476
4367,38378,0.01978949583570459
4368,85283,0.022700779820283064
4369,24006,0.020786476930878733
4370,13537,0.019864792149352457
4371,5806,0.07455301845225011
4372,29144,0.023009714841686308
4373,66029,0.04697220136357505
4374,8219,0.021285970058502107
4375,15777,0.022951976071210016
4376,6996,0.012354578106579778
4377,21866,0.024340043532401514
4378,19360,0.015995506969234987
4379,17037,0.03871763334359122
4380,27514,0.01713543765490287
4381,50157,0.027301136590776116
4382,50368,0.021272794637319778
4383,62748,0.03073713771414535
4384,17856,0.028857840236670894
4385,59261,0.013189312152130265
4386,32141,0.021840835003035068
4387,55456,0.014458168117912461
4388,22584,0.023112785042907046
4389,50671,0.02533869664500031
4390,27029,0.022845358649002695
4391,19688,0.019178379287831674
4392,46054,0.0250096877219354
4393,11297,0.025388335563896768
4394,97513,0.01925658640490205
4395,36881,0.015484757726794484
4396,99324,0.026383909368265446
4397,73508,0.024452541022479964
4398,35290,0.0234570367683221
4399,3530,0.028698420394518986
4400,66974,0.016411030638690337
4401,25927,0.017537610022691042
4402,12309,0.027711318595597837
4403,84044,0.054040840347935826
4404,45839,0.027995385620510214
4405,49219,0.02164754229466353
4406,53199,0.021499798645286804
4407,66309,0.031185870783725287
4408,87871,0.02616317371519437
4409,6816,0.03092144600112566
4410,60206,0.022424731644053
4411,20598,0.022970767364742822
4412,39957,0.015199713528014799
4413,82333,0.03693776708353627
4414,61951,0.05991221417411787
4415,1513,0.032926457542848356
4416,2568,0.020955827028860095
4417,20340,0.025508196652467435
4418,55148,0.021013128045115955
4419,28525,0.023124728081480632
4420,38995,0.017389747337495452
4421,42863,0.02858264740673386
4422,62594,0.033516212904538586
4423,51048,0.0219843808548002
4424,87394,0.014259303135322764
4425,57767,0.02913866404811274
4426,93856,0.023059542628563388
4427,73732,0.02223451807408175
4428,38800,0.08470312245361877
4429,83038,0.028414811738101245
4430,18934,0.02651141201212778
4431,71790,0.022043958964220855
4432,40739,0.021878172269276262
4433,36682,0.02114792925429944
4434,5472,0.02432423498845403
4435,66858,0.023433384366636403
4436,89571,0.021064101076366585
4437,68184,0.017088965418536564
4438,74763,0.03261666737127625
4439,82178,0.0182544614816279
4440,5567,0.02418476892880401
4441,68008,0.016763212055351633
4442,53196,0.021777321454671313
4443,71197,0.02839552003340096
4444,15738,0.022775849064343528
4445,84109,0.017587616095678577
4446,67070,0.027482083681870995
4447,72115,0.03610855750390585
4448,60327,0.03160892449338798
4449,22706,0.024655762780899187
4450,1415,0.02987848355642845
4451,366,0.029349972945459796
4452,9268,0.11081950139496491
4453,4295,0.019671733708208187
4454,33517,0.02136967436943466
4455,52600,0.016122537974443716
4456,67747,0.033649697573017556
4457,85400,0.034459011972005155
4458,57411,0.019225761761101454
4459,47824,0.0257443220179205
4460,70583,0.030225542622080666
4461,42311,0.023344100028414864
4462,57054,0.01808373924005841
4463,883,0.02160958716494984
4464,80810,0.028572173106685982
4465,38547,0.02915523176524898
4466,43770,0.012835877392176401
4467,92902,0.04945943646755804
4468,28030,0.03759998005169194
4469,48073,0.018549211209965166
4470,67287,0.01907303621523387
4471,96449,0.017772721595065193
4472,33710,0.024253222694556653
4473,35754,0.019297233108658936
4474,26370,0.0236611959083984
4475,38266,0.028805084727468108
4476,13854,0.025940203711360087
4477,62408,0.027467707767847977
4478,21786,0.024673016870690852
4479,16593,0.015435129230560127
4480,90083,0.013827306498934539
4481,53159,0.015279075696970441
4482,98956,0.029838555560248184
4483,94236,0.02775130678961904
4484,1799,0.06165238656178452
4485,85594,0.027731306338915813
4486,52988,0.04638038131573408
4487,68115,0.020385806018339305
4488,70360,0.008468028336247154
4489,25681,0.04454884653815036
4490,84199,0.02237834874121469
4491,96160,0.02389405233036209
4492,25568,0.039059252206849984
4493,48031,0.05995471258754063
4494,27524,0.0265265264909849
4495,52198,0.017166420964421066
4496,72625,0.014291170779729651
4497,68996,0.020124472503872823
4498,48065,0.01688565080914388
4499,97639,0.03165265024605596
4500,85864,0.025187209069534654
4501,13805,0.03145929670221838
4502,96761,0.02639243844517445
4503,54769,0.015355213912671964
4504,12197,0.009960809793454905
4505,83251,0.017306573905326555
4506,94921,0.022204871780363743
4507,11596,0.024601181106470364
4508,12044,0.028240770203470014
4509,55767,0.018318510794193273
4510,74035,0.03516378324406181
4511,61038,0.01606091064944565
4512,76369,0.02701467348547807
4513,35535,0.019914423822447354
4514,89022,0.038257152389850994
4515,99453,0.013011959604954684
4516,40341,0.02654379243571366
4517,73187,0.02936321279901036
4518,54640,0.027138440669559866
4519,27055,0.038804723963668006
4520,42599,0.02342600780617037
4521,59853,0.023256133115104747
4522,91245,0.04522627333823423
4523,54818,0.03128352476638934
4524,80757,0.025501674251909738
4525,55928,0.05416565970700356
4526,61843,0.0441342679334447
4527,87214,0.022092515110949132
4528,65912,0.024704714410296685
4529,32297,0.029004162455402036
4530,23617,0.02621231340906366
4531,42056,0.014874411764367103
4532,55490,0.02111594686962638
4533,25639,0.02085013628301519
4534,26886,0.03230740104683971
4535,10614,0.01683136961893656
4536,47990,0.024764412440397753
4537,66662,0.0202615120892527
4538,99184,0.015229180680378932
4539,18320,0.025308356600250853
4540,76064,0.026130438961063443
4541,6320,0.029656250369722845
4542,1131,0.018710089422117403
4543,92539,0.022608560247257332
4544,60920,0.01675331374111301
4545,34434,0.01602054724712178
4546,89960,0.022621352088231562
4547,37753,0.030398395925702877
4548,10660,0.030635081869354236
4549,5251,0.01753004944399083
4550,422,0.06084421987131002
4551,96489,0.02359306637112039
4552,69646,0.021777970121096432
4553,34909,0.05906473789036821
4554,73943,0.024930592301870308
4555,12779,0.020005534028549737
4556,58396,0.030333181159551297
4557,57580,0.021893826987968143
4558,76397,0.02164168477740008
4559,78253,0.027051533250840705
4560,39415,0.053527865751208874
4561,66906,0.025273011958435745
4562,80859,0.02522540360577023
4563,60366,0.02862186310809754
4564,77646,0.030675443025229416
4565,18625,0.012924392584458055
4566,24654,0.03989453707161802
4567,99019,0.02096089035744366
4568,27914,0.012913748081312956
4569,43481,0.027102958354945205
4570,34943,0.020280685141733545
4571,29409,0.016372713249474164
4572,68448,0.02228299608125446
4573,99562,0.01788361159828571
4574,52660,0.015866984559818068
4575,77603,0.047879369000176905
4576,99365,0.013477131009245146
4577,37505,0.03095661106804588
4578,31364,0.0399717461778752
4579,79284,0.028881324610037996
4580,38934,0.02430018004598012
4581,53852,0.023819263758134528
4582,94253,0.02317162876887544
4583,79491,0.029670987463726435
4584,36845,0.017736813030209617
4585,2353,0.02741842523872625
4586,56134,0.022486296579399465
4587,58924,0.016316999795636382
4588,29417,0.014182893719452703
4589,54135,0.04251931519241765
4590,90498,0.01608650110022581
4591,31195,0.011228829006225113
4592,32159,0.012437070548354448
4593,17717,0.02523421863400222
4594,88972,0.021632495903535963
4595,89541,0.031404381841610055
4596,73097,0.06077477294546281
4597,76710,0.02546879776289039
4598,77517,0.012588123896898958
4599,35611,0.02270275881497348
4600,97299,0.03745178795958612
4601,50247,0.023728657824062603
4602,64327,0.02044942963127497
4603,43878,0.021991858501208342
4604,47201,0.026029619390841734
4605,88881,0.02713472134586937
4606,44612,0.026223827628690348
4607,44298,0.025211875179670846
4608,38682,0.02925705082094304
4609,9136,0.020223066842038274
4610,20965,0.021444945770136892
4611,1292,0.03524497592818844
4612,61270,0.018331659937860623
4613,17185,0.034778259029288536
4614,6774,0.03018224289621247
4615,75186,0.019704165770512587
4616,64656,0.029686468758274714
4617,35908,0.03130008483817469
4618,73692,0.024884588488199404
4619,95702,0.02328761652757913
4620,50824,0.015880031851481218
4621,80639,0.020637322779196502
4622,90965,0.024623076300138165
4623,33644,0.021246383336029375
4624,87256,0.01241926351548188
4625,28861,0.02801132046556942
4626,64026,0.014652098522588659
4627,74451,0.033903297389920296
4628,37009,0.023941444762718384
4629,15094,0.01992546270532129
4630,21630,0.014883470727031452
4631,9823,0.02771752002680948
4632,17363,0.013061983267149292
4633,73819,0.06956108535064486
4634,56898,0.03423954203044341
4635,25084,0.02249484387701528
4636,59121,0.014343260545834041
4637,57007,0.022286302517309738
4638,1913,0.028012017751797662
4639,81062,0.032375168221267195
4640,15966,0.033975909840972165
4641,19852,0.022760277375424687
4642,68678,0.028099239851193898
4643,71268,0.04843449884814639
4644,81227,0.01982033157299241
4645,67771,0.0232270404349112
4646,74741,0.03289046838438197
4647,94288,0.03143669067511887
4648,1549,0.024125395074457878
4649,6010,0.020524787231114543
4650,15448,0.014997856134726137
4651,92602,0.012217239390778088
4652,50798,0.02287180369830903
4653,73219,0.029287560888414048
4654,61155,0.01679433284097924
4655,85573,0.052442827433846644
4656,68305,0.020983149050888064
4657,57234,0.015420935908976648
4658,30899,0.02090981668591952
4659,83141,0.0329925358783434
4660,36110,0.0267109881812572
4661,84952,0.031457780822257086
4662,36124,0.01748759951413424
4663,8088,0.015603928701057314
4664,13264,0.08361011401252909
4665,4364,0.022510660419952543
4666,44209,0.022371866002186266
4667,36489,0.020279219506340304
4668,53427,0.014950867525667195
4669,81972,0.015988831445245048
4670,22291,0.02413404365145317
4671,5137,0.027447117539709905
4672,12481,0.025569396003286574
4673,84292,0.026942934223472704
4674,32628,0.017605116306828917
4675,48228,0.02629982559295054
4676,41097,0.023813557253163774
4677,8296,0.03240218189668649
4678,48502,0.01631903509620581
4679,19264,0.019804199672213287
4680,21540,0.03277716570124367
4681,21044,0.024834027619417973
4682,33158,0.023280673428471208
4683,89325,0.020045832117620774
4684,73631,0.025920456445084037
4685,20542,0.01949312898625042
4686,30960,0.019255673790901293
4687,441,0.01906900207374312
4688,99340,0.04240585019885399
4689,99490,0.021015667401935945
4690,58073,0.01641057896384725
4691,51462,0.027665651528932952
4692,11083,0.034333410281111434
4693,54340,0.0650532281489832
4694,4305,0.027585701085513444
4695,16598,0.011215609558255544
4696,45204,0.026466886771502062
4697,76150,0.013466894953985602
4698,44864,0.02764024393119636
4699,7718,0.01885709747047898
4700,18047,0.04367327151342674
4701,2845,0.025228386544593574
4702,41466,0.032372246778064426
4703,75738,0.026718241079079667
4704,32454,0.0526735623429172
4705,28393,0.02796249721490212
4706,20289,0.016464057561175558
4707,64319,0.020089945091946452
4708,50801,0.026126993968235847
4709,97435,0.01251106303546163
4710,88754,0.020424245900458448
4711,24153,0.02035028791133952
4712,94847,0.017216748535144554
4713,73390,0.011806151388817215
4714,80028,0.020604913171080576
4715,53788,0.017173132108161144
4716,67922,0.015569753922970948
4717,79292,0.023296444817484524
4718,32787,0.024798840668677196
4719,67376,0.01714229793414868
4720,62883,0.05235342212994438
4721,3425,0.0254919033537455
4722,48144,0.026246215627218378
4723,72326,0.017570338744330005
4724,61942,0.02538700584235472
4725,25954,0.03591639841649572
4726,46152,0.02220389289538824
4727,74655,0.016525602696138078
4728,80389,0.05563227419212742
4729,4326,0.057085624060505324
4730,6822,0.03298559190802422
4731,24766,0.014374584796398093
4732,87677,0.022668723540951077
4733,84069,0.015783431731313143
4734,99481,0.021950375798450564
4735,94604,0.048703871784028185
4736,36821,0.019917939091926434
4737,61972,0.03911807682943886
4738,44821,0.01643449283561113
4739,73635,0.02783039405335083
4740,43520,0.022372521659517773
4741,56881,0.022678719334921903
4742,11080,0.02492374550229414
4743,85972,0.020677458511153206
4744,27682,0.01839101378793618
4745,52153,0.015884582813904397
4746,86414,0.030657760372945642
4747,36869,0.01845862425887039
4748,92503,0.03885069043596166
4749,92426,0.0324596114239667
4750,29324,0.030387562564440695
4751,66311,0.024482491306582987
4752,40019,0.016413186804278477
4753,70012,0.027760266661735374
4754,31918,0.03202764466903249
4755,3545,0.017699856970849616
4756,31087,0.02384754724601678
4757,23028,0.021985219273252622
4758,60824,0.02343527461639931
4759,13381,0.029212010567757078
4760,71321,0.012712503771469758
4761,34490,0.04874515400756704
4762,45613,0.027863135176679488
4763,9730,0.02075761631424252
4764,28704,0.014845338794277312
4765,75796,0.0382277564259033
4766,86874,0.019555937483053766
4767,12138,0.020883507972850462
4768,67478,0.019662343144966857
4769,84512,0.03477569796803129
4770,40761,0.02231802784508507
4771,77908,0.012523615568838927
4772,2508,0.01988699409562288
4773,64533,0.02425150506042582
4774,62583,0.01727903748017062
4775,42746,0.016153244661943986
4776,82089,0.023722146733672442
4777,34345,0.03350701354478007
4778,53714,0.08035968329932311
4779,52629,0.02316825163002977
4780,62045,0.02771134888501219
4781,44733,0.03972135321449466
4782,81899,0.026275456301440108
4783,62463,0.028615215743927447
4784,65292,0.030720195588127913
4785,22735,0.03541301520733174
4786,5614,0.04136068342232421
4787,7509,0.015450502816323361
4788,26424,0.017770435295136743
4789,84566,0.0184241715664442
4790,72074,0.01882007854505833
4791,33181,0.025902910051846882
4792,30694,0.02566327958842194
4793,56441,0.02371419714462896
4794,98291,0.019721775256985586
4795,36748,0.029462929058303604
4796,33687,0.03205344596618091
4797,75130,0.027788250119878666
4798,36035,0.013408020245706717
4799,99800,0.021275449991966292
4800,46854,0.03647953319980551
4801,91972,0.019676554703070913
4802,51037,0.019658156226396543
4803,74492,0.014594228980879346
4804,27494,0.02283161975983897
4805,10851,0.0312684997539809
4806,24942,0.02748217705484903
4807,89911,0.03240589932862735
4808,68123,0.02902876864331409
4809,81871,0.03212234665207747
4810,8188,0.017688468381025137
4811,75537,0.018340342375460318
4812,70531,0.015256059758338252
4813,76160,0.07132519365586726
4814,1459,0.03467385325186402
4815,45135,0.018346039039544616
4816,39260,0.020117150325473166
4817,596,0.0194313727486448
4818,91693,0.019067311580114023
4819,3620,0.02943934070892828
4820,56323,0.022202600520555147
4821,3651,0.021502011645624663
4822,57933,0.018219289010525178
4823,1612,0.02045664042733279
4824,68991,0.021175480891849664
4825,26762,0.019114078091218338
4826,16659,0.02305695443029425
4827,95372,0.030720244578860034
4828,21684,0.028459507415622115
4829,76787,0.014352243765905487
4830,70810,0.01474002893907218
4831,11684,0.035371651444168664
4832,4902,0.029670196075084178
4833,65353,0.02935205860911432
4834,13808,0.026091104019054595
4835,97756,0.01446740659528174
4836,9387,0.02432982337723091
4837,43174,0.02238032953609016
4838,44999,0.019506186352627974
4839,39109,0.022124366211342356
4840,73921,0.017216858226400886
4841,63341,0.025930458907715975
4842,99827,0.012390865823439326
4843,38019,0.02059246917908587
4844,76339,0.021895718473273942
4845,3290,0.019501581279454065
4846,64287,0.014838493806126606
4847,96672,0.01998031308279645
4848,78042,0.04126534364273399
4849,49947,0.02226694754994877
4850,63671,0.015360179065411156
4851,48067,0.02058152405214576
4852,75884,0.0440774736822686
4853,21186,0.027343757913409636
4854,65100,0.021113401247641956
4855,21570,0.03543703273845049
4856,62705,0.03218807736008747
4857,49753,0.021826121565042225
4858,89737,0.020975672730869036
4859,85994,0.02463992495055864
4860,68582,0.013747643925611829
4861,38194,0.03190083226073426
4862,46022,0.015483452317563299
4863,43584,0.021413169840809005
4864,17235,0.023617884434376367
4865,99858,0.027201626864864513
4866,54170,0.014704420406174326
4867,29985,0.01873446260361356
4868,51298,0.013905216847879502
4869,79419,0.013153171893132204
4870,29744,0.02121113206666693
4871,33361,0.019136454718420483
4872,35713,0.017868879397488803
4873,78779,0.030887232630133005
4874,58979,0.021105395867105803
4875,22666,0.020604881124578183
4876,92808,0.021365925906251238
4877,17654,0.03192498119743474
4878,85620,0.018876546404650304
4879,62628,0.02853382314489038
4880,7393,0.043153737437602535
4881,20617,0.02187319441027483
4882,34899,0.021585177318662135
4883,53819,0.02313808448162418
4884,81218,0.03393265707809873
4885,63260,0.018368094428658322
4886,55806,0.01151578827571347
4887,76200,0.02168733224002181
4888,89130,0.0256228877158342
4889,21852,0.026327399151934924
4890,76208,0.02296020088851658
4891,60653,0.01839397227857293
4892,41874,0.031286316384365825
4893,63546,0.052588501855614096
4894,22438,0.047604459809542365
4895,7348,0.02954613164528101
4896,22618,0.02588078137009326
4897,5245,0.020598574955840762
4898,98244,0.02582583495010177
4899,93405,0.017120050169771212
4900,20533,0.016581056227308013
4901,78095,0.04814828458959269
4902,52088,0.018374873535194153
4903,56338,0.032546282211087824
4904,82912,0.02201885511213842
4905,42163,0.026641202972463106
4906,52836,0.02643991808119587
4907,61786,0.022326890765247204
4908,64224,0.018736584238751804
4909,4534,0.024390119363380158
4910,43989,0.026636311647353215
4911,34450,0.023077495859629003
4912,46447,0.023526736992094694
4913,13230,0.013121454032864258
4914,44540,0.04225649922248419
4915,55247,0.02794665853650743
4916,75191,0.0152677389213854
4917,17095,0.0181056277720809
4918,61889,0.027071470984183128
4919,426,0.02322177177622613
4920,16348,0.016645914221498886
4921,38873,0.021623489999363605
4922,60544,0.014433457791862062
4923,30490,0.015710786045595032
4924,37822,0.03208005651509351
4925,41144,0.039620318185442066
4926,4486,0.03492752423753502
4927,98396,0.029366204975446775
4928,33810,0.01755731943128119
4929,67052,0.01872990954117647
4930,58299,0.013540504602302111
4931,96517,0.029137249114992794
4932,40528,0.024489979125724693
4933,78561,0.035744801900347574
4934,84781,0.02232316645052347
4935,38737,0.03960356777269368
4936,5856,0.019680993094062967
4937,6146,0.02378610859614584
4938,3422,0.02226631259426696
4939,56983,0.020858692596531735
4940,80688,0.04490879358896657
4941,90163,0.023151859647124618
4942,28701,0.012844539217089597
4943,12139,0.025489751312355095
4944,1252,0.03092647699138151
4945,57445,0.02530158676671521
4946,89433,0.021052451111754262
4947,51839,0.013657037573699281
4948,36381,0.022221486325618437
4949,52113,0.021855196804799963
4950,19514,0.024994343362482515
4951,59610,0.028060118957151145
4952,65510,0.01671112213414955
4953,19396,0.024444958800114217
4954,79903,0.023874395248111427
4955,9642,0.02405514129485216
4956,46580,0.034440289531990874
4957,37976,0.01989438395225341
4958,61744,0.03242515685623003
4959,93072,0.030498972540197327
4960,40115,0.02525790477814526
4961,39304,0.036776398005382696
4962,44311,0.020198528158244116
4963,42338,0.027476634607732812
4964,54301,0.020603669191621946
4965,53345,0.032025658445610505
4966,16902,0.032816135638646354
4967,58366,0.018408350723842382
4968,70374,0.017794481094420618
4969,67581,0.02179477045592398
4970,63918,0.07179802226874311
4971,80419,0.018864804468439435
4972,82612,0.033943855246878284
4973,32883,0.02334616506101401
4974,53983,0.018854090541588712
4975,56851,0.023754309535848173
4976,8294,0.029726488836110548
4977,63094,0.023614326910724785
4978,94784,0.029849711830276925
4979,98367,0.03297252266581163
4980,19283,0.028968072624773692
4981,748,0.04708813206034117
4982,10016,0.026415474763965614
4983,55112,0.015112182889449393
4984,45843,0.02087045711783383
4985,98757,0.023306573086911836
4986,60742,0.01659177494083754
4987,4612,0.026095222845663072
4988,51864,0.022067542292345452
4989,33691,0.03033130708005274
4990,80690,0.01972125756633144
4991,36464,0.018646081283247674
4992,334,0.017647124570122543
4993,91369,0.019429364380869195
4994,30158,0.03696864574602451
4995,153,0.019185276888212963
4996,47462,0.022003996204529936
4997,77559,0.01629948947563471
4998,40540,0.013313164204376431
4999,81203,0.018509067129471278
5000,68232,0.019870693400339295
5001,61585,0.04094000626117747
5002,50219,0.028056670552139576
5003,8231,0.028086918240445968
5004,62187,0.019411249529631965
5005,85664,0.033300724381037074
5006,88953,0.03037372599006613
5007,37648,0.014462925718122091
5008,71187,0.012561558931032054
5009,46301,0.0186372804244114
5010,94827,0.023021275756579113
5011,863,0.017087047801621517
5012,41160,0.02645096186440917
5013,27080,0.02624573787175128
5014,55497,0.027877619854714285
5015,39604,0.014447805032442784
5016,97261,0.02524393845942738
5017,9821,0.013716226731606166
5018,65562,0.03808733915587169
5019,31498,0.02073515439390042
5020,83137,0.012309196979902287
5021,13539,0.027205122038355452
5022,11807,0.016219645081458137
5023,68813,0.02878847304734562
5024,43863,0.018152443168907857
5025,19547,0.02081522832209513
5026,81116,0.025864096833315916
5027,68364,0.03165391649062875
5028,34595,0.021038373479242256
5029,44912,0.03445961132720472
5030,48245,0.020718242102606744
5031,45164,0.015436959256968521
5032,91460,0.020856698877120272
5033,88080,0.014618541880070113
5034,99928,0.016885450116811244
5035,51625,0.019646720777018595
5036,41172,0.01606330973116354
5037,80114,0.01534283320149944
5038,14152,0.017128633446414177
5039,98859,0.024188182520994535
5040,49633,0.02546115338965374
5041,65748,0.0200353684325673
5042,99431,0.022087706418053243
5043,83284,0.025059010699113128
5044,15749,0.027192748303146712
5045,53143,0.023697056208147407
5046,72604,0.033378158262762414
5047,91256,0.017061123289687515
5048,53827,0.019687758960371733
5049,66444,0.022144356200415945
5050,79543,0.018624680942459004
5051,9132,0.01856449630015379
5052,4818,0.017015881431108403
5053,87083,0.025732930141354044
5054,69962,0.02107710486323564
5055,2345,0.021325802201607267
5056,17843,0.01986214008557595
5057,75311,0.025793080134418195
5058,95413,0.04639139157353625
5059,12392,0.013780879985984379
5060,24836,0.046154526555749975
5061,17972,0.018791962139920647
5062,78519,0.024016689728484544
5063,71130,0.02062028657500582
5064,87479,0.022868909303151736
5065,91999,0.023819381186702068
5066,65786,0.02044591400910307
5067,87523,0.013594992392884074
5068,63930,0.035037249374565975
5069,46648,0.018283794173869876
5070,79548,0.022992133685710604
5071,31065,0.025078194897178763
5072,78369,0.03675884649340953
5073,34966,0.02909917868995219
5074,42855,0.030985263500280125
5075,4263,0.030491744493963316
5076,49528,0.02586727477702659
5077,40736,0.03010569822846732
5078,56596,0.020405288675730084
5079,61974,0.01912377364697457
5080,47856,0.028435086396196494
5081,1444,0.02337224532674846
5082,2403,0.013909857546126114
5083,44596,0.02983689274282269
5084,66949,0.029609568909227498
5085,1016,0.025868930330132805
5086,47783,0.039418764253797874
5087,62295,0.019993760038457237
5088,79153,0.026310203045275933
5089,56508,0.021737320381593973
5090,37525,0.03425832344755759
5091,45001,0.018836262705164072
5092,12388,0.031573772443403425
5093,84258,0.027813372651670477
5094,34457,0.023702466199594683
5095,20513,0.03992165461197054
5096,82108,0.026829651230829428
5097,8697,0.04641218280746442
5098,50860,0.021317860296639967
5099,41363,0.013870813301992087
5100,2169,0.02834940834424228
5101,99692,0.032798358612571216
5102,25006,0.020751668697959497
5103,85979,0.02782789794675689
5104,1551,0.030719342123101515
5105,87945,0.015054666373299073
5106,88320,0.013938853546281391
5107,35400,0.01631031033454282
5108,51878,0.02705959621934697
5109,93618,0.02535426635841765
5110,12216,0.024354114423006938
5111,98148,0.019041612097069137
5112,23106,0.031015861183786547
5113,60755,0.03164002361651709
5114,70680,0.02255388702705642
5115,72224,0.01542227060297691
5116,81373,0.03683315709266545
5117,19560,0.043271979860160556
5118,648,0.02332906433982687
5119,99442,0.023409406489402533
5120,78521,0.01671174187975133
5121,25557,0.013155518325498767
5122,73650,0.02104683814290048
5123,18452,0.03130801654684533
5124,18040,0.020140598082941497
5125,68885,0.017651788121486232
5126,76463,0.03130569277099546
5127,70093,0.04212125968003885
5128,85202,0.014911703774340918
5129,67084,0.025367152480929647
5130,23214,0.01604351997845429
5131,34196,0.01638370298061572
5132,37309,0.02071873041305402
5133,10663,0.024569011015883373
5134,49302,0.013844058233054849
5135,86859,0.015283226060085612
5136,22660,0.016893820130384495
5137,74675,0.02143467325606919
5138,50789,0.038696507702671634
5139,4819,0.014221944154009104
5140,72302,0.02776910582228819
5141,65739,0.015856053241012996
5142,36144,0.02465391837010437
5143,76982,0.016539838191744163
5144,77457,0.02013049123701717
5145,11953,0.02514366371286813
5146,91578,0.024824979008983755
5147,25700,0.025293196377774982
5148,93711,0.08684007117841105
5149,54528,0.024087970949307046
5150,36491,0.028691281417162057
5151,39942,0.034134124543325275
5152,25597,0.01993542664443933
5153,83403,0.02639400092968161
5154,69527,0.03572278988995068
5155,50820,0.03671243103455469
5156,58557,0.025068956744177
5157,30989,0.012534473512741721
5158,46429,0.020027281118195253
5159,81787,0.020075143869721517
5160,35819,0.019947281661212735
5161,66490,0.022323384258709306
5162,70512,0.030112589706593192
5163,41416,0.054060028578688676
5164,50294,0.05679723885451387
5165,94302,0.02520446131140651
5166,62048,0.018716403865166834
5167,33252,0.05464717131532659
5168,23979,0.026319863431036514
5169,62205,0.02760619267280063
5170,67154,0.02714811194461173
5171,70977,0.024433377718360492
5172,23952,0.017968616755382884
5173,78283,0.01580877883590474
5174,60552,0.0289767039698983
5175,40172,0.02637743631650901
5176,64200,0.021045192872904107
5177,34068,0.030635860238794763
5178,42844,0.023373828967196524
5179,52097,0.017109440715797314
5180,85469,0.03256023466079978
5181,64115,0.022968916403017688
5182,28012,0.02801918657694321
5183,1050,0.014241458823270691
5184,54595,0.02698247096569691
5185,54004,0.02606499211649669
5186,72795,0.025380347001814102
5187,33367,0.01530453135593925
5188,33265,0.03187145031253379
5189,62572,0.020932529912702818
5190,76290,0.019294319900279584
5191,78424,0.02811335483266158
5192,33523,0.019226390587395906
5193,44777,0.023831488828614696
5194,2136,0.026323642882294607
5195,10827,0.015906282697760843
5196,94369,0.020618358358523634
5197,51884,0.011931120053697007
5198,83545,0.03525529861615649
5199,5602,0.028820978982792744
5200,40801,0.02103714197697472
5201,41797,0.018989863116032416
5202,35293,0.01631265291436903
5203,4788,0.020076648379452413
5204,38112,0.015311044821912359
5205,86219,0.024968506638022234
5206,20170,0.02937271688138383
5207,12675,0.029363807101315614
5208,16135,0.018697427556491876
5209,16583,0.028107559292353063
5210,8019,0.025115220528001875
5211,30147,0.0180322031436482
5212,1064,0.03636252307615763
5213,3721,0.019516770144972013
5214,37135,0.01765354118094493
5215,58789,0.025918830061951843
5216,70256,0.01485856268717417
5217,11291,0.03245774974826893
5218,45501,0.03615436228911609
5219,42788,0.01713724202674638
5220,39835,0.022551216441196422
5221,59122,0.011825711189249627
5222,71691,0.015284278303254233
5223,72393,0.024362394398107508
5224,41085,0.09002246133346992
5225,13850,0.01860792917557179
5226,86684,0.04604715911986343
5227,30729,0.018468668551299694
5228,34427,0.021434714163856592
5229,74277,0.02079309387619385
5230,49532,0.024199557859082007
5231,90596,0.019807530857019105
5232,2943,0.016766721445053246
5233,72063,0.018177513380029243
5234,46003,0.030463816086869794
5235,29205,0.02125516850894804
5236,38494,0.04063691491431659
5237,98809,0.02306917480022281
5238,31112,0.01350557390993077
5239,53008,0.016513166951256753
5240,36839,0.032307370364970195
5241,76256,0.0502544636536929
5242,32105,0.021816226630177973
5243,95810,0.021907031189398973
5244,99572,0.02945632325423139
5245,68727,0.030009224268736125
5246,15237,0.021653249607663044
5247,31800,0.05841296291896102
5248,65677,0.025331017003137845
5249,8187,0.02999452788615374
5250,6944,0.022066832747730778
5251,65146,0.014370618843388114
5252,59042,0.027323629841246866
5253,28152,0.02791311400557378
5254,38017,0.03575658233255441
5255,31702,0.04218837193118928
5256,24224,0.02742691161875776
5257,77866,0.03301148450999659
5258,1906,0.018803706588697285
5259,4342,0.03333553812636038
5260,61230,0.02225743381516996
5261,10441,0.020103270755664107
5262,12015,0.018792529277274747
5263,30883,0.044393365853535996
5264,3053,0.02839819903132619
5265,75245,0.028129919037361555
5266,89826,0.03949907553282048
5267,48869,0.03239524156618191
5268,47275,0.017102065792663705
5269,60556,0.02274997197152307
5270,24275,0.01822067224512077
5271,79264,0.03030954543296288
5272,47933,0.018695549888251454
5273,34868,0.02987594908946491
5274,89152,0.02577263047161139
5275,53669,0.02785325047212394
5276,60975,0.016393724290407752
5277,54412,0.026352653436152212
5278,85086,0.015703667045607467
5279,18961,0.02598973323761883
5280,69780,0.036364559768002076
5281,19418,0.02174087819419901
5282,94156,0.03515747610499661
5283,77994,0.02904029116012691
5284,36332,0.025281935810041168
5285,57211,0.017854413593528823
5286,2899,0.03549367100059896
5287,1034,0.019545150129527036
5288,4325,0.021500027256665426
5289,23873,0.016276746207625616
5290,67375,0.03703013198586011
5291,59257,0.019074861318991998
5292,1604,0.04957579924401767
5293,84916,0.01831601905670681
5294,43786,0.023641673926393245
5295,8417,0.051391563110760055
5296,61990,0.022744702003795105
5297,6280,0.02171803305725719
5298,26775,0.017127815242357403
5299,63025,0.041684758187647664
5300,8359,0.016232773046626594
5301,17489,0.02946553160967062
5302,58695,0.023368202411659128
5303,26933,0.03357040133868674
5304,53010,0.021728602887971085
5305,28310,0.018278545258421944
5306,88182,0.026648230698179582
5307,21330,0.028357628082460937
5308,14551,0.022400761218198124
5309,30326,0.03499563994621839
5310,82485,0.04447990236802366
5311,74924,0.018915222457778425
5312,22382,0.0201098622005234
5313,78554,0.02812986178848075
5314,83390,0.012778593274385337
5315,67280,0.03220782357111327
5316,79410,0.052610471514992936
5317,88425,0.016893033703893605
5318,42299,0.024130148079937765
5319,46582,0.022646078224093258
5320,15549,0.025806653839642448
5321,42789,0.02316819961487146
5322,23057,0.013573194890123121
5323,48878,0.0232767962883231
5324,93422,0.029288707684617152
5325,18960,0.019117657018331003
5326,95923,0.0507124070408765
5327,63525,0.015635626130026736
5328,73566,0.028914671136513397
5329,36861,0.030846012951459632
5330,32706,0.01671488367100018
5331,76237,0.03331961132964201
5332,52303,0.024145293721222327
5333,54920,0.03021444312297724
5334,37121,0.031004707063562103
5335,37821,0.028723992412977996
5336,69966,0.03565632178226931
5337,32155,0.024107665428431888
5338,30267,0.018917760353200683
5339,62380,0.020516947532711542
5340,67160,0.025814031636714706
5341,52315,0.014168338989096663
5342,26801,0.04210082475332399
5343,8273,0.019710629026365414
5344,65373,0.018260788495016195
5345,1792,0.03227131584469246
5346,69172,0.0723115181519432
5347,16324,0.02133715804314503
5348,11344,0.02149209413092592
5349,555,0.02910605369924817
5350,79110,0.01991116249607751
5351,12078,0.022004553614330236
5352,46069,0.021107594747294303
5353,56044,0.009042987587476582
5354,25103,0.02413217321215942
5355,88273,0.03974875504017777
5356,69691,0.038772023103408784
5357,6959,0.01812575481168958
5358,55588,0.01937860970743251
5359,36453,0.033372636918271234
5360,53807,0.016506577926173018
5361,11766,0.019044387495254562
5362,30041,0.014551305599715621
5363,585,0.019600625626351367
5364,55522,0.03452448660847956
5365,48347,0.022236021035775794
5366,49048,0.08069028782667813
5367,67004,0.012435375616317858
5368,42542,0.020287398566884815
5369,75740,0.03146028833816528
5370,67234,0.01750827233616191
5371,61148,0.03303668582856141
5372,19791,0.01388027416243989
5373,35530,0.016516426931415824
5374,39898,0.02034947353032576
5375,91705,0.022754681353779824
5376,80191,0.052346426690294025
5377,22826,0.03918082746736455
5378,92404,0.028838431498921045
5379,32175,0.024943356499303362
5380,599,0.016159312439946047
5381,61076,0.034689492366292
5382,72891,0.03829972732318228
5383,50407,0.0577571282129919
5384,35729,0.039908416191119636
5385,82745,0.03233553227905854
5386,80022,0.017069703972902098
5387,33436,0.012725282332624589
5388,61315,0.015752435620944624
5389,70903,0.02655676839071939
5390,68424,0.015691103478368773
5391,90601,0.020536114840263388
5392,87006,0.029781566875504623
5393,42062,0.03819129146156515
5394,62725,0.029727322747607476
5395,85649,0.031041089124881724
5396,66972,0.02435406400553298
5397,68783,0.017296979894431994
5398,8012,0.019996987889893313
5399,32682,0.038975987852156946
5400,24175,0.01765416823188292
5401,20390,0.01624208459472643
5402,1878,0.02251853219607899
5403,98341,0.02047149253420517
5404,37803,0.02592609216381873
5405,32863,0.040619300270904074
5406,8542,0.03582170980283381
5407,64499,0.017244781391624345
5408,80532,0.023902420876452488
5409,78254,0.030355055724778115
5410,93467,0.027514412020292887
5411,99473,0.028482977617931567
5412,38081,0.030080633787446357
5413,39307,0.02448794673491998
5414,66785,0.027573199863006003
5415,88709,0.016909618424182343
5416,21207,0.02235362183026638
5417,17273,0.024030457713899847
5418,16590,0.02295502050258177
5419,89316,0.02190252480385524
5420,83979,0.021239708056900092
5421,86149,0.03531071356966939
5422,93620,0.022221814865408213
5423,58017,0.01841116069580139
5424,99615,0.02112958568998433
5425,66105,0.01590080648432177
5426,85166,0.03195075341645136
5427,16321,0.03139443871190889
5428,96792,0.022086644911187486
5429,92333,0.0201418132771578
5430,42861,0.02956638450647297
5431,95246,0.026940802160328084
5432,30369,0.022964256231082558
5433,10440,0.0535410239708225
5434,41326,0.025754208218830146
5435,12967,0.017628970079746006
5436,73843,0.01681641974768654
5437,19149,0.019216895521738005
5438,77134,0.021068662881733636
5439,68829,0.021047469299460407
5440,59646,0.019166580259606235
5441,35933,0.01125307917365274
5442,34955,0.039640524076150395
5443,2278,0.0222006204637633
5444,80060,0.015754388799443082
5445,51981,0.018551294319581746
5446,87572,0.023655600962890884
5447,47501,0.018751561327536827
5448,27296,0.0280599623764444
5449,14566,0.021274488603167004
5450,78571,0.039113930780234264
5451,15075,0.025434390651804237
5452,73239,0.0383542769092864
5453,17258,0.02225597291224925
5454,35597,0.02381583016015177
5455,52994,0.017817783737146282
5456,23568,0.01408340392914004
5457,67306,0.01771342500630685
5458,29843,0.020681795257925822
5459,59978,0.023817443852103895
5460,20892,0.027504571084867577
5461,96144,0.016566730675415503
5462,79506,0.026882772185622666
5463,35789,0.0199187525282377
5464,53638,0.030159293642378876
5465,32459,0.017534487010915464
5466,70586,0.032931818489881526
5467,9047,0.018235577037117787
5468,5219,0.019861670186529862
5469,26465,0.016804230629523683
5470,93589,0.015418106203103769
5471,81425,0.013242214705395378
5472,38488,0.013520831005294482
5473,35418,0.02751779548609349
5474,58915,0.01912448190860004
5475,63306,0.021639108639224816
5476,77849,0.022821594405926817
5477,99683,0.028615849938356884
5478,8736,0.020044300676768812
5479,39465,0.02137953155206891
5480,47907,0.03874952613853755
5481,73446,0.014313484846673845
5482,84472,0.03028461951643894
5483,2321,0.02109195769686969
5484,73873,0.031398690458185316
5485,53156,0.012706008071965069
5486,89482,0.018033135353444474
5487,38626,0.033140981456900316
5488,40382,0.01949824289420765
5489,55644,0.017311103700049908
5490,9702,0.02463224802996235
5491,90533,0.03356872505090504
5492,13806,0.016684059498159202
5493,92383,0.02255583461725164
5494,2547,0.01594861808902563
5495,4844,0.02341028562670111
5496,58138,0.0101718091660998
5497,8093,0.02839905628215285
5498,9911,0.02860043088471858
5499,60675,0.02555139340456088
5500,54310,0.02589192443864948
5501,29019,0.01396446860396874
5502,66090,0.019642324054905368
5503,95639,0.023250249341161287
5504,957,0.012970147612804654
5505,56951,0.012882813908109726
5506,51359,0.03147557901304801
5507,63099,0.03863370842058478
5508,63375,0.02819010823085835
5509,19762,0.019001596359719226
5510,13167,0.029755862803402387
5511,23158,0.014177083219221466
5512,42911,0.020312178779037557
5513,63195,0.02771892195093594
5514,24445,0.025365193975917202
5515,73025,0.04010332203670642
5516,81260,0.02698049309905727
5517,2961,0.018780561904225335
5518,61010,0.017796474807343917
5519,3120,0.02619712742009806
5520,82507,0.05102853231816727
5521,46587,0.017376204895976206
5522,21499,0.01577090338389544
5523,54201,0.030080864622031356
5524,80233,0.02435871498814779
5525,56100,0.018289631613052547
5526,64881,0.03705763067435133
5527,2206,0.017793328299805476
5528,33961,0.029082562390678655
5529,54108,0.023692353514499515
5530,373,0.013271726215194082
5531,89479,0.02351416733405283
5532,85223,0.03293546868024498
5533,92176,0.0186967676787842
5534,36222,0.04193124976380414
5535,16862,0.024822456212750338
5536,68182,0.02421230995518779
5537,71844,0.023406077081096828
5538,32401,0.026161076867521404
5539,16568,0.01927028821968292
5540,88620,0.03257941537212093
5541,95027,0.01671423848361051
5542,25460,0.020969090434723992
5543,15963,0.01560777409945264
5544,46810,0.043217871865987606
5545,88166,0.03571219603802824
5546,7339,0.013517439880605428
5547,69593,0.04530969879598002
5548,28429,0.03242838017795329
5549,66987,0.03138046869509932
5550,87834,0.015156217693959464
5551,93324,0.024116735664521317
5552,3551,0.024644856730729053
5553,72770,0.034107833099885757
5554,33753,0.01889614247044118
5555,25608,0.01669499322620918
5556,84229,0.032409270923507136
5557,59275,0.05495840428782007
5558,63740,0.015076784463477159
5559,70218,0.02352403493651839
5560,26062,0.02065989193991599
5561,23190,0.015221966719702787
5562,67497,0.028967890112869352
5563,82519,0.02812068157689556
5564,85246,0.03077791852392205
5565,99651,0.0218057591692202
5566,10790,0.022546663234964306
5567,80188,0.010772429427018487
5568,20919,0.017948718231960682
5569,33815,0.020076967615270627
5570,84690,0.01380305775799482
5571,89670,0.04115884204342359
5572,82503,0.018213117511554203
5573,66032,0.014497930771245806
5574,32523,0.024473094668527793
5575,91383,0.018043329359654282
5576,75736,0.02150259198131182
5577,4795,0.026900176010763967
5578,66918,0.029060356449013388
5579,41617,0.05381235951490369
5580,30427,0.0177609059312449
5581,55752,0.030562277045272514
5582,60922,0.03171605838846401
5583,39643,0.0238207130475189
5584,78537,0.015270870900087677
5585,31380,0.01423663143694807
5586,41710,0.032247460273074305
5587,27758,0.01764764487726041
5588,28452,0.023109066626324427
5589,96782,0.027128194724814637
5590,51918,0.02781520447923808
5591,2376,0.018082399363106648
5592,71284,0.014692211058586918
5593,78887,0.008693562410829721
5594,15080,0.02945464914433906
5595,43426,0.01732478927213046
5596,85279,0.03444851027408687
5597,91727,0.022709499752220027
5598,60495,0.020398399262194986
5599,25526,0.029290841014168848
5600,44874,0.030420388257424855
5601,71179,0.0340502371122181
5602,51650,0.0164089906756019
5603,78704,0.017706062399143133
5604,79911,0.02404762863996649
5605,35036,0.025049563596812402
5606,91706,0.026522258196662707
5607,49743,0.021583515247590994
5608,57245,0.019063540957928515
5609,13143,0.018224615440941835
5610,50420,0.027980763173856366
5611,76499,0.013730989411276897
5612,18804,0.04371642084838477
5613,9317,0.017675350222785137
5614,56756,0.016231238675964873
5615,20106,0.038812057547771395
5616,45655,0.023234192922964355
5617,470,0.015044985520488297
5618,10082,0.021915100663574234
5619,97106,0.01963620676058438
5620,55087,0.01711062066307445
5621,74202,0.023920756179080536
5622,42310,0.04053065055094712
5623,75387,0.029863944816285945
5624,60773,0.018928885601735796
5625,36331,0.03360791206584427
5626,7440,0.02547545571738643
5627,8391,0.04593057859459826
5628,72553,0.02676490989630861
5629,96513,0.01758068314167757
5630,10572,0.014664752607798728
5631,80310,0.018555315540204013
5632,47447,0.042139360746773526
5633,99561,0.02939087463223476
5634,9245,0.024864448913946523
5635,54705,0.033548143166461375
5636,55691,0.01732510811894874
5637,37691,0.02293107754613026
5638,13995,0.028802977800756274
5639,45173,0.02411500038885334
5640,92169,0.03280105749679389
5641,78179,0.02633624153111629
5642,85245,0.02737358708733176
5643,75057,0.025971498980484137
5644,59539,0.020752183643052036
5645,3148,0.03047139971558278
5646,27041,0.028289131017795406
5647,86130,0.021525259170147547
5648,62965,0.04144046954887631
5649,69629,0.018856012729019805
5650,45198,0.02012747329699601
5651,63412,0.026494328152237928
5652,39816,0.018519218797905024
5653,36298,0.035079541931282335
5654,19855,0.02176843042273616
5655,53123,0.018873769606835955
5656,44208,0.013238674389804781
5657,24597,0.018735660257325152
5658,49017,0.033577337868837966
5659,7358,0.04169068196827145
5660,66189,0.029174153711538045
5661,1216,0.021487514031399615
5662,86838,0.030702380713710443
5663,38426,0.02060888054885519
5664,86340,0.020188037489187988
5665,62579,0.030309564999453094
5666,48916,0.02655321469927866
5667,32964,0.018478101446878586
5668,93700,0.028698289161464136
5669,38712,0.04641543561933004
5670,58464,0.020915445190048336
5671,54352,0.023078021204037878
5672,75169,0.02329756578835709
5673,97516,0.012915565594432514
5674,92326,0.02957808469770529
5675,74803,0.021322887943133615
5676,78827,0.01859453077402521
5677,64825,0.02710649480398443
5678,18518,0.024626556843000295
5679,52416,0.027314940719807227
5680,871,0.018739097664409093
5681,61805,0.01581103568790889
5682,66748,0.02117954683347951
5683,15310,0.02638568548843964
5684,19442,0.026785686739453213
5685,7211,0.029752036659155948
5686,45478,0.023479578147447434
5687,81718,0.021719061039765487
5688,14754,0.018468334658075614
5689,29938,0.014393966342178589
5690,64142,0.02107322404166414
5691,52748,0.014049667127610852
5692,11117,0.021248303311989476
5693,74402,0.03240727346941653
5694,3251,0.02126504686142558
5695,21413,0.027429909496959757
5696,49310,0.020191402490340946
5697,24646,0.017138002652556186
5698,11387,0.06586310679294799
5699,44087,0.024406964756003402
5700,35991,0.021657914758091878
5701,68922,0.01880170472060016
5702,55385,0.03350169289943164
5703,70145,0.013675031371838602
5704,79934,0.020899819979790058
5705,85639,0.023221681499660127
5706,57061,0.02538682732288558
5707,45150,0.015532737399752018
5708,7987,0.01996609861499147
5709,47677,0.030959112593550567
5710,72583,0.01603781677132085
5711,43441,0.00756615157459529
5712,60843,0.016798922375417254
5713,6053,0.030910477391678216
5714,53189,0.023480169977348725
5715,32323,0.015972479079327112
5716,6236,0.020009824107513566
5717,68272,0.014995893644397906
5718,84003,0.018657113306115868
5719,52924,0.02186777907240602
5720,20662,0.04933502854916459
5721,10580,0.01880849941477804
5722,93820,0.02120289126933791
5723,45168,0.0318606767114903
5724,35954,0.0182755408353535
5725,55152,0.014087856296838338
5726,90032,0.011951460729975737
5727,80445,0.026676408976016707
5728,83887,0.021516508356298748
5729,61087,0.02133594326504213
5730,51104,0.022904457926356137
5731,89987,0.030073026828317997
5732,56420,0.030943854762387608
5733,96690,0.04038314780005785
5734,86752,0.020751963243225237
5735,64011,0.023230466030732453
5736,33084,0.024464129142196853
5737,48749,0.02119602299262299
5738,54634,0.028926001802257278
5739,25196,0.022731211134156895
5740,34500,0.04530395198034961
5741,36240,0.01727753347055999
5742,54560,0.021464824845383874
5743,14955,0.01849661124090201
5744,97825,0.026873934048935802
5745,10160,0.016204362907254855
5746,31735,0.026620531408400233
5747,64690,0.01324185189973166
5748,43415,0.03717988212647502
5749,53882,0.031378551587913306
5750,66630,0.029559994392362333
5751,83036,0.019532392867210393
5752,16317,0.03168532319859501
5753,28396,0.03425633211211514
5754,60475,0.014694922846076423
5755,34988,0.01607154363725129
5756,51836,0.041168861675534255
5757,9828,0.02274423781135607
5758,53865,0.01985870482736121
5759,58833,0.0490471094735238
5760,88276,0.023270358757272194
5761,65983,0.04788480691246198
5762,76496,0.025277929261500548
5763,63123,0.013594950789782304
5764,70552,0.026641109277736913
5765,72258,0.01871718503944232
5766,39651,0.01768128000599404
5767,4383,0.019517863988841852
5768,67309,0.015419176513988823
5769,47846,0.015061636280944538
5770,37177,0.029603227439722005
5771,50947,0.020603921387230374
5772,13327,0.07369951938331319
5773,57442,0.024543156836738016
5774,3197,0.023017216687738273
5775,6464,0.012455527528865182
5776,89454,0.02751101716708463
5777,92958,0.015172457454490272
5778,27655,0.02453719179636783
5779,45874,0.03714333127725933
5780,44320,0.03640017247507432
5781,41503,0.015158748319951471
5782,40782,0.02906324813527168
5783,75090,0.03612823399470063
5784,61588,0.02046224454484087
5785,81682,0.03734276854715864
5786,59355,0.04227881370093296
5787,35621,0.03395663938833704
5788,81327,0.018583465233882778
5789,34334,0.024268055605586834
5790,61259,0.016296203704764225
5791,35639,0.020574567634025785
5792,12187,0.01907747225684158
5793,64859,0.021022961835853105
5794,62397,0.01660739177706881
5795,27803,0.03568678819433485
5796,66898,0.028554946734140704
5797,25732,0.03339397870500028
5798,3250,0.017331246794398635
5799,53495,0.026100264669869838
5800,75600,0.037614229643902784
5801,27132,0.026496590146583943
5802,79901,0.015238163541824667
5803,64349,0.02540502670225657
5804,21316,0.03254094625389377
5805,66554,0.017673862931104154
5806,22251,0.04154908502060915
5807,46114,0.02351249315755785
5808,73928,0.025840666725682183
5809,4463,0.03171308774192113
5810,61224,0.019659224810765753
5811,69909,0.03724696009701221
5812,98930,0.019526790006162996
5813,52441,0.03504411205299779
5814,61743,0.04086134189886201
5815,49059,0.017359617107771744
5816,36799,0.0138571132902457
5817,11839,0.03268919093601137
5818,77782,0.022320991884047525
5819,5524,0.029185801609965083
5820,45758,0.017001880881600363
5821,15923,0.04515866251971306
5822,25229,0.023857727674904152
5823,31097,0.014909959878837097
5824,28765,0.041849330347078176
5825,28311,0.027168860375505817
5826,69588,0.019195996064689014
5827,67800,0.10466740701552577
5828,18927,0.025749482249790286
5829,52862,0.021525251883300123
5830,31798,0.021809471782189154
5831,13304,0.023787719939838182
5832,31691,0.01951780890245179
5833,28929,0.0198918127494065
5834,32768,0.025257164154797583
5835,48644,0.02063222347537782
5836,68909,0.04493039662605057
5837,59039,0.052083431521954146
5838,7645,0.024106541473991574
5839,37872,0.03119295859621321
5840,71020,0.01688473839878459
5841,9157,0.026261171676598735
5842,16006,0.03158699038599078
5843,17787,0.024041925144234335
5844,75733,0.022531327890961447
5845,9003,0.035024546729539786
5846,31721,0.014967679034865277
5847,11682,0.01847516231444312
5848,7854,0.01902490067892476
5849,77628,0.02654802381838933
5850,81604,0.03306670631346735
5851,35230,0.03274051358047991
5852,65472,0.016598410137399672
5853,84329,0.025427654842532624
5854,27738,0.02244171373709776
5855,53340,0.01993807635947586
5856,10832,0.014218216527693693
5857,79037,0.01810259575397492
5858,1929,0.01759327685497495
5859,42950,0.018054914575216373
5860,6224,0.02921238427409949
5861,68172,0.022769574516446515
5862,39253,0.018071910660864336
5863,46747,0.027546689026095576
5864,41452,0.03223943506137948
5865,77840,0.02010798638112358
5866,80800,0.02243825114585684
5867,19020,0.027730909558982882
5868,50288,0.02326295901294613
5869,40299,0.018004531464184105
5870,3075,0.015522379529395988
5871,89399,0.030591470375721876
5872,73071,0.017406786292399726
5873,92208,0.01476474043822184
5874,90745,0.014378306416811138
5875,72933,0.030869885732860175
5876,30309,0.03518439477822786
5877,25726,0.0269887288984686
5878,99094,0.02783660166458128
5879,55695,0.02190922065100957
5880,16477,0.02341675939245718
5881,52190,0.022012280169480043
5882,98894,0.016692588852729964
5883,64973,0.016590914858843033
5884,47382,0.02635961769752658
5885,23843,0.016504162752337643
5886,81087,0.02237363453010725
5887,30318,0.02708792665214043
5888,5154,0.017388596796750613
5889,61521,0.036786559356325924
5890,41566,0.010260077402510746
5891,85818,0.04112505619211662
5892,92214,0.055389398051057345
5893,26808,0.018820937575158854
5894,7360,0.02939782394770988
5895,36000,0.017898972563214537
5896,74824,0.023057809926468806
5897,31854,0.03356494858021739
5898,49670,0.02658879027788717
5899,50714,0.015494773221578184
5900,9417,0.020903940288417657
5901,32299,0.016971286243738264
5902,39639,0.027823372351154185
5903,12072,0.022882829221001138
5904,66458,0.02176387445765275
5905,71918,0.026535321190178165
5906,73303,0.02075073561734199
5907,86935,0.018965720885242322
5908,36239,0.03278545456767856
5909,5268,0.022597711283390682
5910,32281,0.018060888632127733
5911,86459,0.021484690547506537
5912,95390,0.02690729636106066
5913,58221,0.01833390628207102
5914,45215,0.02142652382203599
5915,9381,0.019171776703272875
5916,3855,0.023867638776308604
5917,61582,0.014473944424134945
5918,45601,0.02161632327758694
5919,9234,0.016228191058562706
5920,79223,0.02638298446097883
5921,30849,0.017376878732419547
5922,78262,0.014495855871976339
5923,97979,0.023475705275587518
5924,36210,0.019974394890691964
5925,54537,0.019561710007759275
5926,65775,0.025869619275904737
5927,53130,0.02569681014625848
5928,81095,0.031747568765660754
5929,34628,0.027655899147555882
5930,53128,0.01659905744454703
5931,43646,0.01939330635489909
5932,216,0.04067979618097571
5933,18138,0.02635492881044932
5934,10730,0.023943251704980996
5935,11465,0.017465193934576937
5936,34586,0.019552075616159344
5937,18764,0.017959744664752177
5938,90874,0.024874996458569353
5939,30573,0.021385542982376687
5940,54531,0.01658485292125573
5941,20206,0.022167276278724307
5942,18711,0.025535170615594897
5943,10987,0.024749798244642834
5944,24687,0.0184257925814462
5945,77987,0.036409365155764775
5946,90104,0.020892226879272686
5947,13945,0.028938684288493947
5948,68014,0.028416961120537747
5949,27120,0.025705717073581175
5950,29444,0.01441651061435353
5951,68261,0.03067035166342137
5952,11635,0.03598453224628362
5953,40963,0.021828704746877547
5954,81191,0.019729185199452805
5955,30319,0.019611756977111306
5956,24301,0.02849110471962736
5957,57062,0.03514880594817879
5958,45094,0.02856572879671348
5959,85034,0.01508655891258723
5960,8239,0.015929494681889592
5961,7763,0.024080943891448076
5962,18830,0.032730994055674964
5963,47356,0.03296702814684922
5964,68528,0.013485303926457866
5965,66422,0.010748878534023001
5966,81905,0.01830994973119005
5967,85066,0.020352869110892798
5968,72494,0.03112136131058675
5969,78026,0.026961893085286567
5970,74482,0.026407307718761912
5971,87466,0.014419163581782567
5972,2953,0.013881113275753492
5973,54161,0.015911927003614594
5974,29259,0.016888468498284216
5975,37630,0.03547175617553181
5976,25386,0.02009832604333678
5977,5640,0.013770244835463265
5978,93776,0.02767209127714631
5979,57262,0.03384694460093571
5980,97800,0.031828985875093724
5981,5144,0.04914288481411769
5982,15537,0.023040810882712124
5983,9587,0.025823201809130995
5984,37871,0.03929634153289929
5985,87791,0.017953613011016088
5986,49884,0.02798021927135408
5987,19737,0.018041658022640305
5988,83017,0.04216769100293629
5989,39722,0.018759982076848328
5990,17259,0.01835867041201648
5991,8812,0.011701691109801632
5992,24758,0.018169139580185078
5993,97963,0.02122918085602695
5994,85036,0.02731267574863225
5995,56982,0.07549626121892505
5996,37811,0.01837091506922904
5997,7059,0.02453287904336932
5998,29851,0.012170264595981199
5999,64090,0.02514672131232347
6000,94773,0.02380905502461144
6001,97571,0.02621438986185897
6002,87992,0.03181084549446127
6003,24709,0.04919802312394914
6004,56713,0.026439174828637425
6005,29068,0.027799056927419463
6006,85207,0.030238209083922992
6007,80841,0.025011680714621523
6008,57939,0.023670796140938814
6009,455,0.06945175455677746
6010,6852,0.03536891624594325
6011,44458,0.015593011627395292
6012,50394,0.030663557404409812
6013,24260,0.020715819772072375
6014,8058,0.019738871689660663
6015,78086,0.027916270878310005
6016,5415,0.017082763809424643
6017,54813,0.02351996052032371
6018,31388,0.015790755746276967
6019,56353,0.026204523595413108
6020,4461,0.0268503115219429
6021,99025,0.02565909141781244
6022,9026,0.015990673196307075
6023,42563,0.022784387569465388
6024,91261,0.01976532449426735
6025,56541,0.025739178031291117
6026,22710,0.022158421166513537
6027,3116,0.0208062741755795
6028,34252,0.018443381398795432
6029,70073,0.014491899094241686
6030,97619,0.03021297785287798
6031,63761,0.02159167420206435
6032,71108,0.03666623861456749
6033,8494,0.024361519418259366
6034,47937,0.031161855016381544
6035,84353,0.018506036223014707
6036,6974,0.012268904159870917
6037,60925,0.011551148646185231
6038,78725,0.022605188555480236
6039,54333,0.021236473741886416
6040,33831,0.016909959178627917
6041,13935,0.01870785158408375
6042,61078,0.02202534638773774
6043,6696,0.02817115296180073
6044,79004,0.02238161065816118
6045,74863,0.041200315453640855
6046,38591,0.0318583403053898
6047,26641,0.027209211563347317
6048,31473,0.025161903244017
6049,11220,0.02133187467416368
6050,52260,0.016865635051138108
6051,94504,0.013388973180724444
6052,64893,0.015037619546711395
6053,88574,0.07204897106142058
6054,43320,0.02181493103881234
6055,25392,0.030299909702714435
6056,93251,0.033862097154844055
6057,38131,0.056601137657852844
6058,77810,0.03083566482275885
6059,42623,0.017224031304985055
6060,59201,0.028866403999291114
6061,88715,0.028281966964639266
6062,18733,0.017084273672816903
6063,18777,0.014952475675477995
6064,35140,0.017931015913097113
6065,24492,0.026505601304292623
6066,84086,0.037800728153709745
6067,29481,0.021419002104523854
6068,88104,0.01794930800616311
6069,99717,0.024994477131701272
6070,99069,0.021825177606141014
6071,64653,0.017215135382709926
6072,48579,0.06290570130400706
6073,79271,0.013796683969212306
6074,68751,0.024173378190118475
6075,46280,0.015015141487259544
6076,4382,0.022839313632701655
6077,34317,0.02399024019751149
6078,50218,0.03291714324145724
6079,3087,0.014175472504477597
6080,76927,0.013610451074828885
6081,40085,0.025501088115735406
6082,90740,0.024529469096332964
6083,78429,0.027164214710604345
6084,8272,0.02086539119571204
6085,28411,0.022393018250197513
6086,79434,0.030636557995155557
6087,41853,0.02056620905203177
6088,67430,0.02279698466745187
6089,3052,0.02931556527614529
6090,46379,0.01436627855484393
6091,20775,0.03456337201228252
6092,91362,0.012989259604308953
6093,82577,0.021408154574377527
6094,87101,0.021556772541838194
6095,35619,0.025456396713991386
6096,11631,0.03197754709529203
6097,77470,0.020735012911423052
6098,77399,0.0532060576989227
6099,31497,0.016006279475884417
6100,12321,0.03097794245373281
6101,75458,0.019319721909373394
6102,86629,0.07802307654581517
6103,43183,0.02694839009559312
6104,70407,0.023673327917640007
6105,62352,0.019848012105792665
6106,90676,0.07638991210209513
6107,5269,0.024225421410495843
6108,89309,0.014640312970189848
6109,32732,0.019823328731055977
6110,8250,0.017992306174183605
6111,90557,0.021031010847465736
6112,57041,0.09214416636494321
6113,15041,0.02113854818361391
6114,19673,0.018508052261449477
6115,53058,0.021645190737763664
6116,14798,0.02330506373561663
6117,70876,0.04005902698227135
6118,50981,0.032606757084521536
6119,98443,0.027108807490217456
6120,45417,0.029896362066677742
6121,75068,0.01275606059603624
6122,54321,0.036160405720407164
6123,34209,0.018010814311136755
6124,17449,0.015757327655781885
6125,93018,0.027847739844306694
6126,48233,0.01896717227877177
6127,31075,0.03019766860988725
6128,80780,0.016078215881983268
6129,72294,0.03497368418187299
6130,12413,0.03317107070315657
6131,49517,0.019596566145749377
6132,20623,0.033003252160917755
6133,27462,0.014251346217404539
6134,33026,0.03275199632826034
6135,53716,0.04076361469662496
6136,25824,0.01941664428758976
6137,92295,0.02815448716266534
6138,7493,0.021917456551992065
6139,94634,0.021205946571567196
6140,28120,0.022319416517463025
6141,34717,0.021545073638733536
6142,46161,0.023081197308642654
6143,7661,0.01508323965432347
6144,7259,0.0168948135230902
6145,50493,0.03336348461182451
6146,52514,0.017841418675796975
6147,2272,0.012121558817861979
6148,4882,0.01773347360369991
6149,6357,0.022750660637234982
6150,98942,0.033421400681344623
6151,15641,0.024161986771375613
6152,803,0.01992880279480435
6153,83912,0.02400424768288504
6154,92820,0.021956188383503508
6155,44222,0.030382152144175317
6156,93186,0.015182023775419938
6157,97603,0.022681335386175974
6158,49692,0.03323418644478462
6159,86001,0.02434775630148574
6160,68165,0.024088654431387704
6161,25368,0.018144775981203433
6162,76340,0.03872239901343202
6163,76248,0.02271991618132198
6164,815,0.025321566962761218
6165,44711,0.02746392214190743
6166,32371,0.02162429961473447
6167,74476,0.01799503362531508
6168,42794,0.027583932137120744
6169,72983,0.023381772849637626
6170,6160,0.023571242031117386
6171,27431,0.023284604408839747
6172,70032,0.023780226783286656
6173,67674,0.040262364315538014
6174,85890,0.03667012277058219
6175,60926,0.025183780756475618
6176,86157,0.014877215889974298
6177,61509,0.025623507236204005
6178,88339,0.018260035691495428
6179,93949,0.025409839723283735
6180,40332,0.022282098612947183
6181,27775,0.018568654662576064
6182,75734,0.071536068452156
6183,97266,0.038518784582286
6184,84465,0.021923863082898436
6185,55367,0.03249121237310301
6186,29832,0.04097184769705557
6187,87138,0.027349750347382407
6188,8995,0.016166947552968634
6189,26481,0.016239367468900787
6190,66791,0.04745829363541723
6191,95121,0.017133916880831084
6192,4221,0.020877842570655294
6193,4074,0.021242070492643556
6194,25633,0.0379804015470139
6195,38155,0.02587611509548638
6196,73771,0.021770568171066106
6197,49258,0.017016510394561358
6198,41521,0.04064195588048684
6199,46517,0.03391271020120267
6200,82800,0.013186003577794031
6201,24964,0.014131325738814001
6202,15165,0.011330103991611743
6203,57511,0.01994439693186554
6204,4485,0.026927540964215325
6205,74128,0.016565945667726616
6206,63638,0.02592857921775459
6207,13944,0.017489979896108863
6208,12378,0.01689155586065873
6209,1825,0.019719104535915494
6210,16121,0.02128140948202337
6211,66656,0.06235467026905082
6212,6620,0.013588797029248397
6213,83033,0.025222475090239664
6214,53811,0.024399391456192975
6215,2671,0.01844445209971236
6216,38921,0.023987159722452144
6217,76488,0.02806156268468859
6218,52204,0.022033183879429902
6219,12912,0.03156500290961166
6220,50857,0.049359442531289335
6221,21650,0.02531388562812001
6222,11838,0.021800596595402427
6223,60422,0.01485910913833421
6224,39128,0.022939847726374488
6225,15414,0.02844443540518092
6226,77509,0.027342338686552274
6227,16415,0.03521756798863393
6228,2864,0.030453792540750858
6229,11733,0.015371404794711874
6230,32124,0.025198858949983128
6231,966,0.037874190310717135
6232,44866,0.02188551038508893
6233,93524,0.027716532811083078
6234,1337,0.021621951286721872
6235,73838,0.03466256642165394
6236,67469,0.0352084057916433
6237,86734,0.020017015695675263
6238,23648,0.02283793590990034
6239,9583,0.020404041648405744
6240,4164,0.024932421889645215
6241,72105,0.024877722413533962
6242,73947,0.020772582148853906
6243,81053,0.021959328963561085
6244,57319,0.024961460037207926
6245,40995,0.01842337759568401
6246,53295,0.04014449072468494
6247,3040,0.026710037989889145
6248,97058,0.023098407406077087
6249,20935,0.04017801727910438
6250,67872,0.014690880775421456
6251,22683,0.01849013469078454
6252,91548,0.028276422966234897
6253,82971,0.027737561010969133
6254,28448,0.02239500736473694
6255,15999,0.02698995404965074
6256,44028,0.020881226830020708
6257,80452,0.021608653030803122
6258,55431,0.016124699889804767
6259,68846,0.02063313089579756
6260,25873,0.01570218575727924
6261,93152,0.02175901975056166
6262,19319,0.021664053211168367
6263,45600,0.028421524993960088
6264,29209,0.008017331027175481
6265,77590,0.020920630433616902
6266,96506,0.031871728372722195
6267,67690,0.020301512849308926
6268,40889,0.03345193389845699
6269,31524,0.013225755834679978
6270,79920,0.01367354848851789
6271,14947,0.0296530468012462
6272,99423,0.03373358873555153
6273,68095,0.04048800993944531
6274,43526,0.01823284928067684
6275,66416,0.020129698382986505
6276,44334,0.02194059477386301
6277,34000,0.037367663408155206
6278,7843,0.02906527014049476
6279,49975,0.02952077120009381
6280,36363,0.022975416385365734
6281,78860,0.03039253709236123
6282,87227,0.016771622619259317
6283,15503,0.024195726262544938
6284,45227,0.029726675705760375
6285,47479,0.019995845196214737
6286,6125,0.015549566910896071
6287,58907,0.018533539635135692
6288,2708,0.018115359965787337
6289,20397,0.02133283792923571
6290,9332,0.026027441842038795
6291,88619,0.020435543795003057
6292,29156,0.02065753270941683
6293,84582,0.028548341622499657
6294,50496,0.03493249764399704
6295,6208,0.026870022069525323
6296,86264,0.023280795877050165
6297,58536,0.0331227390479649
6298,6434,0.01965436608287481
6299,9264,0.024090654218492387
6300,81394,0.016653825762591487
6301,55340,0.015353191802534884
6302,50889,0.023028977049149434
6303,47251,0.023523949642755226
6304,24578,0.033645076063863216
6305,44027,0.04598841996405634
6306,84155,0.0182738883666992
6307,76085,0.01852506938434474
6308,92881,0.013465767779310503
6309,46716,0.03928198386735477
6310,85532,0.017288995916691533
6311,11536,0.013715034564830086
6312,19807,0.026540711291199778
6313,91909,0.018403751709799736
6314,95489,0.014426215119012379
6315,47006,0.028847185412469552
6316,73322,0.020121123615596148
6317,31662,0.016406558217160416
6318,21753,0.02824930508990982
6319,25095,0.05666729880333638
6320,50698,0.04978832264562003
6321,526,0.04302905248982161
6322,9754,0.01528062644118276
6323,6229,0.04310446646109038
6324,86821,0.021302027274809388
6325,31767,0.013137904385347725
6326,40780,0.03190685885437391
6327,9923,0.04041299091182697
6328,8406,0.03983312605761642
6329,70567,0.016291563223906028
6330,70388,0.016714519450532428
6331,64941,0.03050907277204469
6332,48450,0.03835043542802478
6333,31922,0.05037884018672258
6334,16591,0.02713247852403993
6335,14564,0.02850789492181784
6336,79646,0.026620903666647346
6337,2786,0.023612516144604523
6338,83919,0.020748646776455357
6339,11528,0.03774302082601112
6340,34565,0.023311378914710544
6341,2931,0.019221365884669214
6342,32054,0.013281825721523867
6343,22279,0.04617541308315956
6344,37169,0.015583127438710645
6345,81457,0.034284330846704375
6346,78806,0.025712179706294795
6347,67539,0.028058336765618346
6348,96604,0.027367823571459567
6349,57505,0.04771036978647295
6350,2733,0.026188008772668976
6351,82548,0.028955314529390177
6352,13155,0.030161595678457775
6353,34128,0.026334693580896833
6354,50975,0.02197197876296039
6355,22990,0.012404371883301683
6356,10492,0.0203338136518843
6357,65623,0.01829603650065887
6358,20012,0.023009397440941732
6359,74234,0.02819360571857241
6360,99809,0.03652371386551614
6361,63538,0.03345551193416998
6362,17777,0.020016544602874428
6363,81398,0.02340157198048315
6364,60141,0.014694190056297561
6365,47055,0.015545586922487146
6366,22553,0.020329162013112516
6367,30661,0.018590022410600038
6368,29009,0.03739565988662518
6369,87541,0.023906809309773458
6370,35030,0.032806729809198465
6371,88758,0.020609330510039776
6372,90751,0.016557583953002875
6373,20054,0.033565077113663515
6374,67467,0.0162062956994092
6375,66920,0.03306266052403288
6376,83465,0.025999712410737306
6377,9514,0.017630156117906696
6378,23299,0.020480042912916614
6379,69124,0.02530928114545485
6380,38657,0.02613530530162695
6381,30105,0.029868492049743237
6382,20873,0.022421725576437478
6383,22422,0.029935778015521393
6384,34093,0.01736320918858172
6385,1668,0.025499874133783598
6386,68074,0.031051057565677834
6387,90281,0.021185853317977052
6388,52966,0.015714437741909212
6389,15288,0.016928809738051963
6390,43368,0.025199160018089285
6391,6593,0.03481439966975123
6392,65483,0.028838462703477147
6393,14766,0.034026103812384065
6394,71096,0.02459952850371147
6395,11715,0.026246763972612396
6396,73403,0.0326286869550029
6397,85044,0.013580851881548745
6398,94070,0.018404669416859747
6399,82431,0.016797861367628814
6400,97758,0.020398420791982445
6401,88973,0.01988821626812347
6402,93245,0.0205556083588657
6403,89500,0.0381386241114349
6404,47929,0.03969737300010063
6405,80471,0.026146803133949015
6406,93242,0.023265574478023385
6407,1987,0.024418574923088195
6408,43408,0.02223951124845571
6409,30914,0.02789401240061893
6410,62670,0.03330068549087503
6411,62829,0.018733105939985346
6412,46228,0.021976514832003323
6413,71638,0.03290873345572941
6414,68781,0.03772245190974555
6415,25377,0.026361142793495523
6416,91348,0.018667505822678464
6417,22589,0.015204663253680941
6418,80827,0.014329720417986653
6419,83815,0.022874196335597962
6420,51709,0.03309923850912523
6421,55840,0.02120687054761539
6422,61591,0.016607381056448725
6423,46259,0.024952447504666343
6424,91187,0.039436368588480875
6425,79641,0.02777746165415746
6426,60984,0.01862308910240786
6427,72309,0.018295526674397947
6428,61760,0.017898355221457895
6429,66231,0.02734965473745755
6430,18364,0.01947280649143563
6431,59550,0.014481751567618254
6432,22649,0.03790889550578663
6433,55984,0.025857056681980555
6434,91397,0.01796352359810662
6435,45397,0.021582058082506135
6436,19725,0.016627513352590252
6437,61249,0.023146411928653403
6438,76308,0.024939760292894658
6439,48897,0.022310089347638923
6440,16051,0.02949171731133881
6441,30496,0.02766498019457064
6442,43818,0.018923917132553123
6443,90711,0.04526297622981199
6444,61868,0.020748492461111566
6445,65531,0.041858029187402966
6446,67931,0.01732353726751919
6447,71480,0.03447848380847733
6448,91681,0.012176572662906844
6449,79299,0.04172025011737476
6450,64933,0.030952265793972422
6451,46227,0.016594247951998094
6452,74754,0.022345954717316506
6453,54411,0.0164978317848545
6454,95718,0.02786504181211588
6455,60725,0.01666912650565454
6456,47318,0.04012533711615398
6457,81772,0.0247245412374115
6458,37655,0.049979494039979123
6459,3338,0.01669046318676158
6460,3369,0.02872724159265226
6461,64928,0.02309693612219335
6462,89666,0.02899059392327379
6463,96841,0.06968841420196496
6464,62859,0.013784640056044524
6465,56226,0.0321284849857766
6466,72792,0.020441625399132836
6467,22448,0.03943432289192134
6468,39018,0.01923989662431961
6469,85645,0.012996903017673391
6470,91446,0.03184918098606969
6471,53504,0.018595876466705703
6472,1006,0.014393433569928574
6473,88723,0.029188122248422252
6474,23454,0.025328602276821207
6475,66619,0.015113459318149846
6476,62564,0.026073388628010334
6477,96214,0.01698162465697154
6478,25086,0.023990723556812355
6479,10235,0.014486773240812439
6480,97846,0.017102476014213396
6481,29809,0.015538866043572816
6482,32149,0.04767359368850361
6483,58325,0.032715134706612435
6484,27393,0.016245137802538067
6485,22440,0.07938627667161657
6486,11860,0.015785281064427246
6487,36108,0.02894422742039521
6488,21250,0.02694137109435456
6489,12371,0.016605328892440558
6490,81960,0.024071306428954768
6491,46851,0.020742888094857165
6492,92299,0.0354344694814146
6493,8421,0.026199401387116565
6494,21614,0.011687250507797675
6495,61317,0.023180648118766578
6496,3998,0.015055324977531025
6497,48671,0.029722713041930318
6498,68388,0.017677153427217734
6499,1238,0.03193679722862568
6500,63653,0.031236458616735137
6501,17740,0.0560236126460946
6502,10570,0.030158047024617184
6503,55726,0.022318597414271765
6504,4241,0.044367527321453104
6505,11281,0.03954609484832306
6506,66808,0.030831458656460357
6507,10584,0.015636876051704295
6508,21756,0.015553329902955139
6509,93497,0.02585954827578662
6510,51303,0.03371173407108058
6511,28189,0.033422363233257577
6512,47243,0.025603248264196646
6513,26422,0.0274908123291957
6514,89933,0.017973397857237165
6515,76031,0.047630834071996316
6516,45502,0.016501955735155675
6517,68219,0.025544923199760632
6518,32199,0.0440708169643762
6519,95448,0.026929614158687696
6520,79319,0.02272792813927739
6521,90658,0.015438975554373981
6522,15522,0.030741128548439724
6523,1842,0.022109787615099012
6524,41772,0.024366719030791708
6525,85683,0.02108781755111999
6526,70447,0.039257637989983316
6527,43460,0.025284539643564252
6528,14915,0.017358684022496188
6529,6355,0.0331097003035027
6530,24764,0.01993010770066482
6531,17948,0.012776582313550739
6532,44342,0.038040433120426015
6533,66022,0.03431394293458127
6534,66166,0.024646754568933883
6535,78368,0.0225214871642571
6536,87872,0.026669104848173517
6537,42497,0.029783248583074393
6538,57098,0.01374438590463556
6539,90863,0.01727028062507694
6540,60753,0.03543610882934375
6541,91951,0.0518508071450525
6542,73214,0.0241109094665598
6543,27207,0.015664529233434355
6544,53547,0.01726112330134194
6545,50336,0.02864692441896017
6546,86933,0.011672916981944349
6547,240,0.017775206560438007
6548,56767,0.028682623763662225
6549,78296,0.02333565736769505
6550,42672,0.028236596201969517
6551,89873,0.018183289831340294
6552,97547,0.014571743674235478
6553,24187,0.015271384931977904
6554,64321,0.014337009930162828
6555,58672,0.021414139949425096
6556,81494,0.020148343391099836
6557,31528,0.02141563205963666
6558,31399,0.022303916952576698
6559,11432,0.021423394805838086
6560,4121,0.02058841675720255
6561,20184,0.025468381905401644
6562,54125,0.017126413961952067
6563,8688,0.029409475317012827
6564,65610,0.02362473375372789
6565,44441,0.02117205443960179
6566,24771,0.022076642884148505
6567,9691,0.02176049365985988
6568,43892,0.019446826787010516
6569,24835,0.014099178265909187
6570,62566,0.030803697331218155
6571,76381,0.03938014157977865
6572,77431,0.01015500264938516
6573,4661,0.019267940282138
6574,10536,0.01684294187207208
6575,13968,0.02602847244233089
6576,39975,0.022690588963057506
6577,83610,0.011592880322313833
6578,25470,0.03064663025461766
6579,30214,0.027249241331692806
6580,97937,0.03482697284936006
6581,61675,0.014706739062772388
6582,41244,0.023449664198527426
6583,20694,0.02118972628840613
6584,44089,0.03452784936202796
6585,68492,0.037888134671407545
6586,36087,0.022666756482437742
6587,49642,0.026106403099728684
6588,38000,0.032958072014822086
6589,53004,0.019901457702935117
6590,25949,0.022796892588372187
6591,10548,0.028848104511117176
6592,93909,0.026336868791725233
6593,64451,0.030576950706304337
6594,89604,0.01977601405520542
6595,88299,0.01799919431031761
6596,48227,0.01857840529812859
6597,39698,0.023685538983520403
6598,50039,0.027694651435207746
6599,72867,0.03916649295598347
6600,17265,0.019237596365466937
6601,23529,0.032040244629113396
6602,43947,0.04801351225015567
6603,41264,0.02246526654446143
6604,71518,0.012929537208331638
6605,33075,0.02945628637872313
6606,46878,0.018257711387998983
6607,35567,0.029128283698169406
6608,35151,0.019583028355197606
6609,13223,0.016888753221053664
6610,29119,0.01855342193525527
6611,93630,0.02411734876463022
6612,23999,0.027999813007308035
6613,72136,0.06665854374485188
6614,30851,0.01944234122166726
6615,80554,0.019485056664914957
6616,31688,0.034822764513274644
6617,5747,0.059667753136156895
6618,18101,0.06563824277702979
6619,99608,0.032129694235673203
6620,201,0.01885075238092932
6621,90332,0.01940098114094442
6622,45606,0.012918264897548135
6623,25823,0.030467068228260053
6624,21921,0.07521969895631343
6625,72509,0.03342816988933322
6626,55446,0.01738960331368675
6627,33527,0.015960091490714694
6628,5795,0.018149039040266133
6629,42523,0.01901836446238108
6630,26868,0.028162191709054814
6631,62072,0.03402786932655729
6632,8595,0.06448274994121517
6633,98075,0.02976483553133436
6634,83311,0.01448500389109577
6635,34464,0.031402385188547696
6636,69049,0.01421221249056625
6637,32888,0.02814636609669139
6638,59743,0.020754531808129223
6639,76591,0.027692433278935547
6640,45582,0.019669068851025998
6641,256,0.029591681551432797
6642,837,0.018046519763673212
6643,86242,0.025247308899066095
6644,22787,0.022119209056068824
6645,7008,0.02769264699915453
6646,21338,0.027050794178358387
6647,34099,0.017677193559726814
6648,51880,0.03130887980203464
6649,28271,0.024294158702091746
6650,63560,0.023058843958840128
6651,75501,0.02366064568453762
6652,53332,0.018681886064983794
6653,50166,0.02034026379141244
6654,62982,0.0747040080451076
6655,29557,0.027691427591674204
6656,4499,0.015199202578805153
6657,57264,0.02621720289877401
6658,9173,0.0165601085450394
6659,82230,0.017070645957427796
6660,45967,0.017311434590192666
6661,49872,0.021975860449791825
6662,92659,0.021313605434864973
6663,98577,0.01470656936800947
6664,40331,0.07231199833648679
6665,28044,0.031139780509390123
6666,73920,0.021509066980880065
6667,95901,0.09137969464990287
6668,8106,0.031364796196129655
6669,10508,0.02881187570759266
6670,83437,0.01206025840073143
6671,25863,0.020124110786520048
6672,13000,0.011035291628061496
6673,11761,0.06312049344848167
6674,50577,0.030329784701888348
6675,64472,0.03475342731535726
6676,45460,0.02918201696455474
6677,13052,0.018204149317943383
6678,40007,0.01607959493040509
6679,98003,0.03462985569805273
6680,956,0.019517289953214098
6681,9968,0.016816171853578806
6682,43963,0.07804756524825056
6683,10813,0.021303062451955092
6684,89694,0.025875738694244386
6685,61995,0.026544593959712686
6686,38126,0.019959498672908763
6687,99426,0.026961762692712842
6688,61878,0.024734480736804947
6689,6644,0.018919582370692543
6690,38187,0.020309118828184286
6691,72008,0.02396970140643332
6692,45832,0.034027964980163666
6693,67973,0.014968404556890798
6694,43197,0.020817673642586212
6695,86665,0.06998537274527843
6696,96087,0.01781567313793726
6697,62273,0.025556201143289235
6698,31494,0.027883097233175863
6699,5740,0.02271030137527451
6700,51608,0.024683967202290488
6701,55853,0.021818124075651306
6702,8796,0.017785807864624796
6703,13769,0.01931858961619382
6704,86589,0.030871264840920537
6705,45201,0.03135365079261412
6706,41935,0.015960541350341917
6707,12838,0.018121569267090996
6708,86213,0.014876668975935991
6709,31888,0.01391171246846187
6710,98217,0.028732746453509192
6711,7163,0.028990220839194086
6712,26238,0.014407019099778437
6713,96878,0.01104069776101875
6714,60832,0.02490739099822729
6715,47771,0.029752017830056265
6716,88712,0.023050889692851143
6717,73581,0.020157652344150255
6718,3949,0.04296013774412897
6719,81025,0.01672032231368635
6720,34526,0.028846636459484737
6721,10424,0.025384298909881815
6722,95457,0.03152945636432497
6723,43223,0.02426920205941416
6724,18418,0.022775043799623824
6725,51338,0.020325169634421443
6726,49491,0.021336094462662835
6727,16606,0.03602524790531004
6728,28409,0.026632514767348136
6729,36450,0.019292197028016666
6730,37556,0.09924831268453597
6731,30666,0.026188289618323295
6732,23657,0.020512500700945905
6733,46300,0.01831507345639662
6734,39218,0.024021936130913194
6735,88654,0.019772719152329428
6736,43277,0.019052501852818662
6737,54746,0.009458560343260675
6738,15590,0.027200528400035832
6739,94806,0.0337190091541477
6740,7777,0.026225822815964448
6741,1620,0.018036880118075648
6742,67894,0.02776529310764926
6743,42179,0.01465722302622287
6744,60965,0.04425726854609523
6745,43991,0.025007582880953196
6746,11545,0.015621429657945735
6747,97296,0.02197517844114225
6748,40000,0.017027695705598766
6749,4292,0.020520565532714564
6750,58142,0.040436933080616466
6751,39339,0.012648467270108557
6752,13064,0.013153982569767983
6753,72601,0.023970488655575054
6754,56318,0.02158675973802595
6755,20739,0.02387658338349473
6756,45452,0.0288685328802717
6757,91626,0.0227773962959844
6758,15658,0.026389211462610307
6759,52055,0.044238215600714934
6760,93643,0.022966672524990617
6761,51393,0.025303979458283048
6762,36563,0.015580013174338068
6763,65860,0.01854044024683244
6764,2014,0.01865349566621921
6765,55572,0.021376448858161336
6766,85407,0.013709705671085395
6767,45849,0.029757431144779425
6768,41341,0.013136854761702014
6769,21936,0.02042463761347407
6770,16393,0.04855150759905097
6771,15485,0.0275005505393313
6772,31697,0.02778333570931324
6773,12963,0.01733539088175286
6774,19263,0.021873521522628087
6775,25396,0.01202956966337515
6776,26115,0.015726559741241278
6777,865,0.01639182741342881
6778,56615,0.01534219658043392
6779,57038,0.021302054476355962
6780,14685,0.020384091309283068
6781,56149,0.030991003981805258
6782,52811,0.017971923778530935
6783,54583,0.03980170797758291
6784,3793,0.02555701756758552
6785,75599,0.0168764978693734
6786,88629,0.02915758300619673
6787,14655,0.023777639847928897
6788,54526,0.04112555412709358
6789,49465,0.02822826434903285
6790,89026,0.018604992043034483
6791,75256,0.023463467060877055
6792,98905,0.0227784454909133
6793,94153,0.029596778772471844
6794,63236,0.023810967258522508
6795,21386,0.06871048836318291
6796,23834,0.03153673548038054
6797,84813,0.01666015819279775
6798,43531,0.022044562268061757
6799,50297,0.04829920349666443
6800,12470,0.027059923718354285
6801,75124,0.02344597640732598
6802,46316,0.030224188137353787
6803,61339,0.020464607670902128
6804,44636,0.03155139549113574
6805,99546,0.024170590775289123
6806,74728,0.022523491758616346
6807,6624,0.02021839584535772
6808,23728,0.01620538532373012
6809,67270,0.020341274177051907
6810,67423,0.022445400139646174
6811,28761,0.02691503283838799
6812,11939,0.018560806514955508
6813,64522,0.01968829630230257
6814,69262,0.024754661322639548
6815,6421,0.02150691954430695
6816,89134,0.02528606158253064
6817,74672,0.020425249887278864
6818,88942,0.014804884295893514
6819,3423,0.017971739578759357
6820,28293,0.03443471442622225
6821,67339,0.03985689439084958
6822,28284,0.038119595938507334
6823,58820,0.021161384233496915
6824,86803,0.030719764744716615
6825,65164,0.02382651436650208
6826,46942,0.03371734600928131
6827,98400,0.01816899355391069
6828,49952,0.04640669281710419
6829,92291,0.023963865224225077
6830,21008,0.019346380574312306
6831,85893,0.018220850637170254
6832,43589,0.0191376972280149
6833,79834,0.025882325065103358
6834,65603,0.02199056986551176
6835,90439,0.012138297906374444
6836,1648,0.02139351575554496
6837,63914,0.029299602060986876
6838,98748,0.02333271223562591
6839,98196,0.04237620570695353
6840,73971,0.02604107079769254
6841,20770,0.030418590401363264
6842,45822,0.023218210583576034
6843,49403,0.04196278563554395
6844,17566,0.012857811879765892
6845,98293,0.018608296590555757
6846,74751,0.011776272680133707
6847,52021,0.02270073263530655
6848,67540,0.0199803430015314
6849,59626,0.02625408239424241
6850,99754,0.018741870163921377
6851,24278,0.05445184887084902
6852,39413,0.020945555379046375
6853,97542,0.02030958643822045
6854,11460,0.01770853906959503
6855,21343,0.02161112460277266
6856,1416,0.03043436308275363
6857,68299,0.019085165966115866
6858,15050,0.01372304227393003
6859,62355,0.014099099652014228
6860,25725,0.02693005775603322
6861,64969,0.02871591489150789
6862,63076,0.04608569791308339
6863,93547,0.018070010464823042
6864,58060,0.029468736136428357
6865,71947,0.020557079218254025
6866,35497,0.024290862263858726
6867,31103,0.027371054858488546
6868,85348,0.055506257656679894
6869,86990,0.013880863306707809
6870,15475,0.01450455719501352
6871,7801,0.023886531194023074
6872,65812,0.02796678673623188
6873,60738,0.021952791032634405
6874,58869,0.014747970901172597
6875,99943,0.013066969523581008
6876,57648,0.01641875493756685
6877,1036,0.042439671971135025
6878,72337,0.029416884921572076
6879,5081,0.0219279420066431
6880,53944,0.017605809323322938
6881,54589,0.02557611777781107
6882,55192,0.051868199697227634
6883,83055,0.028627148469617676
6884,47953,0.022592404985329884
6885,41481,0.014494077992135056
6886,23723,0.02704246522166042
6887,23473,0.027743384444162873
6888,89068,0.041322513795346405
6889,40140,0.023727856351532454
6890,59383,0.030301439116523082
6891,71955,0.020985701035187043
6892,18835,0.016169976446572126
6893,63622,0.00917331109862807
6894,84878,0.021321624665711775
6895,53426,0.02319745569441926
6896,57005,0.01594814169929419
6897,43583,0.029010213437522463
6898,90736,0.015868076974620726
6899,23127,0.024871141821960374
6900,76739,0.026524105641847637
6901,27061,0.03249148291433874
6902,45844,0.020327732663274842
6903,75017,0.02070305174318568
6904,27086,0.030880785721004163
6905,40195,0.016314556634483394
6906,94119,0.03147470367294384
6907,37692,0.01819081472866351
6908,92359,0.0238219147155629
6909,63170,0.01657720111999611
6910,48398,0.027197724864833146
6911,14434,0.022016060560251762
6912,15679,0.019077703455116814
6913,47133,0.030945564196597858
6914,25375,0.019536871064626992
6915,46189,0.02533201395619928
6916,67033,0.025372055465303432
6917,96521,0.017718641990345143
6918,36454,0.036438285042638754
6919,95987,0.04086269023191094
6920,95572,0.02490694778147053
6921,15682,0.02894432800224216
6922,47724,0.024636396780981652
6923,88314,0.04109046392497362
6924,23443,0.03024831808642365
6925,19161,0.02404676435206302
6926,45161,0.024878319463297154
6927,33134,0.023065512346116614
6928,7592,0.01998923594962674
6929,10397,0.02326154824036549
6930,8310,0.038109011628012376
6931,33574,0.03135490944979991
6932,78724,0.026187586450988832
6933,17096,0.01928077274359275
6934,93515,0.03623643232469367
6935,89526,0.02162131050807846
6936,30499,0.015662668544873432
6937,15479,0.016113901260151563
6938,70069,0.017803518515396674
6939,79339,0.01645631630074925
6940,53741,0.02494527201210677
6941,69744,0.025475872234215213
6942,64409,0.0293320053376178
6943,20737,0.024414657888691953
6944,4955,0.016290940220807328
6945,3404,0.016457595282400497
6946,17922,0.026837869344405487
6947,60073,0.020646720773123177
6948,30980,0.010858064133849415
6949,57819,0.029146991129375598
6950,86927,0.02952071299109443
6951,13281,0.04313126405144606
6952,70181,0.021075127543245736
6953,47575,0.01898494181911291
6954,68225,0.056251002282473095
6955,28895,0.04482185200277346
6956,53748,0.01028409402504726
6957,32971,0.026077153858173236
6958,93634,0.02319748569146073
6959,55824,0.020409833045654475
6960,96881,0.016307615320190812
6961,53668,0.033741004417951935
6962,33369,0.01956356315244743
6963,64453,0.02747241199001697
6964,37280,0.019961738272734227
6965,96032,0.02826389103037099
6966,43617,0.032452015571256716
6967,4867,0.03650370627525468
6968,78142,0.022891214915469096
6969,76125,0.03281422024205023
6970,70707,0.019344880036553647
6971,37158,0.02264749460727513
6972,9602,0.027372421697694112
6973,1512,0.023529278290035257
6974,68903,0.02269521126818807
6975,28362,0.03439529384737096
6976,79052,0.023349480879639624
6977,95123,0.03051019568176163
6978,14182,0.01688803632011811
6979,64143,0.017721882602099153
6980,4098,0.01774178795444366
6981,49717,0.013622157283173512
6982,39865,0.027203772455466606
6983,68222,0.031300875573759906
6984,72334,0.05374710864340204
6985,90124,0.0225208311082765
6986,32539,0.03832546983508204
6987,21994,0.05605923987288272
6988,63180,0.024576007489346016
6989,42839,0.01722421361333644
6990,55782,0.026994519632767427
6991,67638,0.034615844552627784
6992,45093,0.01325599733123564
6993,34016,0.025112111969525765
6994,65279,0.016380746757759905
6995,58007,0.015790251194613993
6996,13917,0.022118712170677342
6997,54474,0.02330142829921348
6998,88626,0.031184579445396262
6999,64913,0.03995925817415689
7000,81406,0.030094615548216894
7001,76705,0.017154736078925967
7002,68882,0.03006359358722652
7003,96452,0.020472065005449305
7004,50035,0.03443271093854372
7005,28873,0.022514880791192488
7006,82411,0.013374024908230324
7007,69751,0.016059798303728477
7008,15298,0.024798177106675996
7009,51076,0.01986142102714803
7010,3094,0.0138725990167301
7011,79029,0.040205379010548006
7012,80400,0.03071587891787651
7013,54225,0.022125899775985884
7014,18309,0.022061095367381014
7015,44186,0.02615010432431053
7016,83101,0.030128767312733912
7017,80032,0.01711082482492993
7018,1423,0.02525364804242402
7019,51264,0.013895119863122762
7020,20588,0.01890107106519425
7021,63790,0.04274649200705591
7022,16539,0.019230164396213396
7023,56515,0.014024832444496114
7024,58240,0.03223534118530823
7025,25212,0.03396074672965785
7026,73310,0.02044363281069327
7027,5467,0.01879056257853705
7028,97875,0.020918965248055657
7029,34368,0.03916002621040139
7030,45385,0.03454775175722765
7031,49744,0.02155045276757099
7032,48437,0.04109414221983387
7033,82988,0.020286093942277938
7034,60341,0.03813101264980217
7035,97026,0.02926608432825821
7036,52997,0.04171086506432984
7037,5634,0.040610124411261994
7038,58526,0.01971741163028176
7039,61752,0.017110807430485958
7040,60281,0.028353491929799697
7041,26921,0.024692525124615665
7042,33268,0.031029771647111053
7043,35827,0.02603172131348671
7044,63046,0.022772366917179727
7045,3842,0.011274122551668413
7046,22616,0.016643759825041085
7047,47269,0.02379385538971321
7048,65192,0.012090660844711953
7049,13450,0.022868424796793026
7050,72810,0.023125482989368062
7051,892,0.025633126683314578
7052,17104,0.017252109787879187
7053,30330,0.03350416212486621
7054,53886,0.02350938039277308
7055,79522,0.027561215037057055
7056,33328,0.01510316123917298
7057,83885,0.023946532338207968
7058,22418,0.01776004799691465
7059,43210,0.01692785086978349
7060,23630,0.04014129448120943
7061,23799,0.02468611978370474
7062,33839,0.018905982318868184
7063,41023,0.018886146130749577
7064,14537,0.02165626206589431
7065,68938,0.024990059622283185
7066,48381,0.02356139754351602
7067,67763,0.015669350435507948
7068,3518,0.04598586172213858
7069,73461,0.019637177386890428
7070,32741,0.020280285596824814
7071,73618,0.026285801394755327
7072,44927,0.014835005438709024
7073,93740,0.026945097722203125
7074,80013,0.028513525219950767
7075,60083,0.024208962954175094
7076,70175,0.022255344301655898
7077,78098,0.028336850575765293
7078,3241,0.0176966827180132
7079,31172,0.01614342779028024
7080,44905,0.02462663600264871
7081,92789,0.019789977346263633
7082,62676,0.031255164493639694
7083,76531,0.03152470752098922
7084,67687,0.02607341736153771
7085,73892,0.028646384446853412
7086,65771,0.016697373257090115
7087,72871,0.026904065146719006
7088,64989,0.024534634874768136
7089,17859,0.02004598308261111
7090,80338,0.04754131966134936
7091,70930,0.01989066473807776
7092,75889,0.01591569664196114
7093,47533,0.028577827337588808
7094,17303,0.026525100896228584
7095,31815,0.018572698921507858
7096,17548,0.027424267648599742
7097,43932,0.015475839806690478
7098,30474,0.03695400164060323
7099,35777,0.02876273705417042
7100,5566,0.023923705532114058
7101,97732,0.04446856500167812
7102,30465,0.02381775194615096
7103,65520,0.03951372085607616
7104,31935,0.027082096842273272
7105,11082,0.02407702704738964
7106,47995,0.019137290633349412
7107,97009,0.028389545259385092
7108,30342,0.027215899265836833
7109,71855,0.035494269179073425
7110,3355,0.017933161944705674
7111,46477,0.012932905671915492
7112,60006,0.022666593674775824
7113,32342,0.02962868180480165
7114,33744,0.02849266512235329
7115,36756,0.01712800605106811
7116,51642,0.021587421135234375
7117,67432,0.028215651422567437
7118,12104,0.054231767013758814
7119,13987,0.0404546063491637
7120,9498,0.020390374086376537
7121,58884,0.027676225299357326
7122,13146,0.016426025024996592
7123,95429,0.030879437078989887
7124,62387,0.06030166054009147
7125,49520,0.022679232722032903
7126,74163,0.02994861349883456
7127,93984,0.038537547858445764
7128,55638,0.01520708918008382
7129,40242,0.024509099971861275
7130,19558,0.018981831518666517
7131,36254,0.01350049235593757
7132,47523,0.0119515082187642
7133,86549,0.01627710526888076
7134,5025,0.016850679978787867
7135,91136,0.0351640439949313
7136,78174,0.03053936647753756
7137,86446,0.046657337702643686
7138,55829,0.029347712510124368
7139,9172,0.02147415886429494
7140,35149,0.02574244600397942
7141,90827,0.02433293464737145
7142,9104,0.0171696316674581
7143,96949,0.048870670007416156
7144,9576,0.024691145535460292
7145,27698,0.02039229227619766
7146,6688,0.031058306015254677
7147,80555,0.028322036754472448
7148,98369,0.017850161216797944
7149,54390,0.034040352606169125
7150,14286,0.02013592397622401
7151,59825,0.026601413731306946
7152,9035,0.025890016394607293
7153,1119,0.026177630357567774
7154,26764,0.03962745667539881
7155,86766,0.028419239707087915
7156,12337,0.019519927469943882
7157,94252,0.017892247680553135
7158,65972,0.023524703820057977
7159,47716,0.018157138008107598
7160,91659,0.024785926108515106
7161,42058,0.01455251266152801
7162,38091,0.017969153389119516
7163,9931,0.01962115541072156
7164,76470,0.029157807350366965
7165,40716,0.04704621780611004
7166,10200,0.028346870314952477
7167,1017,0.01898505424288143
7168,33761,0.030928640684342777
7169,71091,0.027969544961399063
7170,3143,0.029036653844038914
7171,95792,0.015487762951487384
7172,16982,0.009715329298395978
7173,18731,0.032381464558163486
7174,37660,0.02332977422714822
7175,39636,0.02139150822227036
7176,3814,0.025796057573141403
7177,70771,0.029533122333676026
7178,51722,0.022987197635168297
7179,67626,0.03272314746278859
7180,95917,0.06391122175711221
7181,35820,0.02158032505389261
7182,45747,0.01719608921779359
7183,55461,0.021218287033503216
7184,31939,0.02102426260904812
7185,10690,0.019415523967812615
7186,531,0.035568327502406225
7187,68340,0.01577142448903631
7188,20570,0.034496916265829874
7189,77852,0.01895414777703594
7190,24910,0.016178751222391943
7191,36248,0.030865142861320673
7192,52072,0.022047032485393064
7193,17285,0.015165675187554328
7194,24808,0.023029831188067118
7195,13105,0.024069225369631013
7196,70860,0.03324072670309018
7197,63801,0.019278748317875433
7198,17830,0.015961487158341572
7199,93042,0.02470223007282839
7200,95477,0.025333282236707715
7201,59696,0.021574912479359394
7202,11157,0.02706739824285865
7203,65296,0.051483944238552466
7204,63915,0.03390125475344036
7205,99785,0.014797062025531427
7206,99973,0.026579770636647036
7207,52415,0.02213073731968472
7208,95531,0.01802645634484361
7209,69125,0.027384875396361464
7210,93718,0.020052410903649245
7211,65966,0.022267301051674966
7212,15666,0.02182590585005566
7213,5481,0.03088289329577243
7214,70353,0.03016106599183197
7215,68466,0.03045858912539623
7216,25193,0.026149762574098328
7217,16186,0.021720009061538488
7218,10396,0.017664416385888587
7219,97237,0.03194671020556386
7220,13202,0.023100190233777768
7221,94571,0.026471044221264405
7222,55084,0.01723271180278865
7223,92348,0.017329783134119463
7224,57333,0.026411767707598573
7225,13747,0.03738077723910776
7226,80299,0.03655005374655082
7227,97873,0.016327753096151428
7228,52371,0.02440463468516123
7229,80586,0.02275104673363197
7230,75114,0.02728029172556332
7231,13847,0.01298082136510366
7232,27256,0.024641334329779246
7233,5703,0.016102301868396323
7234,2780,0.02755334902226166
7235,58226,0.029114072929671105
7236,46320,0.026560667307509372
7237,78825,0.028379376907076693
7238,64501,0.01704617421731523
7239,1066,0.04376857625796938
7240,17590,0.02414664669969551
7241,94192,0.023000053278170472
7242,40068,0.04720006744271186
7243,95991,0.04001636438656234
7244,61264,0.025270163324717664
7245,3924,0.029261510121815732
7246,70100,0.014780159543395921
7247,69411,0.027781653407313645
7248,82354,0.022433384374375233
7249,65375,0.02421724834683713
7250,95142,0.023270889739661994
7251,79536,0.01966916463393753
7252,97378,0.016462583062638567
7253,93161,0.014398094512552688
7254,65027,0.016883954180730878
7255,36828,0.027703118069917966
7256,60685,0.017288357140760095
7257,93928,0.017974058032481244
7258,68707,0.017454538653414935
7259,7773,0.02300222925866071
7260,73790,0.01284074873227751
7261,75800,0.059419610117647396
7262,66702,0.017986670228632255
7263,60173,0.019761610910437256
7264,64996,0.0277697474996247
7265,25073,0.019632593917292652
7266,619,0.024591735003094833
7267,97010,0.009650083373673441
7268,57134,0.027704406917172714
7269,62353,0.03942636283383416
7270,61465,0.012673660228167353
7271,4102,0.03462906300080637
7272,60312,0.0357933181327282
7273,89481,0.025266596655999472
7274,25272,0.024309849639203164
7275,89293,0.021568605378005187
7276,20712,0.03110091104717033
7277,4428,0.05850350411436312
7278,79210,0.044125636500362296
7279,38053,0.02328664986658022
7280,42641,0.02702540077865068
7281,16559,0.039607129085583434
7282,87248,0.060490941537521686
7283,28369,0.020165283220306415
7284,10249,0.031410525236507655
7285,87561,0.020905635162870667
7286,49641,0.03154825997346483
7287,91250,0.022509756659702673
7288,1255,0.020036414068288128
7289,58378,0.03066274605353176
7290,46963,0.05124107156747988
7291,62790,0.021911959955688204
7292,62908,0.02018679501180235
7293,35361,0.027032801598546683
7294,89059,0.015690698507669583
7295,83924,0.013711661917791359
7296,57496,0.02064209100145102
7297,95388,0.032358580772023395
7298,26674,0.015813957088555958
7299,72630,0.019755628207057268
7300,27493,0.02077737198536735
7301,25021,0.013442825301082236
7302,45926,0.0228882801609771
7303,32384,0.01871774372203056
7304,66543,0.014322646326494411
7305,52719,0.0562218468578072
7306,54234,0.023879389779078435
7307,62637,0.023927491119085736
7308,79119,0.025139693342859423
7309,67044,0.02216246785831949
7310,47003,0.023871324607956365
7311,96533,0.021654035069549254
7312,73245,0.013921318974854283
7313,91599,0.017409351151959608
7314,94740,0.03459628032564718
7315,66058,0.028852235778333023
7316,41247,0.024533774731607644
7317,48877,0.012008934555123692
7318,99758,0.01871133615528479
7319,49061,0.021068528145082734
7320,51064,0.02859473133900895
7321,81490,0.030111885013848972
7322,92194,0.01654752175815047
7323,23261,0.02077554326496225
7324,85700,0.01427534431082084
7325,11099,0.04621692243946109
7326,95929,0.025334455694703197
7327,4904,0.01469069614929387
7328,14765,0.03842711462509532
7329,60041,0.01777443597316564
7330,65108,0.024223168847111214
7331,10146,0.023650622673336816
7332,46869,0.02862239499928364
7333,41792,0.015083382731971831
7334,48855,0.01729763593991801
7335,51618,0.011960181148612923
7336,39471,0.020913158218114895
7337,36032,0.025963190686232433
7338,10627,0.021429009446228404
7339,6722,0.02526217077228659
7340,53262,0.01929200870630584
7341,89303,0.03160277091663466
7342,85775,0.02974035461641727
7343,15970,0.03251244092616459
7344,85444,0.02531291051039576
7345,42071,0.013836983231082067
7346,95432,0.013336101651582454
7347,80317,0.019691146371945672
7348,13867,0.03162923247208508
7349,65008,0.04854976099392666
7350,48230,0.03016848084280315
7351,32587,0.020853536323840238
7352,71878,0.01949621858465826
7353,55795,0.02994907701952173
7354,36909,0.014425992058784738
7355,5333,0.021742271820628663
7356,46600,0.012867224998542195
7357,66019,0.0143935091499393
7358,59761,0.030508446560165922
7359,42128,0.020022827717470798
7360,68297,0.02136486892775584
7361,78331,0.021575201019544625
7362,73765,0.02731736257093139
7363,15967,0.015229101620132395
7364,83515,0.031116557319598382
7365,69570,0.032863085176845816
7366,30913,0.03270066113333537
7367,59287,0.016923643647702928
7368,29548,0.03932842085638798
7369,29905,0.015185470910425087
7370,86372,0.03539103032652176
7371,39523,0.019664523323102784
7372,13909,0.027793772146149188
7373,21549,0.02775556579502698
7374,5998,0.025609016711214908
7375,27681,0.019983887369029493
7376,8695,0.02575578522983045
7377,671,0.022448730503656283
7378,25060,0.02345600097931358
7379,82878,0.027832171866314166
7380,3304,0.021288854719196955
7381,85047,0.0278843269458217
7382,76489,0.018049087199332948
7383,4162,0.026637988143207322
7384,89719,0.024874141514222885
7385,61138,0.020078573267022514
7386,50864,0.022415885453941253
7387,27834,0.01833468214995123
7388,10162,0.01905012350168191
7389,67243,0.019720286768306575
7390,92314,0.034362802939476175
7391,71693,0.0256523451101646
7392,50541,0.011522644326574868
7393,66499,0.020858157528402792
7394,64669,0.02059591147722877
7395,71448,0.020173911104092307
7396,70461,0.04573260213907612
7397,23930,0.019383714168303746
7398,99350,0.018109939144456154
7399,54386,0.014080441459754607
7400,27915,0.020052199754345426
7401,7210,0.015261702746661577
7402,22036,0.017244602899645314
7403,19102,0.019863101672250243
7404,42508,0.028886668689588075
7405,84775,0.019453509095102607
7406,10618,0.03430278213344743
7407,19748,0.033178277362638106
7408,57405,0.02255514512252412
7409,10885,0.015274516891152203
7410,83399,0.01418630515668565
7411,32494,0.03888299651791334
7412,65566,0.021934120051350946
7413,83151,0.02235878430656274
7414,37036,0.015896490476260496
7415,77547,0.016114905000904078
7416,4259,0.02241768452511332
7417,48321,0.02439124543792096
7418,23292,0.02583141544131674
7419,64879,0.027555200092731512
7420,14405,0.01717997394483301
7421,2391,0.019757943573174085
7422,10052,0.02250767255350086
7423,87293,0.025539101738090486
7424,63484,0.019634489781879455
7425,96374,0.026144417975833893
7426,7435,0.019798890636849226
7427,6342,0.023030477282411844
7428,27340,0.02031409800349353
7429,5741,0.019988496042709993
7430,98469,0.03839432806813657
7431,69972,0.0381733122281832
7432,49316,0.017603650279479188
7433,25982,0.015650911320572093
7434,39295,0.02978743839463088
7435,94453,0.011513397294308031
7436,80139,0.02750208465916622
7437,44284,0.022071484252672118
7438,43391,0.014542145444257287
7439,89861,0.026079768279215446
7440,18992,0.02866389088125589
7441,68706,0.013867106378647796
7442,6923,0.03463952905754437
7443,57217,0.02531704313989726
7444,86396,0.021643898064793204
7445,80804,0.02485115739572477
7446,97451,0.02455690653613649
7447,66575,0.017566136481896522
7448,98921,0.023661761178919546
7449,67367,0.02405314213271964
7450,25008,0.01624715573855934
7451,13533,0.01578729913638687
7452,96412,0.06310211766085524
7453,26686,0.03867022444081844
7454,45960,0.03161614504247507
7455,78212,0.02436468387081494
7456,91793,0.02007805103687082
7457,3329,0.05283248531496185
7458,64289,0.018119343603967056
7459,68842,0.015506589554446785
7460,714,0.027026940180662706
7461,68469,0.02806221020992994
7462,84158,0.025741163599204628
7463,44954,0.026360441545671628
7464,17983,0.02940200876614009
7465,74104,0.01931323940059308
7466,21916,0.023876133258957828
7467,58707,0.01264488416651356
7468,52164,0.019718820775584314
7469,50430,0.020341431299667544
7470,86131,0.0197009479774366
7471,59226,0.028891687898682503
7472,46380,0.030797515578471137
7473,45114,0.015809061454855028
7474,1743,0.03557718490197005
7475,85126,0.02545080111991863
7476,21960,0.01837717120676618
7477,19411,0.02552571278642685
7478,93573,0.01931035456612457
7479,3947,0.04840778835051897
7480,59841,0.016011228882082527
7481,11122,0.013442663285416892
7482,25449,0.013882229641710517
7483,98995,0.022626704739069116
7484,37057,0.03277296172583302
7485,34583,0.03211949541853349
7486,43781,0.0200506633570063
7487,17027,0.035925216045937694
7488,67438,0.016045404240324537
7489,42158,0.030827180809595806
7490,72521,0.029889563640661334
7491,93127,0.025828829580828425
7492,23069,0.016380884457843192
7493,21981,0.022997382433948145
7494,93103,0.022163532725356056
7495,23034,0.021394613750585947
7496,18890,0.02174633568599984
7497,34482,0.01981428469595198
7498,55843,0.022696064420405164
7499,25168,0.018848746744744134
7500,78844,0.024137363156415376
7501,62864,0.02439283300506661
7502,3734,0.02701891176266333
7503,40580,0.03232474642996978
7504,46128,0.01824058231701287
7505,30141,0.027236241334459982
7506,71903,0.020181614925955264
7507,2548,0.015146086703281828
7508,79301,0.023425480343840586
7509,83405,0.02112249995729503
7510,88939,0.02266272285352988
7511,5395,0.011968724610144667
7512,88247,0.020263516850623074
7513,52884,0.018896569442783225
7514,2038,0.02756464566966983
7515,44732,0.02179043043601046
7516,38224,0.01706477015527272
7517,73202,0.06000925094059867
7518,33570,0.036191263001010734
7519,99213,0.02777257182945956
7520,43022,0.028304443700963015
7521,98988,0.032461960381981375
7522,33045,0.016634885077681766
7523,69077,0.034545120654209394
7524,73638,0.013788385418783973
7525,32427,0.03920157082195081
7526,36348,0.028223539379629698
7527,63728,0.02700808815594717
7528,81458,0.025706626381353872
7529,16646,0.03290980270378558
7530,45029,0.020871136997900153
7531,6946,0.06035872763312443
7532,61496,0.02412385362502336
7533,97675,0.041824239406036225
7534,6812,0.018207030781346233
7535,71356,0.03438209209654628
7536,83769,0.03537350946376181
7537,49186,0.032022840036365935
7538,72370,0.037681465806325184
7539,93361,0.027745118396838853
7540,72263,0.0210187377532596
7541,23510,0.02962582598517027
7542,46144,0.018269096745585914
7543,8119,0.030740683869832173
7544,49822,0.012256243318106036
7545,908,0.020102261274257287
7546,81618,0.016612254342322413
7547,77805,0.016227461879387322
7548,4604,0.014300648311509503
7549,35653,0.03207888322064831
7550,10802,0.020581109356216407
7551,94703,0.016992882026676523
7552,45523,0.03217915241667399
7553,19302,0.018784059702986904
7554,75001,0.04999768750390707
7555,33018,0.03323105070437341
7556,20809,0.028824692316644463
7557,10997,0.01664881585476975
7558,39950,0.019032444124163186
7559,19642,0.02494554746327378
7560,37783,0.02690019147940124
7561,48860,0.023709097299709214
7562,13044,0.04059678429486199
7563,23157,0.013514223613132566
7564,92026,0.024031154849001164
7565,47403,0.02651166752396226
7566,33387,0.01659451202705039
7567,73911,0.017710968034749395
7568,43912,0.021123951404416936
7569,88851,0.014228758387489004
7570,26744,0.021303565606427904
7571,32019,0.023761684677528053
7572,27458,0.039764380827403904
7573,5399,0.02354906841820238
7574,17021,0.015332675256864972
7575,31270,0.0286612367336867
7576,86119,0.018863729812800774
7577,36673,0.03180549992333981
7578,71262,0.016183226230882534
7579,32464,0.023285237311477455
7580,99206,0.019723243049265905
7581,19058,0.01522912920118891
7582,65567,0.033623737854635585
7583,62832,0.023805672468367508
7584,87402,0.02750911782656712
7585,48538,0.04091853916160569
7586,79111,0.04097493872566342
7587,42757,0.017126388675392193
7588,61015,0.014719011753522296
7589,33641,0.028925533143818676
7590,34951,0.02815502379417596
7591,82506,0.01810313903917536
7592,11507,0.02015148966370469
7593,5198,0.035240864713547204
7594,58641,0.016093694789916027
7595,11669,0.01719728201821713
7596,56206,0.04827700632872247
7597,27542,0.034106245752122455
7598,79321,0.017138571863364663
7599,88212,0.03993525634592671
7600,25662,0.03852270308098969
7601,90074,0.017410629851543714
7602,86014,0.020694920340376812
7603,93852,0.029619653946842742
7604,45556,0.03589030410553778
7605,24237,0.014185481694262734
7606,22740,0.017437027961072264
7607,28460,0.03124351607666583
7608,56993,0.011696085403770227
7609,82268,0.03284182339710037
7610,46753,0.053542533906952246
7611,44514,0.014197036571911518
7612,56795,0.03104891312351509
7613,78210,0.022794174313486126
7614,40577,0.028704613670258193
7615,23753,0.027842375575776318
7616,77008,0.0274067846062824
7617,85015,0.01429796284215484
7618,64247,0.027858653657144815
7619,63747,0.020389029940882604
7620,5393,0.03272356861993443
7621,78600,0.035489336756482304
7622,30512,0.028227916046420845
7623,48110,0.02192733813094349
7624,68382,0.021793659221827702
7625,7299,0.01950581527287353
7626,67201,0.02261992596572192
7627,73677,0.016691064485591923
7628,2587,0.02005024197733471
7629,47703,0.034121186030836956
7630,95578,0.014975032065425395
7631,71897,0.04788743024807081
7632,81603,0.017784497927696742
7633,65893,0.01785048781928882
7634,39585,0.019251566582554572
7635,53060,0.02028803788456187
7636,60045,0.025247016324248445
7637,18193,0.022473767725622706
7638,97280,0.015206577630219915
7639,42424,0.07326615367670512
7640,84976,0.017919768587973953
7641,61344,0.024015468529817258
7642,66664,0.025448896330860452
7643,56526,0.020702246494695806
7644,1023,0.01835099204632627
7645,65927,0.016145313360185
7646,55897,0.021467597106282203
7647,77593,0.017807642395069878
7648,82281,0.03061764438156941
7649,17039,0.03459954709359991
7650,86952,0.022732136155874536
7651,27795,0.03836145474215766
7652,6643,0.03298282522103578
7653,37003,0.016995535889846643
7654,28166,0.025064592113952264
7655,19275,0.04257525692355715
7656,91614,0.02544937558148583
7657,46277,0.015838748968124615
7658,7720,0.018643742806189818
7659,25729,0.019176785529401198
7660,77396,0.03960646288670544
7661,5109,0.021049678183516576
7662,29884,0.021717065483620256
7663,83801,0.020102727087427764
7664,12137,0.01444702471099775
7665,52495,0.040981784844780746
7666,65889,0.0194106907866669
7667,1380,0.014581961904619065
7668,38024,0.0254052665033688
7669,60967,0.017053352640057893
7670,115,0.02224098170819939
7671,19005,0.017633703080545182
7672,31731,0.018501814165790168
7673,27552,0.026661357806793087
7674,17694,0.02269811608740295
7675,93363,0.018247531988387685
7676,46134,0.02869397505182134
7677,299,0.01607116288516903
7678,98658,0.03172333693977313
7679,26829,0.02795484298248024
7680,99626,0.03236296009572048
7681,51865,0.02712790354521022
7682,27047,0.026813687172740918
7683,86886,0.029650622445293515
7684,67908,0.03219293546980752
7685,17958,0.024450508858554133
7686,1175,0.027029650440227964
7687,90432,0.013567213383317055
7688,55454,0.03676581141473657
7689,54359,0.022345631334226825
7690,94170,0.03227994579066011
7691,11516,0.04690144878888533
7692,56073,0.01835342498776518
7693,71282,0.03695083725729478
7694,75062,0.030267468882813703
7695,17846,0.03574660426343869
7696,11697,0.022062358048600378
7697,39062,0.02272858097084443
7698,9395,0.04889856115558501
7699,44673,0.03145089240600808
7700,2459,0.016992978301465483
7701,78732,0.038793692219353276
7702,76078,0.02589783804344015
7703,89605,0.026408764067439965
7704,90830,0.025066340536008182
7705,40316,0.010774307917316662
7706,71248,0.0282154494683803
7707,56139,0.028513557285960903
7708,4008,0.02269113118748167
7709,78057,0.02574661894072587
7710,7988,0.019784283233974166
7711,94165,0.02936639539771116
7712,35035,0.02887604678586969
7713,48461,0.01833590395242191
7714,56024,0.015775786245501876
7715,10196,0.02558564520581284
7716,23109,0.026105121326820496
7717,31054,0.021554866637180505
7718,52876,0.01304848560173168
7719,82021,0.035684673333846825
7720,21136,0.02840560657204432
7721,44100,0.02504627125214769
7722,25584,0.02025192481293664
7723,73533,0.024790201663421822
7724,36546,0.024609524600433256
7725,20168,0.04108053187859333
7726,16579,0.023612885027136835
7727,47122,0.022586314713086496
7728,14294,0.02551442403140237
7729,21380,0.0283808717134985
7730,86538,0.030129860967960966
7731,88652,0.058839441286741956
7732,58615,0.02502604920228089
7733,39032,0.01924751181630947
7734,48122,0.016105618940447902
7735,40171,0.024682387966219688
7736,48862,0.02118512680926967
7737,25416,0.01921066268913222
7738,12255,0.02232221384037657
7739,13710,0.03414669957929532
7740,10055,0.021560680086097156
7741,36414,0.025021821600902685
7742,40642,0.0186673167542889
7743,37037,0.029171607246149398
7744,94398,0.016008414003120912
7745,15415,0.030046199466172048
7746,52812,0.021096694129922766
7747,31055,0.015077846516527776
7748,99876,0.027376859409101548
7749,89091,0.041362449028177845
7750,98433,0.02099747606579613
7751,18697,0.024996743484653628
7752,48889,0.02344555872443891
7753,93712,0.018200140274883318
7754,4614,0.03000893983309976
7755,79628,0.021903144576905748
7756,88171,0.04270723998647586
7757,29472,0.028244304582491928
7758,43409,0.02828961650766448
7759,86209,0.028803281113872828
7760,94086,0.02137514856121237
7761,25354,0.023950182576129395
7762,25839,0.032509668889474236
7763,4310,0.021698672856875073
7764,86709,0.01785028652243205
7765,69476,0.02284622063592059
7766,97258,0.015000522442511969
7767,48873,0.031387532513081434
7768,8227,0.0182793369079376
7769,49426,0.023974761846081695
7770,34515,0.012232734163613219
7771,84805,0.01581892057135613
7772,92055,0.018019859136053522
7773,4226,0.02031809930267882
7774,56769,0.01934247115430565
7775,21907,0.012781614380145582
7776,8975,0.03165907220407596
7777,84858,0.026155605399622705
7778,34722,0.025758366918517375
7779,86774,0.03187504358233737
7780,87295,0.05044678734207372
7781,52903,0.025518240124328698
7782,47261,0.016549326789653197
7783,64024,0.012003245581944573
7784,15678,0.014660139935997216
7785,90994,0.01922535142134548
7786,37377,0.0198771683685265
7787,89385,0.013333929774655678
7788,26308,0.016394398486479472
7789,37541,0.0198529368411616
7790,43514,0.021952805359716256
7791,53223,0.024915593902673748
7792,55813,0.022020589992212455
7793,30565,0.03806148113663459
7794,97912,0.02951107533380274
7795,27143,0.03294036841123253
7796,17592,0.02499263035957069
7797,99180,0.04504947240472523
7798,84466,0.01326994260132884
7799,37808,0.05324022765075372
7800,19328,0.01776617149825046
7801,51127,0.026643601291329214
7802,48149,0.024618790041176758
7803,98835,0.023408950217117613
7804,82029,0.022728516151195966
7805,68381,0.018703855664398646
7806,91559,0.04798319270162932
7807,73455,0.03831384284604957
7808,74639,0.03614521491662164
7809,1495,0.02821376223740221
7810,82463,0.05023697863382538
7811,80504,0.03841492845820546
7812,29674,0.05341339444299255
7813,31707,0.023961185225883815
7814,69421,0.02446692687128386
7815,46743,0.04864203572229794
7816,41058,0.028466840504806405
7817,73964,0.021204798144233428
7818,18448,0.027399033008621454
7819,76918,0.02188102423205264
7820,15023,0.02207760389049157
7821,58851,0.013173847866651116
7822,54322,0.026147866238752242
7823,57467,0.02345229827579802
7824,66680,0.028153897385770062
7825,21632,0.02502062370648816
7826,11276,0.02281354717754565
7827,24816,0.01337812676857331
7828,10743,0.02020448173107435
7829,56568,0.05816553716902602
7830,61237,0.02848030323477247
7831,30001,0.02379124132220628
7832,48329,0.02127082990532435
7833,12734,0.022330611536580725
7834,51905,0.017617760988771727
7835,23948,0.018599927115084146
7836,29535,0.014831384702334544
7837,82031,0.02013514355291292
7838,91337,0.028305492126986926
7839,9637,0.026192647297821094
7840,55033,0.02114447749654668
7841,75903,0.03355674707562505
7842,73295,0.031308802202514106
7843,36858,0.03117195634299053
7844,1150,0.023528063450724664
7845,96918,0.01948489007402383
7846,10899,0.014833453430059521
7847,56878,0.01946065968038433
7848,73357,0.04321817478379362
7849,13316,0.01196191875363636
7850,74977,0.019669822302872238
7851,68854,0.01931301550875669
7852,29336,0.025249293582953657
7853,51764,0.02105107322540944
7854,99272,0.029001822797883797
7855,13045,0.018110866024233764
7856,76562,0.03080171070187216
7857,6282,0.020553792441820387
7858,32915,0.019342694295419113
7859,3807,0.014339546523778965
7860,69723,0.030604657845694806
7861,37716,0.024660958056940917
7862,77137,0.03892282556655691
7863,1248,0.015346722073840998
7864,17660,0.014676354535785828
7865,27885,0.032454618270772916
7866,29394,0.02474008333608037
7867,98195,0.03633344224953822
7868,57927,0.027353078222357725
7869,42175,0.012605285353915346
7870,62640,0.025643477464602816
7871,63173,0.03372760474214663
7872,73375,0.03816932295619194
7873,21115,0.010761916425758102
7874,59522,0.015356946721097102
7875,98459,0.033649855122478325
7876,72585,0.03220664382321667
7877,88022,0.021294354277160744
7878,99889,0.01775076121848195
7879,50409,0.0374540642639081
7880,55708,0.015681463647360505
7881,80636,0.015345741681467701
7882,63075,0.023851621812622674
7883,24365,0.021618594691412082
7884,95249,0.023520182472909597
7885,75218,0.02338036528702286
7886,76910,0.031256488917519865
7887,73458,0.02699454434848758
7888,5971,0.02127730346164234
7889,42286,0.0348686981567215
7890,68676,0.0188195463547133
7891,70496,0.023791427312550434
7892,5502,0.021367222143838658
7893,69569,0.01835316465257885
7894,31105,0.01864513778249322
7895,46988,0.022280642063714905
7896,81927,0.02892702195062799
7897,81947,0.0281503080672366
7898,24560,0.026050582932960416
7899,32726,0.023657277653693118
7900,62728,0.029322587735775556
7901,61113,0.018741608360060398
7902,37771,0.027891558891959076
7903,69706,0.01649127568834488
7904,87452,0.018752680348014947
7905,98237,0.018141765551096638
7906,40679,0.030709230395369127
7907,4852,0.03690124896146823
7908,1350,0.01812649453373055
7909,9045,0.04515814912431797
7910,54562,0.02194704330993104
7911,66478,0.017025700274318274
7912,74080,0.01874857563489571
7913,58886,0.027476979901427688
7914,79817,0.02780307569905748
7915,88303,0.026657190505009438
7916,34887,0.020796569020951023
7917,93124,0.018913668679766772
7918,71945,0.05176693671602467
7919,26708,0.027495571702348814
7920,66736,0.03446315118025063
7921,62100,0.031978507523799556
7922,18159,0.05179096137256042
7923,63667,0.013731715761797086
7924,64095,0.016325941636329253
7925,2290,0.024240037101176067
7926,77518,0.024981509711798505
7927,13462,0.018685525545078754
7928,53840,0.027909285873707466
7929,6483,0.027190951921995898
7930,69694,0.02282010340881027
7931,77244,0.016615475563698356
7932,13257,0.033108968315381675
7933,23732,0.053550880640867556
7934,86277,0.022723568707786218
7935,94509,0.017730556313692275
7936,21955,0.010825311835689383
7937,97030,0.04311064292106824
7938,13157,0.014230186421144868
7939,56694,0.028141007546748645
7940,40552,0.03281805174598633
7941,41314,0.02629572791425591
7942,5832,0.012352960385692531
7943,963,0.0203243185320713
7944,44914,0.02802881474654602
7945,8057,0.023648841485964533
7946,32359,0.02497112547837866
7947,77591,0.03442934167510869
7948,40951,0.009601814260569871
7949,48745,0.014623922454815587
7950,30877,0.027248846670645185
7951,4804,0.0321939938840448
7952,98,0.018491279791404927
7953,26858,0.026557625128684304
7954,35024,0.02280422708013176
7955,21332,0.02338096097853738
7956,23699,0.029796906919350778
7957,29299,0.03323879119783932
7958,66215,0.034951111863317535
7959,64069,0.032053801820162216
7960,88898,0.038367893479770696
7961,85997,0.01649515068954585
7962,84164,0.026013347394642988
7963,95778,0.016794687767876786
7964,10373,0.020146202145964475
7965,32158,0.029238173172727797
7966,47433,0.03135250998269824
7967,40057,0.015608911750879528
7968,81597,0.023239657514428608
7969,60080,0.027279942025262332
7970,33296,0.022546727857968532
7971,67189,0.019609492549106947
7972,6539,0.021738570264916462
7973,41852,0.01700769203926221
7974,47540,0.029869445117059204
7975,54579,0.013545550720016227
7976,52553,0.02285189078476772
7977,6094,0.017955385073771833
7978,41259,0.02049434379021716
7979,70999,0.02286888868874979
7980,186,0.02450453326775898
7981,60730,0.03217359169315697
7982,23355,0.015406933804548207
7983,38058,0.021472931079546693
7984,58610,0.058819016970869595
7985,60718,0.026935000744602273
7986,8096,0.026544607489985023
7987,33656,0.021789632894573377
7988,97853,0.022495713549515316
7989,62782,0.0195481661282811
7990,38390,0.03446030045692666
7991,22451,0.04492650763994667
7992,84171,0.02327078535696029
7993,42538,0.02654046058490791
7994,63825,0.0293751647211458
7995,54676,0.03100400252016932
7996,87780,0.047015792052465394
7997,62987,0.030973404448136784
7998,90600,0.01297134524063286
7999,76104,0.022634239714241187
8000,28522,0.02317024658217816
8001,26146,0.027978297647513632
8002,63171,0.05565256276035775
8003,6661,0.011496577045616244
8004,83288,0.027900398183167675
8005,97307,0.01679229739846238
8006,80731,0.0160147205800223
8007,58125,0.034524029807811066
8008,13829,0.03103145323173307
8009,2471,0.01724510551064764
8010,26731,0.01904216388077133
8011,61418,0.018521518041839415
8012,62089,0.01505522510180447
8013,43667,0.02089387818804752
8014,77564,0.029045219578964998
8015,49944,0.021113042544067234
8016,46954,0.029679692586987046
8017,78364,0.017600872900160845
8018,51451,0.024961674152082777
8019,9965,0.01701454038592994
8020,60347,0.020382416980526206
8021,24007,0.01806784470922188
8022,78234,0.019465100553318862
8023,44713,0.03361593937435846
8024,96944,0.02543365221613952
8025,71062,0.026616215291701675
8026,41594,0.017535159703804593
8027,45699,0.031373489744466396
8028,25263,0.012800083594204512
8029,16347,0.021835852780848358
8030,2026,0.018475347776899728
8031,66302,0.02367221482725623
8032,45241,0.027841336871142746
8033,30228,0.046542374197150876
8034,12840,0.019643166114168026
8035,43258,0.018461532641417942
8036,84932,0.016923543296322792
8037,96050,0.024439388397031657
8038,16571,0.015334149900438796
8039,85606,0.022985387610220308
8040,48341,0.02548940559974495
8041,46169,0.03384847909086352
8042,99577,0.02823560603439463
8043,93150,0.011005465197213687
8044,54496,0.019031372151044643
8045,96440,0.02381202785235129
8046,34041,0.01810185511476696
8047,17684,0.018052087289205206
8048,39390,0.022694097134373706
8049,89865,0.02087037845763245
8050,83249,0.027966926154872347
8051,48984,0.021629930832229083
8052,19940,0.015433534029997007
8053,36941,0.021141956916188278
8054,96589,0.025918048398331433
8055,66081,0.0367347668306527
8056,12730,0.060146305512852265
8057,73034,0.02521136331202349
8058,5280,0.02769367737068595
8059,53014,0.04028083408401799
8060,97823,0.016603980815890373
8061,10187,0.020871818687180858
8062,90630,0.029731865578908716
8063,27135,0.026048212687012098
8064,90610,0.026972332852079336
8065,38777,0.026217218364153156
8066,81093,0.02905533040981282
8067,26184,0.02322548043731355
8068,52410,0.02507143212710347
8069,28845,0.02636697175629181
8070,8646,0.03872519592441447
8071,81077,0.04454082405258121
8072,97514,0.025593118372592222
8073,31117,0.031226598577735548
8074,37330,0.023595973679473633
8075,86101,0.022932932467894067
8076,16519,0.025515769904557745
8077,56144,0.017268285345850547
8078,86728,0.021410181933602848
8079,64586,0.018399004093668476
8080,14063,0.052958970204173526
8081,64113,0.01689923273908183
8082,43757,0.03186556750168947
8083,45782,0.04519503946267774
8084,68079,0.017786356198105698
8085,1570,0.028844431810466926
8086,29364,0.027315533579385175
8087,89559,0.024326615422940092
8088,29420,0.026626032159532763
8089,3385,0.05433469334772682
8090,43810,0.02569511883091741
8091,28776,0.027923074374274187
8092,83566,0.030788603824245565
8093,77870,0.029863270030554237
8094,31806,0.03342795769659561
8095,99103,0.05961359201637118
8096,64683,0.033019199081634795
8097,33727,0.023720221797032832
8098,1662,0.02406624622861856
8099,95126,0.031426877087497015
8100,55217,0.018676108467552438
8101,11665,0.012488562702824274
8102,18712,0.020695608559505238
8103,58328,0.01907013703587061
8104,90450,0.019635702309623637
8105,61680,0.031733872669215214
8106,32505,0.04187258943306398
8107,61287,0.02525007268250931
8108,70895,0.02749376021655394
8109,45588,0.03459131940226082
8110,92464,0.019026223883286116
8111,16651,0.025508453645300154
8112,95952,0.01723957955313213
8113,9194,0.02352505218003207
8114,85029,0.02052003749742858
8115,4568,0.04229221565987705
8116,37035,0.018496255603345467
8117,62792,0.03444317374965713
8118,15236,0.020833622592008418
8119,87183,0.021329609795542746
8120,87770,0.022353674199683208
8121,72505,0.1065658483059834
8122,41375,0.04121712401055321
8123,45915,0.02416143820651254
8124,97531,0.020617706999819456
8125,99757,0.09832579712029171
8126,55507,0.020488869644804626
8127,71930,0.018169348257428684
8128,11062,0.027501803730727328
8129,76189,0.02599788538658167
8130,32489,0.020048041897898217
8131,40806,0.03241182780775756
8132,51705,0.020079212600499666
8133,66360,0.014523003171175865
8134,53027,0.041334290697617085
8135,39270,0.033345201112223194
8136,69427,0.02206995174318163
8137,96063,0.02549938450325748
8138,70687,0.024563595186945945
8139,27395,0.02066517211311757
8140,9368,0.01937772206583049
8141,9397,0.02249038217260495
8142,40639,0.034688878251808594
8143,91437,0.01859055622012196
8144,25204,0.015021008191197905
8145,12798,0.0258482792651902
8146,26556,0.04050124065993746
8147,22258,0.01790202567225107
8148,92220,0.019294133282617556
8149,46661,0.038870052851350825
8150,92831,0.015160219176466273
8151,27267,0.036303258506182885
8152,80566,0.02502635262054216
8153,42317,0.01900421543371539
8154,46665,0.02109344727911129
8155,5891,0.016834981441957154
8156,45925,0.021648356093816115
8157,19259,0.029172144922365466
8158,52129,0.014842938556077118
8159,55673,0.01533764143686333
8160,85686,0.016080424940923054
8161,37983,0.031200217026400204
8162,66988,0.033389321922598046
8163,80637,0.021017109038546658
8164,9380,0.01264275277856764
8165,43511,0.022632179664997025
8166,17023,0.023421711390602274
8167,31485,0.01937011347796945
8168,24015,0.015091872921052093
8169,18127,0.02708374474716773
8170,74274,0.02739972037104963
8171,63881,0.018662200564122364
8172,18006,0.029889566942358597
8173,13305,0.025940959115509907
8174,8278,0.02536855072332363
8175,10154,0.034474862546664264
8176,28397,0.017088289607208335
8177,3937,0.018739477473963245
8178,40529,0.030982515330282203
8179,8625,0.0203966107443866
8180,97335,0.02222298603880992
8181,15600,0.03183936186081717
8182,45859,0.02551517551119627
8183,78391,0.032031120073643435
8184,18479,0.031131073521573526
8185,16097,0.018761701358528605
8186,51263,0.03547636367936105
8187,87040,0.022667986596358443
8188,31331,0.026553043258766618
8189,33023,0.027464443706790447
8190,76866,0.020228875828892427
8191,35267,0.016039713164760112
8192,9634,0.025428708130047356
8193,4922,0.013426989707179102
8194,98624,0.01919390968067763
8195,11052,0.034267922405283466
8196,32301,0.028504674706863815
8197,72833,0.01715477148584603
8198,64689,0.015772637905856153
8199,20370,0.026640322970952503
8200,75647,0.025809593274680933
8201,60398,0.015643106226006512
8202,98606,0.022715854049518633
8203,21105,0.027086505094262844
8204,79076,0.015526079643128445
8205,21400,0.02049261176651148
8206,33832,0.02833776179417175
8207,867,0.026307332155375243
8208,33854,0.016894404092618512
8209,23970,0.024472186643745418
8210,9142,0.01905703623075293
8211,3590,0.023306312891208148
8212,29188,0.032582091833128865
8213,18719,0.021212403313359735
8214,3200,0.03788987555331741
8215,23631,0.01817455289297156
8216,86868,0.02815292585056984
8217,57430,0.025749350486576228
8218,86608,0.03620006551192954
8219,76122,0.01996494340729662
8220,33471,0.01287689655859689
8221,9795,0.031191893163355945
8222,96711,0.01491775290989206
8223,22010,0.04197760478999813
8224,25466,0.014040200388323154
8225,2077,0.017109023426461215
8226,95422,0.03626448520949201
8227,2346,0.01668327843448881
8228,44841,0.04865984146542955
8229,17935,0.018422869079599787
8230,82220,0.03826155707612339
8231,23616,0.028885973803672475
8232,50548,0.02223380229844173
8233,30386,0.016463265263453354
8234,51641,0.012988308429376868
8235,46068,0.016845282252111723
8236,91267,0.03766968244321164
8237,11593,0.019120922674570825
8238,17574,0.05131712365363917
8239,2537,0.02823151536403082
8240,22847,0.017998367472055736
8241,42737,0.05104759038186088
8242,29042,0.02059927978519218
8243,11827,0.024547507744378326
8244,72203,0.020381445273862018
8245,43346,0.021903047488152753
8246,90405,0.017129494370371232
8247,40876,0.04670862099359811
8248,81455,0.03391723194341542
8249,32700,0.0283649924134706
8250,79907,0.03737806113618088
8251,32227,0.020564465264145838
8252,66850,0.0294540446583541
8253,339,0.02061828860782482
8254,20517,0.029626820795017376
8255,8316,0.029315443621590585
8256,28589,0.029239327223194306
8257,64900,0.023453225163977204
8258,10241,0.02050575617910124
8259,65072,0.013336407744110369
8260,24318,0.030557859892555696
8261,80957,0.04054552298393656
8262,28602,0.04412472599527988
8263,69094,0.024660832749318545
8264,59402,0.02595864779201585
8265,33617,0.02359666839372358
8266,59518,0.016783824857252102
8267,13092,0.027478562393465904
8268,76913,0.029738506100778134
8269,28077,0.023244837164135945
8270,27635,0.03053080577151747
8271,77245,0.019221607915619447
8272,74508,0.015038274619882193
8273,57189,0.0283259518058751
8274,41930,0.03887896226245182
8275,19526,0.018774876432454464
8276,94817,0.02189380291795219
8277,79526,0.025370350633024428
8278,44179,0.0265084593552826
8279,39891,0.013477836074226575
8280,62592,0.0433006290001463
8281,37987,0.02318168992845319
8282,3552,0.03198715337901306
8283,42063,0.047882900305375516
8284,32985,0.033357245187661595
8285,14664,0.031186494113578333
8286,81382,0.010611367703538703
8287,28003,0.025037739305032062
8288,2769,0.030071363401176058
8289,42717,0.02037624969823917
8290,77344,0.028962902151605206
8291,98596,0.04121865425415627
8292,21379,0.019074561425903813
8293,82843,0.03339280941945229
8294,71010,0.027330682588461237
8295,9250,0.01874007227970314
8296,16245,0.01722765282873629
8297,57356,0.015301883511635054
8298,70606,0.022697404729888647
8299,17962,0.02448417662436117
8300,86399,0.018170606583115367
8301,11472,0.019447548947458135
8302,50241,0.025296783720837532
8303,79452,0.026231058729160407
8304,10078,0.04764589050593557
8305,29312,0.026798306149611907
8306,22974,0.024192958828434523
8307,19584,0.030194820885158468
8308,85746,0.022383697923272886
8309,70922,0.036583315310008344
8310,46405,0.05843363599780492
8311,73733,0.015326417959649646
8312,1527,0.02915450403402747
8313,24119,0.022339160465616868
8314,23908,0.048186014597335985
8315,67110,0.030107692884078156
8316,66174,0.02736063201016752
8317,55980,0.035900664330238995
8318,18100,0.015353176569263825
8319,13833,0.048664919065998534
8320,83621,0.02169464037015472
8321,51943,0.03986673915783699
8322,37784,0.023839293175181794
8323,17116,0.043819837804233375
8324,41959,0.027111725780502974
8325,58693,0.022966821056602804
8326,48208,0.020547191046151433
8327,94313,0.038343082134611364
8328,87558,0.042873077891025776
8329,10606,0.023967827509324875
8330,24399,0.01879225429748516
8331,50460,0.014348962065805935
8332,84051,0.026902961852653652
8333,3078,0.02816668565404163
8334,38011,0.014951453240871531
8335,1326,0.03474987952601397
8336,67784,0.04303637615859845
8337,85193,0.036504786268264935
8338,11356,0.03398867335329862
8339,64849,0.03818797407029914
8340,71478,0.01936220057592976
8341,84082,0.026230035741866976
8342,21366,0.027014211670697334
8343,23065,0.02668393208379848
8344,46328,0.015090070757944767
8345,81893,0.03655807557883007
8346,62339,0.024941904233714434
8347,35033,0.0210307926876794
8348,95387,0.022165117749744404
8349,98252,0.027112352339078504
8350,74329,0.024572180466158597
8351,18693,0.014721032571354278
8352,45298,0.01292690704678586
8353,85048,0.0193793232595674
8354,10034,0.017845860776692583
8355,68658,0.02602392364217015
8356,18367,0.035406132478846664
8357,1428,0.018614075509727837
8358,87178,0.026969053813836588
8359,22310,0.017249315258107054
8360,22630,0.02174082703981055
8361,79877,0.04248484387898585
8362,42392,0.016859240444308393
8363,43187,0.008361477183801825
8364,68923,0.03524204382048017
8365,76903,0.03986685823637168
8366,89687,0.013957586566613656
8367,27180,0.04567713972909629
8368,74678,0.029349931670913935
8369,18427,0.03001154821676785
8370,58975,0.015809347513603758
8371,85007,0.027736776807352943
8372,84761,0.0187587868476811
8373,1279,0.019152915607661296
8374,42308,0.020407643420606324
8375,42666,0.015490185018837848
8376,23465,0.021852602971520155
8377,44434,0.032920246864311345
8378,78404,0.03185841788854772
8379,85372,0.024187734939139626
8380,30056,0.025704921121329452
8381,76387,0.021142596009929297
8382,1249,0.022282455633030468
8383,36922,0.024147074424898638
8384,80712,0.024801378244644054
8385,97850,0.01571533586181686
8386,97254,0.02334286105412019
8387,44220,0.028005066526704134
8388,33987,0.01960346706362523
8389,89156,0.03466370689753209
8390,16461,0.021831858026894434
8391,99081,0.01387260403934118
8392,9729,0.02509909487257746
8393,78121,0.02479686848740559
8394,30840,0.03715389529292145
8395,17890,0.024576355640220482
8396,96854,0.02984350343288844
8397,86541,0.020000301735131454
8398,41550,0.02461773818855442
8399,6823,0.026800448972469235
8400,57681,0.03688606257214136
8401,43631,0.01866393876689543
8402,76252,0.02573183752703804
8403,5909,0.025256929200223523
8404,70709,0.031405194106812556
8405,95909,0.01969334398883063
8406,5173,0.02907820896997422
8407,31940,0.03025418861622031
8408,3825,0.04044721716628524
8409,16101,0.014898947683419749
8410,44031,0.04921623656101143
8411,44460,0.01974094049321431
8412,39228,0.015450355872963279
8413,57450,0.03295486707796606
8414,87570,0.024618879866843406
8415,87255,0.023214427908149697
8416,7321,0.028596884147595335
8417,78695,0.026100774000170253
8418,42976,0.018711955227258038
8419,56388,0.022947996830520276
8420,38315,0.013115371219198962
8421,50787,0.01959351471853435
8422,1290,0.016970221719890304
8423,92549,0.018973381726058343
8424,68970,0.02396369933633975
8425,32642,0.01536105552888258
8426,69053,0.02163647282832913
8427,571,0.020676746209048708
8428,77801,0.028196013844088975
8429,61897,0.02029998206553526
8430,80675,0.03930706984944653
8431,43566,0.03627084915907407
8432,13688,0.028705960711437405
8433,38894,0.024165378325323703
8434,29389,0.015867383823904256
8435,30459,0.023311393287126052
8436,77281,0.02531959407681619
8437,85819,0.03343263432668599
8438,17499,0.026457217773760797
8439,60022,0.020015805004218297
8440,26920,0.017537701082077747
8441,60229,0.02208800939240627
8442,21963,0.021641193588008742
8443,92330,0.03232630800993587
8444,41173,0.05131893350851749
8445,61823,0.022338232768580518
8446,98285,0.022698563857431263
8447,25056,0.01113963943542369
8448,73984,0.01637264957302699
8449,39764,0.028556786547663256
8450,86563,0.023210436218103835
8451,63808,0.035797696942162255
8452,39532,0.022242142076112956
8453,60674,0.02357678005688105
8454,96290,0.022492972536768057
8455,90324,0.027821733465769147
8456,20483,0.020465651294910122
8457,92712,0.018017706855093428
8458,26660,0.04358457352536685
8459,88069,0.018647723177716985
8460,63997,0.025679643092091736
8461,70784,0.015320470346729512
8462,2323,0.030693321949293813
8463,62935,0.017443069908792578
8464,69218,0.02486694524368686
8465,75573,0.01816955536012771
8466,77602,0.015088588998044527
8467,99049,0.03530035646439481
8468,8544,0.030660374497597263
8469,47648,0.013129397589315524
8470,40396,0.0253085699445624
8471,39771,0.030428736341076734
8472,93633,0.022194319926257432
8473,47911,0.036153108142569904
8474,86603,0.03196492835447319
8475,15455,0.015065489732890836
8476,23452,0.02034115386861634
8477,6731,0.023420291352721726
8478,9876,0.025716575654992028
8479,2312,0.041864027514162384
8480,87346,0.03532748249143424
8481,68728,0.019142534697141885
8482,63434,0.022071077364624873
8483,77930,0.016391153334037657
8484,95248,0.028242645654669087
8485,44656,0.014478731075796107
8486,27680,0.015351326444259574
8487,73315,0.02044193832373151
8488,12923,0.04829840765623758
8489,94522,0.01894284888905555
8490,44704,0.01484108330239619
8491,88662,0.019940885180324226
8492,93271,0.01097989138175575
8493,20327,0.018566113732919356
8494,58569,0.015641698257522107
8495,8702,0.027064381325023847
8496,70607,0.02001778856596349
8497,12088,0.03186393203238673
8498,13053,0.10653847340749391
8499,83468,0.01462546954558723
8500,4608,0.0270104958403638
8501,66986,0.02468384884842656
8502,90236,0.03573609248090918
8503,22668,0.05569937265777806
8504,99552,0.016247884451964567
8505,34698,0.02441591383821526
8506,69748,0.041267708899634374
8507,94854,0.019594485237884714
8508,98841,0.034964951480560814
8509,45000,0.019279714016698236
8510,75628,0.020210948003778494
8511,38475,0.012150050735329317
8512,80626,0.019020382016764426
8513,51314,0.020370435964999663
8514,35873,0.027488459610122515
8515,64555,0.02640405397425184
8516,35516,0.026799976433688075
8517,37126,0.020318269690293135
8518,19052,0.017572028712174496
8519,4487,0.02859594670334951
8520,82288,0.025245919692126566
8521,95104,0.03949113623269992
8522,77583,0.020581428861377416
8523,35286,0.022483862942380098
8524,51767,0.03676299012274069
8525,91285,0.02148889873831897
8526,45359,0.024911733361149258
8527,86365,0.03287240087337845
8528,61763,0.029573958306131257
8529,68231,0.03520952588754196
8530,46414,0.03139500619706473
8531,70466,0.021958253174858874
8532,1496,0.027625228843556726
8533,58211,0.02296164021860258
8534,35318,0.02210967222996347
8535,48458,0.013619537625643784
8536,81548,0.015335595656165987
8537,78593,0.02595182544164623
8538,56959,0.023372214768267903
8539,84426,0.030380081079240152
8540,37905,0.04280849754709165
8541,84211,0.02712448563981409
8542,47589,0.0257301746777184
8543,70408,0.030311032610021448
8544,92744,0.04774082067227431
8545,13933,0.030872250236288284
8546,15515,0.019603552047019822
8547,54596,0.038692552124850545
8548,26091,0.030494952403416237
8549,76061,0.011762387143027311
8550,14692,0.02425167446973171
8551,14475,0.02146897136124391
8552,78444,0.015665779931457763
8553,66718,0.017312297135105476
8554,62127,0.02098509000032919
8555,42391,0.01905680076769345
8556,27794,0.01751857190937842
8557,70726,0.026855151728869656
8558,79919,0.026123404768246476
8559,41518,0.024783746717569624
8560,45857,0.029647678685285783
8561,47599,0.021432750155349775
8562,51039,0.033204073479816174
8563,91541,0.03455591638436277
8564,70584,0.026572321746650435
8565,33535,0.03757104716276767
8566,63552,0.017048783544432823
8567,39117,0.01754331788566122
8568,2220,0.04281022142871868
8569,81925,0.058394580127406184
8570,44513,0.03049029635498057
8571,6433,0.022722434150982195
8572,17976,0.027077911272291873
8573,35592,0.023911789867333
8574,56093,0.01518933436817536
8575,35412,0.017350990269533115
8576,73953,0.026111983487381762
8577,26786,0.021718565387468004
8578,98088,0.04217053428939835
8579,15426,0.021633724090986968
8580,45978,0.017796090952447826
8581,20680,0.018963193044457264
8582,67481,0.017416382120381126
8583,25269,0.027601198711446565
8584,94666,0.025407500350839756
8585,20849,0.016309895676470357
8586,29354,0.018995986005606424
8587,51759,0.018556787326603024
8588,7075,0.0262280089938959
8589,41054,0.030153251906558383
8590,79923,0.02912192302650089
8591,20036,0.02969401829186149
8592,46973,0.031879120994336034
8593,68555,0.015382725756084422
8594,8909,0.02894132416015127
8595,47217,0.041559270708984006
8596,89392,0.014951754173606781
8597,36891,0.02777179539968988
8598,23561,0.01947073148403501
8599,80715,0.020514164883709062
8600,28328,0.021035570229551166
8601,99068,0.016271034992442944
8602,82578,0.02156971461586273
8603,54185,0.016155647177991134
8604,57006,0.03293316436260105
8605,53379,0.022810323973681365
8606,86138,0.018645005412569235
8607,84558,0.029115682013478764
8608,24564,0.025033012325744633
8609,88785,0.016328188205847017
8610,14004,0.025087072067078484
8611,99729,0.01774808483626463
8612,94948,0.02434742862392665
8613,84253,0.024844348681518864
8614,32473,0.02607193645043349
8615,62446,0.052360335304993504
8616,42677,0.03673627968690971
8617,73334,0.025150561621184186
8618,95970,0.016501316279899186
8619,34044,0.04309268836921131
8620,58357,0.058999654456107
8621,25827,0.017986349137246237
8622,62293,0.02370146261097236
8623,44447,0.01556716463844123
8624,83349,0.018177418472536778
8625,30280,0.020026467957423837
8626,25803,0.020444258161606804
8627,75804,0.019129518569227122
8628,58433,0.04299139262432554
8629,9740,0.026610803585418688
8630,87410,0.02041209125392011
8631,94124,0.012467715455850022
8632,76651,0.01969953828940873
8633,38491,0.045400889489013316
8634,15939,0.018192019090237585
8635,51856,0.02284159895871637
8636,87067,0.021192109317724885
8637,89175,0.025982678930862844
8638,75107,0.017361874850383444
8639,56975,0.029565904237820153
8640,48747,0.019429431097724346
8641,77383,0.0568696408693548
8642,12141,0.02405336645619758
8643,81629,0.033878267233260304
8644,2267,0.015566745231434437
8645,97411,0.013692934119762462
8646,37002,0.013261669424428057
8647,15007,0.02299625491292954
8648,32737,0.022162076705128056
8649,45249,0.0188274446249924
8650,1004,0.09780487959206749
8651,46109,0.030571755911562946
8652,14176,0.03146488735143764
8653,25311,0.011726943696557263
8654,56823,0.025041074188381647
8655,5992,0.025583091129136995
8656,40452,0.014142107181189148
8657,79255,0.020860998168701482
8658,2043,0.015777380402745837
8659,66627,0.027921109970128588
8660,73633,0.019478180548864306
8661,21800,0.03532986387208202
8662,37060,0.023100816246187355
8663,10805,0.043473264681486816
8664,83731,0.01757155831226773
8665,21359,0.018624928131802387
8666,35981,0.01616885066700511
8667,29162,0.024574833114962204
8668,95478,0.014776217414601875
8669,28335,0.012658333844308034
8670,12286,0.07075813412278811
8671,59393,0.016526306613144727
8672,13191,0.022256895886666413
8673,35196,0.033880012221070115
8674,41522,0.015859654075582822
8675,83183,0.021833395564437245
8676,45448,0.026867175117586975
8677,68514,0.02495026271006828
8678,36660,0.02050072811498447
8679,4418,0.02468343143302155
8680,52488,0.026677279428944545
8681,41093,0.02116125501597671
8682,13168,0.029353705170163336
8683,81773,0.016579169155965086
8684,44478,0.02670010859499633
8685,1490,0.024605066367430855
8686,24446,0.02208773754636549
8687,99942,0.014030766015529942
8688,8066,0.020832093280910926
8689,23965,0.019381384533648818
8690,50840,0.021165410820737997
8691,96802,0.01656041611465408
8692,56744,0.026462189165087677
8693,37459,0.016016283994463438
8694,90868,0.022891631921310673
8695,47328,0.031353254626582644
8696,20475,0.03783292742104846
8697,83129,0.026614421326859778
8698,95613,0.026492530035394347
8699,94829,0.02468469211673753
8700,95482,0.01492949854999438
8701,68705,0.020472560562282405
8702,40976,0.029032282200970042
8703,43913,0.026754358236091094
8704,21514,0.015355767349310049
8705,74493,0.013581314370133848
8706,69261,0.01106933362945245
8707,17567,0.024210183207074933
8708,74082,0.012624480615197636
8709,47104,0.02385643130166991
8710,17937,0.026768304148063228
8711,98879,0.019674450711410014
8712,26720,0.02720153769071067
8713,24120,0.044021557488498175
8714,19641,0.014930948177089929
8715,17716,0.016952010031175836
8716,45443,0.02554525442375517
8717,54316,0.02871492365275913
8718,72398,0.020978644208933694
8719,58345,0.026120403822192932
8720,26436,0.018663181891604007
8721,73751,0.05873287176531252
8722,40128,0.0255165770867743
8723,26981,0.024265215113092046
8724,63694,0.010260650829122187
8725,24298,0.02639457606889532
8726,72422,0.019440894594603284
8727,31745,0.02009060545156778
8728,81201,0.02446709891089677
8729,89928,0.025244726966419512
8730,85053,0.021683358742605303
8731,74353,0.023827653510324745
8732,75617,0.038696477293309633
8733,90839,0.02514812450522072
8734,91221,0.014890076736983154
8735,18657,0.020377556079006556
8736,73959,0.011824294163091905
8737,81762,0.016554036629337708
8738,96048,0.01371001320847436
8739,18475,0.05318134929388569
8740,91678,0.014911031973216238
8741,33688,0.014159961758411017
8742,27830,0.017072875084473818
8743,18422,0.03691321068357458
8744,40046,0.02074464404852879
8745,42019,0.016053534186746553
8746,85040,0.018482921352819467
8747,83031,0.036289423059025674
8748,88341,0.019631913982307472
8749,74897,0.013263185274132318
8750,27183,0.022009969634059014
8751,6,0.02157943249890073
8752,57550,0.04099108829849303
8753,38163,0.03772449782767524
8754,26596,0.023962145520483452
8755,87317,0.029479781784835415
8756,21107,0.026447696872974585
8757,41728,0.03257890716742639
8758,42100,0.015012531996416102
8759,13630,0.02488264754180971
8760,2871,0.01432515946082825
8761,43459,0.014898886634160021
8762,95118,0.020095884673133103
8763,54220,0.023062824028937914
8764,60405,0.02377125208861704
8765,90792,0.024909318845889834
8766,74344,0.0322911930686289
8767,93511,0.026823995020824797
8768,10828,0.02046163034292028
8769,60737,0.028951283685749486
8770,7508,0.026635221028934383
8771,62105,0.02336402526178885
8772,88287,0.025579477339084097
8773,76859,0.06155830790333576
8774,5175,0.020116639019310323
8775,42578,0.014521001788793852
8776,9327,0.03576772222221562
8777,63763,0.028108016562092216
8778,92424,0.021470202954253344
8779,64051,0.021847530836859606
8780,41752,0.025606736266714385
8781,94431,0.04163175081955325
8782,58999,0.01879625951676772
8783,29532,0.018958205192272367
8784,22152,0.04489680934633014
8785,99515,0.014245076805953685
8786,84224,0.019181370514329544
8787,85496,0.02244916494184718
8788,72001,0.03548599349601522
8789,65023,0.03979535108226995
8790,46522,0.02111505893358636
8791,13865,0.03232484841766208
8792,62656,0.05114644877749375
8793,28110,0.032530761912486814
8794,55994,0.023195208523848158
8795,5526,0.02085003896808337
8796,6562,0.019145949004488683
8797,69107,0.02678502531793464
8798,88443,0.013622970968935222
8799,49715,0.013060679757961113
8800,60820,0.02925310494982103
8801,85359,0.03977077550817876
8802,65403,0.03267289262698172
8803,77404,0.020422842272932267
8804,63488,0.04893408042962992
8805,38318,0.03986284862286727
8806,58443,0.01917958645692927
8807,16736,0.0229338945852898
8808,28601,0.026825230279018678
8809,84263,0.01569005337949233
8810,57114,0.03372124014986349
8811,45005,0.02155801164424559
8812,83186,0.034952987393811454
8813,40358,0.01655413494832792
8814,83152,0.031065247865665592
8815,45364,0.014291074855944387
8816,45686,0.016095320840438024
8817,88092,0.03393102897273513
8818,45612,0.0274740110350461
8819,10785,0.043558640809220325
8820,60426,0.03110929768101927
8821,38605,0.025743411449838195
8822,25039,0.0170037503064183
8823,68939,0.026028369652387754
8824,12289,0.027162341287904814
8825,30515,0.0619725351745382
8826,60354,0.016550475364036272
8827,60410,0.017864782115271254
8828,84221,0.02185243460030629
8829,7954,0.019371836666091255
8830,83569,0.028802847103140208
8831,94184,0.018944121992975595
8832,3584,0.024085157157791567
8833,75510,0.015374751621913004
8834,22541,0.02879631077089473
8835,77928,0.023540292998418918
8836,11124,0.01777772950072673
8837,37208,0.06881466266009592
8838,36337,0.01684104852170322
8839,78149,0.02085147869399194
8840,54046,0.013622992506648189
8841,83270,0.026274783945489728
8842,22677,0.03086685224896813
8843,4489,0.025483310968513615
8844,83977,0.015604738276781818
8845,95395,0.02147252195738766
8846,29511,0.016597645775073062
8847,39777,0.018865842404225668
8848,45767,0.0271951855677697
8849,39268,0.019181153751040774
8850,47250,0.02939257962678817
8851,49338,0.019536447292198632
8852,64279,0.02049057227434948
8853,5708,0.02243589647149822
8854,33126,0.01942770543443384
8855,72820,0.023793273809840153
8856,61768,0.024718600635659158
8857,19433,0.026053881441615977
8858,41793,0.018234052631213134
8859,41995,0.020318632272363094
8860,93987,0.0177366825892439
8861,48076,0.019647438755648648
8862,92008,0.02965085652269043
8863,66779,0.03203949085285271
8864,41095,0.024378121186553522
8865,7137,0.01630869827820221
8866,9706,0.01814788712601653
8867,60466,0.029461299920500943
8868,46403,0.030485501228914795
8869,66067,0.016055749885071538
8870,18598,0.01219228894463632
8871,43958,0.02331917031236842
8872,55940,0.016900066988769665
8873,3531,0.02145531563191991
8874,7077,0.016561698031936852
8875,89322,0.0247930656622282
8876,89205,0.01667379322400985
8877,2333,0.019103528419944418
8878,41715,0.01751809171719655
8879,65374,0.017784998399853116
8880,51180,0.040131868073892796
8881,29555,0.018247856280326435
8882,1120,0.017421989220410827
8883,54781,0.03209717970669525
8884,79509,0.028690651364600233
8885,67264,0.022585121552956673
8886,88008,0.025673757739785266
8887,19922,0.02701173365093843
8888,66522,0.04265523089645845
8889,59909,0.016489808136992305
8890,23756,0.01590755052949669
8891,629,0.02425378966852724
8892,83168,0.0117407001526935
8893,83357,0.024083825339506457
8894,18319,0.03893076915550389
8895,91333,0.018750470862024998
8896,73380,0.03298707547731103
8897,62671,0.029100006658704613
8898,23402,0.05088905559909479
8899,32619,0.031637122710488005
8900,37696,0.022992959797717944
8901,3137,0.01235183910492863
8902,353,0.020525838892950635
8903,42489,0.017795387702758413
8904,11402,0.023098446489099058
8905,91472,0.026959656926804156
8906,97955,0.031793440802854914
8907,63410,0.030171963650687698
8908,52766,0.023456757779194492
8909,79685,0.01943647968730459
8910,23216,0.07223880866506147
8911,10370,0.03675962523171758
8912,16522,0.022400637284183473
8913,14552,0.014434920276942225
8914,11482,0.023341650524329002
8915,46855,0.023864224544598557
8916,19477,0.02113325735666126
8917,24092,0.014392422912024605
8918,18622,0.017449472023171743
8919,32661,0.019802432287209612
8920,17782,0.01830101532215708
8921,19244,0.020009439562354937
8922,76614,0.0271289541476507
8923,37755,0.025034615187050187
8924,56577,0.01643080152563555
8925,57971,0.02084190254853832
8926,19604,0.013263603518486407
8927,42866,0.030556635072580624
8928,21657,0.021666115967291965
8929,50792,0.0271520132984676
8930,18508,0.09926893474227066
8931,54255,0.018776651023471116
8932,96891,0.01994421769407676
8933,22068,0.03226516898279244
8934,55681,0.018744378643216257
8935,94546,0.01974004950430348
8936,59568,0.03352724558824195
8937,45023,0.02559116466255022
8938,33765,0.030814175785357455
8939,13711,0.022194380788842206
8940,69056,0.038730717667934775
8941,94624,0.04407713065517403
8942,37241,0.01216667389762913
8943,83641,0.02100661221681632
8944,76360,0.028772881948927197
8945,56586,0.02856757124208483
8946,83003,0.032640840444321306
8947,31471,0.02702306879851623
8948,77045,0.016688262237912865
8949,7544,0.020867748377977474
8950,38237,0.02886560700489707
8951,44655,0.017633405077180746
8952,97285,0.028501964953136918
8953,95196,0.018083088894417197
8954,37441,0.02532761670618569
8955,17721,0.024129456947992303
8956,97131,0.018155338486092652
8957,36844,0.027210739317754494
8958,87313,0.020281287732158742
8959,24795,0.025535998400645642
8960,63682,0.01665154096768741
8961,24497,0.02018686015137246
8962,40347,0.018105417772280905
8963,69942,0.021608891280392773
8964,27954,0.023818931889354834
8965,25670,0.028501190173651905
8966,18225,0.03191798249555539
8967,73040,0.025647490507852547
8968,53949,0.013440406071470328
8969,97986,0.01862376674260743
8970,81733,0.012534100590834972
8971,12038,0.017434715773997425
8972,5478,0.02469566054345709
8973,17144,0.02209738543959775
8974,99356,0.01832779079545061
8975,6898,0.029637303016855767
8976,73026,0.05130976318425769
8977,7839,0.033645242943838416
8978,64441,0.029587725028362197
8979,4351,0.023099145045018084
8980,56354,0.017452465075573062
8981,51079,0.01899549669470726
8982,77500,0.02485894753026912
8983,22207,0.014561083663633134
8984,21052,0.02188692038057122
8985,98850,0.01615879124898142
8986,70375,0.01298535888123748
8987,84389,0.02173366134740214
8988,19146,0.013268889756991099
8989,16306,0.014597916700784815
8990,32572,0.015618842724063822
8991,60078,0.027426014134417392
8992,87619,0.0217498834062708
8993,20498,0.018536483391828326
8994,5007,0.024809809880364526
8995,96904,0.028162125946980598
8996,76437,0.02529387477265937
8997,50570,0.027766770731297595
8998,41014,0.02314086461311744
8999,6064,0.02510165766754792
9000,19225,0.01952090838119859
9001,68266,0.030391512840621287
9002,72905,0.03137782140968051
9003,71726,0.01997821925660818
9004,64725,0.02370896756600749
9005,68539,0.02725066230106291
9006,10380,0.021493916324898856
9007,34198,0.020894540944024223
9008,61764,0.021293552350792576
9009,31081,0.036084801915540435
9010,68025,0.01792589638869034
9011,52977,0.012825380849222781
9012,9210,0.019954641771632448
9013,16025,0.017480011139829707
9014,29041,0.015439745934488436
9015,64258,0.028468376471071748
9016,22870,0.013773575038629143
9017,4312,0.01594977721511159
9018,84142,0.037117492403386375
9019,62020,0.03266647975485347
9020,68112,0.034036889685576055
9021,54793,0.01902609884744691
9022,69187,0.06981179205389124
9023,24383,0.018711832852668427
9024,89113,0.02901508130572426
9025,12241,0.017427840126864484
9026,67996,0.02202739613537056
9027,68657,0.016390522905698403
9028,59494,0.020186896677064612
9029,62430,0.017329729344775426
9030,25566,0.02862914829488008
9031,58840,0.016965204176713516
9032,93569,0.018296951302394518
9033,23571,0.023479916171102302
9034,76824,0.021915968036122963
9035,20129,0.022157620744454702
9036,23305,0.028719324378221337
9037,61833,0.017887066798430728
9038,99707,0.017853077353825103
9039,53652,0.015337876405696248
9040,86592,0.02733905532757566
9041,27423,0.01796243281944722
9042,66222,0.023329109657047247
9043,69918,0.017491387527659538
9044,45379,0.02055861280295962
9045,20259,0.01666100270382697
9046,95492,0.02046440505982393
9047,13307,0.022599383989207307
9048,43196,0.02472746084362861
9049,40882,0.014672797491081056
9050,54277,0.014726888398392013
9051,39127,0.043182049968401005
9052,68510,0.018970099046837115
9053,60636,0.022674093537851003
9054,76648,0.02092582983520677
9055,90183,0.024420122280839854
9056,95058,0.019926787359559044
9057,31810,0.020257376595568075
9058,50324,0.05756788789828354
9059,2350,0.023430233738868867
9060,21437,0.0244669060529506
9061,56598,0.03295319796412753
9062,23642,0.019624566719932474
9063,60201,0.01315866228914115
9064,15809,0.022595623129378923
9065,2377,0.028928845063366584
9066,4862,0.047213619861424125
9067,75037,0.026140265193930697
9068,91986,0.02212116957574962
9069,83443,0.01856643524605468
9070,25223,0.015546630659234582
9071,13603,0.022505284621633998
9072,60813,0.03416633485775018
9073,14429,0.024657827427261466
9074,51312,0.028757613382004416
9075,46471,0.03792703933430767
9076,69163,0.027826136825989924
9077,13245,0.05333713257988898
9078,15441,0.024782193018088355
9079,87690,0.035061057153095335
9080,93954,0.03900265414205739
9081,61782,0.021651559965238203
9082,21060,0.028929938821165437
9083,52591,0.02986993025663575
9084,83682,0.02489372979135211
9085,4522,0.024151716687006778
9086,49530,0.01304942844858262
9087,53712,0.02418963716696109
9088,36459,0.018407734289480445
9089,2285,0.01780999217218052
9090,81869,0.028140145914732875
9091,27581,0.037922863393880894
9092,91201,0.020045944949043625
9093,59645,0.02149426422189675
9094,15391,0.024469576486567505
9095,59993,0.033895912692664815
9096,79776,0.03176772060169676
9097,58304,0.02171950454752638
9098,19689,0.03515251806701669
9099,30933,0.01764888833178481
9100,75770,0.021763481925999348
9101,30084,0.01988824675394514
9102,21026,0.023811163350580616
9103,13507,0.01972106919900478
9104,78542,0.028867895763364515
9105,22612,0.02414465840762577
9106,5218,0.04692687984568464
9107,76717,0.019211906447098106
9108,83345,0.010786482486655462
9109,77677,0.02995128121529561
9110,2368,0.027049635611412354
9111,50744,0.03175313833653762
9112,67279,0.03321445826912805
9113,60995,0.036707709097050734
9114,7143,0.020033306604625167
9115,91416,0.04082126172823452
9116,54481,0.027851936685185427
9117,55688,0.039847074871731065
9118,73142,0.018285947868402503
9119,96571,0.020761388968484132
9120,3610,0.03127716694239406
9121,40500,0.011613329762456312
9122,50505,0.03607165054609045
9123,4881,0.02041346965814507
9124,90652,0.030116165037486993
9125,27801,0.019603090256260183
9126,61286,0.01720621046218697
9127,78966,0.033063909183731546
9128,76270,0.017941646783330524
9129,63470,0.02411689178322176
9130,48125,0.029623290515274656
9131,47425,0.020138180607985307
9132,63275,0.02056330964734737
9133,5450,0.024695551182301472
9134,4001,0.02680622034108223
9135,91118,0.03046193641132986
9136,71642,0.03424831794195858
9137,2736,0.02524936290335717
9138,21146,0.014212721965543212
9139,42183,0.018614287349866702
9140,96346,0.03291457224934742
9141,34998,0.02462535792999527
9142,88857,0.016271181148730166
9143,60193,0.02467237482799064
9144,74216,0.03555596878416488
9145,92173,0.01435110621018307
9146,18769,0.02432211184525143
9147,95113,0.026803899432492118
9148,57979,0.044168588378051765
9149,1151,0.015764588441500336
9150,34175,0.033119867679488074
9151,77230,0.043873874735190804
9152,87232,0.036552522316935294
9153,34480,0.01852940559270415
9154,25894,0.01742110196610055
9155,1814,0.015336910095230492
9156,45971,0.02138606563794679
9157,55230,0.019228891879106737
9158,91773,0.020806877172799568
9159,47160,0.017551154320188063
9160,31439,0.03204784787103744
9161,83075,0.01846811109402305
9162,56896,0.0281535828814493
9163,80037,0.022087228707139243
9164,89672,0.02904454045153162
9165,44942,0.025637088020102644
9166,76170,0.041799757674172336
9167,15655,0.024671292281120052
9168,80087,0.018707946481478315
9169,56999,0.019975230713305505
9170,15649,0.017649791485445113
9171,10726,0.037279740957461116
9172,33082,0.028196958981277213
9173,3199,0.030566478101791635
9174,93052,0.022815241422560948
9175,58162,0.02925552254842948
9176,8641,0.02019206553895155
9177,32805,0.022155039716293515
9178,34918,0.041348721755024034
9179,32518,0.01643305196002278
9180,87281,0.024819727635049468
9181,18893,0.015542855691101868
9182,22741,0.029532715280891495
9183,66152,0.04114232766673183
9184,31505,0.02774517081247823
9185,40662,0.029184793439779127
9186,53315,0.018672458111828386
9187,11873,0.025852778503713883
9188,5116,0.05579489505539996
9189,96286,0.027616327875987737
9190,59729,0.03601677927228977
9191,27382,0.04407711059073329
9192,77017,0.025834459710530326
9193,94790,0.029072466317059793
9194,56094,0.02412799638149347
9195,65342,0.014542017920839014
9196,97784,0.049946482494987135
9197,96326,0.026568378516893674
9198,88378,0.017674297472456663
9199,50641,0.019890022188666534
9200,27631,0.04844321741435399
9201,23435,0.019457580156602913
9202,74857,0.040631450553430426
9203,79986,0.017958425935684683
9204,70026,0.03539343796675128
9205,8173,0.01962779266786409
9206,16547,0.021483090432896923
9207,54025,0.026740824323377176
9208,47818,0.017920686160337932
9209,30171,0.02066050239206475
9210,40548,0.016114189216959146
9211,58426,0.018485296490743736
9212,1959,0.026222473696004674
9213,25029,0.02733278701074489
9214,89084,0.032740446141184126
9215,64016,0.025021714114411172
9216,29822,0.05482879816756605
9217,36671,0.023894440075991463
9218,14673,0.02427318012223271
9219,85600,0.02607178847547197
9220,48675,0.016963911576060958
9221,46352,0.03214520504852326
9222,3356,0.025651472111433964
9223,31512,0.029746310065097654
9224,58976,0.03406179463903812
9225,33751,0.029141558868223606
9226,60591,0.021715615012556668
9227,23336,0.0230065656061391
9228,35163,0.02371507149291185
9229,72378,0.012268707008630893
9230,63712,0.030303182865982787
9231,13792,0.02066492789607331
9232,19397,0.025293930709045336
9233,27531,0.032745679272767295
9234,74090,0.02298411502952508
9235,28544,0.02191449524981886
9236,55207,0.021952056136898507
9237,98684,0.024061161473449347
9238,14712,0.022404107475373827
9239,6131,0.02945486224368175
9240,47802,0.021264473265233404
9241,96292,0.025575267992799175
9242,19797,0.023106826543377403
9243,81246,0.021161246986424888
9244,69033,0.05971155257364216
9245,96827,0.019682977093369334
9246,72778,0.02259647035119642
9247,89717,0.024922396654848054
9248,22219,0.024311893036549865
9249,60768,0.017331176173321496
9250,20903,0.02330788016535746
9251,60492,0.025252478282936978
9252,19011,0.0184308710943142
9253,11084,0.018802195405263268
9254,3000,0.02430596958182504
9255,33010,0.015912840579332885
9256,6962,0.03514044733514147
9257,15606,0.028623802170108268
9258,66138,0.034361034627333815
9259,32167,0.024224267264232033
9260,59159,0.05293338664285441
9261,75712,0.026691489496784362
9262,90935,0.024114047736832817
9263,76480,0.08070753432402389
9264,26434,0.024492224650058854
9265,24815,0.03474904937691925
9266,96647,0.03113425466086526
9267,87425,0.019189951850323038
9268,21248,0.02306901796388476
9269,31111,0.014207021093664165
9270,96347,0.022609579257640972
9271,6658,0.027923367597382086
9272,24706,0.0282087418313717
9273,32435,0.019698664795606752
9274,18781,0.01733358880088455
9275,58605,0.03340952547169257
9276,77705,0.05140498619304506
9277,84729,0.03794693813023469
9278,60838,0.022421479162852493
9279,83482,0.016234359013664913
9280,23268,0.02331591620789079
9281,93816,0.025126557474444214
9282,23918,0.017136500538440277
9283,76220,0.017724922509486058
9284,83369,0.03815278611387059
9285,60299,0.018581199057482914
9286,23175,0.022973500706583022
9287,11415,0.027837800793527993
9288,8438,0.020342201654380148
9289,76685,0.01674417573365745
9290,50114,0.03705067819753787
9291,70790,0.014702648624297494
9292,60392,0.02257782902223609
9293,68288,0.027988519170288596
9294,66833,0.015327339233352399
9295,27412,0.021689693805737452
9296,95145,0.02748594719599861
9297,46463,0.01645841087087632
9298,98780,0.02647850862634178
9299,48750,0.02398271214004675
9300,62703,0.07189025911309094
9301,71893,0.022708425294707298
9302,73440,0.02312435233190679
9303,60297,0.04457485224879773
9304,84928,0.013579305284176208
9305,8242,0.03567941800498232
9306,32623,0.022394822579681423
9307,52567,0.01680599907343247
9308,54790,0.03575150273333265
9309,99486,0.013523678361969285
9310,38238,0.031640839899985146
9311,8032,0.024589851427000382
9312,67759,0.03076189110654501
9313,44384,0.021215115034933913
9314,52392,0.029245636999356135
9315,53497,0.029593534250361
9316,53353,0.02075965540248711
9317,33396,0.03411337732809415
9318,30897,0.03639959993518361
9319,49908,0.022632547556066477
9320,71645,0.022859790529090904
9321,96937,0.02070545593566627
9322,31570,0.011780140807655862
9323,69418,0.02578037258115122
9324,61276,0.020828074138943838
9325,77647,0.02136334993039722
9326,82833,0.013878322690561606
9327,48770,0.026198765437947167
9328,89049,0.01846669072389519
9329,77818,0.0203529504020031
9330,16211,0.0475861953119104
9331,34395,0.018615626848947936
9332,4088,0.026825158876773756
9333,18168,0.02768522747705939
9334,312,0.022192450583001927
9335,1536,0.02725415028997143
9336,93724,0.020419182148695668
9337,84826,0.01839647473318388
9338,93968,0.029583783828061583
9339,83693,0.04414470667115912
9340,93605,0.02863475831209731
9341,13453,0.023777310766220253
9342,28632,0.03416629876413023
9343,91567,0.03415769079141853
9344,24671,0.013741939189024582
9345,84962,0.01166260132627511
9346,69486,0.025374116905009764
9347,80091,0.03383939242980493
9348,78078,0.023575951090840208
9349,57271,0.02776936183974823
9350,40974,0.03243923127075984
9351,13863,0.018561802525102724
9352,88236,0.021871702772646197
9353,67878,0.08116531462932283
9354,11702,0.017918108115920362
9355,12232,0.032401548291598185
9356,45766,0.016836964784718838
9357,55871,0.017963056977882242
9358,7534,0.019835588878457308
9359,71569,0.04315962856828354
9360,24994,0.019092322594415335
9361,37823,0.024078458871372284
9362,7977,0.012629606040721834
9363,60389,0.019462226675212763
9364,30797,0.025887077579769276
9365,60949,0.01396187858499351
9366,5000,0.02015443675735163
9367,4865,0.01577936075864969
9368,34752,0.013897430312674987
9369,82460,0.023805026519522227
9370,67112,0.012507482596562145
9371,83939,0.01939351537699851
9372,33042,0.0373729414073854
9373,78671,0.010832181817750643
9374,30381,0.020539662497408778
9375,75946,0.02811616438714595
9376,68535,0.038042414170069316
9377,87274,0.02170277194031807
9378,20439,0.013111557898108642
9379,4070,0.018353217576724687
9380,1332,0.027996227225967854
9381,65074,0.02327336979322136
9382,70328,0.014502771194189574
9383,89874,0.0375870803695145
9384,85136,0.02985215005863344
9385,47340,0.026641053517014734
9386,47208,0.026165443005879932
9387,74389,0.021231555057277175
9388,52820,0.015973986004050814
9389,57422,0.023810418889509244
9390,83453,0.03005590716526268
9391,32143,0.029399753737499233
9392,51506,0.015565962698272776
9393,21745,0.017828346882949406
9394,12427,0.024832636969620913
9395,74112,0.06210665545622663
9396,2292,0.01582077996692164
9397,44212,0.0213103811790361
9398,97122,0.03578324251674182
9399,88262,0.01942449380089969
9400,78750,0.034213415889492185
9401,65361,0.028324664630820687
9402,95310,0.017994863537235395
9403,33566,0.018020979680233425
9404,88896,0.015118489016274054
9405,20539,0.01681892140479156
9406,81556,0.06131408293275654
9407,1716,0.03306018627776851
9408,95534,0.01915187917959034
9409,73907,0.012068687072482584
9410,38533,0.019847038413333008
9411,11492,0.019436378123552048
9412,59321,0.021106738180863338
9413,94425,0.020287082291767136
9414,46638,0.029266514516543624
9415,17644,0.02780743829211512
9416,3740,0.017938961880096648
9417,87115,0.023217874177452087
9418,65985,0.024649847843295276
9419,92324,0.022840176905961428
9420,80998,0.017107256049834436
9421,51850,0.02648142278707003
9422,46636,0.018599682256518413
9423,79116,0.020269055724340398
9424,14656,0.020163204301724785
9425,85554,0.016140983800688253
9426,49412,0.02276137493068361
9427,25947,0.026656230026757148
9428,52625,0.01944337233794769
9429,20561,0.02688181311697196
9430,91176,0.021826476595686782
9431,18923,0.016209423012103243
9432,60770,0.013696591889271751
9433,89278,0.01843776134141638
9434,87926,0.021310719642883814
9435,46861,0.03148193388495896
9436,46360,0.026286854367165303
9437,13388,0.014261803100415625
9438,60990,0.018640363624412917
9439,7815,0.044205510160606545
9440,59881,0.02248991007699588
9441,88243,0.016035758502842144
9442,46500,0.022252631280703424
9443,3656,0.01662262615237386
9444,4636,0.01620622331763419
9445,58354,0.02051757640743506
9446,60617,0.02399240098519535
9447,88710,0.02016608940015814
9448,99531,0.03915605651380796
9449,12198,0.021617993899477175
9450,20016,0.03457321029346816
9451,68962,0.020955142619264146
9452,27439,0.016563223963715103
9453,99078,0.0231006158999659
9454,15733,0.020800709754670188
9455,39980,0.027445427224483957
9456,73365,0.03012847429312476
9457,48679,0.01567553222939584
9458,65937,0.022589445634992662
9459,35216,0.024839062595340588
9460,2311,0.021931371745675915
9461,41886,0.019600234429560524
9462,27844,0.026053601095396346
9463,847,0.026480115186877755
9464,77746,0.06144855067356916
9465,51420,0.028892436355668544
9466,3341,0.02452095793674853
9467,34535,0.025669682842183225
9468,559,0.013805164546398503
9469,55341,0.018123092168975688
9470,5688,0.03706354408729886
9471,8024,0.028207721427855065
9472,67666,0.015344915238145927
9473,3979,0.01664306285100701
9474,23666,0.030085669837058952
9475,76911,0.012022404760741498
9476,76341,0.024954190906029447
9477,33234,0.016190535227717632
9478,83237,0.02079407708826463
9479,44722,0.028170525313134954
9480,12795,0.026571223360344204
9481,27050,0.03146155338821338
9482,96667,0.018816587215873176
9483,84753,0.015184248866100142
9484,55810,0.02088462536706703
9485,12622,0.02858636988964924
9486,93601,0.037578858109502976
9487,59719,0.027085980397835666
9488,28475,0.023529355095629537
9489,82074,0.024431995762414394
9490,78948,0.04747826866561998
9491,81212,0.013697728669444308
9492,77389,0.029201532944024066
9493,18505,0.009358588597806803
9494,38806,0.0216251264150397
9495,51871,0.017474624498925263
9496,29093,0.022346575059496776
9497,77556,0.02932236151462795
9498,63757,0.04175397085565316
9499,13393,0.023510327314254845
9500,8597,0.02346953455088924
9501,21090,0.02128456536006723
9502,22864,0.01380350074691436
9503,43721,0.021122779886416067
9504,76242,0.015415004125893302
9505,15174,0.027906980273432976
9506,11493,0.021040343682658627
9507,31574,0.019092017135910362
9508,89101,0.02317328084801875
9509,97471,0.018683189490235057
9510,90119,0.010957283904121241
9511,86113,0.03449176698599962
9512,97849,0.027140620792176474
9513,39376,0.020534031284139904
9514,55427,0.02248699122465079
9515,73478,0.03671395693448413
9516,25178,0.01883990405903101
9517,67411,0.02533727136016133
9518,1506,0.03538203570795757
9519,85155,0.017534144933382914
9520,97351,0.03013621044811263
9521,53895,0.022964563775195734
9522,89021,0.010931728726333148
9523,67196,0.03408410711123089
9524,11661,0.031762795992212135
9525,38244,0.025660119333951348
9526,73152,0.027644918802224104
9527,79233,0.023018805522802367
9528,6615,0.02454005588546438
9529,9838,0.020470448645966727
9530,27742,0.018035560453979256
9531,6138,0.020515814195662067
9532,75820,0.027837118035107612
9533,61895,0.03784937912075776
9534,90157,0.02305007138170016
9535,34936,0.020053677903529764
9536,7548,0.018016045942738246
9537,17916,0.028348766587856383
9538,39715,0.024680159704973493
9539,80018,0.02118580667420193
9540,55249,0.023524514910214078
9541,41914,0.04055796872827075
9542,70184,0.01948253535639303
9543,77828,0.022716123334084008
9544,12961,0.018965766330088483
9545,97517,0.017313679581810494
9546,98227,0.016654712733046428
9547,18154,0.024394482007013954
9548,72297,0.018491203897313367
9549,50833,0.01920265376329321
9550,68023,0.027204998002855196
9551,50999,0.02815991412332754
9552,82139,0.03526142414370174
9553,78923,0.02675329507788377
9554,86250,0.020466358557969126
9555,8190,0.023736577180403458
9556,50445,0.035774702849082754
9557,41924,0.02647213844753502
9558,70187,0.02641361889212316
9559,62255,0.024199688807631563
9560,76240,0.02554918877459159
9561,3238,0.023116834721043925
9562,42919,0.021357569374374257
9563,35550,0.022831549011886963
9564,85377,0.028353210789291903
9565,7110,0.03239679761138487
9566,338,0.020994826954470407
9567,78984,0.01757726560838369
9568,35258,0.023551577899228387
9569,30364,0.03292602716374694
9570,86253,0.03067440091857725
9571,9204,0.023624299675717816
9572,34235,0.021914528149259767
9573,92430,0.028169410551383507
9574,72737,0.025725366338884507
9575,86358,0.025797796936035032
9576,2020,0.024698847807029085
9577,4699,0.040997695471507126
9578,3407,0.03995900657071125
9579,10245,0.027595614110906184
9580,70631,0.031567364829516914
9581,55074,0.030032404787896132
9582,50767,0.037956898735652576
9583,43094,0.01941642733109431
9584,55053,0.01321565455959643
9585,16854,0.03865300536867183
9586,22257,0.014211185217525997
9587,38933,0.052361789456156056
9588,91065,0.024157684872019056
9589,24447,0.021494975768039125
9590,7650,0.030908400066330877
9591,82969,0.030324084242390584
9592,25096,0.04199829458015936
9593,24262,0.028983539159885253
9594,83451,0.016641708491531355
9595,37928,0.01691247726178038
9596,11723,0.031020003768201344
9597,26242,0.020687025183224662
9598,47303,0.026001011755754498
9599,99508,0.01552257550639606
9600,84179,0.03266551408341857
9601,83232,0.03287833818035237
9602,49912,0.029355458301120935
9603,21801,0.03020916224616138
9604,17214,0.027929603440268114
9605,82510,0.022738842159659555
9606,78025,0.01776403988449689
9607,62134,0.016448731649163693
9608,72284,0.0156850289997987
9609,63835,0.036504148016700266
9610,53653,0.0179096070510651
9611,97842,0.048867468699445825
9612,19863,0.013582785921742295
9613,64242,0.03550085097788834
9614,94222,0.025148944136168132
9615,81589,0.021240050027400856
9616,76610,0.010671360544479426
9617,16942,0.03541985073778409
9618,80961,0.023664394559459918
9619,80141,0.015909202146089745
9620,52602,0.02965439527991662
9621,71705,0.02695378541185623
9622,16467,0.022165411222674583
9623,35347,0.01559817400727414
9624,14008,0.03284518203624301
9625,94732,0.02450050405642161
9626,34064,0.017379831449583112
9627,98973,0.023749916847468355
9628,64970,0.028977362726316788
9629,11175,0.013541603899320987
9630,5907,0.029991183065303108
9631,2806,0.016897256033685984
9632,11658,0.03208075382161559
9633,67404,0.025104120982359916
9634,79513,0.03999824496732866
9635,50385,0.026668586535936033
9636,97789,0.01991394528599069
9637,40967,0.02318353468193669
9638,39530,0.05251421499349728
9639,28872,0.021919781215478232
9640,80381,0.022848792479883983
9641,13029,0.027996427066194304
9642,48196,0.024308130904795403
9643,90374,0.024293061617587246
9644,50928,0.02205947793727722
9645,65595,0.04085881246316892
9646,17893,0.021727966729992974
9647,48285,0.015821960871915338
9648,21323,0.015199409919512548
9649,25156,0.01793422532989853
9650,27477,0.016720299682387377
9651,52881,0.020590771689759906
9652,11320,0.0241462544904268
9653,52544,0.03333626704043673
9654,49895,0.029457810862266405
9655,86321,0.028942993395288386
9656,6347,0.03318412397996281
9657,71439,0.03722605117755351
9658,21723,0.015819011336258147
9659,93428,0.032990469155942184
9660,91809,0.01668386311318366
9661,85868,0.027473890612879758
9662,79708,0.01396586915377468
9663,23492,0.0295859658387411
9664,58728,0.03969648078495033
9665,21019,0.020346154824708692
9666,84777,0.03832874205312687
9667,57131,0.022848734784056222
9668,16263,0.02003622697272622
9669,90970,0.023804129736577112
9670,38498,0.01872717183725122
9671,73597,0.01479362714223351
9672,82706,0.025107675575112738
9673,49189,0.022712623576551946
9674,99222,0.0298116802823145
9675,74001,0.02106134598517899
9676,72578,0.025991130793342216
9677,87038,0.02672751525602705
9678,21427,0.030488814034730312
9679,41450,0.04265944651726466
9680,51782,0.0283259130913419
9681,73850,0.05642440369735859
9682,29117,0.01724059562545041
9683,72450,0.051149441616130914
9684,49253,0.024748019987486693
9685,39894,0.02745806332957683
9686,80977,0.021675501892032698
9687,87633,0.011253985138606913
9688,85737,0.02447638719013384
9689,6846,0.022060129189978468
9690,93214,0.02233585513758741
9691,45898,0.02214123522447615
9692,72223,0.019937084742343205
9693,87786,0.02455133687869733
9694,88730,0.021184337712107405
9695,8056,0.02194675923028354
9696,16935,0.020813946513595166
9697,15008,0.027963666407723242
9698,42740,0.03458828509297471
9699,16570,0.02530772360983577
9700,75178,0.025756518590075238
9701,81542,0.01960325654517364
9702,12425,0.017014554997856916
9703,39753,0.01938384426129116
9704,2425,0.025751874505783028
9705,96458,0.01707928863293958
9706,36,0.01984701335222097
9707,85917,0.01943789776305625
9708,78259,0.02581292069885791
9709,29103,0.026708223620216458
9710,77052,0.02898132819559158
9711,47469,0.0208781874859651
9712,43939,0.033243810214101145
9713,94318,0.021393705493950296
9714,11605,0.02306285244147787
9715,63142,0.02370116083597245
9716,73428,0.044335918874318536
9717,38075,0.017703351376077557
9718,81073,0.029314721250762846
9719,47219,0.028216386362478505
9720,80499,0.01393640666709347
9721,94952,0.025621971451811814
9722,39712,0.03190374087628321
9723,51984,0.02448767380446717
9724,2173,0.03294930873561834
9725,54639,0.02719754579599518
9726,55872,0.022161616065712618
9727,92680,0.02241071842860044
9728,11952,0.030398466811628586
9729,89245,0.01598129256997546
9730,26161,0.017561680971796577
9731,30685,0.027678397612976705
9732,26440,0.02429397581285496
9733,53989,0.05511439688620108
9734,77724,0.019050315487550956
9735,29662,0.027549036427653138
9736,15405,0.019775301972051993
9737,7907,0.023694153595765044
9738,27916,0.019963617140124793
9739,33217,0.030356125325311668
9740,24594,0.0292039521908158
9741,76310,0.03463680481941622
9742,91214,0.028188853531372415
9743,34157,0.058342011429741096
9744,71271,0.019352185230806174
9745,6151,0.018410371033494473
9746,87948,0.015223020266999093
9747,31161,0.021397087665299325
9748,5215,0.022022205983117424
9749,11802,0.02857696666745727
9750,12569,0.013606679094577346
9751,11891,0.02466127039458463
9752,49832,0.023260667452866136
9753,22929,0.014265457896453258
9754,32328,0.011858245658923952
9755,26997,0.021793578163585042
9756,45158,0.035497508121488344
9757,72738,0.013547540720431456
9758,87024,0.017858594729925143
9759,19268,0.017839111370170916
9760,28461,0.027432465896104204
9761,98397,0.055363101189371586
9762,11088,0.012809724231892005
9763,896,0.035474526039620806
9764,1270,0.019393701926826032
9765,34171,0.06257498557647789
9766,73362,0.028157187480236063
9767,85265,0.030137459768874192
9768,63870,0.02507789278593823
9769,69338,0.01616578147698646
9770,33947,0.021776029862011024
9771,77586,0.02701351028055133
9772,31864,0.014832146905892626
9773,8367,0.015194935537584341
9774,49295,0.02312620661173877
9775,94047,0.01942036431740843
9776,58765,0.019356835600842896
9777,31853,0.02818622941937953
9778,38401,0.0356527863315719
9779,80451,0.014890052911977193
9780,31954,0.030611940865449893
9781,51483,0.03454315220914344
9782,34272,0.018130771808931013
9783,56128,0.03325094737289604
9784,49786,0.03359641605694947
9785,15768,0.07280377518289935
9786,98184,0.04902317944241094
9787,68863,0.04328140239629388
9788,41491,0.053785398518069474
9789,96361,0.029852900714996945
9790,77985,0.01894973655361873
9791,35278,0.02231710321685621
9792,8608,0.03287081605675071
9793,25917,0.012810808129465183
9794,65358,0.022371922132364462
9795,94831,0.017601394857441686
9796,41650,0.013304412748992023
9797,80887,0.024440429383376816
9798,44572,0.033554512297887515
9799,3705,0.017774501001338736
9800,74815,0.02740892862182143
9801,11612,0.024189730570100203
9802,95581,0.02601803935327074
9803,48982,0.0277653956521783
9804,34102,0.014117780456698734
9805,32648,0.02473606412187568
9806,80613,0.03205154691576133
9807,66498,0.024228817572402875
9808,42675,0.03150754234664883
9809,72836,0.03138222786711099
9810,78747,0.03084831326471294
9811,68447,0.022580724308878884
9812,22096,0.020069967910822994
9813,54118,0.013830628572297254
9814,51606,0.028106223564555805
9815,1559,0.026355047993955903
9816,64907,0.027066817757846213
9817,177,0.02365997825225403
9818,59284,0.03352572889924084
9819,50602,0.01930841548645779
9820,24477,0.025627967813028854
9821,54212,0.01900477145621441
9822,85266,0.03763499766959374
9823,37480,0.02019226294189768
9824,65782,0.015210680361340547
9825,16596,0.02908634299325066
9826,58411,0.029060557705466943
9827,58821,0.025926757519769705
9828,29605,0.01599042794722303
9829,84658,0.031717923761420574
9830,29471,0.027527244626015027
9831,34371,0.03013217797213652
9832,19535,0.03646688219458069
9833,4072,0.01722805106594575
9834,7270,0.03846154083650057
9835,24652,0.02262401118982489
9836,45381,0.020658702464695308
9837,63998,0.020101676167751627
9838,69902,0.028240472278672747
9839,65867,0.04593914752205463
9840,25551,0.01577120352357091
9841,31391,0.023635398946947713
9842,28346,0.04465460396364461
9843,40803,0.022676626368914703
9844,30918,0.03472257079696887
9845,58542,0.011261717661410047
9846,17119,0.022038252034170605
9847,81986,0.014325851260924508
9848,10238,0.021022076720978163
9849,44081,0.0245808872216267
9850,97654,0.050334347924941535
9851,10093,0.020911310539173052
9852,2912,0.033880120246929726
9853,43981,0.018321195804759733
9854,96580,0.08789340407583036
9855,57030,0.025916480212438232
9856,75586,0.02587657880918585
9857,17107,0.01695008883039278
9858,12657,0.015147752362306236
9859,55423,0.03230557128068816
9860,82243,0.014046492187556821
9861,58166,0.019346108355311052
9862,11015,0.04923446907945277
9863,31400,0.015517468237979424
9864,85924,0.023502892105273933
9865,80789,0.03060613254185098
9866,8610,0.026145492337126836
9867,4353,0.030347380680104667
9868,89665,0.019182750639721875
9869,66069,0.030966636412203832
9870,45945,0.03153407726446299
9871,21733,0.0185545218609993
9872,28695,0.03508330521071629
9873,27150,0.023572870516652286
9874,14739,0.016279243144220263
9875,56196,0.05267399958753245
9876,4218,0.027934724793549384
9877,43497,0.027984475847086424
9878,70924,0.020732363333845646
9879,18252,0.02055515502677025
9880,41725,0.01576216781481915
9881,3725,0.018588449658818347
9882,42437,0.026872492913071103
9883,54147,0.04367225551946151
9884,19167,0.026819904698180734
9885,81517,0.03047005992836991
9886,76737,0.022493104324721597
9887,89258,0.018219469273925204
9888,46871,0.026997995046358685
9889,64721,0.03431164441837114
9890,63030,0.014939771348216942
9891,72972,0.02681965302359346
9892,10194,0.015688300388198104
9893,39479,0.012427873700840107
9894,8000,0.016125452010424476
9895,72813,0.02176763477422292
9896,26264,0.030216558685370307
9897,24042,0.017348489306768907
9898,60991,0.024679503805625228
9899,69118,0.023582433929615603
9900,96830,0.017041133848133685
9901,33772,0.028665999118687082
9902,89153,0.03585402541020666
9903,63098,0.019196285563663033
9904,58479,0.036939717030488754
9905,94764,0.01628780623416921
9906,20153,0.028640553189895564
9907,6768,0.02252629111379594
9908,80759,0.040488847810876756
9909,87097,0.025468998255165538
9910,15260,0.0232595699362537
9911,68603,0.04709150358438416
9912,25251,0.01625662634334201
9913,82477,0.04345300066549497
9914,57976,0.029823523009539703
9915,94874,0.020788927898526863
9916,81467,0.021459207350343713
9917,58725,0.029572342210079185
9918,93675,0.023717800439650785
9919,87271,0.01825304412417789
9920,42226,0.0203487459030624
9921,48204,0.016245394770511283
9922,22178,0.024308075744578328
9923,55165,0.019764702798457826
9924,16134,0.030321525805974782
9925,46868,0.019971585601869665
9926,70597,0.014256438424134214
9927,59560,0.02280704868788518
9928,80417,0.027250339426047782
9929,68951,0.021264517061655823
9930,95055,0.014258277311764683
9931,67734,0.011841594182144985
9932,26514,0.021530015135208632
9933,17103,0.018587028590327934
9934,10018,0.022389501826167252
9935,84692,0.031393651712917386
9936,68600,0.026703424826997228
9937,69872,0.054541517912418624
9938,95320,0.025230770479180546
9939,6967,0.007486035156235341
9940,58971,0.020882981197102385
9941,34036,0.017815510803147448
9942,70385,0.022488970152894357
9943,53226,0.014539455105191862
9944,56555,0.01983842125746973
9945,4220,0.016410126599951873
9946,49339,0.02909429352464954
9947,14721,0.03993019279506807
9948,70760,0.03269149328083374
9949,35818,0.04011159902028948
9950,36998,0.028687613090730042
9951,88732,0.013368388434717151
9952,57918,0.015653222790268092
9953,53017,0.036550533656417604
9954,12534,0.01358877073832389
9955,94929,0.01620594518520902
9956,57139,0.03189814103120253
9957,64976,0.019527342576286615
9958,70955,0.031550667420071926
9959,31818,0.017994276026431975
9960,19426,0.020182269604182016
9961,53407,0.022104097772757056
9962,30907,0.02877987522447321
9963,98635,0.01667160230908229
9964,66214,0.031188180593279293
9965,41698,0.04254174772272992
9966,92826,0.02576975772129759
9967,42772,0.03110992565017233
9968,30160,0.015468881763016975
9969,86949,0.02160870453312505
9970,54628,0.016082857274073527
9971,9705,0.01829174964238437
9972,51345,0.01689071691121944
9973,64632,0.02441765362142346
9974,4822,0.024803415724673983
9975,23147,0.06174777407942848
9976,11134,0.030296558246499385
9977,6912,0.017239412149014335
9978,73416,0.020693691323918934
9979,79424,0.014654423331877902
9980,31050,0.030227759633953466
9981,90614,0.020758976558761556
9982,66824,0.015279104888396854
9983,29755,0.02187064570308787
9984,92365,0.027672651104067192
9985,23049,0.018136916915464398
9986,9556,0.02015722779790146
9987,92802,0.016519027710505375
9988,80041,0.025570166807538194
9989,98933,0.028023671427028864
9990,84170,0.029808966597180023
9991,8915,0.021895809970516166
9992,1824,0.022528243015552687
9993,708,0.02849982218190897
9994,41274,0.02939095539528699
9995,40272,0.024359861193415582
9996,65302,0.019478377911563104
9997,97860,0.023524567060646127
9998,86327,0.02389625647513365
9999,41178,0.01896220697136467
