ci_idx,ai_idx,distance
0,71990,0.004495578020195746
1,24112,0.008780166079289924
2,17210,0.010210113542294143
3,65960,0.005554825163443634
4,79872,0.008887846785048462
5,61961,0.006962329458965846
6,69487,0.010503662177527318
7,79419,0.006368723362068859
8,25601,0.013539697210078389
9,36185,0.011541965547703559
10,69059,0.006267267044337135
11,82150,0.015422037862101983
12,36074,0.00495515652097461
13,52813,0.016739021159725975
14,12327,0.011306884830795276
15,56680,0.014979230386961858
16,92715,0.00620586361709521
17,90098,0.0032147851424954555
18,74827,0.008515373757939001
19,31421,0.005136605301034899
20,99930,0.003983266431994705
21,47257,0.005972774022232261
22,91921,0.010623200921905428
23,38940,0.018513178941620027
24,26326,0.0048937727163972915
25,63065,0.0077534052121386214
26,78813,0.00719557224132603
27,63415,0.007142875284852681
28,9778,0.019193781490341073
29,38532,0.005957764024185131
30,89980,0.006611099112407909
31,25320,0.009501551989460625
32,252,0.013220955214037669
33,53542,0.01817656523599226
34,40260,0.006095823760574517
35,83504,0.00888245651947834
36,411,0.003057779806892441
37,2344,0.004896118814528842
38,47013,0.005072344138335628
39,70776,0.01792767361566983
40,31910,0.008947454225682317
41,5761,0.004886040358612349
42,16332,0.005803912028608607
43,38780,0.025290318082552565
44,37010,0.009450731610940032
45,2294,0.023723465352178702
46,87565,0.006385586142418527
47,74564,0.010433307359623646
48,82451,0.008079651314369751
49,50181,0.0051552936673356625
50,4879,0.015361700778363414
51,72461,0.004409925218370315
52,37471,0.008001186868403742
53,17400,0.009681667421199495
54,8703,0.0068802899146346765
55,42779,0.00784851234991623
56,85516,0.0073509703295294646
57,79687,0.005347740347689071
58,45827,0.005768119435044555
59,85227,0.007969295898731521
60,7423,0.006760316203001796
61,80635,0.005728768955242847
62,67570,0.009829778802975093
63,67661,0.00672959499000108
64,12599,0.027801502174963365
65,79843,0.0041823712214627325
66,58950,0.012052779059917102
67,51872,0.006666615065622767
68,83483,0.021167314417527804
69,97298,0.003639954122415893
70,24667,0.041359128129783616
71,2300,0.00894387046808336
72,73356,0.01598818917595712
73,55194,0.008084506710534022
74,26868,0.008200238495927936
75,85868,0.02034235325457413
76,55621,0.007421521034920237
77,97746,0.004743060572923593
78,59711,0.00530335303907994
79,99110,0.003687282403960176
80,6414,0.008438115418185217
81,24013,0.007560751861538231
82,73069,0.037097842177884026
83,22563,0.006609481349555933
84,17929,0.011395889640046529
85,65195,0.008337913440015932
86,38778,0.0023232378180552743
87,77051,0.011754422039613858
88,62929,0.009114599419087032
89,86014,0.006742202841161281
90,37227,0.016614440943211538
91,52236,0.006705568517311916
92,4099,0.01372624281503834
93,85361,0.005337683987575358
94,46091,0.012000588155752532
95,20839,0.006651454136330953
96,42549,0.0056576162865447244
97,79538,0.010050564567640289
98,34456,0.014314563218768124
99,69022,0.0029295276074393604
100,72000,0.00271284050291044
101,32454,0.004869788006793736
102,87628,0.011104456787114119
103,37527,0.012078653434377962
104,90582,0.008118612068042014
105,13080,0.013473455413216975
106,15579,0.00638732458059511
107,17450,0.013128890473896829
108,47345,0.015950955094245323
109,57406,0.009245444402400237
110,42983,0.004221345281912727
111,24455,0.0057351177018566905
112,81779,0.02707704172643833
113,43284,0.005648653917579523
114,1039,0.004728246889391232
115,36423,0.004660177887796082
116,90873,0.0019471812896264113
117,44084,0.03370829690461202
118,83082,0.007464260728797747
119,849,0.005212099240644957
120,82415,0.006058756592573682
121,54046,0.009212671699463895
122,80357,0.012880921751275044
123,51851,0.0037249719857110754
124,1576,0.003565179333786845
125,71055,0.02781964900952186
126,87563,0.004834685281434622
127,6196,0.00481822062521433
128,72427,0.005212463563339518
129,12141,0.006996153223676101
130,13346,0.008373186909787618
131,73890,0.011030300096190751
132,31470,0.0027056217906601043
133,97023,0.0048286356700176555
134,50275,0.013847408214031395
135,66849,0.007599134115473442
136,20858,0.002913689546389764
137,71590,0.0039653825896028005
138,34970,0.008810412607593025
139,14704,0.005955200210455437
140,59878,0.01101681138651075
141,36515,0.00826930281152488
142,64604,0.0053183144566601595
143,95755,0.013249126248793461
144,97808,0.009396912590608852
145,80452,0.008141405358291857
146,23270,0.020754467457574505
147,28712,0.009055136549141704
148,48619,0.045302529384103146
149,58794,0.004706345851540984
150,76262,0.008728749158459701
151,11436,0.006053843229048326
152,43640,0.008568460334148735
153,18273,0.011109969582905938
154,21037,0.004380820274115078
155,50386,0.006523215609982174
156,74233,0.009516726347081877
157,21279,0.010922983886986733
158,7788,0.006067671906513262
159,40570,0.004716216478583359
160,63236,0.004342690062399755
161,10819,0.004263909530273031
162,33743,0.01297042514411683
163,55342,0.007789083708171496
164,69725,0.0071106897564450116
165,15161,0.005193265353389582
166,76693,0.0081619277325188
167,81505,0.006277853924623284
168,81662,0.003122275836727523
169,19641,0.007225004540694264
170,81906,0.008782046440028767
171,66299,0.010976027961938615
172,65870,0.006387235994562215
173,86128,0.010737116225338983
174,44538,0.0036271730314491523
175,14466,0.01490673170810312
176,81255,0.014229800778446686
177,70750,0.007210182136420177
178,87676,0.006446690159992911
179,30668,0.006541095435176371
180,69790,0.04116289175467207
181,80624,0.008774796934319188
182,83757,0.007630696603323646
183,78616,0.012054151340285087
184,21152,0.005965659011428354
185,29694,0.031408167146628876
186,47709,0.009971514636606628
187,87669,0.006721099401196665
188,82092,0.0019793518953225937
189,51687,0.0051408080186387105
190,72755,0.014795574797008037
191,46678,0.004796280776685582
192,45097,0.005196586002957168
193,38981,0.013789343668359806
194,80267,0.008174732667226969
195,13790,0.014197547524656188
196,16041,0.019995886830438864
197,13447,0.017261750528670013
198,6980,0.01046460746948463
199,84956,0.012261637787373054
200,38357,0.007147687155929104
201,98837,0.007037810051399079
202,49318,0.014253761306064434
203,27744,0.015560400032934964
204,81818,0.010228916856281661
205,72660,0.0034651494689787415
206,17524,0.005847640777110251
207,4713,0.007667161982353858
208,42174,0.00851042236411022
209,70640,0.006563264782007657
210,17981,0.013777388871174811
211,91131,0.006409901636519064
212,68259,0.004751159309769001
213,52670,0.006412075771114568
214,5380,0.014816744956941704
215,90898,0.005127902980738045
216,28551,0.010926822076163726
217,24867,0.005388838963872302
218,45339,0.008047050091564183
219,37826,0.006753843847117414
220,23649,0.00686869811768158
221,19689,0.008761080729362054
222,74275,0.0033415343749976997
223,80390,0.004799756494890225
224,74172,0.0055487829512007
225,96683,0.005082904707996988
226,92400,0.0026517193368841337
227,74121,0.005688225005864075
228,34284,0.02606389139797704
229,53560,0.016474209111608157
230,34642,0.01572124070889626
231,64155,0.0025948500299663186
232,93801,0.008020934740208012
233,27469,0.012606170694375706
234,19673,0.0036129808147924974
235,15571,0.00451161720105806
236,41785,0.008285005431706982
237,97657,0.0036352754847267595
238,60744,0.006826656049400543
239,1184,0.005814752771822421
240,77133,0.004960384928269063
241,13563,0.006109934390451285
242,70860,0.004766500422413343
243,59970,0.02552580865710794
244,60263,0.006990656556781853
245,64438,0.0078052611078389695
246,34713,0.008669476479452891
247,66376,0.008569806876469608
248,70007,0.022919409166839027
249,6592,0.01990640859020953
250,73555,0.07134226842800445
251,12622,0.013900731817364467
252,4232,0.01033767271252374
253,38686,0.004683547513985132
254,32117,0.020497157064073082
255,65995,0.005037381427077926
256,98942,0.007069409433590938
257,99688,0.007424741763618581
258,43748,0.00666135119351013
259,1812,0.006634602873953196
260,32549,0.007297574217080494
261,89212,0.013870309970293478
262,95150,0.007424580166116988
263,92320,0.003893798670112948
264,35359,0.008727040148070641
265,82855,0.006097694758046573
266,98306,0.004460622252665301
267,35466,0.005071794173905301
268,68561,0.01863263793267647
269,51016,0.009087503186855066
270,69749,0.006417498619669768
271,39059,0.009424595323801247
272,38353,0.012846369062868759
273,17455,0.022301635651397846
274,4608,0.003607630279807728
275,1984,0.01352077545666473
276,5288,0.006860411506347406
277,43875,0.005676134005600072
278,498,0.008939226662783923
279,28530,0.013398379768036109
280,77458,0.028583842522470485
281,34114,0.010521882768363243
282,93595,0.0040785559797932025
283,26992,0.015557964339076396
284,86864,0.009021974783391395
285,61564,0.004392389980135173
286,69510,0.0037861447270868373
287,7771,0.009146108061855368
288,30832,0.011228413138207325
289,38231,0.005208934128745362
290,32942,0.004882242168508283
291,25206,0.008441234513004147
292,25631,0.004690551297811828
293,51681,0.006943512328664543
294,72375,0.006158598791939748
295,88121,0.004358290986496114
296,18930,0.007693442979552528
297,32547,0.0050554402313579645
298,75178,0.009565240384195619
299,41444,0.004639241087600785
300,91968,0.012573769836488086
301,51949,0.01385656830298428
302,86101,0.013709439247476425
303,14156,0.006531186040243547
304,85810,0.016421074043150397
305,3266,0.0065716394143254635
306,56591,0.010056804661110318
307,41445,0.011431762762194046
308,48352,0.010878702021340957
309,39630,0.0049249967543204855
310,3128,0.0044179368855674465
311,19705,0.006094979730415018
312,7027,0.011102614021595859
313,39819,0.004287941501824187
314,69877,0.010296651757486988
315,62733,0.011400906280163124
316,97525,0.006476360886449045
317,64290,0.004879765104037407
318,66024,0.013474270499727652
319,35864,0.008769628006151824
320,91028,0.005951175748081282
321,77388,0.005925145113570475
322,60009,0.005119804922336086
323,13480,0.007586898971119484
324,83063,0.011106039262374169
325,10691,0.023833949876763193
326,61284,0.005229580516073212
327,22645,0.010635406740910704
328,98261,0.009537640678771376
329,93063,0.018373582603717666
330,62858,0.01531801353455676
331,55959,0.00936503368324629
332,2496,0.007222608923653439
333,47768,0.007449364839815691
334,19491,0.003857314126521378
335,90407,0.006128078708691333
336,49940,0.00779309250993716
337,62677,0.00552414253682146
338,67765,0.007870119840302765
339,36722,0.004779375554614631
340,99275,0.006056819105829859
341,69193,0.010197513519176455
342,16655,0.004837936595222772
343,44291,0.006639969037346584
344,45118,0.003363836143133488
345,36967,0.0060635701455787755
346,79965,0.005017008022342626
347,65203,0.0051112270042814175
348,97524,0.006117774163364207
349,3469,0.007770602113605834
350,11571,0.0029729125410656084
351,3578,0.008673682445124998
352,13650,0.0035057389687878047
353,99164,0.005085692991953793
354,35398,0.012011488864767763
355,74019,0.005635761307931525
356,55666,0.0063174277300216295
357,19030,0.012750116028383152
358,71601,0.004840255961491832
359,97053,0.006559410309878476
360,74403,0.010020756900609822
361,11151,0.01696109971351296
362,64134,0.005934988551232473
363,15233,0.013745518963845342
364,94737,0.013476550721949533
365,63548,0.005511893864022806
366,87520,0.009499013643012484
367,64051,0.01020380934075671
368,52445,0.004677729599600163
369,19472,0.01773092440568581
370,38356,0.014999849064991497
371,63712,0.01759183386632747
372,72171,0.007233283602839422
373,94166,0.013675683222476526
374,15777,0.003554413819070553
375,84403,0.0055345947061694835
376,533,0.011144432780005894
377,55168,0.004222945660263171
378,27907,0.005685627899343585
379,77340,0.024630241371573353
380,303,0.016797796466455184
381,22072,0.011518401118132978
382,35954,0.012144866554514081
383,78524,0.008111767316840882
384,38135,0.007066441447488279
385,76242,0.00730688436984063
386,58104,0.0053748760193725546
387,88921,0.007207801936332506
388,39747,0.0046550325005219086
389,23785,0.00866895459299597
390,43341,0.005019755533665432
391,30383,0.006533470922612972
392,70287,0.008988274736693048
393,23743,0.01186477296376702
394,1119,0.005094524193000572
395,17314,0.004809525484232728
396,19359,0.007447573936316859
397,60262,0.005118290658264434
398,81077,0.007628694507936038
399,99753,0.00376023522747658
400,23689,0.0034134494657843584
401,96132,0.005156731086441846
402,85640,0.012857773456986729
403,82896,0.008243715107133152
404,13228,0.007496488471004727
405,476,0.01088619807511775
406,15460,0.007981293150617047
407,81911,0.0030362606099535467
408,67151,0.006489238471871182
409,57771,0.005198938031445794
410,6762,0.006326739907130412
411,49671,0.005837455653396459
412,49068,0.015307934537508089
413,80680,0.006108672241876958
414,96556,0.011661367632877223
415,91393,0.02644822867700781
416,80236,0.009577858184250942
417,57306,0.007543114029253806
418,4898,0.003456835642246075
419,21295,0.008116566227930638
420,85380,0.0073001626974957745
421,81821,0.007704413961647675
422,54376,0.005130027211191548
423,56692,0.012786880572236627
424,92484,0.0034109780864359646
425,53603,0.009827636900325853
426,4852,0.00522651536139467
427,56695,0.0156879463544348
428,55252,0.00826061744113655
429,24863,0.008380985867346764
430,47389,0.009031232846903766
431,42977,0.005308777725546712
432,54201,0.016143409970481755
433,50494,0.008979552286587636
434,10554,0.018683911684787825
435,95715,0.009941936267903025
436,27137,0.008881803810606163
437,38902,0.005662976603045659
438,38619,0.011157845784017736
439,926,0.00633970947772943
440,46390,0.008972510154026923
441,85509,0.016366570175572755
442,25079,0.003280144576267647
443,11085,0.005042645729084586
444,77460,0.011854144281194745
445,25946,0.008388041770553288
446,50204,0.004079891348191389
447,158,0.004488138269969572
448,41672,0.015041782193729548
449,56663,0.005416054556012442
450,23087,0.00912133091292992
451,49187,0.007696348138392852
452,61820,0.01974770077457255
453,39693,0.007054399219949461
454,34273,0.02489556596781716
455,79601,0.00934135196412044
456,27801,0.004427871139627569
457,64400,0.014588374696043672
458,89504,0.0050872657520883045
459,89480,0.0170081703928205
460,14559,0.006271233572115338
461,12412,0.006943284895157776
462,13451,0.019826871819009086
463,57381,0.006887476469007767
464,58246,0.010155877168237445
465,15921,0.011955295294613399
466,75001,0.002923445384077441
467,59386,0.0049771281855362694
468,68024,0.004860319479192994
469,79609,0.017731974559792266
470,44917,0.010522388613192251
471,63453,0.007635735553449211
472,71010,0.004403706070395646
473,93110,0.0064121255841788575
474,73712,0.005734735354245605
475,92113,0.011115487281240122
476,59892,0.013978749940976178
477,67648,0.006517777683292605
478,67333,0.005331496679837214
479,6564,0.015341474935051459
480,5646,0.00670000352061802
481,91764,0.0056915914081754095
482,6676,0.006120185052565301
483,83918,0.010189492687650716
484,7318,0.007411543087914723
485,74033,0.00876652218879832
486,39555,0.015186336132060432
487,64444,0.013456384689113168
488,13002,0.0022574788262937906
489,99791,0.009041853727431187
490,51326,0.01439503215434917
491,9342,0.006468528638539637
492,17683,0.00503662246357324
493,22183,0.012893737205370674
494,70908,0.004621178896357518
495,88011,0.005483716693098847
496,3923,0.0032897179432633144
497,82753,0.006541700106779433
498,72983,0.007847730348843823
499,64597,0.0033427014529608594
500,11900,0.004012184874143406
501,85169,0.006555936735001914
502,71340,0.014336841088357533
503,87010,0.01966954265548883
504,31215,0.0049869327932493945
505,53421,0.008685942314177231
506,73114,0.012777628336444694
507,17330,0.00434357372880749
508,37465,0.0037659795124334525
509,59298,0.006640453281276641
510,73698,0.0034210855744470055
511,65253,0.01830962613458565
512,35647,0.006482209428766443
513,81653,0.007194956577144256
514,25184,0.02185159555530998
515,36529,0.008010614070595709
516,60533,0.01970434647002724
517,55608,0.003642003396175636
518,92726,0.011217591062398318
519,14721,0.006415152219669954
520,11881,0.00609614694202671
521,27441,0.007969711040147202
522,90964,0.013389710761942626
523,76058,0.007522473776931232
524,68274,0.004696744166760914
525,17116,0.005650121710400642
526,3908,0.008087816055199955
527,99987,0.013954444277650514
528,24747,0.009196447149388646
529,43237,0.006226343845714178
530,60098,0.002792123967136619
531,17631,0.019105542762405458
532,24362,0.012361225060106848
533,47929,0.008576070128627954
534,85866,0.007926375543122758
535,86942,0.005800076659057664
536,17746,0.005613450072242343
537,4971,0.006062954186255781
538,77734,0.005864982179622068
539,9203,0.007388793614025695
540,91659,0.0066390492286229055
541,87739,0.004613874179056135
542,46578,0.005652773462244032
543,16501,0.008324332343695652
544,26791,0.018917246979375087
545,36631,0.0063554147726363405
546,38751,0.005227437771787415
547,77278,0.0057025713075234885
548,27708,0.018001444144514277
549,73702,0.006241358394598623
550,81721,0.009061881939335582
551,14718,0.016266958426311387
552,74234,0.014378932475980422
553,74608,0.007195201723597723
554,80538,0.005541472596256623
555,93913,0.03844719235928964
556,97601,0.011036091130884709
557,85889,0.015994530738246793
558,14099,0.010878513489752413
559,29753,0.020243526693111063
560,50849,0.00622649864477454
561,65057,0.011242411576486618
562,98522,0.006845091517513981
563,42216,0.004499388499336383
564,78011,0.014464074406747818
565,20307,0.003069799207672229
566,7975,0.004199036721675727
567,87928,0.0055942607175440695
568,62368,0.014913629466026911
569,52239,0.006256536672921501
570,10951,0.005666866735494879
571,53113,0.0039957425518391265
572,51127,0.005667060118013234
573,46367,0.006290813994361739
574,90180,0.007131175928211905
575,97009,0.010432123979796983
576,8843,0.007041802147422995
577,7623,0.007325814955182259
578,10433,0.006167377606061635
579,50554,0.005997338392770302
580,63687,0.008772078045305092
581,95897,0.005534665442676278
582,23180,0.010602506371863617
583,73646,0.005778533925704281
584,53925,0.0059647134361327046
585,32335,0.011669558660028813
586,78920,0.00997762109556163
587,12403,0.008627396682919373
588,5126,0.009253895570937448
589,18489,0.012061999894451291
590,76685,0.008293848594968142
591,83821,0.010082077279840049
592,30990,0.015006551101768444
593,71216,0.018139960093361635
594,20224,0.007405811591976653
595,12038,0.0101502389942156
596,53481,0.010864251549437754
597,25435,0.015352487031994044
598,78663,0.018460935264846344
599,73567,0.009250096654613606
600,57992,0.016307151992046732
601,30490,0.005948182418079534
602,77792,0.005120788925953783
603,70838,0.013506049301924401
604,64760,0.01565135685881478
605,57793,0.004659029712367835
606,89916,0.008527818044575251
607,30474,0.007942489074729856
608,14068,0.008513027230332907
609,54320,0.015987399122378124
610,6455,0.0041990585010521645
611,99192,0.006576913415242782
612,36385,0.005109509173961816
613,1975,0.0047643104728851094
614,47394,0.002853868936952101
615,88095,0.009935271613791982
616,62767,0.012232141220944372
617,32763,0.012030774661364764
618,57542,0.00499499772167914
619,7505,0.012740043515331916
620,43889,0.014883634071047674
621,23479,0.006511830417137951
622,15012,0.006428294862090763
623,98737,0.006072842196788966
624,18266,0.00838309854083815
625,26353,0.013027586652512515
626,98001,0.027343864087683155
627,12913,0.012657167734217878
628,81444,0.012734882869784196
629,87614,0.0027193896017857298
630,77027,0.007255171517194663
631,16222,0.013109729829976217
632,31003,0.012023408851190907
633,89605,0.003943976476676457
634,19994,0.0054535305708933845
635,7341,0.02154276536601662
636,13053,0.005689832539420499
637,95106,0.01026553043176356
638,87823,0.020845977785589304
639,32182,0.005384604100844695
640,38025,0.003638049981295092
641,17541,0.0019022321391662562
642,18591,0.006203497226084558
643,88658,0.012352437572527183
644,27593,0.013157735964422847
645,44776,0.0027576665651320434
646,45061,0.004437413499994428
647,24213,0.008621245345868155
648,2895,0.003924284685443926
649,8422,0.006825786135968235
650,94908,0.005943899271362761
651,81298,0.01014290398942904
652,91256,0.005737408320689551
653,91565,0.005939042988285581
654,79277,0.03032620592942799
655,14814,0.005485451210286912
656,68415,0.003215527099364823
657,89773,0.010359789353354049
658,15847,0.005646345004847618
659,74622,0.0061786237986214505
660,8184,0.015388992861843339
661,46654,0.03844887684685617
662,43715,0.015532698686132673
663,6872,0.022167084721830373
664,2754,0.007875527364765376
665,41999,0.019129960400657474
666,56148,0.012399058701093363
667,98829,0.004511157651491959
668,99999,0.01971747381776273
669,82977,0.008751924333119002
670,36181,0.011094387146566355
671,64267,0.005580638518696009
672,54967,0.005460397572569695
673,39681,0.012732942690839398
674,38875,0.010400705918762142
675,26105,0.006829968060316804
676,22656,0.01762476546872222
677,31688,0.011151771862274612
678,19257,0.007526525996376526
679,82417,0.006492585302584576
680,49438,0.00697288554079587
681,50318,0.008952731390676729
682,86377,0.006521316557615752
683,98075,0.003914841733568158
684,4545,0.009565911775235386
685,65419,0.023070228289676503
686,29430,0.00513645135120966
687,79817,0.016224159011352678
688,27193,0.010450214569293898
689,82238,0.005984265628513117
690,5226,0.010111713205320874
691,28048,0.003638657165037744
692,48487,0.019459540402062433
693,34986,0.005356221818774097
694,32229,0.005435680546224839
695,62479,0.004523424376117412
696,26549,0.011098991611520202
697,43550,0.004427991417596472
698,1798,0.005977156610839267
699,68798,0.005534491205426626
700,52371,0.007771293598637664
701,76121,0.004977273062869633
702,77394,0.008597257456416457
703,18682,0.0058441684748533375
704,46226,0.004195741569651876
705,21467,0.0088396325881483
706,66054,0.004558044467968919
707,19977,0.01204049408784875
708,60694,0.007383544594881452
709,77987,0.004762484058336456
710,5778,0.0034639124816002614
711,10514,0.019304103870503988
712,8526,0.0065770603201226515
713,72760,0.010573320067905824
714,88462,0.008920392643903296
715,22952,0.010586230672154197
716,73061,0.003916899800073405
717,40776,0.008534310625556357
718,39263,0.0057445067497597126
719,9651,0.009892237300755904
720,96896,0.004433824367315892
721,26017,0.010186502188009507
722,86221,0.006544219145001108
723,46803,0.010860527888756116
724,15854,0.0037035648600780725
725,73440,0.002885404746399477
726,42342,0.0073377950341571
727,99286,0.01590716729318139
728,37742,0.007452778386270427
729,27206,0.010461394307306884
730,37517,0.005291073054023553
731,61554,0.01018099209639129
732,25239,0.013006594484425135
733,39169,0.005240677301402043
734,14104,0.018730278778574975
735,51754,0.013061893794292893
736,54463,0.0037241588353872797
737,16289,0.007846670665902188
738,7065,0.011606593542448803
739,82552,0.0034125034547958294
740,26447,0.034432573309815515
741,86081,0.011875065213188662
742,20273,0.001894563572158279
743,3973,0.006455795614700218
744,7592,0.0069945183948230925
745,62822,0.004908945670523658
746,23531,0.011698251715748488
747,27705,0.020565361327875575
748,74317,0.007272659717610382
749,64695,0.008930565856375245
750,56795,0.010323583689935528
751,88338,0.005911374703505742
752,86772,0.00601000676202876
753,73610,0.008018493295833729
754,40781,0.01223559292162317
755,95838,0.01239976657898582
756,51300,0.013590781651643112
757,16227,0.008137281237044705
758,91017,0.015568179098438214
759,57678,0.008990478047375114
760,78513,0.009935170173330257
761,85497,0.01931664054195457
762,15965,0.005271130311022467
763,27090,0.005328500307496194
764,43434,0.008147141668755619
765,44368,0.004606816724117798
766,87865,0.014783653074473739
767,68087,0.009269709118636574
768,62717,0.005800490859672475
769,8251,0.00504335212198192
770,45875,0.005073499789345444
771,37140,0.011819869365318566
772,50738,0.01057977557900028
773,44316,0.039744499784410865
774,88260,0.00921063136678664
775,78882,0.0039579466150859895
776,11779,0.015406334697060075
777,33251,0.013850239531146561
778,2852,0.008511399685563019
779,44156,0.005461822794692906
780,13051,0.01544285421800315
781,4708,0.03426735047329518
782,2520,0.012398833140954383
783,91608,0.005719632280028045
784,81099,0.004603770553248708
785,72133,0.008992709009489014
786,28719,0.004096725193106004
787,41272,0.017270935416799804
788,78185,0.009670170869892065
789,13291,0.007296424586047391
790,55241,0.01980179967717526
791,56868,0.0033921851547485163
792,49065,0.004787302428059137
793,35921,0.006442649834071005
794,46358,0.003488739872324142
795,64466,0.008214876485549485
796,71190,0.005517468565675971
797,22326,0.01402049875066549
798,857,0.012193905963332207
799,9361,0.017965132658039555
800,74528,0.01189294866491251
801,37110,0.009268902004911778
802,4084,0.007867326716664826
803,41397,0.0418851400767804
804,86359,0.011939877805111567
805,12826,0.018659039442356463
806,26365,0.002770340632916082
807,62491,0.010499249106410227
808,90182,0.003988354439660177
809,93339,0.010077006249502375
810,37424,0.011958386989094289
811,84380,0.005530325003108386
812,51061,0.004875061231840651
813,68954,0.005473307501755455
814,22539,0.008418037779171186
815,70247,0.007903206281638453
816,60727,0.015545176761253485
817,51249,0.005924452861856531
818,48785,0.003935184857884275
819,28759,0.010223667947105582
820,19034,0.010317246471773359
821,75763,0.006709551978983712
822,37093,0.011949993858420164
823,60349,0.008065771936420794
824,42711,0.0074954363867656155
825,86860,0.014125961202092321
826,91884,0.008181082833254548
827,17412,0.00553222105683422
828,93424,0.03674790194292248
829,82276,0.0022597245276330218
830,50513,0.008087207975766168
831,60617,0.009960247292252727
832,98845,0.0067211229792049215
833,51533,0.0047917518379547285
834,13590,0.0062005967350239
835,52939,0.006650652804619963
836,77530,0.00468817073654734
837,91892,0.008507833117431252
838,20828,0.004170177121350023
839,60600,0.006937156047275482
840,4207,0.005010783443930382
841,55770,0.016864554314707715
842,60602,0.002738428558921811
843,89318,0.005643348644024773
844,71814,0.025970866053046993
845,82041,0.009819378870240526
846,49784,0.011336127788505686
847,77060,0.0030001960637461842
848,56739,0.008626670859836184
849,67312,0.006461179910505062
850,21398,0.005471406567902903
851,15315,0.007070414679707572
852,12934,0.011394953997208076
853,63180,0.03197975838321927
854,40323,0.013067601350598892
855,91606,0.003118434265017276
856,87878,0.009454739476426386
857,59041,0.006094356612960216
858,54865,0.015721908261282735
859,76403,0.010096694425808884
860,48151,0.00832892632711835
861,45191,0.004562987133008144
862,56237,0.008429892532350523
863,45346,0.009856336887231332
864,28709,0.02529235710498479
865,45298,0.007972948044304505
866,25368,0.012763646204504724
867,55453,0.004059767524585768
868,1033,0.00721474430730729
869,3672,0.0123280810318616
870,64107,0.003356962676537908
871,50033,0.006131129711661796
872,83873,0.008175667980159791
873,52192,0.008081666365982577
874,60138,0.021309743467698036
875,6696,0.015433618825994012
876,50421,0.0039232788529424915
877,33432,0.008309773138973912
878,99564,0.009262501709144062
879,13441,0.0060861740682302485
880,94657,0.011931443465012143
881,49698,0.01718588279951125
882,782,0.004352949803164224
883,21406,0.008657523516627498
884,98480,0.015714854802192958
885,20953,0.008933812316735018
886,78013,0.004683095734881043
887,79691,0.009022057795434326
888,34471,0.00812954406501735
889,50453,0.007619703023187739
890,96727,0.014482706049787786
891,10001,0.010044157188777898
892,5986,0.01980906852956596
893,97045,0.014990653691433566
894,64190,0.01253609089498195
895,62797,0.005658671614283372
896,32929,0.009164660143048484
897,8806,0.005245943781965478
898,56093,0.005959320763421543
899,37430,0.013243537095956121
900,9578,0.009439887888440985
901,86582,0.018869004880694616
902,77769,0.005370255620111635
903,95928,0.01782863270580917
904,88848,0.013191709783173836
905,76820,0.01027554727673716
906,50036,0.0058945092181505
907,21477,0.017308762950882958
908,28902,0.007436377160937733
909,48257,0.008909295309756166
910,48428,0.016514311115316583
911,65555,0.011328731504015787
912,53008,0.002916578401841582
913,23396,0.009915346264839819
914,15595,0.011550620037540918
915,64877,0.007478094849534552
916,2799,0.005296699902972579
917,22568,0.006335596093966894
918,18345,0.006831951129675453
919,57043,0.008023783670979612
920,49236,0.008215877512230706
921,55330,0.008202094080573093
922,65344,0.004964368521409026
923,96702,0.0058889801550780566
924,17436,0.007640904174338576
925,86817,0.002285810501719771
926,78414,0.008238986953061257
927,78891,0.0075138847570826615
928,21339,0.0067333523531888095
929,48853,0.014753362869105923
930,23189,0.010898639827161195
931,60356,0.0064174447539624676
932,32863,0.013379635013490137
933,86185,0.009380404622982586
934,23021,0.005750494598826029
935,74446,0.01486257662510369
936,37567,0.007010861153298216
937,79649,0.008982886164579517
938,30134,0.005129290788580919
939,96357,0.004013758847410915
940,48016,0.006365779078936862
941,65732,0.002685664107894609
942,72560,0.002672139365212028
943,29009,0.002228200313185763
944,65123,0.0037715703524441166
945,85652,0.013904918592816989
946,57219,0.008238638787814076
947,89519,0.012072055513740878
948,16574,0.019813216900865845
949,49628,0.015590209794797439
950,21342,0.015437972087345809
951,48868,0.012143318200072865
952,6309,0.004061824531783119
953,63394,0.004238964983953126
954,82773,0.008574166318515871
955,52389,0.022863575407360545
956,81577,0.011142882107700031
957,50418,0.004478125713023124
958,37644,0.003921041840044794
959,56629,0.009711283176007278
960,6924,0.00933527306795468
961,48543,0.0068548807434609844
962,53733,0.005288160788873809
963,56789,0.0036530083081182034
964,17562,0.004527873156717831
965,65915,0.006457344890525567
966,51213,0.0027427839322106667
967,19277,0.009613492825645017
968,6701,0.004914466633042534
969,3643,0.0053827477946647535
970,37400,0.010352282943461317
971,39851,0.0043842360695079755
972,88427,0.004803781486167287
973,18703,0.009637805914848427
974,39893,0.00958730118631968
975,42110,0.0034678286290969035
976,32958,0.009903994228967712
977,14366,0.003989252593388582
978,96020,0.022805165541002984
979,66923,0.005761776733701249
980,66761,0.010281975016178321
981,10282,0.012416003714610466
982,47555,0.014119136523193097
983,30989,0.005325810085703859
984,96984,0.012205834302437569
985,37954,0.0038083151605681253
986,75463,0.01838041262879209
987,22414,0.004962581783973371
988,5490,0.00503165402411906
989,56408,0.0069158559426174835
990,59630,0.005732274122615535
991,12725,0.010225994430972267
992,45390,0.01068344263523853
993,23143,0.009457177976144565
994,36403,0.009213103589742193
995,10051,0.00859181472924694
996,65434,0.010406108647620576
997,30342,0.015064132858542077
998,31646,0.0073320569984198555
999,9386,0.008779177814810503
1000,22327,0.0042594120481584475
1001,8093,0.012450322377121783
1002,7276,0.00620345109887386
1003,59187,0.00744816788798275
1004,98568,0.013090097066720666
1005,70538,0.014625080176010734
1006,75945,0.02696567693674454
1007,18105,0.005692310165036308
1008,99481,0.030256721582775103
1009,65301,0.004787915364380652
1010,32735,0.0072924802078866025
1011,62191,0.0026735873002676196
1012,38889,0.011644486814185022
1013,14382,0.01312021356486244
1014,44478,0.004172906049099152
1015,39805,0.01436366379944853
1016,7483,0.004523701140076073
1017,76264,0.012319221902116352
1018,71021,0.005927448227843598
1019,91993,0.02292076278216708
1020,31440,0.006707535410206878
1021,67430,0.019563515584587698
1022,98403,0.005998364409437796
1023,74262,0.0028314473442266333
1024,55801,0.011703969082353226
1025,75148,0.009633929945718376
1026,85182,0.006162211940190173
1027,23130,0.004421770949238234
1028,47812,0.009777453471594014
1029,26250,0.006366376698620715
1030,54298,0.004862522621068946
1031,41052,0.012331814839997717
1032,38098,0.009406861226053487
1033,7081,0.005202237165807234
1034,15173,0.0030619382187267283
1035,57638,0.01290694090596617
1036,31786,0.0057318118482024795
1037,19500,0.0031346030114336523
1038,30971,0.012644517448128376
1039,71511,0.007052697576663975
1040,14700,0.004445382922001315
1041,48309,0.0028875718902031107
1042,73398,0.009328612232390617
1043,27606,0.010059246034424228
1044,68280,0.026661403009613636
1045,95168,0.017536597308723346
1046,38407,0.0039685123160355445
1047,78386,0.0023787835950644905
1048,96706,0.0038239012051961146
1049,7672,0.020459945220465042
1050,61702,0.00524136806814238
1051,86688,0.006535410790425004
1052,90024,0.01242191489698375
1053,36312,0.006973017174189109
1054,45073,0.010877660250350574
1055,81178,0.005947470557702093
1056,90760,0.012559494810216098
1057,4967,0.004050126137886253
1058,28859,0.018285200301566502
1059,11817,0.006584039221309085
1060,67053,0.004305787597174212
1061,16773,0.007875148656596288
1062,95398,0.007968170411338037
1063,68062,0.010018186270093396
1064,82562,0.010906142250924102
1065,28692,0.012828933039434564
1066,39754,0.008577534775486124
1067,12963,0.0032446839131319593
1068,37847,0.007441428043259844
1069,96875,0.006544810192635485
1070,25451,0.020106354089748594
1071,21963,0.016237457900948167
1072,45763,0.004628498440807757
1073,97825,0.007720142309137621
1074,38133,0.004304777849725046
1075,72190,0.002647685738977738
1076,91671,0.011199261716727402
1077,25226,0.008717516186136412
1078,87352,0.009441114938324432
1079,95068,0.01598934954751995
1080,30409,0.012501495267690043
1081,80772,0.0014128920824495374
1082,1699,0.011054851383227673
1083,29000,0.0034686997250182572
1084,60152,0.00746479823593043
1085,55415,0.009195912539459979
1086,35378,0.005418068341775425
1087,75136,0.019444691175733386
1088,33806,0.004743421656814564
1089,78043,0.008105814628735174
1090,24080,0.0028169432311545757
1091,18130,0.013859552951547402
1092,52285,0.010057123887774673
1093,68017,0.0087447346520645
1094,2781,0.005750158543057208
1095,19227,0.008579662029688316
1096,16814,0.005644924638997526
1097,27494,0.0072109340826679354
1098,64283,0.006090091693411501
1099,56143,0.027119278604008173
1100,69114,0.007918770245803109
1101,95064,0.006724483811994194
1102,57408,0.0033966320768316657
1103,99441,0.006627428446203582
1104,95979,0.014659911351350434
1105,11612,0.0130192326217946
1106,35315,0.006606125610670709
1107,43087,0.006394586583463476
1108,69523,0.004917345514606932
1109,17220,0.008173453597907707
1110,18355,0.008418713793890078
1111,68004,0.025774691018490985
1112,84141,0.005739244822438611
1113,32602,0.008961591549015222
1114,88704,0.009107963257101928
1115,62949,0.010752101959030409
1116,26453,0.008307381316163405
1117,1909,0.006942277618362022
1118,81875,0.010189780748319735
1119,48362,0.006745571027582142
1120,41386,0.010874969916763781
1121,67791,0.01104368718421592
1122,15106,0.0022929570526380345
1123,10351,0.007375861673435311
1124,48886,0.010226301550244586
1125,1299,0.011636835831757002
1126,94434,0.00930452313376191
1127,11123,0.007688616227861949
1128,80213,0.016023239228542336
1129,39376,0.003787321124638659
1130,57094,0.01769327328098374
1131,77610,0.00632851565310258
1132,43292,0.010270114184447822
1133,77480,0.009345520343369693
1134,63507,0.024342658860245
1135,129,0.007948931146694725
1136,31637,0.014472709566968044
1137,36535,0.014438229738726296
1138,68898,0.0034995348272220048
1139,4988,0.0053327128414498645
1140,9519,0.007919918585380135
1141,34056,0.014650194075162102
1142,79040,0.010472548813701386
1143,89413,0.004592144384042051
1144,89774,0.009261958002364486
1145,16223,0.012450031124793995
1146,91755,0.009212693144808055
1147,63441,0.005847694863827987
1148,89270,0.0067901329088619
1149,63706,0.00762210291716509
1150,99839,0.019445923997549616
1151,35729,0.0072672202236498595
1152,13630,0.009302131007224355
1153,28841,0.019032540079472356
1154,10041,0.00549277625233722
1155,10866,0.007704667632551364
1156,41139,0.003222094826274703
1157,1551,0.00863160500993074
1158,66716,0.019760689738442215
1159,34549,0.031142802226350814
1160,49727,0.009739857226596926
1161,16372,0.008227503089622208
1162,58227,0.005188715689957197
1163,98323,0.008514685946624925
1164,32853,0.004364241194641096
1165,40047,0.004850545870271366
1166,75233,0.006726690389130852
1167,70961,0.00555580623086114
1168,76947,0.0135242057505272
1169,61496,0.00547057187174013
1170,78283,0.005977197719543891
1171,64284,0.00756165183405599
1172,39259,0.007546197148441444
1173,77633,0.0092464687735698
1174,6019,0.015013073226672943
1175,44665,0.006342485235792209
1176,48810,0.013463632205439894
1177,18059,0.017626944626387045
1178,52624,0.025629331769592017
1179,19364,0.005186061753793356
1180,53091,0.007325297502645712
1181,7000,0.0217269452843138
1182,66949,0.006814359851583388
1183,12839,0.0059144847548153094
1184,34037,0.006461292888251875
1185,4834,0.01569464572124394
1186,40447,0.015525069480348317
1187,55218,0.015639654331318687
1188,4681,0.011091338768041218
1189,18416,0.018026260360053753
1190,35326,0.01065548553619242
1191,37888,0.006154564336330646
1192,9575,0.004369721008013796
1193,10003,0.005293272787359224
1194,91428,0.009716538428300375
1195,17512,0.011865892851286461
1196,27859,0.0035310695735484834
1197,59279,0.004729462442603005
1198,50988,0.00780610137343088
1199,31764,0.005287822152592845
1200,68944,0.008010878735549062
1201,72326,0.009220074130439586
1202,86145,0.01064816024636401
1203,62697,0.006172013701254216
1204,78997,0.008872393343314083
1205,26955,0.004303227200702561
1206,577,0.011571305869459952
1207,66065,0.005145376379222768
1208,95521,0.0079402224767768
1209,69130,0.007501664598990178
1210,25960,0.00846707043873729
1211,80589,0.005184566071996853
1212,63430,0.012796547636254242
1213,76745,0.012066744502830075
1214,84089,0.008495016136843205
1215,10407,0.007584537311706182
1216,56902,0.019299006423301686
1217,18128,0.0077768973007238005
1218,4138,0.006126929221327279
1219,27446,0.012885171902626476
1220,41326,0.01655746078227483
1221,29538,0.013531960040008506
1222,85263,0.012265556186047619
1223,497,0.009491022869182124
1224,69048,0.00551393262136995
1225,28480,0.005677193037102984
1226,77011,0.010202612977325312
1227,47244,0.006589031772889118
1228,57378,0.025372448870565147
1229,86633,0.006980285507802515
1230,84701,0.003144694515792048
1231,14186,0.011341347165525728
1232,35320,0.006704211249578456
1233,32870,0.0042278043143244345
1234,31043,0.005048370128804529
1235,8756,0.016824344515967867
1236,82225,0.007711551654198847
1237,98237,0.008055544776895717
1238,12732,0.009175873579346691
1239,28181,0.008697128920139727
1240,44438,0.008584367283302958
1241,43575,0.017764137278602668
1242,16659,0.008555906089697002
1243,37362,0.010334853899937246
1244,88576,0.008367134056166662
1245,74800,0.01592313846631465
1246,40035,0.010318612155424513
1247,38792,0.003983032976500014
1248,18177,0.007210114765930189
1249,60457,0.006031462425606407
1250,49524,0.003932204818072162
1251,83831,0.007426454137876042
1252,25954,0.006960873014484929
1253,30557,0.006421480587676496
1254,32537,0.00617122928775332
1255,40464,0.009259811293672907
1256,52462,0.007598692179947635
1257,43318,0.005918148559006049
1258,79326,0.014318096770973805
1259,77496,0.007106642049665119
1260,25143,0.012140297485733436
1261,92820,0.020098829058460305
1262,73484,0.007592283984188855
1263,18864,0.005888255723213609
1264,612,0.005799928290127293
1265,26965,0.01315931772868449
1266,18064,0.005856435758886178
1267,89307,0.007379602787006907
1268,5779,0.00959535509951909
1269,88257,0.015536976548360552
1270,69319,0.011427231369600138
1271,78881,0.015172012843067136
1272,85671,0.015740485739625686
1273,33624,0.008855217589633573
1274,30544,0.0188171737613543
1275,70517,0.008314133160392024
1276,22417,0.008052903881737902
1277,17934,0.006496265859368571
1278,70794,0.006674375626683138
1279,12286,0.01493006200944881
1280,10734,0.0060254486711767575
1281,71430,0.0053614061338659
1282,10579,0.00740489248349543
1283,49677,0.017782452263395886
1284,67738,0.004902265751004117
1285,27769,0.008878674109135296
1286,83276,0.03618269095336673
1287,20887,0.005797483909230716
1288,72388,0.024818435443870298
1289,51570,0.0036700965770408486
1290,25285,0.005658541376126976
1291,53330,0.00507280419944403
1292,46075,0.009736256129970205
1293,8670,0.005465813827827971
1294,21727,0.0064407447012094846
1295,60396,0.008334422757080451
1296,43923,0.00900213805361332
1297,12047,0.022323848256139624
1298,61923,0.009275527394755439
1299,17482,0.009359559533280479
1300,56134,0.00923652570516939
1301,42022,0.004700971740380347
1302,62211,0.00960940281893433
1303,51169,0.003714844343475315
1304,95971,0.0034875107356398156
1305,80483,0.006922260968170054
1306,81270,0.00573664816082215
1307,45601,0.011272544849208463
1308,9894,0.006879815116397051
1309,50428,0.00847489764889486
1310,45485,0.014875150746947624
1311,90342,0.009056760630756748
1312,21299,0.0044337099990888725
1313,90668,0.008958738035171575
1314,86334,0.019950992229425812
1315,68457,0.017007351064448166
1316,90505,0.0063315465892687
1317,12114,0.003283770836230134
1318,48152,0.019463252376962153
1319,17365,0.006102139764912359
1320,95127,0.015854247909711874
1321,94594,0.008054930479347007
1322,75350,0.014020266409878843
1323,20466,0.022578072341253363
1324,75507,0.007575549076700024
1325,97969,0.005325865141367664
1326,98983,0.008075038656519082
1327,16787,0.0037707223101787236
1328,20036,0.007338743834217518
1329,71182,0.0067587964121320725
1330,79404,0.003471163215092793
1331,1266,0.003616813083892327
1332,44595,0.01935319348086093
1333,48339,0.002730187225358301
1334,48088,0.0019606094270589714
1335,39648,0.018771557231782632
1336,24050,0.011784724274034025
1337,95180,0.020726954904788503
1338,96421,0.01595212013094249
1339,90270,0.005723618439166257
1340,36108,0.004988135787346996
1341,90317,0.005839553035646087
1342,99077,0.015844236281402753
1343,65347,0.00484765025467597
1344,83317,0.004655486716452342
1345,6177,0.01043011148980328
1346,72060,0.00921566520635169
1347,86836,0.010735243664533347
1348,53779,0.012733500335614583
1349,89901,0.006853534001248219
1350,29093,0.0048521482655494354
1351,17164,0.005971719156879649
1352,55381,0.013396374324188153
1353,91630,0.005896560972232944
1354,45707,0.01072538418497718
1355,55944,0.012969538295146566
1356,58625,0.01753839693889863
1357,21471,0.006369337053121947
1358,16578,0.005307424145494884
1359,23476,0.010190314992909075
1360,43039,0.012642339159321517
1361,58693,0.012392746656647703
1362,19792,0.014874288039138497
1363,93044,0.006260344901690139
1364,91812,0.003327716536783736
1365,87719,0.004302341614889543
1366,73397,0.013831820736862468
1367,34892,0.00558287323662356
1368,57181,0.00779143499116102
1369,297,0.0050275598386723686
1370,3539,0.013187848670063344
1371,66027,0.005684232729585
1372,80966,0.01648872332292322
1373,51023,0.017472793902291634
1374,37649,0.0065954853357932
1375,31160,0.007710626040028819
1376,8563,0.006008872744113363
1377,92141,0.01013512889042402
1378,57955,0.007144874224073451
1379,54003,0.016851710336798418
1380,87773,0.015375786898957874
1381,42902,0.010062520483521426
1382,58524,0.02218979371779177
1383,22834,0.006014253405972275
1384,27117,0.005789222640041698
1385,98109,0.004548406265114071
1386,60304,0.0123097071459576
1387,1215,0.016392186104024264
1388,69946,0.011166354988859484
1389,58501,0.006369323920282823
1390,2458,0.02449188481759699
1391,19137,0.004127780376611455
1392,63880,0.0020963232743235706
1393,21312,0.047057983184453644
1394,47585,0.01262879391240214
1395,76425,0.004949386337830203
1396,60894,0.0037944924784710818
1397,44012,0.0083572808072118
1398,1910,0.004986708596146012
1399,19938,0.006595951927815261
1400,16281,0.010289616805334566
1401,48442,0.004635291879037988
1402,42301,0.002492622324840741
1403,90965,0.006325321362262328
1404,73892,0.003867537824875437
1405,32141,0.005748702715504678
1406,92900,0.0032181004676638016
1407,30362,0.014946575908966033
1408,94786,0.006863869403531431
1409,37495,0.005811042202781528
1410,91160,0.00570913803733205
1411,18979,0.008039119034447761
1412,96395,0.010695001322807906
1413,54083,0.007411591383215172
1414,224,0.009810428431472083
1415,44280,0.007810615891464684
1416,25200,0.005246649269394265
1417,99951,0.007091977108774913
1418,62961,0.019487870334619434
1419,84875,0.004190298333843221
1420,28791,0.005278678378854495
1421,51662,0.00889024138135638
1422,92154,0.004775310744333013
1423,91449,0.007060307127841605
1424,75390,0.004893030585036522
1425,7937,0.047819208192886334
1426,8235,0.00861903683048528
1427,52472,0.010111898422849666
1428,99540,0.0029793629527258268
1429,39397,0.015598593428007087
1430,22466,0.00891039740575314
1431,22779,0.014225717179771738
1432,92270,0.01007203349805368
1433,54164,0.0077905356538209534
1434,84525,0.004646472677377857
1435,24233,0.0053767207037317185
1436,79320,0.012961893757336735
1437,15815,0.008010949000515286
1438,15155,0.015402111535827262
1439,66937,0.0037111728490789382
1440,8605,0.01930809862355086
1441,55626,0.008523641742572575
1442,74319,0.009909056888026724
1443,54982,0.009853120895964993
1444,53467,0.006658972204380788
1445,58668,0.011591713650490488
1446,51261,0.005743842656798643
1447,59640,0.004615375525238572
1448,66824,0.010775516294472477
1449,9278,0.006883869291590225
1450,17600,0.03936797514982952
1451,84471,0.006453365288810863
1452,13333,0.01569867219321637
1453,82627,0.004149868672137028
1454,10248,0.004791417920664426
1455,942,0.005255345711468266
1456,27351,0.01266636901277949
1457,48079,0.014732152229942137
1458,44914,0.007736245767859775
1459,61121,0.01757300561684759
1460,28327,0.011128577532854522
1461,69411,0.014459150567682084
1462,37314,0.00685553045744114
1463,97865,0.005340130108638541
1464,99316,0.009249174333249396
1465,50861,0.004070305255981369
1466,12568,0.005429477006112491
1467,45035,0.021854217741017763
1468,93073,0.008629224287400636
1469,76400,0.004892215712496774
1470,530,0.009370118677689141
1471,71354,0.009039091788652864
1472,70879,0.0047479304499405545
1473,78344,0.007852652915083323
1474,83693,0.012454709697001836
1475,68185,0.011113241087464577
1476,9238,0.004218770064886043
1477,46549,0.009229021695234376
1478,68697,0.00461546076382029
1479,80784,0.013093251870023977
1480,34214,0.009538672380607266
1481,21451,0.0181369959009581
1482,59395,0.028371952487843938
1483,73922,0.011258155836242446
1484,46944,0.00849230581090759
1485,37383,0.003232044829427156
1486,36274,0.003570519053968792
1487,89215,0.006490341669403123
1488,88343,0.0044936105407184
1489,14180,0.003901419470589116
1490,82785,0.003502716301509398
1491,59608,0.007451060411330722
1492,57110,0.007497564502439484
1493,75524,0.00900025524451465
1494,99425,0.003748648326308563
1495,20404,0.00341073021452563
1496,62384,0.008326401995340474
1497,92267,0.00586460708285772
1498,27128,0.026766796498099807
1499,86147,0.014700793819545926
1500,61788,0.008546105903866775
1501,1794,0.0032109603719976993
1502,65936,0.011985546522329738
1503,24487,0.0040670143453684126
1504,77860,0.005183986276299975
1505,32725,0.008541500962407526
1506,27113,0.026152362519502703
1507,81811,0.0071116167279181046
1508,89527,0.011529603661613555
1509,84232,0.005843571218179761
1510,41832,0.008877424894524453
1511,8760,0.0036000730189702647
1512,65522,0.006059547955412858
1513,65482,0.004400189467353793
1514,24802,0.005759298226865571
1515,19441,0.00512228963594643
1516,52673,0.00705275532944203
1517,40893,0.004525554173652193
1518,84835,0.005364584675796307
1519,28253,0.008395042832836956
1520,40010,0.008285991199921173
1521,85672,0.005397927008976766
1522,80594,0.004184551181494493
1523,19498,0.01136312052524341
1524,66715,0.013479975221287945
1525,41594,0.006912345049748395
1526,85196,0.006054916553891823
1527,81380,0.0043644279240343765
1528,32904,0.0036033074766739074
1529,22328,0.009512700202513366
1530,89709,0.006726717394058704
1531,14679,0.0056846711086838385
1532,80049,0.011538205084751273
1533,99634,0.003378410268148735
1534,58810,0.015282344743281618
1535,92568,0.014324642250246118
1536,53548,0.0068054975307205515
1537,65449,0.0030528122378025305
1538,49124,0.010903108440065307
1539,97098,0.00935219387915089
1540,33103,0.014856618547263327
1541,16122,0.004781530219525564
1542,62773,0.008945995416836335
1543,96002,0.009267343582369256
1544,666,0.003469236096061063
1545,3752,0.004460627140715524
1546,24528,0.009959409499752218
1547,62683,0.01230204061787592
1548,28299,0.009245701336742301
1549,17956,0.02309163969138535
1550,73629,0.019064197320089533
1551,65615,0.0020771172242453105
1552,14034,0.007444132217460245
1553,10714,0.0038986038581503555
1554,12250,0.012885206892185395
1555,56189,0.010747185881153334
1556,71392,0.019749417644043216
1557,22197,0.007332584919042426
1558,7822,0.013720238511331376
1559,79959,0.00788008098822495
1560,96564,0.01651111891197568
1561,80313,0.007595291416122628
1562,73738,0.00785867664820784
1563,97393,0.023284746112302572
1564,69273,0.003888332424176702
1565,46709,0.006187856579824083
1566,80242,0.017599686615357938
1567,96452,0.005712228113162397
1568,77671,0.01665806662234539
1569,78482,0.00444755700026131
1570,8274,0.010419817139427861
1571,69923,0.007229939277616163
1572,75342,0.004185712226828969
1573,61170,0.006932724098559171
1574,29797,0.0034897441416792754
1575,69076,0.006644770885842779
1576,95240,0.005576734986450141
1577,80906,0.005013821178494398
1578,25602,0.011717137943437027
1579,7028,0.007889096752250987
1580,82676,0.004599730805395212
1581,46501,0.008698498836021414
1582,99361,0.009892326408063052
1583,36758,0.006586912892708772
1584,59562,0.010941945472586371
1585,31813,0.015451185238960035
1586,36383,0.008244326174116018
1587,78335,0.012076653895977056
1588,88062,0.01187021296512392
1589,60706,0.018739489471759047
1590,48169,0.005085827734132142
1591,17583,0.009281639136612396
1592,34641,0.004985529602393533
1593,87407,0.005105033001453075
1594,76254,0.004310709698133932
1595,15589,0.013757662382754911
1596,2049,0.007823016689217732
1597,27764,0.012259716642610673
1598,32811,0.007180375954702379
1599,55209,0.0073135892612025445
1600,34633,0.006784479624830164
1601,34102,0.007794795324743158
1602,74304,0.0068437098653735245
1603,1001,0.007992052856092629
1604,80031,0.007383350525832356
1605,53988,0.012832537947214055
1606,48696,0.0038426410434049744
1607,93279,0.01301334536004416
1608,69782,0.0058787268266826745
1609,48497,0.014626922305311468
1610,71648,0.012229124728396212
1611,37445,0.015407203494839455
1612,14161,0.01465995661861059
1613,71438,0.005488483776803224
1614,52383,0.009550151587995574
1615,49235,0.007473569644082301
1616,88534,0.005111738674316598
1617,63923,0.013652588001169171
1618,97773,0.014765084604935603
1619,52678,0.0059347764112509084
1620,14766,0.011901843226500407
1621,75056,0.013470315678028338
1622,52972,0.0076083824626110965
1623,2938,0.005745882337517773
1624,48191,0.010146239738826184
1625,64553,0.010353797739590082
1626,71749,0.007483064960162677
1627,29265,0.012164912810302715
1628,29349,0.009898285799219638
1629,72637,0.002752570816111693
1630,11201,0.007214766106117076
1631,77259,0.01351644150121354
1632,85074,0.005817561942650987
1633,25812,0.004774368464900629
1634,75126,0.0066614162787446115
1635,53084,0.00682458125481814
1636,30,0.012651594235101052
1637,58576,0.015311205091551903
1638,29484,0.012481132901325274
1639,36929,0.004808009909251791
1640,62397,0.01608782221836825
1641,85988,0.003166721852931273
1642,85929,0.00249399796103599
1643,29697,0.0048957454853802845
1644,96861,0.006600785904280017
1645,30237,0.013363793333733665
1646,8261,0.006421428292451404
1647,12144,0.007542931924810349
1648,80134,0.005264210650265265
1649,80223,0.005559380379694384
1650,87019,0.008342053171035745
1651,49439,0.01371244493054508
1652,59857,0.0031963269193465127
1653,2650,0.006852859659636997
1654,87837,0.020692656945813036
1655,16476,0.006095698553298622
1656,93501,0.005213719498390276
1657,24024,0.007494895907405685
1658,26335,0.007645891075158157
1659,89756,0.0040725183314130435
1660,18091,0.010268931021426361
1661,12838,0.004769070226675102
1662,44649,0.00868130952373553
1663,27654,0.00490224664681656
1664,27838,0.011133033920925132
1665,15877,0.01380255557438146
1666,88026,0.006314582746024819
1667,26141,0.0072463802583878495
1668,23520,0.0047994474472931176
1669,41669,0.005217891084167485
1670,61282,0.006253896420383985
1671,78599,0.007982823342346547
1672,89805,0.010811548483981916
1673,53235,0.006114188132812308
1674,77219,0.007907100487926215
1675,66882,0.0030813498656910585
1676,12529,0.014305724838333644
1677,44146,0.00971178072268483
1678,48529,0.013307628556942425
1679,44333,0.007999288958664462
1680,66111,0.009467793958604932
1681,82465,0.004612803681265115
1682,68442,0.009533230054586079
1683,61493,0.01574115936138656
1684,5826,0.009097041561302206
1685,65715,0.010092381078854164
1686,22729,0.005519410433356107
1687,6822,0.006471339354528919
1688,45629,0.014073988584499148
1689,97563,0.014460076867494549
1690,67727,0.007361935057711258
1691,92969,0.010855733615580582
1692,59593,0.007283091941708517
1693,51876,0.010390200317737647
1694,41658,0.005662224896596544
1695,70086,0.003706971369154737
1696,77566,0.01397174403657346
1697,57373,0.007729302251844989
1698,5647,0.007529069280638402
1699,45119,0.005767914225658301
1700,19893,0.010194925251425641
1701,64800,0.005400637563431258
1702,97831,0.006592250246633253
1703,85884,0.005349202969496862
1704,18690,0.009847859984636213
1705,41305,0.00885874130355284
1706,84218,0.013637522418964968
1707,76979,0.014253033695633332
1708,40133,0.01793874152206386
1709,1766,0.010923520710867402
1710,32300,0.00968914525087094
1711,12098,0.00879158971394933
1712,40087,0.007462433027746595
1713,93504,0.012622725163501942
1714,34255,0.013810684180138193
1715,70314,0.005683310969578086
1716,92361,0.010034952760996663
1717,96915,0.007116478959046119
1718,31494,0.005690455990345689
1719,71079,0.003920430389421753
1720,41647,0.01509715798893624
1721,39926,0.005359252909222201
1722,93449,0.008976361835748084
1723,24791,0.006313417015383517
1724,34556,0.012762913330246121
1725,75266,0.01236174678259665
1726,48840,0.006292949546777341
1727,38819,0.025786162614875215
1728,88598,0.003773001930410743
1729,96274,0.016195315865946018
1730,96066,0.017229710287354885
1731,25988,0.00476203054769774
1732,35424,0.00973826713024899
1733,29725,0.011707432899082071
1734,6995,0.006927519706381989
1735,9996,0.0051302362002930415
1736,46159,0.009134313653314224
1737,2182,0.007740345590387013
1738,6826,0.014024187812742988
1739,99177,0.005725857432008862
1740,22804,0.0135858519741252
1741,81131,0.005963374897730778
1742,99098,0.004029777522223084
1743,88893,0.010179253678998657
1744,81689,0.008819050549956253
1745,86883,0.009500722286225123
1746,40582,0.025129598444551312
1747,91613,0.003975846149925717
1748,41456,0.009110409559626068
1749,76008,0.007719850576987312
1750,42552,0.005778917439704861
1751,39759,0.015370781788835757
1752,93365,0.006265799666934557
1753,99064,0.005906163303867415
1754,58819,0.011127400298006941
1755,68191,0.03257422752796717
1756,23799,0.003318071452106894
1757,99241,0.01602584633480105
1758,47448,0.008299643932964932
1759,4259,0.008907019689719891
1760,78801,0.011316716249208434
1761,80754,0.004195504420840712
1762,47533,0.0038714613737296432
1763,64541,0.006899264890603246
1764,48045,0.006686649035186105
1765,35280,0.0047352942678914
1766,28137,0.012944447324257438
1767,10006,0.018071171252563457
1768,46599,0.008226398195190204
1769,1915,0.006866758018566404
1770,71487,0.03308459171920632
1771,38622,0.019282346746373105
1772,45611,0.005158943578025186
1773,665,0.006665836460058766
1774,18509,0.004420164214850234
1775,43606,0.008446143890298206
1776,21115,0.005441528888633839
1777,62271,0.012255779553438841
1778,30931,0.03453838487097313
1779,30352,0.00983755654557728
1780,67044,0.006831045338285709
1781,40485,0.005372724169256574
1782,49599,0.004109643556938755
1783,63920,0.012075319930840248
1784,61708,0.014013773297719447
1785,58069,0.00651572377914978
1786,45658,0.007199160836811455
1787,35771,0.01558699395616483
1788,19681,0.023201087143518342
1789,54329,0.00804847212645168
1790,97824,0.05625837633144347
1791,46278,0.005614075561300424
1792,9565,0.019162838314457777
1793,76131,0.0296311568211764
1794,41821,0.005012941233313058
1795,27091,0.01750151944220148
1796,4216,0.00903418273796728
1797,98676,0.01456614867573619
1798,5579,0.007009531389140976
1799,10348,0.007365334735426901
1800,31225,0.009531259963572682
1801,78935,0.00487089658264253
1802,63381,0.005104168498531504
1803,76165,0.0067912253088140044
1804,46005,0.028427051277459158
1805,73603,0.015496379143711887
1806,56316,0.004835004388674476
1807,97003,0.004533846209306832
1808,46928,0.016955351695230443
1809,93690,0.004588133879667283
1810,67252,0.009434272150740306
1811,44875,0.003857998695876794
1812,88143,0.007116223175693991
1813,57839,0.012528452419167366
1814,51018,0.002859880699418535
1815,52180,0.010946647370753019
1816,10675,0.006289300509086287
1817,83996,0.01520234806968786
1818,85885,0.007650116752805023
1819,36899,0.02308389802072828
1820,45659,0.006567907935713411
1821,56812,0.019038400029764316
1822,28302,0.015007378185324605
1823,63948,0.013571122447211061
1824,92811,0.01084838439860602
1825,10534,0.005600990444725182
1826,45642,0.0032113845079791365
1827,20743,0.008084521003862883
1828,73391,0.005413253433185881
1829,9428,0.004235053685459878
1830,94807,0.015112966031908892
1831,48263,0.024479098767582575
1832,56000,0.006529328148123308
1833,35195,0.00853338347989244
1834,24710,0.009422589553171374
1835,33321,0.006846043831068356
1836,19222,0.008877862624462428
1837,94083,0.008567168348955757
1838,91905,0.004261095032221962
1839,19019,0.008516798160427356
1840,52609,0.008734975506826958
1841,19790,0.00691798712314127
1842,11954,0.009156155219537105
1843,7890,0.004912639689273119
1844,21871,0.009419223365114195
1845,87029,0.007942320766701937
1846,7702,0.005965214093623823
1847,54757,0.0063275612755260575
1848,78531,0.0069254147598913265
1849,3353,0.017485061531809523
1850,95599,0.007664411388234921
1851,98186,0.007581115380360815
1852,60841,0.018411687659003754
1853,70887,0.003917617961035893
1854,77317,0.004508216602338431
1855,97049,0.007574679026714189
1856,87218,0.007573044402185503
1857,13234,0.0028242916553357627
1858,48140,0.010147946879806694
1859,37333,0.008187979420808338
1860,51693,0.007633421805544821
1861,22567,0.004366809155867318
1862,29234,0.005577626565088996
1863,68519,0.006619082349285948
1864,77185,0.008418425628480442
1865,97083,0.014810163477615875
1866,68300,0.004538143267061739
1867,81365,0.02130842167595393
1868,61361,0.00824751184996352
1869,79376,0.01700106528752085
1870,89368,0.008252292544549534
1871,12340,0.017120827516397437
1872,40696,0.002350303586427577
1873,24465,0.007165227147467727
1874,66097,0.007713162122572529
1875,24212,0.010458239054704397
1876,13471,0.0054823180074931
1877,41243,0.010491947830387205
1878,55106,0.006950882640157456
1879,92284,0.0053219220665675394
1880,51565,0.004908490285901075
1881,56781,0.007668588239405256
1882,49324,0.006519472078750798
1883,14246,0.020107061020925538
1884,2186,0.006722572887049389
1885,24295,0.00813014970315801
1886,24440,0.013231990866839821
1887,24433,0.008091633473742104
1888,10882,0.010396901330274542
1889,19092,0.003990612429940675
1890,17058,0.004865430089423688
1891,34,0.011369392955512021
1892,22807,0.009565965479808518
1893,16380,0.02344760326963856
1894,98717,0.013091333222342676
1895,11781,0.005550056626739486
1896,35284,0.012405262258312228
1897,2446,0.010692742167216392
1898,62320,0.015656149521945478
1899,17368,0.020163624169397442
1900,49861,0.004810507374364569
1901,56365,0.012129975556042321
1902,22524,0.0053534010327213315
1903,70019,0.009039706305493875
1904,44831,0.015847534569001995
1905,68477,0.0041613182037921175
1906,20711,0.010645660172245937
1907,43251,0.011453419626733295
1908,34084,0.015873623971832725
1909,30575,0.011759596818793515
1910,36064,0.006830508651617607
1911,28964,0.0061858914906348095
1912,14670,0.006808038476614715
1913,39612,0.008111283687053468
1914,3080,0.005612703585221209
1915,9927,0.0052764224835563185
1916,20311,0.004315882791133556
1917,22773,0.004737930450420609
1918,18191,0.005022082438872569
1919,8870,0.004765435996968825
1920,52955,0.0037886973467097375
1921,74452,0.008450250426220036
1922,88855,0.00985373902890028
1923,66298,0.00552789083423471
1924,7190,0.002788445066377164
1925,41993,0.01853297912750832
1926,44334,0.012480121495951946
1927,40849,0.005072724744943257
1928,8117,0.0052973514432791465
1929,56871,0.006671730309379616
1930,92548,0.015034184390738206
1931,17615,0.006869969485580255
1932,40024,0.00796400641196256
1933,46569,0.006701116886913263
1934,89961,0.043469059465403255
1935,52319,0.005729846880085831
1936,10770,0.018198574167230225
1937,45154,0.006589409468472524
1938,50907,0.0054483847814132454
1939,15630,0.005872490637451216
1940,19721,0.007823747822125525
1941,25461,0.004215258533404244
1942,96745,0.009982243246498441
1943,55034,0.006881013643411517
1944,31423,0.011212008694236735
1945,32170,0.008030953628614742
1946,30764,0.006991020514342668
1947,67444,0.004654944977283425
1948,97805,0.01676798375112001
1949,55590,0.006275605929695746
1950,26419,0.006815523695647235
1951,86171,0.018190526156347357
1952,9992,0.010278971924285481
1953,50011,0.007272522102353183
1954,71640,0.012204160699388006
1955,16356,0.0065952962546263925
1956,19813,0.01853458268396445
1957,59214,0.006257444434785981
1958,53896,0.005248177431359727
1959,16630,0.005837234996472166
1960,45328,0.01070191961388843
1961,82802,0.009632421165295026
1962,53912,0.011956507315534
1963,78401,0.004486279036875594
1964,56116,0.01053696276243441
1965,66106,0.012759937598338872
1966,86122,0.007978804024500652
1967,74579,0.0034553160837113863
1968,22738,0.003803662451581126
1969,7940,0.0032675324364699826
1970,68332,0.00702675081453067
1971,37893,0.0040093459025810395
1972,45550,0.009495150307081618
1973,52360,0.014297744075027473
1974,54040,0.018802379157117223
1975,20246,0.013381745708523761
1976,87799,0.014012684022835876
1977,31325,0.007935335294373003
1978,37182,0.004467208467616725
1979,39180,0.008599918909814657
1980,58736,0.021321358326072782
1981,75276,0.004936869743289891
1982,52744,0.0037027685287952345
1983,60025,0.005797499769934288
1984,79611,0.04228717847932898
1985,82388,0.0036365338590633378
1986,3527,0.003622842157214825
1987,24049,0.007427904253403828
1988,70719,0.003344320178184471
1989,11233,0.015000010819615973
1990,87013,0.005814342454769572
1991,96602,0.0054503568515617655
1992,37067,0.014993174941017106
1993,29845,0.010989794154726357
1994,59438,0.0072451975165296984
1995,61605,0.009456479275910454
1996,97701,0.005554450066773604
1997,75269,0.006655088201508435
1998,39831,0.0033354834747548476
1999,33029,0.008542089140291444
2000,77891,0.011629781006324962
2001,93490,0.05233225752551929
2002,96355,0.004798620982848291
2003,93292,0.0060362304413953075
2004,23340,0.009595267207837144
2005,77035,0.00307034827526158
2006,38598,0.04419372743579672
2007,35586,0.033175141313118765
2008,97032,0.011245133205920707
2009,13556,0.007837179413998996
2010,59738,0.0058800520067912995
2011,94754,0.008845259376729463
2012,12918,0.018587059619938236
2013,74656,0.03295260011730142
2014,26831,0.003821082288318748
2015,79952,0.006277634352858542
2016,95759,0.008024182570681698
2017,23386,0.007729817983938887
2018,39423,0.006488009434416638
2019,7639,0.01389005041130954
2020,44399,0.010445315037538674
2021,26846,0.010739132978733995
2022,4619,0.014444193499878109
2023,86816,0.00557203632867442
2024,68730,0.017886477921088103
2025,32508,0.006682574432227437
2026,49287,0.003601889229570647
2027,34542,0.002721670412397943
2028,34231,0.007010205599311902
2029,10918,0.011512227701740825
2030,49073,0.004643805284274929
2031,68723,0.0042275737911563974
2032,51624,0.005188436706545207
2033,75740,0.0047237189723085705
2034,88287,0.008019556950384081
2035,87049,0.007305226675814843
2036,29659,0.012251973837948491
2037,29071,0.007142943241611395
2038,48645,0.01359064159551415
2039,67616,0.0058666465511152295
2040,41005,0.00630265618239189
2041,88129,0.008410886360482312
2042,88531,0.004269825498006465
2043,27696,0.013885133591587303
2044,17855,0.007753306823958159
2045,76978,0.003519327858239895
2046,24265,0.0074662807253466044
2047,2610,0.019872356806211498
2048,26428,0.005483097150273599
2049,20934,0.004856562660489759
2050,23890,0.016922089431325987
2051,24494,0.0055046305286678265
2052,80751,0.009406183107012963
2053,53293,0.01461746633362347
2054,54023,0.007360408312419776
2055,76230,0.010577178022156755
2056,10123,0.004568088805192592
2057,43857,0.004981666034238494
2058,55085,0.018589199442352582
2059,58081,0.014844550346841992
2060,49416,0.01285923715468684
2061,16311,0.016638796409811304
2062,32197,0.0035633291587522462
2063,83223,0.006399892624608366
2064,60785,0.015122109922225593
2065,46628,0.003034258759628345
2066,10004,0.009008713712715475
2067,45696,0.0071032916446397715
2068,26305,0.006634412853739269
2069,23056,0.005372878465141781
2070,97903,0.0057802019919763956
2071,44880,0.0046752532665975816
2072,89165,0.0024849791763755322
2073,42011,0.015634396252055874
2074,94453,0.005832934666876263
2075,71061,0.005826806158107509
2076,20854,0.015613267893065684
2077,34486,0.010662989986450652
2078,69098,0.0060618113832735885
2079,32441,0.010489083091827694
2080,45247,0.008946489347048336
2081,564,0.003943770664945598
2082,45966,0.006182725009133928
2083,38573,0.012352828803010057
2084,18278,0.007457923663443047
2085,59818,0.005743648208555691
2086,82153,0.018073137408986636
2087,57215,0.012280371856775786
2088,91520,0.00837228238971538
2089,73659,0.004724695184752568
2090,81988,0.005024296431497755
2091,17407,0.024556841778357926
2092,8988,0.009623528866725451
2093,83,0.007444368979981462
2094,69872,0.0022432002126499106
2095,10443,0.012629592669540958
2096,84019,0.015040253759745876
2097,54218,0.011359559611080781
2098,94344,0.0036095045785851394
2099,65937,0.004633858196780806
2100,41033,0.012069072050115587
2101,43906,0.004557869815070418
2102,4974,0.005260056828990292
2103,82430,0.004538955273958114
2104,92196,0.008066568571867386
2105,96148,0.018520148812888736
2106,45402,0.00811026992843458
2107,62676,0.00657476510604247
2108,88891,0.008020447111680954
2109,53368,0.00846303200420527
2110,44490,0.004624344252022755
2111,3774,0.00222271815106324
2112,10758,0.009432293735332794
2113,56666,0.012203201153563902
2114,45723,0.023126350407006505
2115,17009,0.004944255449808921
2116,40398,0.005741678579834793
2117,17853,0.01126123893441686
2118,28006,0.01533884569843168
2119,65083,0.008551427896565156
2120,89481,0.00565704131473473
2121,22448,0.007123552333705464
2122,53307,0.008618137712244504
2123,87770,0.02056333852818282
2124,25639,0.011921471677440221
2125,27167,0.004711145849463616
2126,56021,0.009543145840981867
2127,79517,0.004957869746239186
2128,5765,0.005660084773819695
2129,45646,0.006729800242301646
2130,10786,0.0025542269959238223
2131,10656,0.008637019701112554
2132,71171,0.004861069560106459
2133,71699,0.011741697834213947
2134,3063,0.014192301595745324
2135,27963,0.01268143012737071
2136,12890,0.00956551972838406
2137,56574,0.005661352258448396
2138,15599,0.0052733747267942645
2139,39015,0.007263420909693636
2140,30714,0.003505536450968864
2141,69187,0.012763132581315777
2142,21711,0.009494393265553295
2143,61524,0.007675465149268227
2144,7746,0.013229342538540485
2145,35745,0.004019165509770427
2146,43262,0.004795866004251288
2147,76359,0.013047884558222773
2148,40460,0.00874599854317611
2149,97168,0.007669409185740123
2150,19163,0.0027555938076114323
2151,27688,0.003944034981319531
2152,38124,0.010798938257973775
2153,34955,0.007165332551180764
2154,81652,0.014747645437275837
2155,3681,0.010647758523008682
2156,84364,0.009063370430659034
2157,56747,0.008207827385977693
2158,97535,0.008441373911953267
2159,16134,0.008316189697141043
2160,76750,0.004946485496056025
2161,54114,0.009849383317387838
2162,11150,0.00829203770270676
2163,2814,0.005301325651340174
2164,64789,0.007040274136403923
2165,41190,0.007363782489660799
2166,45978,0.00783393086440141
2167,47282,0.008035307244225989
2168,67051,0.041158291230950855
2169,85322,0.008983622426092172
2170,38574,0.010109551095019143
2171,48143,0.017158245253965157
2172,80653,0.016672422056899665
2173,31788,0.010903710705425913
2174,85221,0.004095652888663677
2175,86493,0.005292456743138692
2176,33155,0.007418541825313794
2177,71460,0.004368350839945363
2178,77575,0.007823311632287637
2179,86856,0.010875829376827397
2180,66987,0.006751631319573273
2181,59746,0.011211730183660326
2182,6536,0.007269005415707954
2183,59895,0.010609385810735065
2184,44852,0.009920428544784077
2185,88666,0.004095427106887899
2186,78245,0.003937005485831521
2187,11017,0.014388832363999696
2188,26274,0.004329741014337172
2189,80278,0.0051561239213049
2190,76086,0.008091046441377488
2191,6935,0.012679649078308888
2192,45893,0.005279303973859794
2193,3724,0.00789336826055581
2194,3514,0.009968050398613499
2195,17158,0.004424437013898325
2196,58111,0.007392447562567982
2197,23065,0.0032043575489560296
2198,78047,0.0056529588621946104
2199,42313,0.005432659768861511
2200,798,0.0170987612022236
2201,50387,0.004157111203033679
2202,78512,0.005420033652345621
2203,19206,0.03902761328616834
2204,68383,0.017152129366356187
2205,77785,0.004066998340130392
2206,36601,0.007924086795256136
2207,85725,0.0053304557006480825
2208,10517,0.0051733780539703084
2209,83190,0.009240865661495509
2210,74242,0.012555421919843516
2211,70773,0.024985958778652114
2212,34320,0.003826165835588648
2213,87399,0.013531372496123004
2214,84037,0.012740255992605976
2215,57813,0.00790514950889152
2216,73097,0.007165665653209798
2217,53938,0.004376925269265982
2218,62864,0.004748656219854086
2219,25967,0.009714976581485619
2220,97172,0.0052847387493808445
2221,17151,0.020678949594827543
2222,30318,0.007063928445262841
2223,58706,0.005529900509035464
2224,1976,0.019134790283565555
2225,50931,0.011172758790655386
2226,21017,0.012735705664433538
2227,7590,0.002831751630216218
2228,96146,0.0191389477321813
2229,22970,0.019121401997214876
2230,69692,0.0030478554594179598
2231,47726,0.011727848994561998
2232,61523,0.008889861947029927
2233,13612,0.0037018658655050803
2234,60240,0.038310442519651
2235,74618,0.010010223826566628
2236,26682,0.00415137140475775
2237,84244,0.029048587449721247
2238,7909,0.005898193393522176
2239,63761,0.022870474839957175
2240,79737,0.00477665441957708
2241,34876,0.010708375944473372
2242,351,0.005175052903701119
2243,52218,0.004317708260139989
2244,94050,0.0038091037542244068
2245,13906,0.005685551260909557
2246,97087,0.006490066734199503
2247,61095,0.004357289374960622
2248,84803,0.007353011390914486
2249,69839,0.007961423045156284
2250,44587,0.009955966931504457
2251,77273,0.007344874892774143
2252,2514,0.006690303683380852
2253,55352,0.014370009451398696
2254,76192,0.00510342136338904
2255,88510,0.01647869176806785
2256,31348,0.02299478026648722
2257,78979,0.007903065178861355
2258,377,0.0036187026505002094
2259,98799,0.005147263898453593
2260,55265,0.0061861663797620065
2261,34912,0.008584239733743112
2262,71343,0.004755681451562454
2263,45733,0.011027503349664654
2264,79498,0.004336722106636014
2265,85295,0.004814572622976321
2266,31912,0.0022361360549860484
2267,36050,0.006547394294346535
2268,2699,0.006310287711224966
2269,62242,0.005527411979187711
2270,85991,0.005591936845033832
2271,50714,0.012796052555329594
2272,24164,0.005734602583801698
2273,17734,0.008444564243467893
2274,30553,0.008809699610280372
2275,45353,0.006702075357384756
2276,12609,0.017751647351974133
2277,60216,0.004815757414505493
2278,35776,0.006225932140751192
2279,98914,0.005474097251887525
2280,48425,0.02157426262313766
2281,64523,0.006100489071677416
2282,23457,0.007819740851750386
2283,78637,0.00538730081218286
2284,68511,0.02094456307090494
2285,81203,0.042422445730977074
2286,53488,0.008374699628401313
2287,70968,0.00734433572588612
2288,18689,0.007557980699660084
2289,11556,0.020138637321766184
2290,62826,0.004420214478937968
2291,70690,0.003870193897286058
2292,28335,0.008420559689716053
2293,35300,0.005791422844436383
2294,93441,0.004753928326937396
2295,28239,0.007769384743784097
2296,94726,0.005442670500974551
2297,80884,0.006693913902465869
2298,70533,0.018701107175007278
2299,76643,0.007761090164945691
2300,94010,0.006847210830234581
2301,79289,0.004240787038162467
2302,19420,0.007784046045594199
2303,1901,0.007859777225765217
2304,96082,0.007137887716239862
2305,59810,0.0048111784119869855
2306,75030,0.004878102980206548
2307,46148,0.00643186823503108
2308,72941,0.0073175593026615195
2309,59286,0.007875361737224291
2310,20936,0.005634803027280982
2311,19026,0.005311918389368243
2312,50210,0.0061589519666454765
2313,56478,0.017968798538098206
2314,53646,0.004381879789125491
2315,94873,0.016564420713196137
2316,69664,0.01851080988394697
2317,93747,0.004956928457217837
2318,15501,0.008513299324425924
2319,13901,0.015016720145538578
2320,66696,0.0044658585196185475
2321,60567,0.03241211456800808
2322,38943,0.00850789925961332
2323,12006,0.00392237861376734
2324,77313,0.024936861200987693
2325,10531,0.005128714633613242
2326,39724,0.0016440822225674287
2327,46769,0.007381796929409082
2328,79764,0.00916639020695061
2329,55004,0.00477689924636816
2330,10672,0.00532489392778556
2331,50724,0.007796237249467177
2332,93613,0.02416596395307107
2333,75320,0.015261975764049841
2334,51366,0.035223227022301566
2335,69999,0.014181204711875754
2336,6709,0.0057389163725436974
2337,19661,0.021745037487914322
2338,48315,0.007747103167884954
2339,68217,0.008542519005363942
2340,10142,0.0074493423068930755
2341,78775,0.007607783516594447
2342,720,0.0059705231263984335
2343,60261,0.02992211850397757
2344,23231,0.007707948059501039
2345,50379,0.006443916153901693
2346,86090,0.007307250177998019
2347,21218,0.006162684417315377
2348,15227,0.013209232732859462
2349,45187,0.01962039346213883
2350,5636,0.006213796402768282
2351,93204,0.006800027440097188
2352,77600,0.010376910948611935
2353,61402,0.007133121513865008
2354,71444,0.007587586683484647
2355,57832,0.005477986955325167
2356,26070,0.015068304628818557
2357,26608,0.019294211766345905
2358,48009,0.009618775989815682
2359,53686,0.0029964129240178466
2360,62186,0.006293966658422243
2361,71815,0.007258962933727789
2362,45227,0.006279714025622961
2363,84120,0.005215610599324637
2364,19937,0.006117425861853532
2365,22102,0.010677918825263207
2366,74296,0.007381907588654866
2367,81914,0.009251380867796555
2368,84337,0.014158029783031392
2369,71028,0.0081439440287447
2370,21793,0.010851337718643175
2371,9566,0.0063370408191570395
2372,13543,0.004980853310883675
2373,78271,0.01623077914930585
2374,13286,0.006469264689388551
2375,20965,0.01321492567939273
2376,3175,0.0033751232191599877
2377,13008,0.005921279159646773
2378,51618,0.008778035564632584
2379,93521,0.00860736297751135
2380,4931,0.0032087976107370002
2381,35765,0.017559527530111536
2382,88600,0.00528609434671453
2383,23110,0.00533086090200458
2384,59251,0.00490602891491554
2385,64498,0.014855189585756656
2386,54767,0.006112308330889483
2387,67741,0.008459402889241154
2388,9939,0.01036533199646459
2389,82875,0.017419205479246816
2390,37152,0.005003740785471341
2391,68862,0.013402169527684325
2392,29847,0.015765085555350895
2393,88149,0.006512775722706173
2394,16768,0.004490665746273988
2395,39661,0.012591712518666164
2396,11049,0.010640529053738353
2397,87818,0.02792567541198836
2398,38296,0.014129187902234507
2399,35369,0.009027479955313701
2400,27003,0.008463922188074794
2401,18588,0.014090362429069886
2402,41540,0.004039765526165714
2403,21461,0.012549710919456478
2404,44037,0.00542539046303275
2405,86667,0.005570865298324884
2406,76451,0.01069103239482624
2407,55582,0.005503369521764629
2408,76771,0.0043119416824591
2409,35986,0.01580917141957888
2410,95201,0.0059678212300863405
2411,99298,0.013707855128624647
2412,30274,0.012140879881427778
2413,44366,0.003707156669782663
2414,82599,0.01680319726197196
2415,56774,0.01305692054453196
2416,85252,0.004757354368638092
2417,17745,0.002906611201422593
2418,41972,0.013728659630568966
2419,1152,0.007338918574076051
2420,49655,0.010986032685497483
2421,47841,0.007963274952535838
2422,52733,0.011914592644111825
2423,84278,0.008979964802137065
2424,58239,0.018759144800726813
2425,3163,0.008426040753454
2426,26276,0.009319312110556997
2427,9472,0.008158977309097447
2428,77908,0.0023693049893178594
2429,84607,0.020863587391152565
2430,95092,0.005356159748002158
2431,70107,0.004776671224584771
2432,35565,0.005106877736282719
2433,3455,0.008211692632502897
2434,52644,0.02134573776848663
2435,34590,0.006407191839363048
2436,9153,0.006078500557863409
2437,8825,0.00531848540133663
2438,81410,0.007177118644942108
2439,98420,0.004477113406344656
2440,6644,0.012421552857102178
2441,19758,0.053906440948765885
2442,25136,0.007418629576481842
2443,36862,0.002817622705936184
2444,17877,0.00639610851581201
2445,77162,0.005922491339882928
2446,11528,0.0031060546466170477
2447,64431,0.011105199753342489
2448,38914,0.007041472632809657
2449,97208,0.006545181994879037
2450,88504,0.025565240050544974
2451,2571,0.007696733762128848
2452,3092,0.008197080978681172
2453,32445,0.009935595061025277
2454,22585,0.003462926305831976
2455,21138,0.0038946432529014833
2456,98688,0.024464854893593832
2457,2661,0.0035464469196519457
2458,36847,0.01797058187632668
2459,93105,0.015539362661196746
2460,19663,0.0036080682909700634
2461,77855,0.012327298124754554
2462,58068,0.004687259156435148
2463,38611,0.006362388932668307
2464,96754,0.007121589399457938
2465,53356,0.006052529891389728
2466,35746,0.01963072405695063
2467,57292,0.003887431523292003
2468,97070,0.005065407618652396
2469,13663,0.00519069845857682
2470,69632,0.013269502157950362
2471,9590,0.005466987117792578
2472,35694,0.008360619058048607
2473,39005,0.004619679596924851
2474,31517,0.016331674818269543
2475,72704,0.009953739582654518
2476,51446,0.00814449713623775
2477,5289,0.01281628547235818
2478,1218,0.005260986922669018
2479,65881,0.03341190583766568
2480,87149,0.01446915047327721
2481,2429,0.00895344750968129
2482,76967,0.006013640214505437
2483,31405,0.008881315416381493
2484,88876,0.010887366098693696
2485,99334,0.00958604172142425
2486,24858,0.01010092421930157
2487,65694,0.018520025731265058
2488,1296,0.008393263771691598
2489,3074,0.006885730640209634
2490,85470,0.011469146430695847
2491,7530,0.007623448131488927
2492,66624,0.0098109799914884
2493,3227,0.009574069361927314
2494,26158,0.006137513334059688
2495,92681,0.002573906863517498
2496,74932,0.0033221193565427915
2497,38597,0.0060789134327056595
2498,74062,0.006980703522101506
2499,31577,0.010443497575577878
2500,46158,0.012145201233751943
2501,74160,0.005671040665462937
2502,96970,0.018490075195263692
2503,84824,0.011693913763851468
2504,10115,0.009510508954769395
2505,55950,0.014104380335285703
2506,70195,0.024470916849023455
2507,3415,0.013122482486257293
2508,47364,0.018023300531037508
2509,76245,0.004288718612543104
2510,87906,0.007766787849190004
2511,27964,0.009531075121756936
2512,24837,0.0043907955444574855
2513,28920,0.004298068038058371
2514,71643,0.025698968981916356
2515,75688,0.01219524956689009
2516,8293,0.005870891831848026
2517,93018,0.0033418469579749614
2518,94498,0.0075548534525629605
2519,31598,0.009318502670364506
2520,62616,0.005456120619409215
2521,63637,0.010562173806957127
2522,54193,0.011356295714027902
2523,2867,0.01595065936646755
2524,23495,0.006668511577477385
2525,96311,0.0029459449544663417
2526,99442,0.007351489139960716
2527,85945,0.011775967646436588
2528,48217,0.008530660822774972
2529,25488,0.010073296112652678
2530,31645,0.0042358698101766755
2531,21816,0.013467720911967889
2532,12822,0.012753530514471041
2533,91877,0.008483260597138158
2534,23618,0.00838988317622594
2535,49280,0.004686113167851326
2536,802,0.006582113141444663
2537,2862,0.008446801561082067
2538,53349,0.014208632506488579
2539,60012,0.03114592835670615
2540,76411,0.010631731358914678
2541,62932,0.004909256601275813
2542,58344,0.014088597224511726
2543,35220,0.006053857349115741
2544,47083,0.008394266691723383
2545,93345,0.005510319339119312
2546,61782,0.007689711652178498
2547,73889,0.05174543769227373
2548,77819,0.004105753836541373
2549,40545,0.004773685938470238
2550,9908,0.024382038097059276
2551,16101,0.006345552084362334
2552,84277,0.011412681473350358
2553,63828,0.017213854910316843
2554,88901,0.009843025848815488
2555,33210,0.012736244107705028
2556,86746,0.0051539691629309175
2557,84108,0.015300376401652816
2558,93544,0.012248260499434662
2559,24502,0.005599916986944654
2560,72067,0.007140459488752294
2561,66265,0.012438299895285766
2562,77989,0.00866264294654351
2563,71926,0.010561416564758938
2564,41481,0.005344802294859891
2565,82427,0.009879158397680825
2566,37196,0.018947788925293696
2567,2837,0.004021555226090143
2568,54390,0.004706174131412132
2569,85731,0.0037614216477568777
2570,79758,0.007958531899001952
2571,34098,0.012778580056429472
2572,93493,0.004153658637242325
2573,15110,0.007114579016941172
2574,71064,0.0052248716336826696
2575,64237,0.015523697882781467
2576,24485,0.004072024475632233
2577,70511,0.009702280274158698
2578,49835,0.011294875814619285
2579,14404,0.008492765531220076
2580,8348,0.0074594426856095875
2581,1132,0.008743607870749553
2582,54682,0.009467660338285527
2583,9129,0.007919199958199521
2584,67504,0.003838693118184752
2585,6182,0.010216626351397282
2586,23203,0.007277044057716202
2587,95525,0.004570576594656612
2588,31546,0.006561296771503741
2589,8805,0.019539638292993832
2590,80028,0.009013032783965962
2591,63586,0.007201149766494457
2592,83476,0.012507834675086933
2593,73380,0.014680459372828893
2594,78198,0.01259287413448801
2595,61556,0.026448836866524092
2596,62488,0.0038489993137958314
2597,89747,0.004831579807528181
2598,6969,0.005061022981718475
2599,75787,0.013940699368806285
2600,83546,0.00874432158517301
2601,10175,0.003608481490209891
2602,29928,0.006155756869553358
2603,35507,0.012132134531720308
2604,50620,0.0037155349619880794
2605,34570,0.005262941715235088
2606,47992,0.013509203013832093
2607,75656,0.012035963600570505
2608,11310,0.013174996310429146
2609,11879,0.005238624452920481
2610,96537,0.006373457206223837
2611,71471,0.005536510181383617
2612,85136,0.008265433078165376
2613,29130,0.010793664716225513
2614,72587,0.017789686001215235
2615,67157,0.03045402650241114
2616,70090,0.0068658578968091456
2617,5685,0.0068917315594366185
2618,12104,0.0208569929419683
2619,82265,0.007071095477134278
2620,59695,0.0026388599160885938
2621,90572,0.004859814357795052
2622,32465,0.004240560814805985
2623,64536,0.009561447144357253
2624,15998,0.011386001417981588
2625,24704,0.00572716819851459
2626,68922,0.0069536605172023334
2627,64588,0.005474177246089501
2628,59741,0.006277352649725616
2629,39103,0.007584110741667096
2630,60341,0.018704187557398895
2631,49218,0.003928479486454242
2632,1436,0.007420435288182396
2633,58420,0.008503854381847711
2634,63266,0.023760575353218235
2635,70002,0.0091346111463859
2636,85806,0.007467626713643111
2637,97454,0.011380115723670339
2638,82235,0.00807367680269821
2639,8539,0.006500756648185969
2640,71317,0.009767295544616323
2641,12998,0.009373984028346553
2642,29026,0.021144345025019683
2643,6864,0.009963568624769976
2644,87391,0.005421488160148896
2645,35343,0.0053123979656962425
2646,15416,0.006342326049274287
2647,39001,0.00768659391873568
2648,43392,0.008036717447379056
2649,97765,0.006710274536697055
2650,54043,0.004588509409338701
2651,36102,0.010105006144256037
2652,76890,0.020753295499465026
2653,1510,0.023602863576872614
2654,74000,0.008504989721943142
2655,67710,0.004414982375029913
2656,48797,0.004863778810438656
2657,51083,0.011658752055543078
2658,15468,0.013211585884777123
2659,65710,0.02198363028718899
2660,460,0.009003599474751184
2661,30107,0.0062771715375533
2662,12202,0.006900840700788722
2663,34682,0.009706956764945795
2664,23610,0.006095828500299521
2665,13259,0.020233935069854166
2666,45251,0.010139835094677469
2667,94086,0.013440148131510314
2668,44855,0.004364466790808547
2669,58826,0.008841807861943196
2670,47855,0.03356726774913457
2671,69884,0.0055184854491714804
2672,97081,0.0051377069444229675
2673,76916,0.00989135173275429
2674,36622,0.009271496404389616
2675,137,0.02507517662076722
2676,1755,0.008261253267927177
2677,38478,0.012467761660798021
2678,97521,0.005138860890036097
2679,23593,0.011574309972136565
2680,30961,0.007162053978954937
2681,30430,0.005475069365115461
2682,66998,0.00469339421202287
2683,77534,0.017844353487378565
2684,23018,0.005199806100779067
2685,42733,0.005243529716677395
2686,70706,0.016980863672369347
2687,38211,0.00611724830231865
2688,48574,0.00677894969635825
2689,32618,0.019737503592327343
2690,33153,0.021538866309159247
2691,5450,0.0072629020288711
2692,65911,0.0194993569152014
2693,68861,0.013621926551065654
2694,44969,0.01124918451251563
2695,16626,0.004956445488799493
2696,8177,0.015962761785949395
2697,84609,0.006380336993380886
2698,94723,0.003574304276862397
2699,44158,0.03186489161834628
2700,80218,0.0071362454072273415
2701,17193,0.012228289644896875
2702,81848,0.004786718265145506
2703,23893,0.019655746576340363
2704,20031,0.005974050596707459
2705,20917,0.016285104195390677
2706,44985,0.014292589785043448
2707,81065,0.005271384638660443
2708,59955,0.006423346134485401
2709,34891,0.0060681708729829805
2710,6235,0.0073207087762988746
2711,32284,0.004294827462946307
2712,63965,0.0055054996744076925
2713,30665,0.007227155665646292
2714,98834,0.01168204021651004
2715,43473,0.005494723536672119
2716,7791,0.0046290325709106
2717,67803,0.0116119376561456
2718,96918,0.0047100974712650946
2719,29154,0.005097422660482744
2720,85238,0.0061722036923011914
2721,30589,0.004938492843339884
2722,94208,0.006892586521302159
2723,54946,0.01220656110355925
2724,56939,0.005675497112012861
2725,27812,0.005457448139181137
2726,14810,0.020190323727859557
2727,36338,0.005220996715400636
2728,38953,0.007445412468453178
2729,87442,0.008209417972045538
2730,8217,0.0067111789238548615
2731,487,0.0038346138877184245
2732,12469,0.01185606138989381
2733,54451,0.011903521818004425
2734,39749,0.003551874857225513
2735,57582,0.01090465570145804
2736,78394,0.013186161812974216
2737,6500,0.019855880908502262
2738,59831,0.010176883071221849
2739,4198,0.008036042730882018
2740,4490,0.004011550189228134
2741,58632,0.01094319288841164
2742,59288,0.011232656794758444
2743,57819,0.008853032029182207
2744,64728,0.0072616491639271655
2745,84373,0.006875265618437355
2746,35065,0.004138896684348784
2747,61256,0.005398873440315729
2748,93826,0.01123171552317169
2749,53062,0.011294534490180289
2750,80426,0.008708755705242856
2751,36517,0.004110388806530326
2752,32083,0.005330597349625443
2753,51295,0.003801617977757495
2754,75549,0.008898234539552217
2755,36093,0.007847031172140756
2756,14837,0.009473045038038794
2757,11297,0.0035192837836270155
2758,36834,0.009318986857429719
2759,99842,0.014235866056409266
2760,5715,0.017660914778222944
2761,16855,0.005387167872817092
2762,21211,0.03845302161648193
2763,3782,0.013554692776737586
2764,77781,0.006167802018312533
2765,21053,0.007606587202675174
2766,77623,0.006918866435788105
2767,2381,0.0152103355810593
2768,76353,0.009557196696863038
2769,83131,0.006678490684868476
2770,69441,0.004733856018425143
2771,71,0.00490747727170443
2772,17547,0.01298063470225629
2773,92586,0.011272702258511586
2774,38274,0.007142952798582472
2775,93016,0.00559756238777882
2776,75377,0.008399118304232489
2777,71303,0.006381108654570431
2778,93571,0.00456554057059408
2779,99147,0.026599751418666634
2780,17794,0.007233531670027379
2781,66894,0.004952384958700939
2782,90871,0.002534747400857228
2783,88646,0.008315855049098361
2784,71016,0.024386170280146852
2785,33787,0.0049315479245915315
2786,80757,0.015163584480787643
2787,4171,0.004768173692631982
2788,68752,0.0060504684141941215
2789,635,0.0023189325902014473
2790,48014,0.01556497853838527
2791,1736,0.005594972457376432
2792,77688,0.004600762653171878
2793,60121,0.007312968742373615
2794,8890,0.024719063078050864
2795,48050,0.003595396064898206
2796,60920,0.004370306838785886
2797,20445,0.0032197892001006017
2798,78728,0.00465219824418694
2799,55126,0.013507355783504559
2800,64372,0.0054826436362490375
2801,37061,0.009306280862363438
2802,25815,0.011031106920801911
2803,51755,0.009078884879830197
2804,34901,0.0036460291304333528
2805,85379,0.03676240487810054
2806,12024,0.004834896148780029
2807,3377,0.006401667321308601
2808,8154,0.005380740953017838
2809,55675,0.024188580272700072
2810,8311,0.01089916910782228
2811,6749,0.006142327376527882
2812,14497,0.0050081393263071376
2813,78180,0.012390608234618537
2814,43918,0.019981408625587064
2815,10588,0.014255407333745224
2816,35461,0.0034004216708594173
2817,77733,0.006515429624910514
2818,82814,0.005673792774863769
2819,9476,0.011758321517651075
2820,29992,0.08500585576895882
2821,40795,0.004761038615462426
2822,93494,0.00799511319366764
2823,45066,0.0020029467780466586
2824,72741,0.00478499784621233
2825,16708,0.008531312280099903
2826,47409,0.006221578605237914
2827,5015,0.006853053209288429
2828,54953,0.005671852863756696
2829,74824,0.02490765285628328
2830,4858,0.006859801431518365
2831,34387,0.010490403281933552
2832,14487,0.0049491181700181625
2833,85831,0.006935714534719026
2834,87795,0.006490685351167022
2835,4996,0.007618576645668462
2836,42084,0.00951228387769162
2837,75519,0.006772702480358878
2838,88354,0.008350595401191813
2839,94887,0.006502351674903863
2840,26759,0.010397751492783694
2841,30007,0.00401756387808724
2842,27506,0.021145473775213315
2843,47877,0.01288584327741894
2844,90966,0.0030196541501447804
2845,48481,0.004144984176128221
2846,34378,0.010771729431278463
2847,86025,0.0053864521500242655
2848,98319,0.013987420290532758
2849,24590,0.007396125064682221
2850,29718,0.007083110999860229
2851,48382,0.003990845897938909
2852,20263,0.004262290569818245
2853,30001,0.008741412120252394
2854,24852,0.007377328504697052
2855,10682,0.003216225595284397
2856,35604,0.01229114325847238
2857,72639,0.02091017162481445
2858,37692,0.020498235542035254
2859,85757,0.008618279457845001
2860,1592,0.008203580675565814
2861,49247,0.007096487378900333
2862,24771,0.01743396011943343
2863,40335,0.0044670181654069
2864,11047,0.012103837841530764
2865,11603,0.014083912220393839
2866,93897,0.012454514570028547
2867,13010,0.009686090628571929
2868,58216,0.022688471353431616
2869,84076,0.01034656428243664
2870,33010,0.009529509747213906
2871,74737,0.008661694054980336
2872,43623,0.014680583625447217
2873,44459,0.011415090890719369
2874,36759,0.00933933151853078
2875,39809,0.015097410991489573
2876,32636,0.007957381398413248
2877,72881,0.04807493662878415
2878,98924,0.012613087652702762
2879,85353,0.004188067439167875
2880,42072,0.00425285835267082
2881,32082,0.006666350643004401
2882,61446,0.0071680987307840005
2883,63604,0.00743091363074873
2884,47631,0.0066395839040287
2885,70458,0.0076358376857039445
2886,60746,0.005507324762903253
2887,57251,0.005459776871805911
2888,42875,0.0032166120586566947
2889,24209,0.005325226851877756
2890,47739,0.005131638407887843
2891,5185,0.00477221698173945
2892,65720,0.004417942056787583
2893,54548,0.008432539752809647
2894,92436,0.02043468449740829
2895,16378,0.013540866473522161
2896,98741,0.025044065678536027
2897,85343,0.004738461978570638
2898,81671,0.009520598936877477
2899,68491,0.007569955752115091
2900,22007,0.00944608050715763
2901,77845,0.006154450605611703
2902,87645,0.006893685259222143
2903,63547,0.004499541937837739
2904,93775,0.03521260045701295
2905,15049,0.004818284530473196
2906,35992,0.00859923234781356
2907,59916,0.008252965880538369
2908,89560,0.01636451089894999
2909,68068,0.01017396236002756
2910,12200,0.016523702543574107
2911,56172,0.00915716626830128
2912,4848,0.007181627632262993
2913,96934,0.0052239593767462195
2914,42281,0.005023005898666422
2915,67623,0.022034718986656307
2916,7148,0.015898573912524652
2917,21198,0.007582255463266519
2918,9291,0.004594096149547591
2919,79432,0.008739084333343132
2920,59127,0.012514031375838572
2921,58617,0.005832679474695157
2922,73816,0.008675078306194552
2923,34765,0.007527739926524709
2924,27237,0.01985557514801164
2925,99831,0.015167451879766371
2926,26883,0.02206703017924621
2927,5645,0.007570181458414242
2928,21861,0.006241872264819789
2929,51250,0.003922891138802161
2930,5459,0.01180365478271352
2931,64646,0.01206178893960668
2932,59131,0.0060715815121091974
2933,17049,0.016222122816098385
2934,84424,0.00861534476189506
2935,50876,0.007121736655048406
2936,61591,0.008431611641919625
2937,56136,0.006473214934967866
2938,14568,0.041828676504379325
2939,49906,0.008459462788233818
2940,4105,0.004865873134666563
2941,84378,0.002843546161445652
2942,7885,0.0038023493099370647
2943,92891,0.013294612636473068
2944,80648,0.01952852936170673
2945,53937,0.011985932541347041
2946,56513,0.00960368101247774
2947,48469,0.009081793805400182
2948,54140,0.010137958617635114
2949,25082,0.0036632067359392987
2950,368,0.006823143079309098
2951,6817,0.009809118292828642
2952,94354,0.012975271410865172
2953,16633,0.013160869441045348
2954,57836,0.005845384273477368
2955,45842,0.010546524705509566
2956,94665,0.011128665442791997
2957,95530,0.007964977723557486
2958,84662,0.02959359724018974
2959,12891,0.012662664265639967
2960,42959,0.00842779093921734
2961,48940,0.014135424234939954
2962,28323,0.005038907588363986
2963,2575,0.007457790846370778
2964,18076,0.009756156960943861
2965,27337,0.0035843782512172753
2966,65274,0.005327130518421881
2967,35072,0.014948237980503664
2968,27423,0.00707331863275654
2969,50323,0.014043714709187137
2970,2185,0.0039035528955589844
2971,61960,0.008891316302977549
2972,11996,0.004621496858864019
2973,15724,0.008186820664194436
2974,83431,0.017484494042108292
2975,69718,0.007369188322404082
2976,70125,0.03529845958829793
2977,29885,0.017826817628821635
2978,80419,0.007370028782745415
2979,35119,0.010158397256354795
2980,60187,0.006360644227536643
2981,69852,0.007997753748066758
2982,27281,0.005014700179135358
2983,85264,0.007314743972378546
2984,14778,0.008187900443808351
2985,77363,0.005818756984685163
2986,54091,0.0072168714110036674
2987,62641,0.009360843240656917
2988,55130,0.0061257536099447
2989,70062,0.014071629197345035
2990,66954,0.013348527239292463
2991,51047,0.003946121122943033
2992,3601,0.005950944188344151
2993,95410,0.027520332978931503
2994,72306,0.006725709232378951
2995,25093,0.00813474196004844
2996,79815,0.010021006227038769
2997,45213,0.020025722494722967
2998,52847,0.017210153835587903
2999,52514,0.0046628178227243544
3000,70842,0.009263733704892273
3001,21750,0.005951597449590129
3002,59327,0.016649755611994724
3003,26712,0.009021915569927747
3004,9743,0.010198527341305132
3005,13272,0.006836715321766344
3006,1759,0.013981230397151177
3007,89721,0.01606809247096743
3008,19201,0.004666234915829764
3009,81264,0.008290466031610905
3010,54427,0.010810133360755052
3011,488,0.00577749761432881
3012,2899,0.004740926607858147
3013,24812,0.01153918370276539
3014,99391,0.004823532747044822
3015,86040,0.004303028192911441
3016,31902,0.03487828714512198
3017,22144,0.005978580374899509
3018,45240,0.016518013900440207
3019,91281,0.00595976626751588
3020,6685,0.00608637925906504
3021,83163,0.025102442152611926
3022,77128,0.003985346683175507
3023,69110,0.010475224855304884
3024,13217,0.004405584799391092
3025,66680,0.015284521841856644
3026,29411,0.0056092843197023175
3027,34647,0.004471319123131089
3028,53426,0.013683182387117543
3029,96427,0.013229002710327648
3030,64886,0.013674301148052233
3031,78253,0.00439185781838943
3032,52981,0.007368388464097559
3033,40442,0.012768162904997653
3034,39194,0.008074748789094895
3035,52659,0.009860136371471023
3036,29926,0.008584423758790715
3037,92192,0.014543096071658046
3038,21732,0.007778612501039802
3039,22816,0.019074397809858513
3040,49678,0.005693819876520263
3041,82426,0.002594560593823032
3042,15297,0.005315051594377295
3043,17959,0.004984722669715685
3044,5060,0.008820579776879675
3045,85793,0.01250805519419678
3046,82006,0.014494685634434214
3047,49603,0.01348965063552288
3048,48127,0.012855300579907185
3049,36264,0.0077049774979323655
3050,91151,0.005063587318389581
3051,41530,0.012018147754327387
3052,54600,0.00985738425666683
3053,30829,0.014872484985514649
3054,88322,0.006875070926352922
3055,44422,0.01028341866338034
3056,18071,0.012173130307609406
3057,96531,0.005097348598446261
3058,44352,0.011316802726701774
3059,60052,0.014032474899930161
3060,86952,0.009010785833612922
3061,97092,0.004646256794604679
3062,77875,0.006541366289974588
3063,3684,0.009508540621734021
3064,59107,0.011064861099391417
3065,13827,0.004769297145001061
3066,66413,0.004254088284491552
3067,17728,0.005038359246943508
3068,21278,0.0046453522144520075
3069,91314,0.00355679342739942
3070,92053,0.007911818681513092
3071,90246,0.013795652030648642
3072,70289,0.004157172439663259
3073,54989,0.02632132952533833
3074,33953,0.0197695120941798
3075,44429,0.0047618275106069315
3076,84299,0.030703540158059525
3077,49115,0.005349439991279384
3078,30255,0.010131036202146355
3079,50234,0.005935486211427774
3080,50546,0.0064473624896662415
3081,87923,0.005916519083975229
3082,39589,0.009893990249668349
3083,12497,0.011585774999204844
3084,17845,0.010400385016702509
3085,97693,0.003987193985161687
3086,64475,0.05087269100560255
3087,79337,0.008849251336158397
3088,36991,0.013421872977341476
3089,887,0.012007809435806588
3090,73274,0.00913716168970027
3091,13128,0.027027728127192785
3092,36827,0.014869259493992853
3093,82035,0.010988802284586072
3094,96100,0.013618489767262158
3095,78915,0.01786085685931069
3096,29535,0.011903776033230765
3097,13973,0.008522739275436165
3098,82897,0.005714942495534324
3099,67753,0.006064545855713332
3100,87755,0.008710014061151055
3101,4748,0.006692665534635077
3102,44394,0.005326763201468987
3103,90122,0.006821071646299991
3104,74471,0.011047828241934675
3105,4742,0.025080971794557025
3106,14128,0.005795165704704365
3107,51091,0.00976264103515356
3108,94101,0.006425559605673637
3109,99942,0.011141713915192766
3110,60273,0.010539634504073482
3111,83611,0.007356547464341379
3112,4909,0.002101051868046482
3113,82124,0.0045928696844623135
3114,75975,0.01694039605386364
3115,80992,0.004671661575398858
3116,79186,0.011526691429571717
3117,16108,0.005962785469465158
3118,40135,0.01660970684277916
3119,68930,0.006780895414212586
3120,5016,0.0037090260408397836
3121,66116,0.006637840147159323
3122,12579,0.0058549642643669015
3123,27129,0.019019846736995485
3124,7393,0.005627487272487502
3125,91154,0.0058911244743978025
3126,76944,0.015158150080858803
3127,50163,0.025649079841495587
3128,29567,0.0058045604057613
3129,61718,0.013882978215789477
3130,74001,0.011768667642465844
3131,82239,0.00724499474926958
3132,74158,0.004576491771420555
3133,22322,0.009343133149808659
3134,93561,0.004048898241082963
3135,36356,0.0133976873340605
3136,86884,0.004923497453261253
3137,99125,0.012817977430137678
3138,89122,0.007834587074388897
3139,11221,0.006272719569597384
3140,69634,0.009028130202294937
3141,2028,0.030218373666163107
3142,91167,0.005814567652390572
3143,63519,0.004051024522444189
3144,82129,0.0036721286913585535
3145,37537,0.031730019104256234
3146,50008,0.010497779825792896
3147,34473,0.0043472289885544855
3148,33344,0.012533097618917995
3149,36112,0.008988412109011995
3150,44966,0.0046145168862949185
3151,59245,0.0065217644009365515
3152,10759,0.017081724258321548
3153,92982,0.0058729068341742815
3154,52298,0.0015100964585164247
3155,55046,0.008816530970589697
3156,77606,0.005482918742536902
3157,99072,0.008464579522366199
3158,69828,0.03189731320856917
3159,5799,0.007527249110060115
3160,59723,0.03805708840721664
3161,67997,0.007632139184353676
3162,88470,0.007255703795490209
3163,52575,0.01906275675458185
3164,52117,0.0042978103858663085
3165,52730,0.00671181387213081
3166,59704,0.034244715481600047
3167,46589,0.009734842889662624
3168,67628,0.0038516093010630297
3169,54364,0.011806551939820602
3170,58713,0.005181160432098414
3171,19888,0.011342151432821294
3172,78092,0.008151436217636782
3173,50832,0.0039221850145018285
3174,48358,0.008241007668857128
3175,31893,0.016100167215939824
3176,36393,0.0057688799529647256
3177,96402,0.005584362503193861
3178,54233,0.005389019320272645
3179,32021,0.0053818495922444256
3180,22321,0.014089439635789562
3181,59047,0.006284462891656673
3182,59629,0.0060637139168113596
3183,75742,0.011550048407101318
3184,11672,0.009665932920506999
3185,57332,0.012233185224080621
3186,49999,0.009792506968710278
3187,38700,0.004835625114034394
3188,67973,0.010481005678298851
3189,43067,0.007260564230608643
3190,56626,0.005927044315009898
3191,31749,0.012680715745675262
3192,87177,0.006995919370837963
3193,45123,0.004530507027574604
3194,56647,0.006988347283655798
3195,94914,0.007586404961594791
3196,98421,0.011565962009740218
3197,18661,0.005007730711167061
3198,27226,0.015205344141783048
3199,8423,0.005323962903596047
3200,14375,0.0057589405523454235
3201,13795,0.007467160315583939
3202,92166,0.014534937438936068
3203,4126,0.008458976023442208
3204,91786,0.007316987632694052
3205,27718,0.012879178091724373
3206,77519,0.0038180822665698395
3207,7797,0.008922639680930038
3208,66340,0.006077948247235642
3209,12645,0.01968593980449579
3210,34379,0.008131601482223513
3211,79572,0.005757407746738611
3212,22229,0.006689229055470817
3213,25795,0.0061492125812261985
3214,41533,0.007928466170083163
3215,17243,0.009830547272086453
3216,5378,0.006418533594980293
3217,52487,0.01651501089602602
3218,13430,0.017130051203510112
3219,18708,0.00452624974608496
3220,30631,0.004775642436551745
3221,7451,0.00628096879140055
3222,78530,0.011469715241665823
3223,52200,0.003629970011706326
3224,19116,0.008771178394229598
3225,69970,0.00537404080147822
3226,20794,0.012822798719043732
3227,17622,0.0028697875952501195
3228,11088,0.01207924789202408
3229,65197,0.009377371584330534
3230,19337,0.01503303859153575
3231,14248,0.004371015777294693
3232,43072,0.018040261658277566
3233,41097,0.008957461111996048
3234,82595,0.008106668870442132
3235,14348,0.010141314569879115
3236,38345,0.023130823250042405
3237,37935,0.003796543309067429
3238,31390,0.0036833153261346613
3239,8099,0.005530338346578705
3240,27285,0.0034848533027000395
3241,29453,0.011744061211310355
3242,79489,0.006116704863167374
3243,70224,0.019827171832698342
3244,25511,0.010102087964894646
3245,46054,0.0045022976720406485
3246,64071,0.0076547459231152675
3247,71495,0.005684372066389583
3248,85767,0.012977561103214859
3249,9887,0.005498527378540322
3250,10862,0.014038157488760156
3251,44994,0.004897294744724569
3252,6458,0.006471002476470316
3253,36937,0.0073129242543469196
3254,37683,0.004801564457825997
3255,75311,0.0030874408572189632
3256,73479,0.014988043561406142
3257,27680,0.011857897046448847
3258,93391,0.007972025391216612
3259,57744,0.0089058832325245
3260,23653,0.01574829631152757
3261,37268,0.0048515967319889
3262,34520,0.013117330284630701
3263,78676,0.016013585221530527
3264,43330,0.00528486028573005
3265,42853,0.0070301389383420985
3266,9931,0.015929168336300224
3267,40757,0.0062016532690968955
3268,10641,0.005487591612174819
3269,87310,0.003219139134951716
3270,83596,0.019815942714451574
3271,31729,0.011536604329915191
3272,9489,0.01847085454132695
3273,79625,0.021070850884905738
3274,57503,0.01301715919614518
3275,14085,0.007353673912714412
3276,39530,0.005890356793134651
3277,83401,0.034240898420791546
3278,78646,0.00439978535424542
3279,92852,0.019226630540211266
3280,2188,0.008478716140325141
3281,49440,0.006039171545184985
3282,21460,0.006534063744183257
3283,79855,0.004673685707799986
3284,9490,0.006033109888791667
3285,95614,0.003145395246970137
3286,73036,0.005184846822870252
3287,72864,0.012649123583445493
3288,53465,0.010438839501550588
3289,26964,0.004333694771008851
3290,33412,0.010827418422519688
3291,91262,0.006475342029176235
3292,38645,0.0058895662648835246
3293,88799,0.006670924595858872
3294,86433,0.011617375014889679
3295,36701,0.013585602511156779
3296,35319,0.006920464099812649
3297,32366,0.003382157106245531
3298,35151,0.005832295747049512
3299,71274,0.0123467568220011
3300,70474,0.0065647776044242415
3301,8254,0.006792392438949875
3302,76677,0.014940598778373483
3303,74166,0.01527434802438187
3304,79485,0.007346813222840639
3305,54782,0.0047141443789707575
3306,98374,0.0035670588747674275
3307,83906,0.004739735776836659
3308,24713,0.010523226787102293
3309,46214,0.004819036382686517
3310,67898,0.004912328167635766
3311,2419,0.005750511692011374
3312,94475,0.010429243189905495
3313,39158,0.0076175716785837466
3314,55711,0.0071570487180227125
3315,53415,0.006697145721733995
3316,19965,0.009065148030571818
3317,35112,0.006630976185212556
3318,41793,0.009284017922122991
3319,22405,0.014724210358396012
3320,23861,0.006246590141803533
3321,87274,0.017741830543774317
3322,96139,0.005150482087737158
3323,22246,0.010142081544701241
3324,73113,0.004178323980533149
3325,78497,0.0037504414311081914
3326,60944,0.006571502105914774
3327,61694,0.005808709965380575
3328,27490,0.006741034551989076
3329,89973,0.008022035403247068
3330,41492,0.01389506596510338
3331,11107,0.004936175496298303
3332,63350,0.007015931886712564
3333,66013,0.006455375437637046
3334,12575,0.003526078566576671
3335,97264,0.004624183341526912
3336,76980,0.01163858751517131
3337,96953,0.004801545429637541
3338,81725,0.010028799743514585
3339,52879,0.0059609411882326074
3340,49920,0.003957806524969073
3341,49508,0.006462540633303617
3342,19330,0.024852598035717557
3343,10795,0.005003822256795375
3344,51577,0.006370301719545254
3345,36402,0.006564257394553725
3346,35267,0.01178976726499525
3347,80457,0.014671357183121849
3348,33845,0.006452053654362846
3349,65640,0.005438810635240375
3350,30404,0.003704731175336567
3351,15931,0.007523465055694364
3352,77314,0.005833459899586202
3353,62438,0.004470613744662667
3354,32995,0.005496645786725474
3355,51108,0.013126983552357105
3356,25587,0.006298064163121802
3357,18851,0.02813830033470713
3358,10448,0.009366473748821456
3359,69201,0.01031040401852275
3360,4709,0.0037207539510170037
3361,27624,0.0051779652534745604
3362,73514,0.004703132990998299
3363,76327,0.005742272769021978
3364,27847,0.00868507617583051
3365,14785,0.01609940285913478
3366,96728,0.006907493195998996
3367,85664,0.008491923885614913
3368,97776,0.0041912339309802355
3369,3822,0.013511188334223437
3370,18423,0.006486336186563162
3371,81676,0.01617631966903621
3372,35456,0.0063789433626668095
3373,3326,0.020958008598410037
3374,33141,0.011021057485821098
3375,55408,0.0026278238682195436
3376,42426,0.011496317850938405
3377,11213,0.006920420230227498
3378,10363,0.026159981926237082
3379,4151,0.0046478524283700496
3380,1624,0.010601175297034004
3381,33595,0.00364090181922102
3382,38454,0.016175457857786454
3383,85125,0.009224359800326088
3384,58830,0.012268402029908181
3385,2253,0.012854524255828784
3386,48991,0.020890927840750532
3387,74487,0.012236155977022059
3388,25054,0.04242451574135998
3389,64044,0.016118602642566593
3390,15174,0.011108668204712503
3391,14660,0.00432197941966549
3392,8141,0.006311343673377642
3393,74753,0.0073427098616764865
3394,86642,0.019434689218609635
3395,76438,0.005552477504774298
3396,12562,0.007951067808281791
3397,72378,0.006941105801122232
3398,7335,0.011393129882036878
3399,1507,0.017318955721620136
3400,10570,0.007259836184931499
3401,76255,0.008692023426420344
3402,10564,0.004128959587761107
3403,65107,0.011551309226928489
3404,32502,0.0049094360943173
3405,35742,0.004790536470039305
3406,35848,0.004961877208163352
3407,50723,0.004809217497504559
3408,63248,0.010922186294629894
3409,40204,0.006749025284530003
3410,12014,0.010161100383952078
3411,27028,0.0029078041155997164
3412,17177,0.006112580832851835
3413,79578,0.008209656843637902
3414,99458,0.0073782190095526435
3415,53116,0.010791545884602596
3416,71864,0.0032666370540654997
3417,83936,0.013250124216801187
3418,3590,0.004675626245013069
3419,63594,0.01205571640709603
3420,59730,0.005824051262669714
3421,92286,0.0040994145356413395
3422,25828,0.008029227755569733
3423,95278,0.005946863166755382
3424,95433,0.00553144711449963
3425,62741,0.002641789315439082
3426,20242,0.008128766476558502
3427,59776,0.013771291292528597
3428,31343,0.007559323775843407
3429,1104,0.005397581228154539
3430,28277,0.014516063302916337
3431,88972,0.01450314229480932
3432,5617,0.012608210985270051
3433,25128,0.0027173075777099523
3434,56612,0.0056217019347336045
3435,65673,0.00455790703206807
3436,96367,0.010148066061024823
3437,44724,0.012266705568621318
3438,81338,0.006662675336740664
3439,82518,0.008756603018752671
3440,87856,0.006345396141092504
3441,70992,0.020018708986495257
3442,36091,0.010727130498940564
3443,26277,0.009380281697333886
3444,67084,0.01612521087053092
3445,36638,0.009527063235346842
3446,69546,0.021051736565966837
3447,34349,0.01080890650886632
3448,22198,0.019338654242407043
3449,87954,0.0038545559049756113
3450,89577,0.010298290805917704
3451,38299,0.00604179702061648
3452,57492,0.012864266350771824
3453,24311,0.006961847140249845
3454,7848,0.02394918246844073
3455,37582,0.012250804021285065
3456,4655,0.00558260103895172
3457,59587,0.017133854782574107
3458,62972,0.02763160850851345
3459,7473,0.011355519566405122
3460,72900,0.009941298586636756
3461,42283,0.005626762836891426
3462,94142,0.010694784652018141
3463,45222,0.006290039791485644
3464,64085,0.00468955314191806
3465,32764,0.007067958974956382
3466,84073,0.012838980105112432
3467,98241,0.006402762791717861
3468,19962,0.007217341482273338
3469,76547,0.0039017046868626178
3470,94814,0.015302317438618474
3471,49278,0.006139835257266484
3472,36429,0.008253585726643068
3473,73218,0.0288277900189248
3474,23072,0.008279050210159705
3475,19249,0.005203542048031647
3476,15253,0.027387475325399018
3477,83727,0.0059809544793730934
3478,76081,0.01065688469480233
3479,5517,0.00877688148064778
3480,97897,0.010673872310269287
3481,49624,0.0033373908278216263
3482,86637,0.009450064057493757
3483,28286,0.018041039466538344
3484,78490,0.01083517804588981
3485,49652,0.0038635812211383056
3486,17006,0.010028078177189207
3487,16407,0.00831685771122579
3488,15082,0.02975147573688688
3489,63421,0.012727515700140869
3490,17432,0.010989211415711103
3491,68356,0.009804071838014907
3492,27448,0.01340544433050534
3493,61489,0.018391127396357506
3494,28663,0.005924110734333607
3495,30392,0.0030098883158411445
3496,37289,0.023340912737431864
3497,90431,0.009615494256232955
3498,36936,0.028545636975810522
3499,98255,0.006612794534218904
3500,27993,0.0067773731692177
3501,82216,0.006864578540185607
3502,75637,0.011050040099036576
3503,78683,0.004355465751484566
3504,20685,0.011348358710066985
3505,50779,0.009727468751961009
3506,45799,0.012823801649851377
3507,56476,0.006898981858009632
3508,85996,0.011502633148830398
3509,15657,0.018477586337490106
3510,10419,0.042231173108022796
3511,13192,0.014414830166557913
3512,72675,0.008249297090809293
3513,82734,0.004903644466039079
3514,25315,0.007193712826229181
3515,56436,0.00825843907996044
3516,90984,0.007183283283701123
3517,59780,0.005571173278406251
3518,9497,0.007044700844878083
3519,1026,0.007758361325225919
3520,30855,0.004842961756046453
3521,19823,0.005177806721100272
3522,19910,0.011004985525097861
3523,99021,0.004084012609670321
3524,51396,0.007871205959586566
3525,56047,0.006421734261714051
3526,80379,0.00668801472982025
3527,25784,0.006216104960990579
3528,9524,0.006636190294185174
3529,9760,0.004618096612820543
3530,57883,0.008007001822136865
3531,17588,0.007018191475816232
3532,49223,0.006550937439757551
3533,99881,0.005462965700544585
3534,33912,0.0031953900442888575
3535,52880,0.0029441211155217233
3536,25254,0.0070644108710150744
3537,43465,0.028751711404328854
3538,73967,0.005892502547542685
3539,25665,0.005407059328178677
3540,30652,0.016420772079212696
3541,61122,0.009799400539779849
3542,7813,0.007551943890785395
3543,66275,0.010925275613109343
3544,74464,0.00351437313375478
3545,92415,0.006802034951118782
3546,25838,0.0031121634745402194
3547,87723,0.003755714743259952
3548,19025,0.007815380859310158
3549,74613,0.007938968435958068
3550,93048,0.0068383495318188854
3551,56926,0.005111722138650867
3552,75473,0.005049206482338902
3553,91372,0.00656605538683664
3554,48496,0.006997908231412256
3555,3011,0.021394648867156127
3556,69395,0.007435315806057787
3557,24946,0.0029213365201108373
3558,88174,0.011738226800248174
3559,16589,0.005603578697025806
3560,66137,0.006736300641768353
3561,20589,0.011716893562894511
3562,81762,0.007672590621960871
3563,46489,0.006741508941211101
3564,1282,0.005851096019928455
3565,42151,0.004604910368789489
3566,16943,0.0024404369693691056
3567,44336,0.004904463445200491
3568,59150,0.00840174748154068
3569,95258,0.01258577130803353
3570,47150,0.01492952304216958
3571,16785,0.007594400309625464
3572,39124,0.010281565045339593
3573,89425,0.010987360250295779
3574,22292,0.011391818212685985
3575,15474,0.005959073419366063
3576,60270,0.010004583099281195
3577,34371,0.010253777340147718
3578,25977,0.007855227073370975
3579,15782,0.011934867143155944
3580,10261,0.005468005611310102
3581,83954,0.006772568275841212
3582,1813,0.0044481405008126315
3583,92585,0.005588360705182641
3584,54243,0.00754099280675427
3585,79552,0.021437971069236166
3586,66442,0.005935128598830787
3587,12399,0.00553796064721645
3588,9976,0.00831029238142979
3589,11946,0.017422752348531634
3590,17617,0.008042068842356679
3591,28264,0.006707268180693511
3592,42289,0.004258960583985772
3593,79344,0.021905043847684474
3594,13725,0.002683021292774581
3595,60441,0.005042718509392547
3596,4976,0.00850165678422008
3597,49707,0.007473779760943847
3598,56405,0.007099352215045409
3599,16424,0.007852848556247231
3600,9644,0.01683282908937843
3601,35887,0.0450569506971236
3602,43905,0.004785989486894245
3603,87999,0.006985595932057378
3604,36360,0.009305260888279801
3605,80872,0.005036832247704739
3606,20389,0.007832525168150587
3607,45738,0.011057583233634875
3608,19732,0.011028787581746866
3609,95085,0.00546940525186896
3610,4192,0.010800860772515538
3611,43635,0.004419614624027672
3612,29877,0.00955564168012175
3613,1273,0.0044618267785634675
3614,24626,0.01586675658253864
3615,76012,0.003795121751373867
3616,60752,0.005116679879743602
3617,51482,0.014886375383651798
3618,17031,0.005787553917725529
3619,78610,0.01792759630560853
3620,39838,0.006582009588080802
3621,90577,0.004171554934427534
3622,1236,0.02409281528388369
3623,14129,0.009027103527556372
3624,20478,0.010905680163622946
3625,71339,0.02230586191344265
3626,53256,0.0064985482386443
3627,22138,0.010865563916890211
3628,80301,0.007741028691820525
3629,57538,0.004776433080299867
3630,99950,0.012081205373074472
3631,86539,0.007079834079927425
3632,73871,0.007933557591428846
3633,92787,0.004093974769174749
3634,94348,0.017706964790717407
3635,76179,0.006354250690521266
3636,66900,0.0047294668245710094
3637,15923,0.005872190102777134
3638,21024,0.007635724902821921
3639,434,0.008944717182670035
3640,97719,0.003740934420122107
3641,68118,0.003980655224979111
3642,70193,0.0032060732312711024
3643,94583,0.007371655276026906
3644,33605,0.027393977545997147
3645,96948,0.009490720444567564
3646,51071,0.014130087405546183
3647,36010,0.0052530123185244235
3648,46013,0.004499881191117343
3649,34140,0.016535920163963047
3650,55829,0.007776485589829886
3651,38456,0.007057817502728506
3652,73106,0.022328980997954297
3653,74286,0.005301031747538929
3654,94852,0.00713169207021333
3655,24705,0.025284249821525846
3656,1783,0.004242418393234319
3657,65706,0.01499121703339403
3658,72429,0.014424264228370289
3659,34475,0.00658246125935203
3660,37044,0.007883176734678407
3661,62724,0.0064483164475452595
3662,16758,0.003779933174079006
3663,87919,0.0163454055332889
3664,33030,0.0055791611984726324
3665,304,0.021466127043906293
3666,65343,0.00529992111849216
3667,33700,0.012806295796631645
3668,11191,0.003783422676448045
3669,10887,0.004836155091723871
3670,89645,0.010965279827238565
3671,56963,0.010756735744786198
3672,92675,0.00908192263450451
3673,12824,0.00428852244080134
3674,75238,0.00624345710002739
3675,15454,0.008580352404525813
3676,33275,0.004649298132478292
3677,58195,0.0022499126194769816
3678,14211,0.005583608531447333
3679,21936,0.005943590640602407
3680,25932,0.006700796047151431
3681,26354,0.006412293972889302
3682,23954,0.010557329207904658
3683,11186,0.012139904970402224
3684,54984,0.0044331321017900185
3685,61440,0.005695062036432303
3686,27243,0.0054323708528421204
3687,96955,0.00853989491367961
3688,35692,0.008651726747080375
3689,38607,0.007057088415207845
3690,34540,0.00791235619980051
3691,10707,0.005962118074127092
3692,25910,0.009347889900931544
3693,59834,0.009019064971172944
3694,89712,0.005967054445034016
3695,5658,0.004581262924115767
3696,80977,0.011866994849592968
3697,76479,0.0060874025185865665
3698,36584,0.007813593311782604
3699,41143,0.005126098263017413
3700,68218,0.0032081747413079654
3701,25740,0.024378085499576495
3702,48432,0.015819519705942975
3703,7574,0.02003786048159415
3704,11279,0.004542349117390936
3705,41800,0.007903815292680997
3706,66651,0.008483112317927161
3707,23226,0.008263565889518616
3708,35142,0.006258697164689662
3709,83648,0.017560577749907467
3710,71784,0.0078078088209920515
3711,2529,0.007835947238679364
3712,76729,0.010808396882015792
3713,23681,0.007733507357417598
3714,19985,0.011375489116300362
3715,91200,0.009075139981323668
3716,98406,0.005247259688740144
3717,56135,0.01685236427813253
3718,66021,0.007248663028816049
3719,66988,0.0028958058511094256
3720,60938,0.00458247204878271
3721,73946,0.010540219870097182
3722,33716,0.006321066618908599
3723,47541,0.005380579588476247
3724,29133,0.010036156348793478
3725,50358,0.006455400202435195
3726,63730,0.003168136921777075
3727,45019,0.006166056498136721
3728,5305,0.004743523073856259
3729,52809,0.003998971533348753
3730,38857,0.008303511914499195
3731,75969,0.013667220521621642
3732,65645,0.012808344225725767
3733,85331,0.013805568857766256
3734,95469,0.005649552806183781
3735,88142,0.010837295607408117
3736,70910,0.009305993609992588
3737,6106,0.004570012644064833
3738,49259,0.01818085940703252
3739,55573,0.005055963446516383
3740,15267,0.0062485597743712215
3741,54844,0.011893994622504612
3742,9106,0.015332147673597063
3743,24732,0.014626060745072389
3744,6141,0.01637867380384993
3745,23694,0.00625644818167033
3746,18803,0.007601644385311744
3747,57193,0.004838288989381547
3748,65981,0.0054747918553062
3749,20964,0.01718274403760587
3750,13898,0.0023684103512025723
3751,39986,0.012227544348902726
3752,191,0.011651052720448276
3753,79330,0.014566722845098795
3754,50657,0.00754086393761888
3755,66672,0.0034043667147993792
3756,11519,0.012542513455550786
3757,49405,0.011242036637614828
3758,68709,0.007247485633900727
3759,24067,0.006414261511371605
3760,15937,0.005266393168848022
3761,48,0.029210028561114813
3762,35926,0.015981314320926258
3763,12530,0.004275682956029354
3764,13991,0.008941463895580698
3765,63275,0.020925496516638144
3766,22172,0.019505781979478783
3767,89372,0.00490555273224437
3768,15590,0.004512998744996715
3769,79529,0.01697530567735724
3770,9113,0.00603067095967875
3771,26971,0.01071449478980105
3772,34440,0.009096166255655978
3773,54477,0.0062515078254372376
3774,1904,0.004934418329553533
3775,87034,0.005097532975391681
3776,89988,0.006577202665295542
3777,14923,0.01093540748990465
3778,56891,0.004998425946098589
3779,32052,0.012736510963885549
3780,920,0.010149319270528671
3781,13046,0.015612187608993314
3782,48552,0.008856099400011589
3783,94965,0.00510728228721891
3784,81061,0.016801158308514537
3785,58431,0.004207099135267423
3786,41470,0.01219314065444421
3787,99444,0.014533385297737691
3788,35091,0.015709646125266208
3789,93348,0.00814038230849094
3790,61099,0.007781876450779085
3791,95559,0.013376189137864597
3792,55710,0.004737887129711274
3793,45321,0.011735941851793628
3794,900,0.010907301494493565
3795,43863,0.014260403988662417
3796,70772,0.008583970333167752
3797,70757,0.03256726080767049
3798,2033,0.015197261709429533
3799,48090,0.0035927984208799064
3800,79581,0.007713641885388421
3801,66670,0.00486013253228482
3802,93534,0.004853898860832049
3803,85333,0.005750164132368134
3804,757,0.01248628660072715
3805,19409,0.003857768472208076
3806,33606,0.004347378722464724
3807,93685,0.006915969189177272
3808,56227,0.004230513554840775
3809,50153,0.005625275788529693
3810,79779,0.0064363856518181144
3811,76792,0.004994869274861908
3812,21306,0.02006347489321755
3813,9834,0.0069794910313470656
3814,1521,0.003932621515622917
3815,75409,0.010092411032930714
3816,28161,0.005597570400556461
3817,54995,0.007989874169459872
3818,63705,0.009158727029644128
3819,60702,0.009780866441327998
3820,60588,0.006040535308836259
3821,26859,0.009244387908657385
3822,68188,0.012844190141416368
3823,38159,0.008221028760643756
3824,52046,0.004804584341112909
3825,97037,0.005738747912889231
3826,20785,0.015067269968297298
3827,89232,0.004742914621447725
3828,95248,0.005765062404400868
3829,52114,0.004254651378007305
3830,30957,0.007228287255682675
3831,85714,0.04265800619884519
3832,85925,0.003887744696807428
3833,24592,0.003974449618103618
3834,23290,0.010675302141789644
3835,57075,0.005199547555960514
3836,69711,0.017402367293282584
3837,87587,0.02065016372841023
3838,52026,0.004727909380553579
3839,30528,0.011869245054952245
3840,86835,0.012405937377472611
3841,91932,0.004797865587624339
3842,90941,0.008395186027398823
3843,80204,0.003363111233809636
3844,41622,0.006191676333006161
3845,80109,0.010311593500499079
3846,87219,0.006873923671575462
3847,68463,0.008315848063773515
3848,95430,0.004404010193477279
3849,70485,0.013199862745137321
3850,54407,0.008211651673220372
3851,74113,0.008844452124028871
3852,28405,0.010107463425619984
3853,49989,0.004619040076238828
3854,16161,0.019397213279523436
3855,25746,0.005483339923894463
3856,57902,0.013825372780146627
3857,36497,0.014511974349013919
3858,7760,0.007002482141262526
3859,81176,0.007631714450570079
3860,61690,0.0033538723781318816
3861,81890,0.004348321346196395
3862,7763,0.019360646168657403
3863,69499,0.005703798918623862
3864,20787,0.03151525409400385
3865,49120,0.011412373371718276
3866,4581,0.009365234644029762
3867,38763,0.010049185137529767
3868,67918,0.008883747579512189
3869,55114,0.01151916367106192
3870,32078,0.003420602122340787
3871,29474,0.013385157261152
3872,40540,0.008130797823275762
3873,56456,0.0075553690768886805
3874,61860,0.007495085214153893
3875,35935,0.009412810929743175
3876,13250,0.012077475157180143
3877,62100,0.011446978093745678
3878,22652,0.013758730100164717
3879,20800,0.006818953779570994
3880,49147,0.010866044859774698
3881,51302,0.030182334700355893
3882,84289,0.007669629794304893
3883,5087,0.004133409980298914
3884,84112,0.013697460000173084
3885,97207,0.019132193762463112
3886,88951,0.005499847035809977
3887,11701,0.005917561690459911
3888,51734,0.008124660834858724
3889,99207,0.008230010699114838
3890,664,0.003226420264390347
3891,68521,0.004597609590435774
3892,88458,0.004274311969758183
3893,81093,0.008190636297372319
3894,53437,0.008795635179416584
3895,8165,0.006912975190886189
3896,20220,0.006867960299993828
3897,47681,0.014563574705509364
3898,27616,0.006929892782129377
3899,82101,0.006685884905893881
3900,16593,0.010576003924339699
3901,87815,0.00506056617330688
3902,35067,0.0064191351902200475
3903,57615,0.005633431725848115
3904,3745,0.005622601990200208
3905,85427,0.005679856671643396
3906,2332,0.004218162625663131
3907,13081,0.008144800242922095
3908,3904,0.007044092413256674
3909,7668,0.006694279940023805
3910,12570,0.005574473635226791
3911,34568,0.00583026679089866
3912,52530,0.006103445944060438
3913,5050,0.021177435229119114
3914,87959,0.0067373846125073555
3915,88727,0.00893025314286524
3916,12053,0.004642154766485673
3917,24001,0.008638420254591684
3918,26416,0.005002869341339426
3919,30247,0.011577770376145467
3920,95632,0.01286536593764866
3921,11764,0.00522514941780738
3922,26358,0.005670160663756911
3923,45575,0.024672618950032716
3924,55156,0.012117776125673288
3925,63854,0.015137125161312107
3926,96992,0.011448401837383326
3927,42150,0.012583752001917532
3928,70403,0.007896522221101038
3929,36813,0.003402615468308054
3930,92880,0.005871379362635669
3931,5432,0.00818914057195327
3932,88599,0.005687451135838464
3933,60334,0.006710903935733069
3934,28124,0.007010912738545835
3935,15611,0.005553381921762004
3936,46372,0.0063386516483926675
3937,76485,0.008853606200187304
3938,41369,0.0064078271367561685
3939,34926,0.004049957473960496
3940,96540,0.004439606482183807
3941,64321,0.005960034363842973
3942,14159,0.005840371754601298
3943,90225,0.008079400339217703
3944,63392,0.0067216295905575246
3945,48389,0.00216360349801591
3946,84578,0.006955966437027825
3947,20236,0.005866741048140307
3948,27100,0.009824762704813524
3949,81933,0.011726561812902781
3950,20021,0.010182197330617867
3951,81234,0.004904129600806897
3952,19817,0.011461820932080688
3953,70447,0.0033403430347844465
3954,76024,0.006407467369852484
3955,48103,0.011674666100544765
3956,75662,0.013750604241618952
3957,96050,0.0047255822835238
3958,14538,0.014920100476626052
3959,82120,0.009433894443762587
3960,89301,0.017225096449541275
3961,83912,0.002022353571925258
3962,36301,0.007891498981728156
3963,45415,0.0076049097168411
3964,86833,0.011033754328931215
3965,95527,0.01623118568323693
3966,39324,0.009664495665668345
3967,64666,0.007920351660993752
3968,71217,0.00917501334271569
3969,88748,0.0074926766000150136
3970,32068,0.043096112296136316
3971,63049,0.007272771364259713
3972,86415,0.026511071314648447
3973,6519,0.01290929246299498
3974,45860,0.036612171751770395
3975,7727,0.0074543053572841
3976,50369,0.005462177459374084
3977,74927,0.008183845755700254
3978,21599,0.009424682045725528
3979,84182,0.0035368124762276652
3980,91944,0.021981998269737166
3981,69430,0.004907543473035222
3982,38584,0.003440471801680021
3983,19782,0.005088070731008745
3984,81464,0.004350904571451338
3985,99656,0.008123433197135639
3986,60405,0.005096847135581064
3987,55036,0.0055304083032212395
3988,68232,0.010350080952641791
3989,14971,0.013058880304787069
3990,74930,0.018449581134205147
3991,96772,0.01560212337727675
3992,39398,0.010037784793789334
3993,15480,0.0038364573252881715
3994,85571,0.031244566986224458
3995,49695,0.006175768569262628
3996,77715,0.005497484314299604
3997,87385,0.006310566269238203
3998,86704,0.00655199029677905
3999,33877,0.04624836431099161
4000,33217,0.017488522842582305
4001,65787,0.009297897558857807
4002,33366,0.007867297138831785
4003,87004,0.004558185344611659
4004,18114,0.006097848466218271
4005,3726,0.008270579976786862
4006,81660,0.01224012874465604
4007,81756,0.005880028570330996
4008,94241,0.008743851998444144
4009,39011,0.01874855952788418
4010,31182,0.00524103951981197
4011,56353,0.006956089215296752
4012,59195,0.019215832237009494
4013,85848,0.006519160711638186
4014,19846,0.004802300258522324
4015,98366,0.016977912844735023
4016,32706,0.010555008993961688
4017,65583,0.015454272682748649
4018,91138,0.0330633026923873
4019,96590,0.009236197777580087
4020,63665,0.0063063842071823676
4021,5557,0.00526996250412071
4022,83246,0.006012883368574496
4023,70668,0.013680687486274287
4024,31721,0.019243422794126632
4025,51078,0.008217333086060307
4026,51192,0.0057849527431515085
4027,14574,0.021587076085900506
4028,24103,0.016822167874600075
4029,38152,0.006523088420736613
4030,48875,0.012336085089304881
4031,70647,0.01286366884702181
4032,17879,0.006896230118827896
4033,3776,0.01494380580549877
4034,9307,0.018748077520224078
4035,3926,0.010031977497505147
4036,63093,0.01638808587385225
4037,18692,0.006992137588610711
4038,40785,0.005907849114456949
4039,28531,0.01152316526775313
4040,31524,0.0065879926987924935
4041,46963,0.007285810669511556
4042,21505,0.00706604255286894
4043,14608,0.006262664037556076
4044,17800,0.007263473757244924
4045,25804,0.005387613661315969
4046,88753,0.005613185117612014
4047,53955,0.010172370987820973
4048,24251,0.007154749270768885
4049,37175,0.0033837742785201336
4050,43657,0.0046861198783301125
4051,47630,0.006639977440166678
4052,48200,0.006063237744154716
4053,21206,0.017953746776380772
4054,23702,0.00913229268979021
4055,5819,0.0060436255164212855
4056,67498,0.005153873770084177
4057,776,0.004554958996274956
4058,75593,0.006052151805175831
4059,5650,0.005102137985577599
4060,26878,0.011855800944871863
4061,43695,0.006386830725945012
4062,34039,0.0377064227225439
4063,65212,0.006239998238710595
4064,67048,0.006933380763448795
4065,34415,0.011676879719767561
4066,33490,0.009286176375602195
4067,74343,0.013229951457708174
4068,33393,0.005123564118738667
4069,95110,0.014542474604082114
4070,91915,0.0065016401168955145
4071,37587,0.02574058837389362
4072,79643,0.008407491163303327
4073,54492,0.010898878805692314
4074,75938,0.004357009178531346
4075,64929,0.008405738172104856
4076,92226,0.0035965323728761635
4077,45591,0.004421712212550857
4078,63896,0.011635701793291342
4079,9974,0.0034820074886951417
4080,34161,0.0027835910283424453
4081,68685,0.005544238381019221
4082,30682,0.014207993581592394
4083,85119,0.006148762576225257
4084,17464,0.008620994669685092
4085,28619,0.020430410464581546
4086,47968,0.011468910143304305
4087,70480,0.008510918670351728
4088,53539,0.006599233993083644
4089,94556,0.006010611802691006
4090,87846,0.013855307001391853
4091,84023,0.006387825335983795
4092,83087,0.004613682800752971
4093,79919,0.011525251611640384
4094,68067,0.010655242117478574
4095,20508,0.017043182660231936
4096,75503,0.02251508226408005
4097,35485,0.02728117597098184
4098,55292,0.01908670553040911
4099,95616,0.011137375972402249
4100,21597,0.019019595451130245
4101,97055,0.005941857244994287
4102,86728,0.015948394786954884
4103,7021,0.00623464075301612
4104,94919,0.00823093655891405
4105,8481,0.005785036772271128
4106,86711,0.004023815661748311
4107,2317,0.010142864510686777
4108,90174,0.013592530931866426
4109,95508,0.009958204014353425
4110,24792,0.019472866587388574
4111,41318,0.02584519970372488
4112,208,0.012710607427876532
4113,9079,0.0028071930608042873
4114,36054,0.007196885905262988
4115,84079,0.007390956361189879
4116,54658,0.013084144743979603
4117,87686,0.00396807625115617
4118,84699,0.004931739680311258
4119,57448,0.0060491129989672324
4120,55149,0.005178797365400903
4121,91748,0.0056448909049946275
4122,75748,0.007081091884283611
4123,62881,0.012693576876461235
4124,72293,0.012963238059837952
4125,68119,0.004884667248259544
4126,5944,0.004028443925159005
4127,92509,0.008923231583888117
4128,33116,0.007625901715982205
4129,96946,0.005318349694213806
4130,73208,0.013742985897605604
4131,65655,0.014111391847523332
4132,85268,0.007805620504455459
4133,67347,0.006485594295010411
4134,83697,0.017887823627374975
4135,59525,0.006002869388644413
4136,35564,0.004754963945190897
4137,74379,0.004474036592423135
4138,29907,0.009407836285099749
4139,13628,0.009461488912003489
4140,43399,0.019497548598209926
4141,19269,0.004330404178984532
4142,47643,0.0034336308463879064
4143,45139,0.006683164609873492
4144,61484,0.008714906935498057
4145,78421,0.008563993104084896
4146,11181,0.00678359116359676
4147,91999,0.008324709589749874
4148,57326,0.005385702848699662
4149,64309,0.01137886843344099
4150,64879,0.008458848450705143
4151,81458,0.008879419123349089
4152,60569,0.007526371474098931
4153,15156,0.005726531727054126
4154,4868,0.0028092327457165975
4155,17311,0.005222060404470306
4156,40938,0.004969418086054443
4157,33814,0.012486185745270887
4158,43955,0.01098196596426395
4159,68270,0.016769653923851633
4160,54130,0.006772859794234398
4161,82808,0.014109887159492417
4162,92821,0.0043482711304412116
4163,93781,0.007583072111608211
4164,81916,0.003990517637879923
4165,55272,0.005545229219542416
4166,28935,0.005342507004752275
4167,28002,0.013898460436486269
4168,53045,0.008295025191522969
4169,53492,0.01316798798730755
4170,45430,0.007770485299244795
4171,20764,0.011774070145548
4172,61140,0.0049572191497472
4173,19654,0.021499423789730018
4174,48298,0.020978067037958077
4175,81044,0.013061583655398681
4176,16201,0.010812597414527043
4177,75002,0.006634998849041231
4178,47227,0.009147044574973576
4179,96736,0.004293019504174708
4180,93418,0.0066420521622218695
4181,31287,0.008892447022637424
4182,40229,0.0073675851340132634
4183,98013,0.027885103885836898
4184,95832,0.008203438221825598
4185,62436,0.006922314001125649
4186,68686,0.016823888301505004
4187,59292,0.0072936163860914584
4188,58018,0.005004744376755089
4189,37286,0.002571621859132555
4190,7452,0.03498106131883082
4191,5862,0.014102524414804888
4192,84654,0.008372048533573071
4193,60708,0.007482604418473683
4194,84460,0.012556909470415477
4195,97977,0.00566372012348579
4196,39937,0.007395152185963478
4197,79177,0.0038174849366136862
4198,66176,0.004082068345567966
4199,63829,0.004160683308038274
4200,46904,0.024329587020333696
4201,19539,0.031334811983396646
4202,64271,0.005557811438384162
4203,44367,0.00586577791914902
4204,25974,0.003371995428722811
4205,23134,0.01719887747651821
4206,78388,0.005917701237825878
4207,41030,0.037020355441757705
4208,22211,0.004909274520538694
4209,9838,0.004249845313520991
4210,20802,0.012836389473794195
4211,4654,0.008966589869891245
4212,64422,0.006215247600026411
4213,55341,0.013903539224659454
4214,77016,0.0052432785471154915
4215,66293,0.00830170232058384
4216,19094,0.0041752129857865975
4217,50341,0.0035226981231814064
4218,79545,0.009049239046446453
4219,22109,0.008370163468899093
4220,74835,0.0418521317541336
4221,88871,0.009900450090035227
4222,33238,0.006765053756208577
4223,49979,0.010177454834377177
4224,10705,0.005704381625850455
4225,6660,0.005034144394449809
4226,82143,0.007130692404966917
4227,25806,0.014169975468837994
4228,17942,0.013071940712421773
4229,36969,0.010735871748615195
4230,40937,0.026561739983776707
4231,9156,0.0049433637693665385
4232,60692,0.005646863486506589
4233,69457,0.003593688478000163
4234,41728,0.007526780397478745
4235,30874,0.004918243195712135
4236,90353,0.008906904779851982
4237,12992,0.006227375653641327
4238,37689,0.003877513448458984
4239,34755,0.013067996774152588
4240,99246,0.005553712492942883
4241,94073,0.005994813340880186
4242,15282,0.005098677572921424
4243,11065,0.005662094992569587
4244,61317,0.01708018070503607
4245,51273,0.01678587314314235
4246,43475,0.0068820778216509264
4247,81642,0.004698005907992353
4248,82698,0.006762625998761668
4249,87367,0.008275294053556391
4250,47569,0.0050982354892851
4251,28930,0.004349190687661762
4252,28097,0.005310609562717589
4253,20434,0.013222372494658635
4254,88330,0.0052514552558663476
4255,50487,0.007048008761581067
4256,39475,0.0033317428317001176
4257,4535,0.004280773538022822
4258,87573,0.010663888629583607
4259,72665,0.02053145928471407
4260,79928,0.02773223595220488
4261,96198,0.010275413004262808
4262,88010,0.006554959964086135
4263,11028,0.010221894105523582
4264,5088,0.012058436707092345
4265,44817,0.011418231973693196
4266,6219,0.011650608115808226
4267,68459,0.005508177982189553
4268,63192,0.005522422983748247
4269,99121,0.004401920397022378
4270,96845,0.009228847842843951
4271,12364,0.004746059709234024
4272,1305,0.007117061764612787
4273,40493,0.011711853278324552
4274,56390,0.006991328560336786
4275,70081,0.02127339649533604
4276,67680,0.013639597975614818
4277,35900,0.006356548837436417
4278,87758,0.009936626827176036
4279,80215,0.003637612892328632
4280,74147,0.0064709869826537125
4281,89151,0.011819279750956972
4282,63477,0.011297436814503882
4283,96551,0.005646086446260379
4284,82237,0.007105292168916708
4285,82631,0.007841600098006931
4286,47647,0.006570004940769472
4287,36639,0.00909512853896279
4288,80194,0.0049957632381474135
4289,31071,0.008789708567705595
4290,99381,0.013161095045035437
4291,97649,0.006033644890079342
4292,14279,0.0055445711227866306
4293,77685,0.010992782594635075
4294,16597,0.013273298444152317
4295,30833,0.0043569728122153225
4296,53669,0.007105924853002937
4297,49199,0.00840919773067572
4298,43833,0.00906305343558983
4299,47020,0.002510935436306899
4300,2151,0.0074227461120590236
4301,1784,0.01234456758434009
4302,77799,0.011413564566032168
4303,76683,0.016610504053571295
4304,89343,0.005621948222705294
4305,30151,0.0065137262353605506
4306,25987,0.009674390110475689
4307,45843,0.015707028765725623
4308,30934,0.005799468385544747
4309,38659,0.003417334982781386
4310,91219,0.010689061201047467
4311,58333,0.032613382420527484
4312,32180,0.004687141031691253
4313,77321,0.012948142210675702
4314,45408,0.005604143427366583
4315,33695,0.0019516629829048333
4316,8304,0.005220328625758452
4317,50473,0.005655245010795223
4318,40675,0.008623710607619356
4319,25554,0.004522477491100111
4320,81304,0.0027854059214270236
4321,91552,0.009537380609380136
4322,93428,0.01103927001525498
4323,74712,0.004973343765791885
4324,78956,0.024198755639135577
4325,41336,0.02680085721390525
4326,67397,0.0032001427490922626
4327,55375,0.0037925634957017397
4328,6732,0.0037653249511815307
4329,82207,0.007568526205335209
4330,45787,0.007312244266434514
4331,51757,0.004566427824002569
4332,42438,0.005421688572359364
4333,16733,0.0062771278366436705
4334,50605,0.006146355759375164
4335,61124,0.0033943484757427526
4336,98190,0.007393376479801577
4337,17772,0.006376724893000298
4338,33205,0.007352804585332348
4339,81037,0.005573746475799767
4340,53508,0.00919733021817035
4341,17898,0.005531674333824368
4342,73012,0.01884586172114435
4343,94299,0.008362523901978652
4344,63476,0.005833331289240367
4345,38254,0.0032275635784804945
4346,31244,0.013140440698207509
4347,99322,0.00523206221854734
4348,69748,0.02248676008493172
4349,77427,0.026781942849914673
4350,39068,0.012294270478859198
4351,87937,0.012302372697409338
4352,78859,0.005857098878973533
4353,80273,0.004706914393667217
4354,53160,0.0052677974656992164
4355,40755,0.005617066905434636
4356,40386,0.017831923466128958
4357,96233,0.005721775187301657
4358,98504,0.017477544819720275
4359,40721,0.008927317662449676
4360,82632,0.006474992689815233
4361,94170,0.00900398423989083
4362,11673,0.006129170621366323
4363,5433,0.005414905696381188
4364,98744,0.006309860811376918
4365,7915,0.013744605733897587
4366,41271,0.012852650521291096
4367,89090,0.014566218529112464
4368,44122,0.013472435695870193
4369,16999,0.006478307020433454
4370,27702,0.0037719496283750383
4371,35690,0.004762958232113033
4372,30824,0.005078468737351085
4373,11014,0.04390489537205168
4374,27309,0.030793858244338293
4375,32347,0.012334061835701583
4376,67108,0.0037334147561562314
4377,54148,0.010509880726658573
4378,75363,0.006704995350751141
4379,88968,0.007481684374630204
4380,2015,0.007408598552624553
4381,12592,0.012391424293147626
4382,38158,0.006451743245492796
4383,52406,0.007914770669333594
4384,85503,0.011354830169586261
4385,90679,0.007221734954241069
4386,47412,0.005065571292964481
4387,977,0.010210373154473588
4388,81548,0.006894076472765226
4389,81427,0.006179582819457667
4390,49751,0.02996000049548272
4391,38606,0.025099087147920127
4392,62938,0.0046629119696929506
4393,5333,0.004570285827427306
4394,74917,0.005028891891846667
4395,20678,0.003325665422613998
4396,18354,0.02190430718061942
4397,51019,0.010009636378585492
4398,83383,0.006300922303793705
4399,54512,0.0030715932203432385
4400,80360,0.01498036746046926
4401,80306,0.008624075397317639
4402,38418,0.005300566857674903
4403,81793,0.010029644997453329
4404,28101,0.010246187558833239
4405,91722,0.007560905524423567
4406,74602,0.004880928841762337
4407,51044,0.006499977573753468
4408,48702,0.01441028124337336
4409,63238,0.006044926724020178
4410,42527,0.006900354015464887
4411,39357,0.009106174281862249
4412,16173,0.013130583315348901
4413,73390,0.006295542147818146
4414,27400,0.004300244559592393
4415,88702,0.009198366363498727
4416,32534,0.006746699293687642
4417,58255,0.0034480411818182594
4418,45878,0.004968538091004515
4419,28358,0.018900758599682863
4420,35967,0.008461277440231545
4421,6293,0.03889587148800425
4422,69893,0.01153421692766487
4423,40449,0.008407054264488166
4424,3233,0.009757756718557359
4425,38472,0.00955522652894876
4426,96336,0.004430268484020376
4427,4768,0.006601197054568615
4428,10620,0.0056955072199907555
4429,13316,0.011730185759313188
4430,71054,0.0056366723866133495
4431,71097,0.002145219612841754
4432,49328,0.0019135447914095018
4433,22095,0.010077373525225714
4434,29279,0.020089095135937363
4435,7062,0.010180298250449953
4436,70051,0.0055296593348194995
4437,50304,0.008587059430528987
4438,18179,0.006404273537011753
4439,62407,0.020971610480404114
4440,41347,0.0045422511303448935
4441,39843,0.01020365990797914
4442,80034,0.005891554463002309
4443,91325,0.01266866590058257
4444,52866,0.008065051526913575
4445,32157,0.009695250226745123
4446,3438,0.004198940604042073
4447,12358,0.08276141081488259
4448,71271,0.004789680081577071
4449,8047,0.01390719981067981
4450,68071,0.00869264673367967
4451,78677,0.005743520566942038
4452,84958,0.015698218163329957
4453,75114,0.003420130741134452
4454,62072,0.012078824266892888
4455,5705,0.007247291079319182
4456,73183,0.007888208194538204
4457,15181,0.006396293024967914
4458,61891,0.005591636726544119
4459,39852,0.0031539737714053845
4460,31473,0.007785126314154412
4461,48261,0.007330560369019528
4462,40935,0.005194139392917236
4463,57625,0.0038625645779281296
4464,84989,0.005014144958861898
4465,57904,0.015804039758449087
4466,3996,0.0069578028678218135
4467,69756,0.003965219365966603
4468,58279,0.005309135294984905
4469,36569,0.01821743969393662
4470,55880,0.008990992936659292
4471,13801,0.007977541823621492
4472,7999,0.012846503869689397
4473,96323,0.00952644341198714
4474,88064,0.005226440167698541
4475,25181,0.006271568376449325
4476,86589,0.007993343022128632
4477,67488,0.006235813191172357
4478,84848,0.0108134781862179
4479,93970,0.004305827024975941
4480,30315,0.005394514052164575
4481,71462,0.010848231464271819
4482,34740,0.010375545289152013
4483,65126,0.021819833704936197
4484,1158,0.007582588624853035
4485,79900,0.014579016561359015
4486,67552,0.007839002589747547
4487,97388,0.008273437434194824
4488,98879,0.007030651292943358
4489,4103,0.006235129901360952
4490,80019,0.006695183611703627
4491,30583,0.00733959051074754
4492,91926,0.007261593270932716
4493,88963,0.005794372897507458
4494,22337,0.006061423972832276
4495,12237,0.0042169769562378015
4496,44184,0.007554577298826558
4497,61841,0.016495080882990978
4498,79275,0.005131047958994022
4499,22497,0.010360317925642366
4500,57768,0.003314808949435053
4501,67239,0.009888752448821127
4502,32436,0.01450208916600498
4503,76591,0.011842142352565404
4504,41855,0.006188902720404432
4505,25563,0.0085182869802537
4506,78758,0.0043951776616088616
4507,61210,0.004570385740434371
4508,3203,0.011525925918892135
4509,301,0.004886472594074501
4510,19598,0.010455719388129763
4511,41503,0.0065181683373628846
4512,20969,0.008962521590648797
4513,96218,0.006054423853281341
4514,94579,0.009302950190441408
4515,57803,0.021646546342520286
4516,9840,0.008158874919904274
4517,29045,0.005647525923011675
4518,62867,0.005854875486444087
4519,94270,0.03333126504340211
4520,55188,0.021030092465405242
4521,59464,0.002339406224133171
4522,62159,0.01788908642858375
4523,90250,0.015313758396459641
4524,30103,0.0073716388023355875
4525,75121,0.005208979387318895
4526,74794,0.006556187189625878
4527,80259,0.009781413457642395
4528,24945,0.006642622694802345
4529,10438,0.00836237725956937
4530,34469,0.006580480703741724
4531,25275,0.006169551680400496
4532,82905,0.025749675028324818
4533,51455,0.008758669168338338
4534,44843,0.017030898816331363
4535,33276,0.011207596209229637
4536,35128,0.004437223296614616
4537,8398,0.01782376255497352
4538,53786,0.007247751361320106
4539,36981,0.004586863004132659
4540,73441,0.004632065189417837
4541,31298,0.009387409832862997
4542,52322,0.0068077883594374255
4543,19691,0.0071516275914534355
4544,82626,0.004725739372454629
4545,22803,0.0068514518492553715
4546,1609,0.009410786970608523
4547,74292,0.00668082078183453
4548,85092,0.010296118661731187
4549,23279,0.004563751636844832
4550,75376,0.007851446490468855
4551,54335,0.00871694514032441
4552,37654,0.0049438223363323566
4553,937,0.007789198945465292
4554,25937,0.013643633309567305
4555,79945,0.011070941216218343
4556,91092,0.0037520803567822566
4557,60241,0.01096888878018867
4558,24707,0.010589286430698217
4559,41512,0.013596376727207357
4560,30345,0.0113096879428029
4561,54956,0.0050754078566690375
4562,90654,0.014120316482934457
4563,53663,0.005236671924616811
4564,77800,0.011317655743229462
4565,10039,0.012435380498009527
4566,47493,0.013954184336065812
4567,4583,0.011373083227718836
4568,27900,0.004053334755630881
4569,88621,0.007658537686879527
4570,56785,0.00477328606130946
4571,8767,0.013744918354001944
4572,31518,0.00909135200183107
4573,32577,0.005164088436390955
4574,31997,0.008682461985601787
4575,4761,0.022700610598470766
4576,57053,0.0062572022700425394
4577,49516,0.003613779150066934
4578,16169,0.0050834170415807855
4579,46187,0.01075751039778106
4580,17991,0.009229731178626476
4581,79477,0.00839386833229331
4582,88766,0.00691346338775489
4583,98292,0.026661056900360164
4584,6523,0.010238084695319677
4585,86368,0.005921677479280634
4586,66502,0.006553458534029846
4587,78782,0.005603412370023184
4588,73351,0.016605371244705274
4589,10733,0.005358377305086555
4590,72572,0.005756200505427065
4591,32457,0.006467452916637653
4592,8140,0.013455761229025068
4593,67966,0.009533037073382544
4594,68878,0.012547902438019943
4595,1397,0.0048662435800682245
4596,73204,0.005708736526601663
4597,31860,0.00417305667926167
4598,54369,0.012066837585090803
4599,36197,0.007718434680045975
4600,90244,0.005094948141875976
4601,98854,0.0036184121588137353
4602,65590,0.007520443921911097
4603,61004,0.012101882967036277
4604,55850,0.004737994021008189
4605,16881,0.0067998951759841155
4606,88887,0.020236682431568433
4607,15091,0.005661374366082538
4608,73285,0.014323975260985678
4609,69521,0.0037512097401956853
4610,51573,0.0037142858293893093
4611,7576,0.01241064457861053
4612,46172,0.013414659693636734
4613,16700,0.006008481908238671
4614,39504,0.008185185647180808
4615,49629,0.005514234448428816
4616,66916,0.006996745606117519
4617,41944,0.011129841588682798
4618,84486,0.02387882585540936
4619,30222,0.014207373631106067
4620,71853,0.0035435674826509314
4621,44982,0.008715395935240379
4622,7911,0.012324840785210482
4623,99838,0.028126161824038327
4624,91553,0.004926705617839377
4625,27314,0.006033151827475209
4626,20376,0.007653119309779088
4627,81087,0.010830024852705507
4628,33973,0.0037213812251971107
4629,75090,0.009096093817386795
4630,48906,0.011345198318817933
4631,10979,0.004794913825119781
4632,93899,0.006894502175740138
4633,96043,0.010448259168365635
4634,64443,0.005747545852177358
4635,49546,0.0031915770235605456
4636,16899,0.015267550217364551
4637,41084,0.020046003994143108
4638,61890,0.0026558364590472646
4639,41091,0.010603077467302673
4640,7709,0.007383065917679697
4641,2743,0.0047470243558777065
4642,41027,0.011095530103220183
4643,41427,0.012082972586506311
4644,8939,0.008428594832249562
4645,18956,0.01606950470978711
4646,33193,0.0285510102293864
4647,81179,0.011692093168208625
4648,72647,0.014757228499657764
4649,34564,0.004695447762811372
4650,96638,0.00603316090040487
4651,97459,0.01884534668767775
4652,6479,0.005114978536508282
4653,82992,0.008934483239973182
4654,5758,0.006834977417532017
4655,6437,0.004736475596329138
4656,32060,0.013444580897713077
4657,93577,0.005272355891017422
4658,3059,0.00882552889732193
4659,77720,0.0060458155553129245
4660,12459,0.005550929082799494
4661,47578,0.005667358059567443
4662,79072,0.012022516795589591
4663,29516,0.007687342198039506
4664,84557,0.006774093373241907
4665,33246,0.00513730129159643
4666,17303,0.004580361258296217
4667,51015,0.019017562000675853
4668,43921,0.016194255497125044
4669,80284,0.006355695529338554
4670,17113,0.009805562473459956
4671,14095,0.008095782231081743
4672,83725,0.009529538070101156
4673,13587,0.0040814251334494005
4674,6185,0.018182369666605268
4675,17885,0.007582630737138619
4676,91403,0.028021564977422662
4677,93361,0.006418315118495511
4678,3875,0.007863943859419026
4679,76540,0.008780627964373691
4680,7392,0.011589674674974704
4681,45038,0.005360348238692279
4682,43326,0.0065375648955777466
4683,62610,0.015536747925959877
4684,7728,0.007222058873500586
4685,54313,0.005941333639379586
4686,19703,0.00520368398026219
4687,770,0.00396251518295092
4688,87697,0.005332394692159438
4689,97598,0.009550499180795358
4690,97683,0.014930955318515373
4691,26916,0.0030119911758862304
4692,91227,0.008129476003513544
4693,7662,0.00695106057278874
4694,33582,0.0474584692531199
4695,54854,0.013528842457256603
4696,7334,0.0047820811607237005
4697,13295,0.015272523239489546
4698,45959,0.02284655708859285
4699,30162,0.004799168366036699
4700,9442,0.0068098549539098085
4701,97075,0.0033044056781129155
4702,37179,0.006820814634632278
4703,23384,0.008793108100492511
4704,68358,0.004501235194755335
4705,58030,0.013378247913537651
4706,75967,0.007120438454395429
4707,87900,0.011711861488201067
4708,90314,0.019071274858482853
4709,44342,0.007737916520338204
4710,44126,0.0039050799449433203
4711,75209,0.012741806053392942
4712,31406,0.010868741120686122
4713,32605,0.0047271704076501395
4714,67019,0.004583098992267879
4715,12648,0.005994903265382846
4716,78779,0.003252724936695861
4717,87682,0.011099300129263311
4718,98422,0.0028607616989636464
4719,98394,0.006303832103643575
4720,47682,0.05497636912509491
4721,75251,0.0025131262982736957
4722,32331,0.01098264828609477
4723,65060,0.00738175116645735
4724,67305,0.004278830684206042
4725,82039,0.0037534148648220604
4726,31794,0.015142913049785614
4727,83899,0.007792133238096642
4728,23366,0.009647920164502777
4729,24591,0.005781123703078635
4730,69043,0.005642486112267597
4731,86144,0.01062840684153667
4732,57447,0.00999050377382216
4733,8078,0.008175782923504129
4734,15138,0.019968293676387704
4735,95899,0.018858965072448847
4736,59747,0.015134960698232735
4737,65845,0.00821170264215734
4738,573,0.010314313251665258
4739,67359,0.008649375054036276
4740,95338,0.006301885391028968
4741,35544,0.010285031425731346
4742,28109,0.014137046773961012
4743,198,0.004160977987314576
4744,27742,0.009944968050414803
4745,38147,0.013473725646230025
4746,51944,0.01101981801742369
4747,16609,0.008561029278876411
4748,6321,0.0032661977951830724
4749,51579,0.003095282591308535
4750,24498,0.009016270098469652
4751,77153,0.013264342491396165
4752,14274,0.0063757689339980095
4753,72487,0.004578500063080397
4754,83623,0.009226580052439978
4755,13089,0.006528604455118807
4756,16628,0.005696972165562606
4757,20803,0.005376966238733089
4758,72740,0.0071116501084620195
4759,80004,0.0064702268465632005
4760,45039,0.0038934587378478
4761,22108,0.011023139809843784
4762,62646,0.004984559067328579
4763,63975,0.012959019055050584
4764,95004,0.008187404260777595
4765,72707,0.002894730277210381
4766,35428,0.006486682227548736
4767,54710,0.018607610912455472
4768,34686,0.015377523399870315
4769,63317,0.015701947998132907
4770,34887,0.011503571954971266
4771,29310,0.009217286561481469
4772,16118,0.005735639444656888
4773,94983,0.007869478661453912
4774,25460,0.013300567492299426
4775,41624,0.007102748515847932
4776,84313,0.00617312440131707
4777,23168,0.007350097509023213
4778,5161,0.011164721029447277
4779,94892,0.011185744888040838
4780,94636,0.020048739506083192
4781,50540,0.0061679320126671495
4782,54864,0.008019124432404622
4783,74700,0.00729470063781768
4784,33326,0.009442115997202896
4785,49417,0.01131004369280536
4786,59314,0.008076674120730293
4787,89314,0.013913154722923496
4788,2759,0.005557880016001038
4789,80712,0.01903379624124613
4790,34577,0.006049092961511634
4791,35539,0.011788425429094028
4792,4921,0.010972174174481594
4793,51082,0.004683455081597839
4794,40256,0.008570008628967073
4795,72984,0.00454918677307177
4796,27567,0.020827464816286553
4797,30220,0.015230143036006023
4798,81312,0.017642215289621174
4799,79032,0.014414806565847357
4800,89583,0.029538116510742708
4801,68887,0.007705391382106003
4802,61903,0.01083438917554793
4803,77634,0.03354524856640789
4804,68945,0.05734182668462977
4805,44996,0.00786440777685517
4806,2088,0.007066321983248995
4807,96559,0.008724737953592635
4808,79656,0.005348461610975271
4809,62251,0.00647580467387485
4810,99059,0.016391742522611587
4811,56133,0.008555027033246272
4812,74440,0.0060971795382329256
4813,85301,0.020033329939116384
4814,1309,0.0061915051431554475
4815,17291,0.005540364774341371
4816,74420,0.016441985198355782
4817,7002,0.011170233886306776
4818,4063,0.03310071238277296
4819,36454,0.038019515976654275
4820,69488,0.007294999005435225
4821,84925,0.016846760865289665
4822,52552,0.0050667679380731676
4823,84895,0.009500080480540057
4824,11475,0.013182859031685321
4825,91628,0.009592411413801346
4826,81072,0.002569630131967979
4827,68558,0.006460570688059171
4828,70888,0.012118624879053408
4829,72054,0.010980604028624894
4830,84169,0.007466765993048846
4831,24372,0.012538217904346248
4832,2156,0.01202991854502739
4833,85538,0.01048692526148769
4834,67351,0.01544470163930271
4835,53698,0.021819530611521167
4836,24678,0.005039114599423274
4837,96796,0.007426606645304584
4838,2561,0.006441056686101006
4839,42409,0.011807816222802772
4840,42224,0.02860186080214513
4841,57830,0.005160139528514494
4842,55487,0.00667235778526252
4843,77002,0.006904148200496865
4844,15205,0.006492104220710617
4845,72245,0.0059390918873027925
4846,78262,0.003679345132247403
4847,43197,0.027501485443549932
4848,87880,0.010361186540519454
4849,35839,0.007239816937477077
4850,7520,0.0033909153721197014
4851,71148,0.002448709167529961
4852,53228,0.021762707280656535
4853,66365,0.007586911901804333
4854,68375,0.0047873983668639515
4855,32320,0.01574870722041111
4856,92247,0.008887353537783985
4857,8839,0.005186049460288416
4858,22973,0.009874013965742482
4859,57827,0.008578898047257684
4860,17907,0.006975885187378581
4861,43578,0.004651763152406167
4862,49268,0.004796171985603903
4863,98022,0.0036861648365106095
4864,11554,0.0040726116248374815
4865,97313,0.00736944003561978
4866,92549,0.004767326116501803
4867,746,0.005802941478145402
4868,5810,0.005931251102854883
4869,78192,0.01780835172395074
4870,62410,0.007564484204510108
4871,96397,0.01242015554399913
4872,21562,0.007854086404285292
4873,38556,0.007764527480754461
4874,8145,0.02568156057824288
4875,67298,0.005531306186380129
4876,89572,0.008850143209577329
4877,61429,0.008252630319440627
4878,29675,0.015470342043911527
4879,59411,0.0031620508813801984
4880,81517,0.0059801042274322605
4881,13932,0.015227822804915506
4882,41345,0.00946371936013042
4883,21277,0.016879976715053473
4884,54318,0.005788514730148273
4885,63099,0.012153903989681587
4886,81993,0.00921780642528611
4887,89929,0.009985708658837425
4888,18888,0.005192628245624661
4889,18245,0.008767680290823275
4890,69183,0.025477870425541827
4891,80802,0.015701927244968383
4892,95924,0.024125266697150417
4893,52227,0.01629680247917245
4894,27639,0.006874535267888174
4895,97692,0.009634675600685837
4896,78536,0.0070749485493333845
4897,96790,0.01908473708613214
4898,81385,0.01645434271668566
4899,67873,0.01035887332007802
4900,47433,0.007366295862940695
4901,91988,0.010749845279829912
4902,53547,0.0030801029403640305
4903,20977,0.005059146851420225
4904,59957,0.0041641992754344135
4905,84056,0.004586605023917155
4906,99238,0.006726646202044183
4907,15763,0.03299271935832801
4908,86175,0.012701051889027978
4909,62446,0.0031293087695937766
4910,33692,0.00523273818586697
4911,81833,0.0027555463313449135
4912,15287,0.00460470519089943
4913,55183,0.00602320968071211
4914,93138,0.008256010088113925
4915,46742,0.010087616721820946
4916,55404,0.010183992145843857
4917,39179,0.020849239797593774
4918,26089,0.006140368913221178
4919,57365,0.011543189662118994
4920,85560,0.015724863268175283
4921,38010,0.01459911732396218
4922,55065,0.014024368373759748
4923,48750,0.013735937142604071
4924,5537,0.008386133007176595
4925,89330,0.004038168187336389
4926,90334,0.004615863845038495
4927,74193,0.0045536387494700785
4928,60581,0.015427375996767481
4929,49816,0.005327587824492682
4930,65712,0.010195838859219285
4931,7555,0.008933414351293573
4932,72822,0.006363313386177828
4933,31843,0.010273657640425978
4934,59045,0.006800089340260862
4935,2063,0.0032660005262670376
4936,18399,0.00739685700645885
4937,58322,0.0066702886174419655
4938,33617,0.007451782382891211
4939,76539,0.005618298113504092
4940,17952,0.008526814742459692
4941,24941,0.011801270532808626
4942,56485,0.011424423118133516
4943,18734,0.012169630917645969
4944,43765,0.0038117236304254453
4945,59591,0.012602741364357704
4946,70387,0.006616724807790189
4947,23253,0.010561591349779936
4948,4894,0.009575803934716498
4949,41516,0.005440232489091633
4950,40266,0.008004189656403343
4951,20563,0.00949652183232462
4952,10201,0.03523315916761142
4953,99070,0.018964214920891613
4954,8968,0.004389622498846482
4955,14817,0.024291114051217144
4956,71970,0.023745062395048727
4957,56483,0.008322749054273094
4958,70680,0.0053316496463732595
4959,226,0.010665869715294795
4960,75297,0.00806731832574194
4961,52778,0.007282632516285924
4962,71230,0.004636931212506918
4963,34227,0.004397177088430704
4964,85306,0.0065418748268474426
4965,51390,0.004797974465529498
4966,88347,0.00656117903220267
4967,26764,0.011646680036046025
4968,5864,0.00507063967187922
4969,8986,0.015490116928978812
4970,75925,0.012297382929718527
4971,63646,0.00993050012598776
4972,74736,0.009003715686419403
4973,96460,0.015765670270017705
4974,43706,0.007472473261869912
4975,3913,0.006820229412760561
4976,44799,0.008133826290571146
4977,58123,0.012095880841306191
4978,30953,0.03158691535688579
4979,80150,0.0044349611951767405
4980,53460,0.004852032188004871
4981,82261,0.006249245204199614
4982,81976,0.0070891846244489545
4983,19862,0.009110125375589005
4984,87652,0.006210117017252246
4985,10646,0.003774709182914126
4986,35383,0.008875068979911853
4987,52156,0.024509319202645312
4988,31005,0.008045993392099502
4989,10228,0.014415654558998804
4990,92634,0.006314281796364696
4991,91171,0.004918022270613597
4992,80626,0.006129848746552246
4993,21181,0.008394164438945539
4994,25901,0.011083836759373225
4995,19808,0.00783631658693235
4996,42714,0.008566420674794906
4997,76324,0.007029955800180244
4998,74619,0.027527782415109427
4999,36499,0.0051390910301823455
5000,42254,0.005941994827221819
5001,76833,0.010112084254948604
5002,62884,0.014882277727867661
5003,40194,0.014151240964968408
5004,42247,0.00783278988079332
5005,66585,0.0053033047349879655
5006,94577,0.01288453343683298
5007,31503,0.022106080151093065
5008,91419,0.006644550127033055
5009,92544,0.007988178107507585
5010,1660,0.008411323382592656
5011,80345,0.021948621229749946
5012,88422,0.004564933068739832
5013,88285,0.00644552565580659
5014,7326,0.007114915315939365
5015,80336,0.005051349480512753
5016,12264,0.011544901160167523
5017,384,0.005597314378602024
5018,57420,0.009202510169270197
5019,56948,0.0075484649302133364
5020,43308,0.006874030330757014
5021,38808,0.018624952684991848
5022,67854,0.005550580175643952
5023,13843,0.0034697016300695755
5024,13205,0.00826435652946196
5025,17219,0.023517273885143502
5026,22917,0.00406205316958598
5027,60595,0.005532236010159632
5028,63641,0.006350692028220873
5029,57279,0.006977622977397147
5030,68782,0.005750410566306233
5031,76450,0.005575475611563425
5032,69179,0.00627100296622835
5033,69494,0.012401068177700803
5034,24272,0.006823615031598321
5035,90145,0.008754749021200325
5036,17418,0.041978413545474456
5037,78005,0.004322166947638109
5038,68604,0.017343850674118574
5039,71144,0.007971508733250938
5040,60511,0.00847496097546028
5041,42962,0.014320876478386129
5042,71651,0.006084281514987616
5043,89553,0.00867436775589512
5044,33947,0.005955277336938677
5045,42458,0.00871496986319361
5046,12966,0.005886568646381455
5047,51412,0.0032757260189848637
5048,72361,0.007772533290622425
5049,85854,0.008637750500368649
5050,793,0.005072471014684251
5051,99048,0.008553696272943341
5052,83337,0.005104383623555963
5053,70687,0.02007579506540215
5054,56049,0.016536603838256333
5055,81494,0.0075183642039124395
5056,12106,0.013153120940563204
5057,22052,0.006633836796402405
5058,52424,0.005854013675137923
5059,37493,0.0082104488774489
5060,21151,0.03454383923713099
5061,45577,0.015004573899698741
5062,9749,0.016240321320063946
5063,37637,0.006295098545303433
5064,97553,0.004909343928926321
5065,22808,0.015785331599828322
5066,82637,0.005361029983402989
5067,38776,0.005966317850109989
5068,99158,0.006661949366627364
5069,92077,0.008056875313216347
5070,82133,0.006992223040247275
5071,51442,0.005366600559720713
5072,16611,0.02056587680182893
5073,63423,0.01079756864929675
5074,46162,0.003753767333208389
5075,91313,0.0067109992894826345
5076,81935,0.015269160505595035
5077,83505,0.00884737977727188
5078,70543,0.028307689240772822
5079,68873,0.0044851360502570865
5080,67599,0.005682869728044532
5081,56386,0.005556796377877759
5082,60259,0.009193559585954952
5083,33042,0.006975091730708607
5084,89651,0.011823919132310637
5085,31395,0.005089409066865637
5086,35126,0.00420559448279933
5087,53271,0.00703781976187385
5088,91037,0.004273683600957874
5089,42746,0.007167629960872362
5090,77922,0.0049248917004761925
5091,73991,0.0044319993203287165
5092,18504,0.008605371840070175
5093,16320,0.013848581989803481
5094,11352,0.00604454010180371
5095,50264,0.010643567592913164
5096,15080,0.0042327458713490446
5097,65737,0.02022536332987012
5098,66600,0.006627146036373694
5099,2099,0.012221434050476966
5100,14228,0.006273257678232847
5101,28520,0.01582483583816499
5102,7768,0.009065813556545742
5103,14838,0.006799137836783924
5104,98961,0.016581637010105725
5105,36493,0.005013302729164048
5106,25273,0.003901619265345114
5107,66189,0.011540351738781509
5108,91039,0.008253877933052847
5109,34796,0.018693243562033286
5110,40166,0.007094085148570919
5111,24280,0.014713770317948098
5112,49620,0.014495328479816926
5113,79719,0.010862315550104345
5114,41677,0.004976660570885441
5115,50940,0.006213729581749922
5116,99556,0.003258273190546019
5117,52895,0.004363874957174351
5118,83425,0.011643923681153665
5119,25712,0.013886517535514648
5120,9675,0.0046318019896525175
5121,81254,0.0063911281107060895
5122,51017,0.006730530138303723
5123,45833,0.008954333743132897
5124,49149,0.00412355202283628
5125,27040,0.004759328879886553
5126,49300,0.019291792932978235
5127,75664,0.0033797640481681487
5128,83887,0.020120050673915656
5129,35578,0.005788333411404457
5130,53026,0.006386560375178802
5131,240,0.010457962771107353
5132,52909,0.009306011785093734
5133,88124,0.007194464262847607
5134,77487,0.010045893812101372
5135,20366,0.00718738724119301
5136,29775,0.02209088856003036
5137,60637,0.005568542165042448
5138,34305,0.010508903418517563
5139,97404,0.034236304191407135
5140,82152,0.0042542704365480825
5141,96565,0.005272649427197596
5142,5542,0.0054620190118593
5143,11287,0.01437631862717018
5144,41934,0.0037883234331365385
5145,30822,0.008796809538314533
5146,22856,0.021602098804860928
5147,33062,0.017935885990441967
5148,58786,0.008406747508546055
5149,96443,0.013403262510037987
5150,82881,0.005716438221372831
5151,49475,0.013866543576977232
5152,49716,0.00641594460552241
5153,12420,0.007676353348167899
5154,33917,0.005502010591074124
5155,60127,0.0056897457131544924
5156,50820,0.009571036584908994
5157,15725,0.006997324273900628
5158,29974,0.02317000416834572
5159,50802,0.007598389125248696
5160,29401,0.0075577914755579605
5161,75999,0.004113187747296176
5162,97431,0.00519443086715719
5163,90594,0.011427551694333116
5164,8597,0.0087512755853521
5165,62398,0.016435370589296384
5166,10068,0.018063175863422987
5167,88374,0.009536281757118499
5168,16172,0.014469132434120376
5169,83819,0.005697226151535848
5170,27791,0.005634517317620031
5171,47629,0.004233336770009952
5172,262,0.008908529736593099
5173,6767,0.0051860252898594
5174,34297,0.006973792609451545
5175,96299,0.013963497287256571
5176,22291,0.006410791935156202
5177,46794,0.009550895778443026
5178,53224,0.004622415034685875
5179,67424,0.007271053614805318
5180,2375,0.007963842639266056
5181,18718,0.009193558098616312
5182,24581,0.006392667927741442
5183,83859,0.015429450480819888
5184,45100,0.007113992382743634
5185,5111,0.008467344355906754
5186,34128,0.0056987123672133135
5187,58587,0.021340048714846006
5188,71237,0.01291843982365034
5189,7409,0.02208136771084705
5190,17526,0.013386191066381017
5191,19906,0.006214883936359857
5192,48175,0.008892622915987447
5193,26786,0.008332631386413705
5194,91969,0.0080706838918129
5195,76794,0.004877059938013576
5196,56677,0.004356112846672975
5197,91709,0.006430052789772309
5198,19004,0.006812313925648033
5199,27788,0.006678443820361619
5200,36788,0.0038174804102920792
5201,15694,0.011541585576056041
5202,57360,0.009431287148289001
5203,7904,0.026489712724298592
5204,55699,0.010874042829042422
5205,74986,0.013779479746892597
5206,9701,0.012723449080178084
5207,25351,0.007700693574666854
5208,83495,0.006257306411380234
5209,94084,0.00416106163717261
5210,30765,0.010478928756591607
5211,40682,0.009699423120011139
5212,15907,0.007000689798052592
5213,3562,0.008603702014961656
5214,41132,0.022664922597551974
5215,23429,0.006073737165184176
5216,13886,0.013910888890001217
5217,97490,0.014543242324013547
5218,7168,0.006201177561097778
5219,41656,0.007446577603414528
5220,66818,0.009731298142053773
5221,48124,0.0055896858754045375
5222,61310,0.005482271014660216
5223,55924,0.02531405101718154
5224,68461,0.006963746104771936
5225,63765,0.004830817251182012
5226,37405,0.012489178693863807
5227,48755,0.007435792490911581
5228,72556,0.012547004932389718
5229,64778,0.003886629793685746
5230,47085,0.011680830449315052
5231,79088,0.005800455818244949
5232,66671,0.008462382390521416
5233,14057,0.00648559508114179
5234,74387,0.007438794237457797
5235,52293,0.005806213273998852
5236,55067,0.012582657788336775
5237,31919,0.0013528308202136199
5238,78113,0.005815993643638841
5239,44224,0.009136318446147063
5240,10752,0.010280158115865001
5241,56723,0.015593150741677738
5242,32562,0.02071216934690598
5243,98638,0.024163304270771582
5244,56218,0.008615135005864095
5245,56409,0.018897045712780922
5246,97967,0.007201592345769138
5247,94287,0.008963984357646162
5248,61015,0.0036298924666772585
5249,46652,0.005398988285741308
5250,19445,0.0065346527999640466
5251,65072,0.04493921158654174
5252,23982,0.00703870050861332
5253,79276,0.010017466592621729
5254,14290,0.005248111164919704
5255,21486,0.005332668169436744
5256,63332,0.012597993008455467
5257,50406,0.01769351715984515
5258,588,0.01123984937512368
5259,50054,0.007145047311340008
5260,38118,0.014293940299789577
5261,46906,0.005854120049987845
5262,12496,0.009953394590438423
5263,45552,0.010446255868119444
5264,65659,0.009753630955478779
5265,65684,0.003989544967117807
5266,22511,0.010517697173942945
5267,53185,0.004997802152078015
5268,47260,0.009750610893636193
5269,13553,0.00845537184984851
5270,76857,0.007581235454277764
5271,63967,0.005759886529494888
5272,69682,0.008156279906205063
5273,79231,0.007711671653149161
5274,97738,0.0047696498645423205
5275,83205,0.010624107170692839
5276,22960,0.009881173193443928
5277,51530,0.010028104781738762
5278,12952,0.021969479537953696
5279,16561,0.014269593950707758
5280,41651,0.007333878077932024
5281,55974,0.007255886602195111
5282,11923,0.010459880103912671
5283,79594,0.011730463901884942
5284,98645,0.005310866970293798
5285,4625,0.006778561365730858
5286,48476,0.004055124727464534
5287,97647,0.008395981727339678
5288,34018,0.005447504894938046
5289,31449,0.011047238871301124
5290,59875,0.00473336238587217
5291,75809,0.01728452788744346
5292,83494,0.004077739640824214
5293,37236,0.014697646428652547
5294,94197,0.005124458429067672
5295,38444,0.003304388017153266
5296,20739,0.005438605441826926
5297,74750,0.001904376117858271
5298,97363,0.008350840365753995
5299,864,0.021921396392969042
5300,11002,0.007386338168854733
5301,47331,0.008242855662177914
5302,92832,0.01733423872813621
5303,66509,0.005366575825140657
5304,51830,0.007861759999820424
5305,60731,0.003730117371380349
5306,89809,0.005518213844288793
5307,91904,0.011590552131522432
5308,61050,0.015022606710217372
5309,73775,0.0040397413716622785
5310,70758,0.011528973654116289
5311,99611,0.006835573351636794
5312,83761,0.005485919996797742
5313,59332,0.0083399616890816
5314,90604,0.00604362706818736
5315,41278,0.006198754824746827
5316,90575,0.0036446004132874425
5317,26442,0.007329245386218218
5318,89388,0.011047395905282696
5319,68935,0.018573420754891632
5320,62671,0.005437916676105881
5321,78573,0.004342054359577284
5322,81496,0.012465763080178072
5323,28406,0.014903949240764451
5324,18389,0.02313732034286842
5325,32178,0.013049864792149092
5326,39722,0.04783709427143627
5327,52130,0.012896266207381175
5328,43452,0.006877966779012066
5329,40740,0.005082225730577687
5330,73129,0.007560003617608716
5331,97316,0.00559337550212609
5332,66657,0.005673292827003935
5333,59830,0.010860860232966844
5334,82740,0.011321895921292149
5335,68064,0.009510176485281897
5336,88119,0.00466051534579187
5337,78804,0.005747487451876359
5338,33158,0.009724405237834917
5339,86277,0.012982941716357492
5340,9042,0.013181268338018946
5341,1639,0.006726663801238449
5342,14076,0.007070786697163026
5343,15388,0.03951862041068277
5344,41599,0.0022213003267585133
5345,23218,0.006260151723950439
5346,91775,0.006604337532053204
5347,36425,0.008871899796434745
5348,19981,0.017206753954287904
5349,45889,0.01637131900566399
5350,16336,0.00553133201945096
5351,51304,0.0049208770255180214
5352,72918,0.006399209353392802
5353,75715,0.006252873491332449
5354,21046,0.005332786183332623
5355,219,0.004616799850643829
5356,76783,0.0074972064577949445
5357,67539,0.004119906564781044
5358,99721,0.0069928016043634056
5359,61636,0.0246239451117657
5360,48406,0.01063610381449017
5361,81820,0.012949382668111954
5362,6736,0.029227512519255937
5363,58779,0.005942873796146061
5364,16207,0.027556340052372195
5365,61292,0.019841763502435737
5366,55455,0.02586752619583269
5367,15520,0.006846460415497736
5368,72906,0.006655906985173635
5369,25551,0.007195498410195412
5370,29169,0.009616806985724743
5371,89880,0.006046202859343113
5372,33043,0.010103515469810809
5373,53697,0.005622677862013534
5374,48296,0.005279633121783348
5375,32715,0.020939930827429523
5376,80334,0.006658564892352197
5377,48087,0.007735769263279687
5378,42512,0.00815534422169384
5379,62213,0.005651227409353803
5380,49883,0.006698094276666884
5381,21814,0.008908421487685943
5382,69018,0.0038760068615523394
5383,69645,0.005361448585252506
5384,51912,0.022558123782830473
5385,21868,0.0051182778723417215
5386,42576,0.009430988982585693
5387,25729,0.009114906083718424
5388,724,0.012598907349628223
5389,20001,0.016713885780784206
5390,75614,0.024159266745316953
5391,84162,0.008646005663569083
5392,55532,0.0075393093979184336
5393,15913,0.004538954994317966
5394,63027,0.014675575148591139
5395,23119,0.005229719100766002
5396,89710,0.0050685425352031905
5397,26626,0.017847813244361733
5398,26871,0.0061652252890480805
5399,3609,0.01346843873544478
5400,15989,0.011569682274188853
5401,84484,0.0038685568790678953
5402,18040,0.004357123014107929
5403,42755,0.0059997171517975015
5404,19540,0.005666277402549954
5405,84652,0.008519859461375363
5406,19794,0.004087012267057471
5407,34458,0.00961339173869225
5408,47179,0.004987386710204087
5409,22451,0.0039038471962621274
5410,28990,0.0059722312843001005
5411,73590,0.006985792660486264
5412,59855,0.0038380661157233842
5413,28267,0.00973413141416041
5414,40104,0.004467447193426143
5415,71193,0.008043446304245935
5416,20226,0.005210469596804799
5417,82650,0.006177284820793014
5418,32036,0.0056383625364598575
5419,41704,0.00781901533591819
5420,26371,0.006938745029274529
5421,75248,0.008729258255415234
5422,82201,0.006389272306265018
5423,59620,0.006009847087252586
5424,22484,0.007912932204858282
5425,97928,0.005888230779312557
5426,1779,0.008312566187137448
5427,76290,0.0049370303513001715
5428,73348,0.009160398830864926
5429,13460,0.0032595715131370643
5430,51719,0.005222514545665039
5431,67469,0.005344839579830388
5432,69369,0.00446336782370733
5433,28513,0.005206975959238476
5434,16792,0.009604805760612713
5435,69006,0.01236468675278523
5436,94356,0.006089916780945974
5437,19365,0.008799642115045539
5438,62792,0.004469731817700735
5439,53120,0.006086998692997595
5440,47554,0.008853399189034395
5441,78515,0.005185597959496939
5442,32362,0.005332956662578257
5443,12123,0.004468396937576091
5444,39827,0.004032105040218972
5445,79669,0.007284472795872679
5446,84011,0.006591389554707963
5447,86232,0.005428427771996752
5448,12404,0.012517742451174194
5449,16448,0.01014153250517972
5450,99431,0.009716970266668781
5451,72106,0.006066497614117586
5452,29438,0.008609498334838726
5453,86831,0.0031013967647194355
5454,92442,0.006224428712987225
5455,89497,0.005740559968178651
5456,73756,0.0059586772565339945
5457,79616,0.006145106181319796
5458,56273,0.005836377044562463
5459,70337,0.0035765895792716144
5460,56761,0.009108557867824826
5461,11752,0.003752609835750731
5462,75553,0.013270739722326338
5463,31819,0.022209528953509024
5464,68377,0.004684549878444267
5465,14489,0.005161185038423994
5466,27139,0.004673885068563164
5467,99004,0.006232739926429867
5468,67705,0.012778721843871917
5469,10754,0.013834250625685156
5470,57009,0.006335331510637135
5471,63631,0.00782474519484706
5472,72431,0.018408519791253297
5473,21281,0.0064582809800619225
5474,11976,0.01027020695526401
5475,12801,0.0037240194543831586
5476,61386,0.013687921249614904
5477,13821,0.004754425866103846
5478,62095,0.009673690747366195
5479,730,0.0069357316062558984
5480,77974,0.005241749007341612
5481,84755,0.005191636248720403
5482,64144,0.005011792304061501
5483,638,0.006995748934654156
5484,14188,0.015657369886732712
5485,83016,0.015414242637137627
5486,95976,0.004630786069344547
5487,90404,0.009740976867536368
5488,25326,0.016916489061951572
5489,68397,0.014549869848799184
5490,76898,0.004690547162325321
5491,46603,0.003988889369031828
5492,39008,0.02031315464429868
5493,38939,0.0048657190403826895
5494,69867,0.022723238807858356
5495,35526,0.011384372454539167
5496,42802,0.005044558438058812
5497,69476,0.015428983790149406
5498,272,0.011887245318928775
5499,44646,0.00454848214800195
5500,95996,0.014731585943996102
5501,14439,0.006330694713203428
5502,6366,0.005046544949276713
5503,24158,0.00861957930921448
5504,38226,0.0036685722646548485
5505,19263,0.004465711400389342
5506,64398,0.007379610017803663
5507,60496,0.0034182442278606036
5508,42472,0.004943606896833248
5509,3835,0.003051644242740457
5510,8063,0.009629284500046952
5511,25169,0.005743312668544563
5512,15065,0.008130995521205154
5513,44863,0.004723216876862757
5514,22104,0.01013113933196771
5515,82084,0.011663720502981999
5516,45627,0.0083223112299763
5517,29041,0.004025133030940725
5518,90438,0.012085063896492467
5519,4293,0.011143054505881314
5520,46985,0.007386934458645092
5521,10956,0.010781845184820608
5522,82348,0.011794675365575644
5523,30817,0.006419127150342761
5524,55681,0.005155983032834317
5525,9147,0.006321693570476662
5526,91876,0.005555336304044858
5527,10188,0.011671026413714126
5528,35704,0.008417844913172549
5529,1231,0.004253209977970419
5530,53016,0.018467896526865545
5531,75669,0.006153790417712243
5532,43440,0.003395786562288395
5533,83261,0.015850734762051316
5534,66859,0.005654685391203144
5535,79292,0.005719434077804122
5536,9098,0.010695317236795614
5537,1476,0.005876348019704418
5538,82625,0.00495638458124131
5539,54882,0.008823241343339262
5540,70112,0.004098929281057084
5541,13831,0.012183447859764086
5542,66732,0.007172075133920441
5543,36910,0.007624034595812983
5544,36689,0.0066453784913427785
5545,95474,0.005246278476419981
5546,91733,0.008241456298962363
5547,80129,0.006056511381838673
5548,13033,0.005289544402210234
5549,43333,0.05759955699848064
5550,32317,0.008228882702581871
5551,80114,0.020832925525840398
5552,32252,0.004973869338308275
5553,30722,0.0039847788440787475
5554,21875,0.009457719064330723
5555,49522,0.03478919744140949
5556,77309,0.010540115074233846
5557,85370,0.008191006153441913
5558,66352,0.0066770801312567565
5559,29415,0.015444980823064005
5560,9833,0.01046084221041143
5561,51464,0.004463438030742282
5562,44842,0.0067177357019577505
5563,48386,0.00557046150629208
5564,79353,0.0050287131394343805
5565,46313,0.014352312055752466
5566,821,0.005627984201084425
5567,3872,0.004652376028921063
5568,94997,0.006113472528126638
5569,12965,0.004733421799585372
5570,5179,0.017695312135441416
5571,81656,0.003988389612934145
5572,92283,0.005467390540847463
5573,19927,0.008368159260388277
5574,82512,0.013635759013579019
5575,24216,0.019089853972559776
5576,46753,0.0030241045137298153
5577,90664,0.004141673871393581
5578,15742,0.004450324508410571
5579,99012,0.008226808943333573
5580,64894,0.018474629898976365
5581,38113,0.006929473264804053
5582,69223,0.029032505275486575
5583,91527,0.01694457671185235
5584,62598,0.006299114494996745
5585,52275,0.006259586404058588
5586,49749,0.005758843853139588
5587,94531,0.009151952359279516
5588,76444,0.008199338985198625
5589,91736,0.006436549319839834
5590,17685,0.004345888444426824
5591,22624,0.0033034458037034223
5592,94172,0.005624639880658542
5593,88976,0.011934377365509565
5594,69713,0.015766703268075378
5595,55972,0.0417884310229128
5596,89400,0.006775699564684563
5597,70368,0.008033311712380687
5598,98364,0.007430460905726485
5599,31377,0.005737858915456812
5600,92560,0.005805467730962351
5601,45174,0.005955075916873551
5602,84642,0.009125242305650216
5603,61444,0.007772004113244806
5604,69633,0.014247679978004073
5605,15880,0.00408649824292464
5606,27476,0.011963653236590422
5607,21950,0.010087640614550124
5608,25983,0.005492326707554123
5609,48270,0.007413777038724991
5610,80095,0.011385119236277205
5611,45072,0.005758420720238069
5612,25164,0.00576192695783956
5613,13383,0.005327384218662353
5614,23313,0.004860407311004874
5615,78827,0.00579529963363486
5616,33493,0.009806284306454367
5617,18980,0.01627269600606953
5618,77681,0.005217862396524303
5619,63206,0.007912816526581212
5620,87487,0.009546957222483797
5621,84869,0.00718419245872803
5622,28737,0.004609210389652135
5623,76826,0.004870125434895493
5624,24655,0.0034145917033511306
5625,2954,0.006534377483280561
5626,43612,0.007051954000548499
5627,54141,0.007325473812848688
5628,42382,0.006605101654359213
5629,94509,0.005396753526023928
5630,6735,0.009096247083351466
5631,88102,0.005994938541019911
5632,87707,0.00474647807532003
5633,69578,0.012861692496819213
5634,38329,0.009247844332241887
5635,17887,0.025256008587226913
5636,88229,0.006405216179248774
5637,91898,0.0266509597908988
5638,57889,0.005147719109184023
5639,18600,0.0061376137872267466
5640,14309,0.00691834911510249
5641,90146,0.008436551538776892
5642,69558,0.012815286069497079
5643,99373,0.00630188317068435
5644,41022,0.004305082642476654
5645,77812,0.00709222814853137
5646,36104,0.008060899355567051
5647,30055,0.005991667112826558
5648,63013,0.009778833327810887
5649,56679,0.008112492002334971
5650,40723,0.011515056389967034
5651,34419,0.008951743185784511
5652,14956,0.00580481761606153
5653,47061,0.004041719136528055
5654,82863,0.014890744918155592
5655,62025,0.0049810352297995335
5656,20168,0.003501468968966946
5657,82439,0.012506256268873474
5658,85556,0.012589995533451914
5659,83118,0.007070136931173864
5660,8494,0.00829180569931737
5661,44105,0.008984035062697201
5662,75078,0.011756911498252148
5663,37802,0.012639003920062761
5664,10179,0.010902178761668917
5665,99993,0.004355832196537042
5666,2825,0.005630126089446776
5667,84921,0.003263376392618083
5668,46196,0.008090237168185188
5669,88242,0.002579649872486744
5670,49667,0.005920721246893128
5671,5182,0.020785919420817554
5672,86309,0.00555169834956455
5673,44378,0.003033994525488539
5674,75212,0.010224583933439538
5675,10684,0.004618898474186818
5676,64640,0.005247341233429402
5677,34292,0.0030642501079629577
5678,37096,0.0072184032532106755
5679,38058,0.02073837393807445
5680,61180,0.004915294567507787
5681,82455,0.005561239302004092
5682,88231,0.007420354903286425
5683,64011,0.01225099036334332
5684,23377,0.01959027936703897
5685,9588,0.005144224691879922
5686,83368,0.005401301359222764
5687,66812,0.0062600139580206385
5688,57607,0.018530619570842583
5689,50097,0.004849315771034216
5690,58233,0.01747038085442456
5691,44997,0.012338197236651013
5692,38300,0.010253438801168524
5693,21196,0.006039179313513898
5694,41007,0.011155620004212894
5695,10926,0.0055597556117529786
5696,19403,0.008393553844328142
5697,80214,0.0074829887719035865
5698,52975,0.0219002195871762
5699,20945,0.00755128040157344
5700,72086,0.012963942958688053
5701,6110,0.0067575566099999165
5702,65213,0.004026444092991126
5703,60774,0.010642832843426084
5704,6780,0.007709806273481511
5705,25364,0.007289442391479212
5706,61407,0.004708390011699282
5707,21586,0.0040468690367199064
5708,39007,0.017153251528842974
5709,15951,0.006905919714191853
5710,92353,0.012492903980324661
5711,88042,0.008482396655862562
5712,91384,0.014736122379345028
5713,37864,0.008434698903025745
5714,91903,0.008239531782428085
5715,21743,0.005856936442244065
5716,47053,0.006207179097464978
5717,27467,0.006751657941310694
5718,5722,0.01202774266469981
5719,85668,0.005378356406392641
5720,85493,0.009213763478871267
5721,3108,0.006052387029309803
5722,3692,0.006504641958388449
5723,53939,0.007132838568532945
5724,4641,0.008648929766617755
5725,8247,0.006936352733548065
5726,19999,0.0070359060682892716
5727,12036,0.017635089319654504
5728,25459,0.010731354500157362
5729,25288,0.0069127497048381
5730,91883,0.020996407447017917
5731,59887,0.007522626773912931
5732,33300,0.019328287281763164
5733,95648,0.006089721667538994
5734,94366,0.005432160404445045
5735,67352,0.014776829416358007
5736,60745,0.006552616310364553
5737,44227,0.004693495096594102
5738,7881,0.014938590841096519
5739,11023,0.01634162088942846
5740,21943,0.015123575564400435
5741,14108,0.010665805140942541
5742,36279,0.005027717612361624
5743,26865,0.008383549101834156
5744,1668,0.006950525130396054
5745,82125,0.008149456818766058
5746,75070,0.019557794535400436
5747,39472,0.024226905027083176
5748,62962,0.01858455094030454
5749,1936,0.026776374611646482
5750,33600,0.016240148024120514
5751,74548,0.01591709063215569
5752,66486,0.004931377281675321
5753,74424,0.009829935100238017
5754,92801,0.02587584394374895
5755,76737,0.004380508646585211
5756,278,0.006749958426158744
5757,13633,0.00761594397339308
5758,71104,0.0068947538457733385
5759,27000,0.004857940175245427
5760,59023,0.010025804254617922
5761,55385,0.005972305864801054
5762,40668,0.0062091828288381185
5763,46954,0.007375255806078172
5764,63080,0.008264458217161447
5765,51098,0.00702755553580699
5766,38447,0.011558191213052092
5767,3760,0.0032883824760216573
5768,51626,0.021820100853888084
5769,2280,0.016635543326161104
5770,31575,0.005631002266860015
5771,35068,0.007932203357325484
5772,59382,0.011794441000467015
5773,60632,0.007107055372890992
5774,42223,0.009808941854195456
5775,27353,0.008622711690286805
5776,48825,0.003988329826993745
5777,42854,0.007468814717799253
5778,70332,0.018526540530918532
5779,14947,0.0033663013683706893
5780,47093,0.008832953619853603
5781,52165,0.006100360146635017
5782,34493,0.007500787020106636
5783,70523,0.010639612353654017
5784,28384,0.0055399743105288245
5785,69388,0.007336470532876396
5786,88469,0.008918455549213705
5787,71914,0.01468985493948184
5788,83283,0.0040659724160835
5789,29796,0.0035829305221287537
5790,26397,0.003040766906226537
5791,72673,0.0035246538074737164
5792,57363,0.008438739557709955
5793,2417,0.01932859118239095
5794,24414,0.00654642981812822
5795,53230,0.008377017527710716
5796,46715,0.007419093796756472
5797,5313,0.01629620349131992
5798,48728,0.00797191124848632
5799,8896,0.005334163423652169
5800,16324,0.007183962774361709
5801,45111,0.011569219057622046
5802,16077,0.008517891209239629
5803,49866,0.0045930169894706245
5804,72443,0.04828125480815476
5805,36878,0.01043923860332015
5806,80885,0.0035059357715766905
5807,21241,0.010266271784744967
5808,33182,0.0034804203829393652
5809,5789,0.011847642279060858
5810,36167,0.004672528847757184
5811,90059,0.00711530131632152
5812,63051,0.015568320491896742
5813,22027,0.004853719526704462
5814,8456,0.004039407312914221
5815,99190,0.01865777002982792
5816,11355,0.01040166454784757
5817,77093,0.005503928961288065
5818,76376,0.010391801775961409
5819,32814,0.005044341274420532
5820,36464,0.010271231626421835
5821,8295,0.025759828234647165
5822,33226,0.011793911164932589
5823,20296,0.0048164094966867375
5824,52512,0.006432302532985094
5825,7303,0.012811553894805535
5826,71594,0.01952260016673625
5827,38445,0.018441768667532422
5828,10580,0.023953866346704218
5829,82335,0.009482690276275633
5830,70367,0.010446993541041116
5831,38752,0.02075147329445008
5832,87008,0.0045419829714489135
5833,56578,0.011220218530351052
5834,86031,0.007303418692098333
5835,50363,0.017577503332053896
5836,91231,0.026087891233062818
5837,6907,0.02431949752461758
5838,75863,0.006205600659856452
5839,39496,0.006241762115226633
5840,85861,0.009180902187082778
5841,49982,0.004394034936479149
5842,40638,0.009809764391290434
5843,90385,0.006225070164356059
5844,36608,0.01057475659962592
5845,49740,0.004047372783328621
5846,31514,0.005879791655810756
5847,24108,0.0035285744633258044
5848,63607,0.01399993064445211
5849,28045,0.004543982044685628
5850,951,0.014337193570546544
5851,77288,0.014701797003025095
5852,72523,0.017239254249862626
5853,23164,0.02213342090746059
5854,99763,0.006943731997553699
5855,99832,0.012158378528339757
5856,34712,0.014572475547688486
5857,58292,0.013992190831666963
5858,14711,0.005295011567906536
5859,53954,0.017039545174378622
5860,63312,0.00477104660514538
5861,11797,0.006277908818693196
5862,69808,0.008585532890183245
5863,79095,0.012611427401387564
5864,23297,0.005897569821783137
5865,25908,0.019793213290272
5866,45712,0.0077278609112349066
5867,73269,0.005421002279436311
5868,71388,0.00955038214815357
5869,68609,0.005437163246193873
5870,77861,0.00794645359123054
5871,96393,0.028325787292085812
5872,82684,0.005071488284439458
5873,54806,0.005882466766960769
5874,99421,0.0066202630823099864
5875,61313,0.006139465512888532
5876,79341,0.009091367300429183
5877,31677,0.007316703636449326
5878,95814,0.007425981970877871
5879,3473,0.008142787556976309
5880,30073,0.010210055126504488
5881,69113,0.013574360087211378
5882,15947,0.008445968604415216
5883,29849,0.007455144157435282
5884,23917,0.005766343117444157
5885,76247,0.00623908367915031
5886,45265,0.005211234724379309
5887,27141,0.004060104875465426
5888,63193,0.011847323978820478
5889,75092,0.004469359229742363
5890,96603,0.0043271124389005515
5891,32042,0.006912662195119459
5892,5549,0.006248867743045549
5893,26754,0.004388697243594913
5894,41261,0.010244645939178142
5895,80005,0.004886655827710196
5896,22580,0.007280551793875801
5897,90748,0.0034374261324352133
5898,17393,0.011754178777262519
5899,7103,0.006493968319202709
5900,29937,0.005771482621766921
5901,41861,0.01094923475444131
5902,66566,0.005495140697740496
5903,79955,0.005581240690175151
5904,46127,0.008681668251894127
5905,75738,0.007195191728030823
5906,96001,0.011617031010124231
5907,16918,0.007216368660977226
5908,22848,0.00816237632477983
5909,77228,0.0067054775015898075
5910,94901,0.007134166677021297
5911,95594,0.010619392315254205
5912,44209,0.004454211145421238
5913,67662,0.006494135735616874
5914,61688,0.011610049037623013
5915,69525,0.01616838632999291
5916,79961,0.003916998216850973
5917,17026,0.006344970416103991
5918,35127,0.014704116872982086
5919,46510,0.010311192792276169
5920,55394,0.007910986142021355
5921,63530,0.009031706984182665
5922,12025,0.005637499849652653
5923,44370,0.005968854679068106
5924,32822,0.02291342613733321
5925,12605,0.010365340274127659
5926,43314,0.014493840759953943
5927,30243,0.0049528324361522245
5928,42279,0.004394321922951111
5929,43855,0.008072330354415538
5930,62573,0.0055410899618784076
5931,27882,0.02860641269230106
5932,31959,0.004288140101000755
5933,71177,0.004780252633475307
5934,4915,0.007375672965186535
5935,83241,0.005836670540802875
5936,34784,0.007746331792779253
5937,13615,0.015905737080389854
5938,58917,0.006304505418948175
5939,66184,0.01358782463170643
5940,36842,0.01884523823958987
5941,13768,0.003207916860706128
5942,88065,0.01726679126629529
5943,53966,0.0069586422055528865
5944,60741,0.012045535925422563
5945,4058,0.011067403138319176
5946,8204,0.004653537266450614
5947,81000,0.007291485620690933
5948,83578,0.010530985599878013
5949,99813,0.008119447712132523
5950,69300,0.005535079736309116
5951,95567,0.005728082662004329
5952,99704,0.012204596011495508
5953,85539,0.013799810308791101
5954,10190,0.004329706659320667
5955,18512,0.008512686347872575
5956,5150,0.008768157985921714
5957,26040,0.012187930844527977
5958,36987,0.0042812402022258285
5959,33306,0.003745762985543325
5960,63932,0.008450487230276565
5961,70258,0.0046045248579883015
5962,82779,0.0047795871173482146
5963,40538,0.008990238532136138
5964,59033,0.03805943809047851
5965,33026,0.008343020754184386
5966,682,0.01210498297681098
5967,65180,0.006176125881460687
5968,24,0.004157610932443087
5969,26495,0.011851207094230825
5970,60777,0.02922533770998032
5971,64188,0.008665780365201053
5972,19087,0.06567287499244984
5973,48024,0.006987664705399374
5974,26974,0.0039559014769899835
5975,56628,0.00632086898029015
5976,69455,0.004653118205905991
5977,29368,0.016698493769481106
5978,10014,0.004541624710471362
5979,64721,0.007215763740958189
5980,92883,0.010716896059727098
5981,64344,0.01804465315656192
5982,29918,0.01835062904929962
5983,45630,0.008712288689683892
5984,50134,0.005831336670407034
5985,84582,0.0026709480089007393
5986,37643,0.008023935338744174
5987,59627,0.005165596975882178
5988,75914,0.010188153334745622
5989,89313,0.0030178770566175075
5990,94047,0.010027905258725562
5991,41829,0.003906437404246581
5992,25478,0.0065580256045993605
5993,33762,0.0047106907750419195
5994,70330,0.005517472081567904
5995,9875,0.017027780814490218
5996,8086,0.006737482713109955
5997,52467,0.021987176759078027
5998,55674,0.013587376217285372
5999,27024,0.0047219793133598245
6000,3005,0.015145565549556723
6001,28661,0.007510829910237663
6002,59929,0.010334767396358975
6003,99652,0.006886790435508424
6004,9748,0.01898354519841587
6005,76113,0.017011371590100802
6006,49329,0.0028066490179527908
6007,38246,0.004053684083120565
6008,73070,0.012344644879646208
6009,30726,0.005969846451519525
6010,52439,0.008363557769658561
6011,21686,0.004188887787149536
6012,20983,0.004548292892100018
6013,4396,0.006131247468871336
6014,68870,0.004865469761447856
6015,36107,0.007946660713730059
6016,98515,0.007410750152836189
6017,48472,0.00691271471019724
6018,28586,0.004223660891837185
6019,9301,0.012851067321577555
6020,98915,0.0035396616533822714
6021,15699,0.004235752906689945
6022,16866,0.007288975676015096
6023,58548,0.007398290988803865
6024,73675,0.0316023830080053
6025,6200,0.006071536284207665
6026,43728,0.005411171288461499
6027,68195,0.0093303093053596
6028,11789,0.011201417842186426
6029,54462,0.01727518694797722
6030,1198,0.007898812686286609
6031,88034,0.00961089784143154
6032,31556,0.0027727649402210356
6033,82705,0.005747059150411071
6034,53727,0.011178450576755369
6035,17010,0.006300101655100702
6036,984,0.0021726391696006214
6037,55623,0.003993364756336272
6038,24786,0.014526687405918167
6039,9195,0.012872821969870381
6040,5238,0.012263316734035625
6041,17837,0.0033129011917271984
6042,671,0.005658937671602502
6043,81492,0.005216743737088461
6044,36796,0.00666860245289383
6045,72934,0.011188436166199047
6046,61827,0.0039838328559973196
6047,44922,0.01592054499495932
6048,7892,0.0049970191235521625
6049,12654,0.007463033855691632
6050,25597,0.0046737518243484474
6051,3606,0.009942243446202101
6052,74684,0.0029726672033682715
6053,62405,0.004606130869952613
6054,89804,0.007415491050092329
6055,52561,0.003630110534905731
6056,65729,0.00800643298442487
6057,31194,0.007819028286973503
6058,60056,0.005770238883255735
6059,4331,0.004023708083871883
6060,52838,0.0046496608009056455
6061,37901,0.011607116155949816
6062,87613,0.008728771831731819
6063,96121,0.004062716334114837
6064,44725,0.009396869916564635
6065,60235,0.011723002294339667
6066,44502,0.018947651513641604
6067,6764,0.0069268232162990415
6068,1956,0.005626856904441063
6069,99429,0.010360863835506294
6070,53485,0.008822285703147512
6071,65103,0.003687737079203787
6072,52391,0.0052070912130249
6073,59912,0.004218162102464024
6074,57884,0.006327291477351325
6075,85348,0.011973549188996789
6076,39801,0.00890788864368097
6077,895,0.007469190068922087
6078,77330,0.005706056676015495
6079,69576,0.019899677236026227
6080,93359,0.007794959329600531
6081,81096,0.02979323602166961
6082,48394,0.005967112915144367
6083,81826,0.007372636416490398
6084,25865,0.006114014047819829
6085,67496,0.007773171442880937
6086,41883,0.0047586995030746235
6087,47502,0.00803891058187474
6088,23007,0.0054904960870311445
6089,9928,0.011540867082687322
6090,30565,0.007065133735227984
6091,59329,0.013767482078018582
6092,6996,0.007027429574238963
6093,91872,0.005762590499464371
6094,67367,0.005984902090350509
6095,47066,0.0031624446787627217
6096,73741,0.007654832938463677
6097,81094,0.006063923982737043
6098,11657,0.006310810058343082
6099,17954,0.003932511955260614
6100,56019,0.008460096446499282
6101,46021,0.03054766551545918
6102,36020,0.007564944728698477
6103,54093,0.0021765787672801814
6104,82663,0.008496380113686324
6105,33888,0.00686209265597881
6106,3088,0.01807728889932443
6107,67432,0.023009245340198298
6108,69497,0.007411137990974137
6109,11278,0.008533984425327268
6110,82337,0.00829551695484735
6111,28111,0.007360913062273205
6112,77621,0.013852563488574762
6113,80927,0.014933961131865785
6114,65447,0.01186570482906894
6115,39732,0.0031111727229671923
6116,7511,0.022045920600265695
6117,40895,0.018525580169117727
6118,63903,0.009303267445973408
6119,95621,0.0041157220667377556
6120,18929,0.006013483863856234
6121,37869,0.02152674470400982
6122,18603,0.004439603791783656
6123,23103,0.01653958031340961
6124,77329,0.010753698297413343
6125,88155,0.010641475054159426
6126,55896,0.013360663101559145
6127,37499,0.01798058533921227
6128,65989,0.020804594734426776
6129,73693,0.006011075977003659
6130,36387,0.011470095686367136
6131,1475,0.011584805958183507
6132,57021,0.003331396966727738
6133,73306,0.005313933201130936
6134,53197,0.007525578952965135
6135,33272,0.028193184413313175
6136,21592,0.012670943303285793
6137,26050,0.005541370156602552
6138,12201,0.009777161959003227
6139,97257,0.0066205942519356265
6140,20494,0.00593067945246284
6141,42970,0.011211868801840346
6142,85097,0.008024714881521918
6143,63795,0.006339406490836599
6144,8453,0.006224104228934267
6145,44563,0.006729084238134148
6146,92098,0.007722972291893711
6147,828,0.009324676945834045
6148,52787,0.013095737381334203
6149,61422,0.01484761136526569
6150,21637,0.010023127099665186
6151,6398,0.018807365180353718
6152,19752,0.009397965450329768
6153,35094,0.032562464746741036
6154,52913,0.010064306132081893
6155,59657,0.005057137772677938
6156,62990,0.022257570569005656
6157,57849,0.011381222846797597
6158,47623,0.005382562695126172
6159,65559,0.013168618189692633
6160,65698,0.005049406711537333
6161,67671,0.007888045157196554
6162,76190,0.00619825943108355
6163,78028,0.002840694165575591
6164,21188,0.004272956400531068
6165,36578,0.004202268761135537
6166,15891,0.006480786989497844
6167,25161,0.00173446834356705
6168,85490,0.004080485232643186
6169,56498,0.009103220373028116
6170,31803,0.002885892614199915
6171,14468,0.01078134343452254
6172,93288,0.008845521076444148
6173,62257,0.005129196730811757
6174,28609,0.004353185116255124
6175,19193,0.005015879337665729
6176,97661,0.015002960810679977
6177,77346,0.006093665604826177
6178,87816,0.005390871161603676
6179,15265,0.0053878272023296725
6180,1080,0.003363084394245267
6181,43734,0.00869896099949979
6182,36922,0.015147742309757453
6183,21367,0.010423174638725443
6184,71741,0.004585637519441819
6185,76514,0.011290434844530243
6186,91496,0.004194784018173633
6187,81763,0.007191801915706133
6188,34692,0.011644530425223204
6189,80822,0.006513563006232982
6190,47810,0.009010644521362758
6191,98569,0.009014653015260344
6192,34835,0.00972620238324456
6193,16882,0.007226664330952967
6194,89971,0.008336425763586834
6195,43745,0.009500415341748811
6196,20481,0.024739487456273385
6197,99519,0.0063592173490286796
6198,25676,0.005267259312329033
6199,42894,0.006393029952832585
6200,5141,0.01222546817269479
6201,78960,0.003999261586549541
6202,29448,0.003093793896817064
6203,49725,0.013371887201793883
6204,99350,0.015093811957590315
6205,52772,0.0035025703089024995
6206,97183,0.004108409909682478
6207,21516,0.008930132347497111
6208,625,0.018037575927585182
6209,94457,0.007015838264410071
6210,66398,0.005925386351064308
6211,97780,0.009586898737070481
6212,85663,0.007334940560423692
6213,75273,0.00944375239076494
6214,3481,0.021545640545539296
6215,99446,0.011323578763277511
6216,23811,0.007054354129687937
6217,29128,0.012609743144603454
6218,97046,0.00760919627215496
6219,74865,0.009840192551756532
6220,16386,0.010513166509547693
6221,3555,0.015363233721173158
6222,88874,0.006383339266502397
6223,41790,0.020225975039131903
6224,19033,0.005015515685554468
6225,59680,0.010868792185275752
6226,88634,0.0073815907739199875
6227,19024,0.007441798850779225
6228,82724,0.010255223897136196
6229,84363,0.0052021117643559055
6230,94171,0.008010921908347832
6231,75767,0.010850442343994132
6232,712,0.032412875601216085
6233,46864,0.010761010863197511
6234,18190,0.018167119649211288
6235,31935,0.03270569246157378
6236,71374,0.01287026579675736
6237,4543,0.0034433678736584647
6238,70975,0.004309341854310195
6239,34906,0.013167488417772669
6240,95650,0.025461517570238245
6241,51196,0.020021715991419855
6242,55886,0.009463576576463966
6243,7862,0.003964855681523349
6244,73733,0.011444768429906015
6245,94404,0.005848281485371512
6246,33356,0.013299229396789645
6247,60826,0.004106528718296684
6248,3889,0.011608521555486261
6249,79755,0.0049395389842184795
6250,96176,0.05438566851505791
6251,64007,0.005045336831088965
6252,6118,0.01785241901231681
6253,60790,0.014098177845205432
6254,87648,0.011651545374756565
6255,87662,0.007187530324120459
6256,52066,0.0062092108757982566
6257,6103,0.012543942555206905
6258,15580,0.011860458415239278
6259,79650,0.005021497591249232
6260,51469,0.008421473186642218
6261,30660,0.006559663706888638
6262,32481,0.015159446270011697
6263,75020,0.02266253854189289
6264,58931,0.0021084181931543553
6265,31379,0.01068624642098894
6266,912,0.007295149196294261
6267,61645,0.005747393672637128
6268,13190,0.004688759222870343
6269,17531,0.004488399969957659
6270,80593,0.006464958895991201
6271,75263,0.009345685405631791
6272,21014,0.006150785362105626
6273,62522,0.0034840122934734485
6274,30444,0.006717783117167175
6275,9158,0.022844980691733286
6276,15276,0.013230311504161558
6277,68380,0.014574190220682307
6278,65494,0.01465025559054775
6279,52566,0.0062567698980211285
6280,63482,0.006775679626005137
6281,39931,0.0061056460007644486
6282,47921,0.006296272307230599
6283,26760,0.007229508347491243
6284,80808,0.005875278601942419
6285,45024,0.010369627767079767
6286,85113,0.006267100848025367
6287,76534,0.0064579955942142
6288,12037,0.004294976149925687
6289,52872,0.021677231574653767
6290,16891,0.0068665882847234955
6291,55255,0.014747967648452726
6292,18097,0.007941352224075236
6293,21554,0.005849327631111955
6294,53009,0.010956317710248359
6295,14563,0.007123708640731908
6296,43128,0.010641221893879371
6297,23481,0.005309536146618263
6298,20350,0.006052654016756687
6299,95999,0.00747497908148312
6300,96086,0.021917552615640705
6301,93260,0.006431466992590593
6302,21690,0.007394572007059722
6303,20765,0.011146854675843601
6304,54666,0.005519391768145825
6305,26343,0.0058677690968757116
6306,31740,0.01030502686504739
6307,40633,0.008778805648152959
6308,69688,0.006069423800504188
6309,62377,0.005788106615158857
6310,46651,0.00948460345368711
6311,51074,0.01816250176119822
6312,20797,0.006276603352177828
6313,24472,0.011944614408351411
6314,46403,0.04649600408916832
6315,59205,0.00998689693943434
6316,98333,0.009310555711288693
6317,79218,0.004497839298094169
6318,21578,0.0068432282326841756
6319,3114,0.005903903360635331
6320,7517,0.011406861298329837
6321,41204,0.005975326438082252
6322,54804,0.006304428983692359
6323,12313,0.007764599751937322
6324,66067,0.011518953824662373
6325,24019,0.011436000265069744
6326,24470,0.005464469573095033
6327,3474,0.007838088219296449
6328,79493,0.00781659770506609
6329,40383,0.0054204401754864105
6330,45572,0.0039917743168114625
6331,70208,0.012790778722069313
6332,99150,0.022874242744914404
6333,3134,0.00761416946572603
6334,18631,0.004050362327885375
6335,15939,0.010945868782678945
6336,81134,0.031563081938826114
6337,11232,0.01570866022039459
6338,87335,0.006256822744219216
6339,52682,0.009993362087440536
6340,55247,0.0251435124755794
6341,7249,0.014349073215620982
6342,74012,0.003498953965262205
6343,73027,0.012405016212113498
6344,34865,0.004139381863669753
6345,29853,0.007959271841054832
6346,92249,0.006154591666648295
6347,27538,0.006071941665653784
6348,34723,0.017432910907834644
6349,50211,0.003086875416926929
6350,99760,0.02405377271935736
6351,28024,0.005816197653251197
6352,75741,0.00654881467477181
6353,6757,0.009839169555191346
6354,26463,0.012161887147140919
6355,92015,0.011140532730874935
6356,57324,0.007584036393869788
6357,38229,0.004833701992146664
6358,29837,0.007690986313492415
6359,95189,0.007654383719668726
6360,5653,0.0188347209858422
6361,57295,0.021884926969551795
6362,87205,0.005054950506418854
6363,33866,0.011432826921482609
6364,64564,0.004127979419700655
6365,57815,0.039078630648101506
6366,61220,0.020563392946382188
6367,91663,0.00732809958286636
6368,36315,0.00427099287654444
6369,83409,0.004636008251711144
6370,43993,0.005941981515896492
6371,11426,0.006557858836350589
6372,63660,0.01671765614705849
6373,85317,0.01354052737564782
6374,42471,0.008524400140681222
6375,53682,0.005474716128546193
6376,69977,0.004811465557158774
6377,8162,0.020314591224628944
6378,872,0.004938171257522669
6379,80923,0.01680597342339256
6380,30102,0.0031155215413877662
6381,12051,0.008210178316635494
6382,52399,0.011761425997041944
6383,64696,0.005988547088005492
6384,71713,0.009710354022653526
6385,1948,0.005074177293361024
6386,59788,0.01913146336660753
6387,436,0.014172383586412176
6388,38562,0.013633213591230365
6389,86102,0.004942770730849295
6390,95327,0.005862597598507452
6391,34815,0.005176592589848984
6392,15450,0.011648187566046098
6393,69821,0.007458478710882542
6394,38632,0.0059062149879988545
6395,33269,0.007870688132212944
6396,12360,0.013938742387671448
6397,49393,0.0062865807002780785
6398,19120,0.005198554485866579
6399,55433,0.008629990478729935
6400,6657,0.012148681239811164
6401,54663,0.0038674013617071555
6402,28294,0.013771732900081992
6403,67004,0.011844060268872948
6404,30813,0.014886194637937854
6405,14475,0.009010281829982189
6406,50807,0.016750513046789303
6407,45204,0.005096496503218427
6408,15800,0.010955554078058174
6409,63073,0.008412238711147142
6410,94125,0.021996987333951213
6411,39226,0.008259115252256836
6412,88582,0.00476474596745919
6413,1817,0.01325246167443589
6414,33899,0.008766668512590165
6415,66543,0.006045685624520473
6416,25333,0.016913240448467516
6417,21510,0.010944165269778266
6418,87066,0.004925553142494427
6419,14658,0.0056848338296742905
6420,3257,0.014112873843856871
6421,87141,0.013750041044067301
6422,51768,0.0049651273334065035
6423,37892,0.005555028387665351
6424,11631,0.01342643383545325
6425,77973,0.004902018851917942
6426,54194,0.005578798436442302
6427,64626,0.0258308324231633
6428,38242,0.0035347552364932474
6429,66809,0.003605746525745355
6430,41667,0.004436965232843057
6431,59574,0.009429153350873434
6432,71264,0.019198255925307862
6433,20905,0.006896634803102696
6434,14989,0.00608836707671337
6435,62260,0.019249259630948562
6436,65013,0.01217346990695058
6437,89298,0.007732285009754574
6438,71997,0.004271960154150883
6439,15930,0.004354391373048669
6440,85230,0.0066533915979138415
6441,32483,0.008848788578444844
6442,35132,0.0076668492265437385
6443,23581,0.00534294630490279
6444,46379,0.005665636377059998
6445,72071,0.004991169161438167
6446,96188,0.005697363506684594
6447,61946,0.009536421983839501
6448,9478,0.006547162319737432
6449,45291,0.006448666425065787
6450,35222,0.03391860977288717
6451,41567,0.0038698841489614366
6452,33722,0.00390350936514918
6453,16625,0.007248127317798284
6454,91503,0.011066786239004436
6455,55578,0.00529285016972175
6456,53683,0.006336237187611755
6457,6808,0.0034317024446867106
6458,23642,0.009978273164874651
6459,42204,0.012047897704560962
6460,84172,0.016893055021335687
6461,26119,0.010735720576867835
6462,76208,0.009401636791741386
6463,1726,0.02088243084899506
6464,70685,0.0052024182563238175
6465,97410,0.002179982198926561
6466,83273,0.018376142578112452
6467,38250,0.00924116993002164
6468,95642,0.011292847372837977
6469,49239,0.008885432058621304
6470,62483,0.006762124750578105
6471,43562,0.006124590641364109
6472,31203,0.00532303255426732
6473,49042,0.012755086457686894
6474,75584,0.011658982475770872
6475,27961,0.008729098542480909
6476,89903,0.009384565833299493
6477,70896,0.011363822416775918
6478,30965,0.0043259543504914535
6479,80491,0.010774865244216461
6480,77668,0.019574331934085743
6481,60388,0.005529498057003552
6482,774,0.01796342620726623
6483,46648,0.005674069454748159
6484,85525,0.00394476938536352
6485,82630,0.014599401188702846
6486,24563,0.008999869977600262
6487,55204,0.006665681997703756
6488,84884,0.006996754902094645
6489,84365,0.005876712463383183
6490,37489,0.0050669157995751595
6491,680,0.013067168352385724
6492,18234,0.007280039874863916
6493,64360,0.005943445725532707
6494,88845,0.005201348000601076
6495,19587,0.007056393432721429
6496,51380,0.0022666640299344024
6497,81962,0.005394183361523461
6498,56754,0.003756517518738459
6499,28973,0.003209323071669714
6500,72217,0.006699119664691115
6501,38055,0.006828519161370066
6502,60984,0.012357148335878677
6503,41361,0.025941461888163493
6504,9465,0.006455544052264919
6505,2204,0.01863586607041981
6506,32845,0.005550659303973788
6507,59311,0.018430852219441875
6508,32005,0.012557663183859884
6509,2737,0.02474988706686665
6510,47332,0.008545407501813602
6511,65120,0.0044893716689307465
6512,157,0.017100623369772215
6513,30036,0.010158514974799011
6514,92688,0.014582933138675178
6515,96494,0.0060989149180357
6516,10061,0.007078133519897728
6517,75878,0.006699611471725285
6518,93205,0.011472375305815925
6519,35393,0.016651225409022086
6520,1470,0.013900395729206476
6521,62968,0.013686535041269314
6522,53692,0.004416581863920403
6523,52387,0.01780881509858971
6524,78204,0.01586379556195034
6525,14887,0.01906548126940176
6526,50713,0.007192453368973455
6527,34727,0.006534064306702859
6528,52846,0.008004851235270718
6529,25430,0.00667253624335264
6530,95802,0.009877908388644871
6531,76188,0.009024564082000579
6532,31200,0.04470432898416567
6533,11773,0.011705652811481759
6534,61506,0.007245654594577461
6535,28014,0.02351129911306129
6536,65723,0.009310142585294435
6537,196,0.023769427704979543
6538,89279,0.007474164083410282
6539,621,0.005169630333320863
6540,72521,0.009738662205073762
6541,48683,0.019818755646297256
6542,73339,0.006125979971108488
6543,23307,0.009259332792728501
6544,1456,0.005932319695088116
6545,11156,0.007278803508952887
6546,74406,0.0022118476007133995
6547,21697,0.005599517379577114
6548,77319,0.004564471465087453
6549,80547,0.020475444593857996
6550,90666,0.006981202581559327
6551,14317,0.016346766347016397
6552,52948,0.00492371699069712
6553,38421,0.024241046506980158
6554,64700,0.009683744568758213
6555,48576,0.008549347811068591
6556,60534,0.016400581981701377
6557,5628,0.017093996783684513
6558,28802,0.006454019811936201
6559,4695,0.033322442645233805
6560,13572,0.007260973369374785
6561,29633,0.011937576122183095
6562,52767,0.004699472425256635
6563,81566,0.005376850407543738
6564,9167,0.02579245397612105
6565,42605,0.004940032297694342
6566,5019,0.007634687040277833
6567,24020,0.008524136827047722
6568,80226,0.003986212247591149
6569,35089,0.012358522227596048
6570,85765,0.012226171958538017
6571,37149,0.005749095921100867
6572,66679,0.015147310941954312
6573,66485,0.004952441248576905
6574,7535,0.0067303807172314455
6575,19768,0.004982619934332702
6576,31770,0.010723801215960152
6577,5343,0.004777633745359921
6578,33711,0.01864918335698012
6579,46088,0.004551359778868701
6580,54922,0.010201625236759392
6581,40509,0.016142347051477927
6582,92941,0.00554995566191238
6583,13254,0.012437161041765675
6584,15407,0.004978952259186233
6585,2439,0.010032104368194867
6586,91215,0.006751692458132098
6587,37118,0.004611745462146882
6588,3817,0.0049853398400984406
6589,30106,0.022275172999832164
6590,63163,0.0034694696746922
6591,95510,0.004767141343323962
6592,25764,0.00782172297404522
6593,53639,0.005538314888535106
6594,55273,0.0047585294484846765
6595,80790,0.010488653469446647
6596,97882,0.00939253370743503
6597,72770,0.014238632530756334
6598,16130,0.006594315061490296
6599,1098,0.0041735562233543855
6600,73243,0.008566593452359904
6601,21057,0.0056326747782220335
6602,18713,0.007516097148858122
6603,60410,0.008700979916716811
6604,23112,0.004913833517458685
6605,81997,0.012812966846095869
6606,99390,0.0047468544367887215
6607,26261,0.0056791400935725725
6608,89538,0.004296602610716153
6609,20899,0.011924460295445662
6610,21678,0.026932424867282326
6611,79526,0.010890295941994234
6612,36762,0.0037771616381212215
6613,90304,0.005930272961036181
6614,88135,0.004249765969902763
6615,17148,0.00644440049463301
6616,95488,0.011975889233181878
6617,32535,0.00453040399003634
6618,42360,0.01900072005673073
6619,95298,0.006884399922095873
6620,39766,0.007679009797175488
6621,44435,0.005631153193215931
6622,61615,0.007549911874027977
6623,66969,0.005904875719011975
6624,30269,0.017101077625355676
6625,6165,0.011167971752751448
6626,37521,0.017709776540751752
6627,73249,0.0022483051900816496
6628,12954,0.057618646848809955
6629,98951,0.016747018666513153
6630,24617,0.017192122314872223
6631,30901,0.003225495426681637
6632,44133,0.009532022246687652
6633,22673,0.012851429822529594
6634,63845,0.002975326413025786
6635,31017,0.02232979705723324
6636,41634,0.0045227943673498095
6637,19530,0.009367047379632964
6638,60779,0.007544903619738631
6639,47401,0.0057636186574574755
6640,57389,0.040283613783667224
6641,73056,0.010613078002373091
6642,8529,0.011390740311380359
6643,87383,0.005654053844684457
6644,78382,0.005075746878572948
6645,1802,0.0041429616692641134
6646,17516,0.0033857588867148344
6647,53162,0.0068321629531104605
6648,96288,0.012275977506230603
6649,28258,0.01498559055382659
6650,20257,0.002695192788394375
6651,42049,0.02067539097708252
6652,43602,0.007362470315569258
6653,61928,0.006759892425381505
6654,73374,0.011577811258513203
6655,36993,0.007888258245209244
6656,79158,0.006571012304388128
6657,66139,0.0098137687286553
6658,64228,0.0102696854638912
6659,57748,0.00615313918898224
6660,44515,0.00700539736826335
6661,90460,0.029526139922803552
6662,40549,0.016563819667023784
6663,86440,0.007863553600745862
6664,19714,0.008021898881636035
6665,19597,0.011479561561666648
6666,45877,0.009712722915224454
6667,92629,0.006868309770382126
6668,55346,0.01585242925135085
6669,86367,0.033270927456614294
6670,38646,0.009630772549082227
6671,2320,0.005999916826435464
6672,32785,0.005315984665265984
6673,6379,0.00815427197517258
6674,35354,0.013252286854762301
6675,26068,0.02432913339995509
6676,15598,0.010313665300914019
6677,27035,0.007162386631460462
6678,61012,0.005470350023827779
6679,21627,0.011757217224461445
6680,23083,0.00904313684930962
6681,26248,0.005634056542218855
6682,72834,0.013534154181916514
6683,42372,0.004909489127478631
6684,73073,0.004102058081399302
6685,84240,0.005944950063996054
6686,52894,0.00692903084423422
6687,39781,0.010041855669032847
6688,6352,0.010140847879409345
6689,8606,0.008941434925253459
6690,47586,0.015388316717283483
6691,13149,0.015601640514144083
6692,69696,0.012454743318168836
6693,38732,0.00980487499429113
6694,24932,0.0025305771719471007
6695,83712,0.005533347726252413
6696,79849,0.00582369684105518
6697,50486,0.003948886512015019
6698,62088,0.006984962833180865
6699,20064,0.012831143484611932
6700,33907,0.009831398134557964
6701,9468,0.004107958530055503
6702,85787,0.004365541468453207
6703,15654,0.00691669512880241
6704,20491,0.005516407120930588
6705,67543,0.012176994826970051
6706,67451,0.006797220626060301
6707,40341,0.006896864287566535
6708,99321,0.005047902443270955
6709,4928,0.005048724720903223
6710,42516,0.008733307244170855
6711,51093,0.007852414199346344
6712,51120,0.015921548717250985
6713,77853,0.014187362973740007
6714,95368,0.011995265507852435
6715,66373,0.004162026716990208
6716,29431,0.006861891150412552
6717,66951,0.00979011010839255
6718,93174,0.0038502080518322337
6719,2249,0.010109314546078026
6720,89207,0.01759006257916315
6721,2238,0.013818400612357826
6722,42300,0.0023979689514132038
6723,68687,0.005141810837898223
6724,66156,0.009189240489520386
6725,11824,0.014151070842379418
6726,24619,0.01153611217349004
6727,8130,0.00663050687089865
6728,54890,0.01024731234333752
6729,3032,0.006434290065706611
6730,33535,0.009647718419059504
6731,31324,0.02193090173434726
6732,44913,0.019247109876403445
6733,8266,0.0051718370337652505
6734,94331,0.005182984972180372
6735,49184,0.007223994392954818
6736,6085,0.004895180666574711
6737,32804,0.015218724262157684
6738,8014,0.009556024845974946
6739,59616,0.00936973101680026
6740,29576,0.008154151841793852
6741,23502,0.021231981642695685
6742,74086,0.014778241486770845
6743,14170,0.006380880946791557
6744,17398,0.018934781555410864
6745,46738,0.003066274886078131
6746,44751,0.0033584687496801217
6747,24316,0.005686197021099092
6748,865,0.006999922426679849
6749,93198,0.005361721975093383
6750,6194,0.010226098042153693
6751,9337,0.02172029019996924
6752,40480,0.020120582033371203
6753,4135,0.015246737720073959
6754,86298,0.012582229678770663
6755,68417,0.004985861892470769
6756,42316,0.005196789183693447
6757,70243,0.013969903709887772
6758,84610,0.021577412176812125
6759,89622,0.005576568712718259
6760,81199,0.005727019175331441
6761,61612,0.005524611324649598
6762,12414,0.005556691945493554
6763,42675,0.012765282428636709
6764,52528,0.011492329636522046
6765,15126,0.007506667783731951
6766,5110,0.004168787256093308
6767,23316,0.004784764320295415
6768,9115,0.008257187608075998
6769,15575,0.004958284037283764
6770,11841,0.007007140152093896
6771,64294,0.018727386309636176
6772,84350,0.0075888408623445295
6773,96966,0.012944758596943991
6774,31459,0.005084066337421337
6775,56004,0.02448240233003022
6776,42507,0.0071497937620143455
6777,3824,0.010347070716281808
6778,8482,0.004691946718318429
6779,6072,0.005794374314601298
6780,51824,0.011312155540950618
6781,24731,0.014954992961813032
6782,55845,0.007776937089750417
6783,66550,0.00911853163077092
6784,63812,0.00526520724057763
6785,49850,0.005391879679058687
6786,77012,0.019330992630049122
6787,22650,0.011387052654880676
6788,97818,0.00930441481656824
6789,53363,0.011624535142366828
6790,11568,0.00591815822826176
6791,95885,0.006442296753485392
6792,62149,0.012787321181098325
6793,77957,0.006236513321826008
6794,1870,0.004698102143205603
6795,9695,0.010066399225628178
6796,98925,0.008678918176956507
6797,67230,0.03520533955184074
6798,67972,0.00565209826623061
6799,6725,0.01627870574867042
6800,8168,0.007993364215095318
6801,49794,0.02995334878503503
6802,29080,0.013121651375923825
6803,38614,0.008012310035624064
6804,7425,0.004249551921289945
6805,83296,0.009783997824741705
6806,67720,0.012910372458951028
6807,82142,0.005486435091641567
6808,56976,0.0042789786651299035
6809,25985,0.009509816570497657
6810,62323,0.0054239950420249435
6811,62844,0.006641837282134605
6812,43419,0.03183006288253597
6813,93976,0.01287028650191283
6814,13902,0.006090798851609261
6815,55143,0.005583359811972428
6816,84252,0.011237370466054334
6817,11144,0.007011591646144381
6818,3662,0.007092216914748779
6819,8190,0.006050049763766841
6820,76098,0.014959857564807697
6821,42378,0.0034659405284833515
6822,94781,0.009354378589565027
6823,57487,0.005177254899889194
6824,556,0.010518332302527293
6825,69869,0.005750097388047185
6826,68597,0.007999719967258503
6827,52376,0.02191290407704323
6828,83676,0.011544027583435887
6829,40359,0.012101507472485208
6830,98035,0.011679308712397453
6831,4163,0.010749173387105864
6832,8211,0.017704642869271432
6833,9889,0.005775901145843876
6834,69135,0.0067214260898108445
6835,2692,0.006533705958295885
6836,55813,0.005952415429279034
6837,79332,0.012885288505670837
6838,89711,0.012636539220885588
6839,32874,0.008602165573142981
6840,47459,0.007640107230179507
6841,51756,0.02723626993892558
6842,125,0.0039339944643299995
6843,6543,0.006313966642458376
6844,21484,0.006530699194995952
6845,91669,0.010095992535937586
6846,67507,0.010457015818592975
6847,51715,0.0067992667452093525
6848,40406,0.007334507115543913
6849,409,0.008306655291529646
6850,46252,0.02040951609515979
6851,78929,0.0057031300071532865
6852,51314,0.005727176552854226
6853,18280,0.013320237863934596
6854,47735,0.005620850694119532
6855,6105,0.007454500543699217
6856,27299,0.03450110742575762
6857,91940,0.01140843681992226
6858,26003,0.008024158226644495
6859,57596,0.01680101190219544
6860,51532,0.004618719948400492
6861,42613,0.007681315307529078
6862,89007,0.010415278585869603
6863,73958,0.017366024218872952
6864,91866,0.006134200824228052
6865,7772,0.011258465969896395
6866,96435,0.006878328501019543
6867,37977,0.00463356182208686
6868,6427,0.013958073699068695
6869,95148,0.010901112712174293
6870,76954,0.019988899208257666
6871,59436,0.024551549959748262
6872,30214,0.007926562795468137
6873,63083,0.0077818952681821835
6874,47293,0.005020433307143019
6875,29639,0.0046311646187849505
6876,7804,0.004728545826706459
6877,53468,0.008401825023236456
6878,19055,0.005966631860694703
6879,28038,0.004447505869814278
6880,14615,0.008315021060517359
6881,84458,0.006075233856485416
6882,50090,0.004762054951014908
6883,8899,0.009498390714578656
6884,54045,0.012001843721093277
6885,5143,0.010962585742511159
6886,80614,0.013942531000475787
6887,54667,0.009695388560242758
6888,90194,0.018352949369473553
6889,66332,0.011495496270742228
6890,19380,0.004297490816660986
6891,59518,0.006056110432317109
6892,71891,0.00801267743641328
6893,54281,0.01433047345471712
6894,41549,0.008272865570309162
6895,60045,0.00994195915324663
6896,44175,0.0035554586360179302
6897,20025,0.007570000839411471
6898,76373,0.004245060564239489
6899,20090,0.01101243206434602
6900,20412,0.006389942889595298
6901,88953,0.008486514897728843
6902,26091,0.005984511438201379
6903,4617,0.0061599024823217035
6904,93346,0.030327303048503642
6905,71119,0.009905871995979323
6906,95663,0.014123814574389298
6907,82197,0.014569404197353423
6908,2153,0.009322402517935823
6909,89984,0.004244941070391757
6910,31049,0.009828490055125712
6911,60055,0.00550047731042574
6912,18668,0.004730862916030284
6913,22180,0.006190577661173481
6914,70045,0.003158948944316289
6915,71632,0.01874329575047089
6916,36017,0.006158483141499197
6917,81047,0.0041285351329448244
6918,85829,0.013688348123532902
6919,83048,0.01701371936104963
6920,22033,0.004897595608791399
6921,68837,0.004130644128511326
6922,30493,0.011754921955437484
6923,27380,0.009897116286611697
6924,99430,0.017828617598562458
6925,22600,0.003885723284933857
6926,34501,0.004481813040780422
6927,40023,0.019224409525496363
6928,40364,0.005988991774687492
6929,33388,0.005051929229113743
6930,37309,0.015332783549226424
6931,13330,0.042587240931861434
6932,98565,0.015667100698813753
6933,73774,0.00251577564906231
6934,82206,0.007752248748053299
6935,63034,0.02288798706989536
6936,15540,0.005049104154648343
6937,16764,0.006686552479997487
6938,86236,0.005364901735188124
6939,62120,0.002638393133933851
6940,98993,0.007073899417080596
6941,58916,0.005310442333985757
6942,26424,0.004928332468235915
6943,91097,0.011160066491107032
6944,57639,0.008895072093740755
6945,92246,0.009686000903877758
6946,9990,0.010670144427191863
6947,46664,0.008024571045317676
6948,44060,0.003243283988597679
6949,89501,0.0042713977412686234
6950,5972,0.019834000035561624
6951,19218,0.02071980570086644
6952,81474,0.006374210089497574
6953,2687,0.006262624438796571
6954,33398,0.006875344251379822
6955,82614,0.003832783261577204
6956,3086,0.0015690462412195013
6957,28329,0.00906296659088137
6958,36564,0.012873439545160247
6959,74169,0.00919135992809545
6960,38383,0.005053292731743326
6961,52573,0.004436432215252421
6962,61255,0.009226377673039176
6963,25472,0.0054520445560716484
6964,67865,0.010768957099797256
6965,93725,0.0057153451800905815
6966,67041,0.02302894503921053
6967,56734,0.011827972044636465
6968,51374,0.005705016521153131
6969,16022,0.0065371105251080044
6970,76952,0.005005729963417719
6971,10703,0.010231959209962794
6972,97761,0.013903234910457151
6973,96108,0.005570594635698093
6974,86466,0.011568091099400324
6975,10548,0.003703678804534526
6976,50924,0.005572847588216195
6977,67998,0.007945952448371709
6978,52352,0.005388315440925058
6979,52356,0.008878401769445744
6980,82730,0.00841721486192643
6981,98809,0.005843082605843149
6982,47770,0.007327803573156184
6983,99894,0.0038610941159953416
6984,62571,0.0011071464254002665
6985,19630,0.01615706544777061
6986,614,0.003672251738437519
6987,53070,0.01628292102082243
6988,56830,0.009021726369768654
6989,63578,0.008789750479589811
6990,87342,0.0023403388845239237
6991,99864,0.010449421741307847
6992,64359,0.027115543939077825
6993,32111,0.005774325685707745
6994,4357,0.009397776097132222
6995,11653,0.011932432978505329
6996,72180,0.009361906148003729
6997,94173,0.009611790705698635
6998,31465,0.005540611466566544
6999,42632,0.009021357197922042
7000,84305,0.011250982839120969
7001,65515,0.0074004259593881076
7002,85834,0.01274855028270945
7003,59064,0.005556139920685249
7004,14884,0.007591655261476739
7005,72165,0.007908122756151971
7006,59767,0.0056603563119300895
7007,66084,0.005099009243406269
7008,7223,0.011360422264603737
7009,16251,0.007350992206983196
7010,37505,0.011962822685030593
7011,35246,0.005971869599944776
7012,77777,0.007942589556574155
7013,85475,0.009402829796065599
7014,68187,0.008901313961359795
7015,89636,0.019122840966110995
7016,13314,0.017743527168805073
7017,80310,0.008425138761907957
7018,53479,0.007377674757029072
7019,91437,0.007276064473003391
7020,89182,0.037419594947775366
7021,42166,0.004096959539400709
7022,40910,0.0059726587801305474
7023,83872,0.00653113192860408
7024,76417,0.012321612169272102
7025,80843,0.008404478479273735
7026,47199,0.004974818359807077
7027,99572,0.004981176491974654
7028,53895,0.013363357096886191
7029,90708,0.007817694073821532
7030,76238,0.008124235951624509
7031,76839,0.012196733428512224
7032,37902,0.009635708174923693
7033,36823,0.00633418818131936
7034,66075,0.009008561843030533
7035,48231,0.0048295205375692
7036,94350,0.008095390652315682
7037,6205,0.0064497520056941635
7038,1515,0.005450241282247783
7039,74606,0.006884115974396874
7040,28755,0.006176384813849595
7041,14047,0.010001938600445223
7042,66321,0.004969004314883718
7043,22797,0.019139128314901062
7044,74916,0.0071898066384932366
7045,21452,0.028845157956029467
7046,79672,0.027983603497833298
7047,3800,0.004679075519179883
7048,93770,0.010460643784290334
7049,61926,0.001256977349342513
7050,60995,0.00796639030649905
7051,70052,0.014179934767569385
7052,66026,0.01306087348834212
7053,93634,0.009056489854380184
7054,86055,0.009706028464355528
7055,90432,0.009364254147609191
7056,21019,0.007458664642394147
7057,22719,0.0070834564478945705
7058,68281,0.006456118385177793
7059,90832,0.004313934829695557
7060,70196,0.00873947840787809
7061,3586,0.01481163232917891
7062,18330,0.010990590610962338
7063,21738,0.006194290732769168
7064,96663,0.027906942272008014
7065,33633,0.009553515885392083
7066,37631,0.005882472337765474
7067,17820,0.006817954317982862
7068,10970,0.005589279557906481
7069,80899,0.007924102471442806
7070,90885,0.00704917868521405
7071,79403,0.00881668430792886
7072,21938,0.012000633584554422
7073,13947,0.007768985541421304
7074,69374,0.012502845242796275
7075,56712,0.008819284475256966
7076,80219,0.006318244904012846
7077,12268,0.034823318706177345
7078,34818,0.008136923392900054
7079,73091,0.003432727864200528
7080,42108,0.011876913497091038
7081,33387,0.012835964612506277
7082,27175,0.0326567138727281
7083,50590,0.007422427764395969
7084,27741,0.004473059448383838
7085,11769,0.007515920337658219
7086,613,0.01951447261034748
7087,52517,0.014243408657080086
7088,54869,0.0069409751760401515
7089,30184,0.013928848751426475
7090,55820,0.004493844547760842
7091,14207,0.011955509698322094
7092,16590,0.008631183494534289
7093,18427,0.0029081001893636244
7094,5560,0.010050084365726342
7095,37900,0.004351692077428642
7096,25310,0.013379008632367531
7097,30684,0.017258220552680295
7098,42823,0.01383546389506016
7099,44461,0.006003212233879254
7100,94654,0.01331069278462703
7101,57398,0.017108887104617155
7102,6312,0.01146230113337054
7103,54613,0.005859351234707625
7104,11611,0.0071987154543197915
7105,55459,0.011482499893096767
7106,18253,0.00788034724236187
7107,43721,0.009891048545313506
7108,96594,0.005109092874899594
7109,86112,0.008474730254469055
7110,82516,0.008748820768081589
7111,13917,0.0051121057649309975
7112,93881,0.011908839880103779
7113,69155,0.009743198243697961
7114,74398,0.007576912913304006
7115,15384,0.005816963391805812
7116,65142,0.004293023096895636
7117,84341,0.0016372468925931007
7118,15338,0.014613020618581486
7119,89084,0.009358082331212516
7120,92978,0.005855742809262272
7121,64883,0.009373199584251826
7122,27525,0.020923123393564464
7123,98103,0.0041895682484845344
7124,61675,0.0049870411230516125
7125,14695,0.00591779010600397
7126,36662,0.053458960405043374
7127,79610,0.003116171388080561
7128,60988,0.00840976721965156
7129,91626,0.0054150547417027425
7130,92860,0.006369788128523766
7131,68249,0.0025362985542815492
7132,8107,0.018086684436149473
7133,23030,0.007544387003304473
7134,52634,0.01671968929304665
7135,94003,0.013407370099749997
7136,2982,0.004327892868339997
7137,20072,0.008606091868758698
7138,50973,0.006632520146661324
7139,36888,0.027542934091886583
7140,88394,0.020922161680605195
7141,21173,0.005326345045558071
7142,22623,0.012865481777621023
7143,73040,0.007526301399005811
7144,57141,0.013523528208682606
7145,24539,0.023068640126612888
7146,87772,0.009058599453080596
7147,26891,0.00858630954555114
7148,18036,0.00663197206489915
7149,90198,0.005617791356104308
7150,50349,0.010017149064131078
7151,72811,0.01120780945597881
7152,98665,0.005590098231033874
7153,45625,0.009229592311191206
7154,64557,0.004169226651394507
7155,98916,0.004865013122676262
7156,16870,0.02333743857657478
7157,31248,0.011060566926112675
7158,21038,0.00826026744292018
7159,72303,0.006125889976479174
7160,87688,0.013345536393122172
7161,59152,0.022536035521315383
7162,70040,0.00614933207423419
7163,38722,0.01017522489240087
7164,19667,0.008850242548447788
7165,58397,0.011522778008588861
7166,38380,0.012414183288394005
7167,72336,0.00970736169222633
7168,5453,0.004870060182100969
7169,47181,0.011079708601092446
7170,9905,0.0042539282949167635
7171,1116,0.031847611425230946
7172,22159,0.02021285502377886
7173,71280,0.00942352768146436
7174,83013,0.015749611774963708
7175,15304,0.011353908870515732
7176,28158,0.013621579862690983
7177,70339,0.0031158329001127368
7178,14293,0.007487956454582514
7179,7016,0.03060302107732092
7180,49521,0.0041729711367522486
7181,74906,0.007827689823005466
7182,39771,0.010937039700501989
7183,21596,0.004931326479359413
7184,34029,0.0036839884755293702
7185,6733,0.01487842708606035
7186,88827,0.004615102700216328
7187,31108,0.007837014644683277
7188,77806,0.010238482932572682
7189,21656,0.011101814256521203
7190,32833,0.008292439256167182
7191,93677,0.009373579485321318
7192,27533,0.020762313536111503
7193,36436,0.008803493783627818
7194,82062,0.015052851923673638
7195,53583,0.006869629269270134
7196,79136,0.0037465502807488733
7197,10011,0.006449994859942233
7198,66277,0.005066311460378268
7199,3047,0.006900232414050746
7200,20322,0.004972347003291969
7201,51765,0.007257182673383424
7202,354,0.019111567961341412
7203,13150,0.01080946727664459
7204,1077,0.016309028779173552
7205,66597,0.007610306073781306
7206,10459,0.007620544809222497
7207,88282,0.006988557211832063
7208,826,0.004941984611087105
7209,97469,0.014728957382071256
7210,75197,0.014329634325570818
7211,25066,0.004396182798832011
7212,39495,0.009338694948928965
7213,1159,0.011355384711953085
7214,50853,0.00974769007660992
7215,57782,0.006191998404136819
7216,77105,0.007912831676274754
7217,49723,0.011778671036869665
7218,80592,0.027438896665647507
7219,48343,0.019020655784469886
7220,30935,0.005382219392544882
7221,47958,0.011774176482812223
7222,23679,0.009046533582426346
7223,57845,0.006038593675951524
7224,33527,0.0027129184463158392
7225,80279,0.005609502118353196
7226,33707,0.007397690090595879
7227,52505,0.04599255405490655
7228,42489,0.0272787833446942
7229,74513,0.008576783211494384
7230,61048,0.010948780300285524
7231,69366,0.0031590975086649145
7232,50684,0.014119200498045168
7233,59484,0.004028493339682924
7234,31131,0.014665897692083422
7235,60198,0.004653300816932237
7236,58173,0.009232509486630614
7237,61576,0.017321549027669532
7238,59300,0.011169080477485679
7239,2844,0.004315557380941672
7240,41064,0.003625384815408665
7241,24901,0.005263998949152561
7242,55657,0.004647241988095314
7243,95910,0.006215775253330171
7244,31973,0.009870419980864383
7245,54472,0.012724765585158858
7246,2018,0.032029954566097654
7247,28204,0.006542796336685257
7248,66190,0.011959578263324638
7249,88565,0.01342332826377799
7250,78152,0.010732551741294198
7251,49167,0.0052986529974371425
7252,92314,0.006669787683820514
7253,58511,0.006334770770236971
7254,69479,0.007509585085354936
7255,5831,0.019215594781751045
7256,88617,0.012655863216390806
7257,55534,0.005897897155971013
7258,36805,0.006793615626639096
7259,68340,0.008250007591902305
7260,3734,0.0030111434258872074
7261,30284,0.004722968900087703
7262,39900,0.015311423436405795
7263,55581,0.011358314585409162
7264,81732,0.030449529882265784
7265,86471,0.003567652729319754
7266,44507,0.004990765700887977
7267,5021,0.007481146458903362
7268,48390,0.005927051233289619
7269,71600,0.015889455296298566
7270,96293,0.008426583766468855
7271,8637,0.006624627436854164
7272,17982,0.012503957304273748
7273,78608,0.005803606103790979
7274,26943,0.0037728835294448364
7275,74434,0.005340639154263207
7276,52721,0.028680989337193055
7277,45612,0.004937236029545313
7278,50764,0.00690427396982395
7279,86465,0.02892440527315783
7280,8408,0.008443627429924156
7281,63258,0.004356444911266959
7282,98776,0.0060078242068938754
7283,41020,0.004930325033698001
7284,69069,0.01412825087595887
7285,39927,0.01392093397225977
7286,46677,0.005096674941046474
7287,50244,0.010263976043791567
7288,62113,0.01111287412597648
7289,50002,0.021208471578179528
7290,17259,0.005099263102317092
7291,81005,0.005429510938069258
7292,97569,0.004205867384436753
7293,32394,0.008724889063000296
7294,67678,0.00912811251399907
7295,41805,0.008717695375355385
7296,28411,0.03136886942150695
7297,97953,0.004538493149648695
7298,65876,0.00882321575225392
7299,32597,0.007025363998288532
7300,66372,0.006491789413078071
7301,81819,0.004361424971905097
7302,19875,0.006969228981314803
7303,88536,0.003234190360776536
7304,570,0.011577740347340543
7305,8090,0.005580337224085411
7306,54413,0.017779715572328665
7307,39577,0.004998433874836457
7308,34283,0.00576523004049527
7309,8209,0.017410944050312703
7310,96289,0.01030593091433877
7311,81172,0.007008177307013544
7312,69655,0.011577087258918825
7313,92461,0.005803478531395794
7314,19581,0.007067458909091999
7315,8260,0.004806355017256272
7316,26606,0.013982355588967885
7317,63524,0.005120414208241244
7318,28271,0.008888345171226435
7319,89762,0.006500555386544812
7320,53832,0.008377544855584146
7321,10949,0.006197269778953983
7322,36411,0.005305409687287196
7323,58184,0.009235416120450354
7324,20035,0.00839716587454388
7325,63494,0.005191521712618366
7326,94703,0.00627710088313019
7327,18016,0.02552331474089809
7328,49415,0.003160900563663764
7329,75642,0.015333642041572006
7330,74206,0.007635765536730502
7331,34790,0.005595702796879423
7332,11244,0.007297587721109479
7333,17727,0.009165011972644806
7334,76835,0.01504284387616693
7335,13388,0.008845573377020768
7336,21782,0.013073961847475099
7337,75796,0.008112586822604814
7338,9458,0.00479836562793161
7339,40847,0.013054607648614804
7340,96511,0.0013944142151774142
7341,53554,0.005338002964132027
7342,28925,0.03183994280164035
7343,23299,0.004561026829741703
7344,82591,0.007444271119692692
7345,54730,0.005635277656817234
7346,84768,0.0071751274697811306
7347,99736,0.0072438362516747
7348,48297,0.01000852259691987
7349,1931,0.004762048971742295
7350,22167,0.0042983798227049265
7351,38580,0.011238220405887586
7352,18793,0.0061442666706780745
7353,76448,0.009431261247752832
7354,7507,0.04318933970247682
7355,20308,0.008983601575200666
7356,55583,0.01205241445636672
7357,66098,0.0063912555398661225
7358,36354,0.00578771147818367
7359,17908,0.012121461753329519
7360,65280,0.017039115183346457
7361,71584,0.0076650351442678006
7362,20297,0.011332440903747461
7363,15331,0.0026033321576205697
7364,38756,0.010834782566811928
7365,78545,0.02043072043574683
7366,84061,0.012320689050945233
7367,81799,0.028832785592720466
7368,9007,0.021796922202369895
7369,79937,0.00856895431713177
7370,95577,0.009269642248096706
7371,66072,0.02380589624168926
7372,42523,0.019837913471360453
7373,52336,0.0053360863013194515
7374,2131,0.007163116168922892
7375,89474,0.0070131196156642695
7376,3927,0.013735803680139554
7377,58493,0.007438818441127648
7378,46809,0.017263648677173865
7379,56904,0.004327390210544096
7380,84913,0.005537480448595407
7381,38218,0.005834454110769367
7382,62570,0.006896652710195228
7383,20433,0.007023281155369359
7384,42340,0.012137082372649939
7385,26508,0.009722264430154785
7386,1075,0.0167515105467562
7387,85102,0.008221614703896363
7388,70569,0.004443778941219802
7389,29096,0.007455109211510272
7390,34608,0.0025219234054384794
7391,78244,0.009001950601421324
7392,95136,0.005050762243860276
7393,13742,0.00659797444727055
7394,59707,0.00495157285567129
7395,27085,0.006401491237596892
7396,74718,0.009457305783317672
7397,51246,0.006238580483994467
7398,4784,0.009935023723178818
7399,82535,0.0036804454761633727
7400,3430,0.01842474684361923
7401,43023,0.0037519354138966163
7402,17802,0.0027649305146816515
7403,59179,0.0020286637140330406
7404,29784,0.008477835501422112
7405,38193,0.011524688809020543
7406,13766,0.00744051843667273
7407,58972,0.027292183605976468
7408,32587,0.0030095512212018434
7409,61492,0.002545552323471604
7410,77122,0.0056753033621074565
7411,22199,0.007277588536864814
7412,69466,0.012156227625455117
7413,34155,0.012187498089427406
7414,77560,0.0047492746850558805
7415,20014,0.007024951956675752
7416,20442,0.009056357697366828
7417,52309,0.010482090692990843
7418,4212,0.005189433972430969
7419,56826,0.004791374630799889
7420,83969,0.004805160025361294
7421,43622,0.005268155044204445
7422,36579,0.012885548689076372
7423,88688,0.013554297771712784
7424,70113,0.004390114521540336
7425,20126,0.016045315543573434
7426,65193,0.016576012858518594
7427,80021,0.040715154529572264
7428,4566,0.01362476150323584
7429,44030,0.006823935312895559
7430,98970,0.007801375097243993
7431,2304,0.004940802848745441
7432,56005,0.010785293607079156
7433,32842,0.005178962013018923
7434,13860,0.009888504306239953
7435,50774,0.0112839998137712
7436,4601,0.008102679227421136
7437,91204,0.00798274885427619
7438,50391,0.018228647751431903
7439,68823,0.003781160037157825
7440,63554,0.005313443191151166
7441,30927,0.01078283877855023
7442,79998,0.006344134078047344
7443,28795,0.00878238646251777
7444,30592,0.017856754536432984
7445,82303,0.005480904592999001
7446,87159,0.0046469802099703555
7447,9270,0.0024221810330896675
7448,27408,0.005377084658376778
7449,71235,0.015623537473446018
7450,455,0.006425308977477937
7451,26808,0.0020309959028436803
7452,96588,0.0052220959048824905
7453,19326,0.04552915627388575
7454,56410,0.008184139760633069
7455,82948,0.003259388383850993
7456,44861,0.006990387094665784
7457,55411,0.004957168872354028
7458,73834,0.006300946468309483
7459,30104,0.010574472368217212
7460,76688,0.006808548529718033
7461,33701,0.01922303921921685
7462,89965,0.008288585857603885
7463,73299,0.006862392432865277
7464,76715,0.004602433202709625
7465,15070,0.006454760717418115
7466,91187,0.01152231030052694
7467,55431,0.00661533925128119
7468,88165,0.0036937168906180607
7469,86560,0.008493086441812828
7470,51992,0.014612924754248038
7471,5440,0.014093609445027234
7472,39526,0.011514487139340928
7473,23074,0.012520521620841966
7474,92039,0.0038436182897160485
7475,45870,0.005775742950538855
7476,20332,0.010366049044565067
7477,33401,0.030002120281946435
7478,37918,0.006285085201153492
7479,21066,0.006009854690937802
7480,57697,0.005059176937943637
7481,57600,0.014738694231691456
7482,64535,0.0045996114277585785
7483,61487,0.005461218331990035
7484,70985,0.003130699480661967
7485,16144,0.006117107649188323
7486,11098,0.010811734393773548
7487,27935,0.005855972857502459
7488,75778,0.009054760223311299
7489,57922,0.0074076460385866846
7490,50551,0.022795940642226325
7491,49743,0.010692157260829368
7492,11646,0.018171312604311804
7493,98158,0.008052905216281374
7494,43201,0.007099721622838748
7495,22678,0.006182017065509627
7496,77940,0.008532108378559874
7497,24287,0.00569568004643132
7498,51799,0.00622037849782833
7499,58273,0.010777990387290505
7500,26275,0.011525704375595178
7501,12758,0.008320316064480204
7502,67708,0.027606968857934233
7503,76002,0.00529326072315066
7504,58941,0.0051925196354558325
7505,92700,0.004038260931836157
7506,87841,0.007962176682968402
7507,37156,0.007952541105745121
7508,78890,0.010238058673624019
7509,46990,0.01568102707831054
7510,25168,0.011529634200309414
7511,75547,0.004797438667532761
7512,26223,0.004328611124159972
7513,29548,0.005008717188462109
7514,9208,0.01347244376343762
7515,27504,0.015450705087976867
7516,28968,0.024678702257674306
7517,54680,0.005792491441130761
7518,79345,0.01936114300578877
7519,73831,0.0059894720247888385
7520,15341,0.008925753905557839
7521,52776,0.004405803655236126
7522,35149,0.01266008796384415
7523,10791,0.002911630980078507
7524,57438,0.011853878305182081
7525,32135,0.00412637935912367
7526,15593,0.01443040828193944
7527,76915,0.011086444411429492
7528,42850,0.003854657809334932
7529,26030,0.006614834091378973
7530,89981,0.007915632584053763
7531,68775,0.01966493580203034
7532,79654,0.007490017120192482
7533,86472,0.004172995004834286
7534,56073,0.006054728734215619
7535,49902,0.05913065620435909
7536,95652,0.0033903809945761833
7537,31671,0.006324281453155404
7538,1495,0.011665773485953986
7539,44140,0.024247970122336173
7540,75294,0.007481701892773888
7541,23499,0.003452615991734657
7542,51957,0.008022657176522865
7543,49513,0.0037402569756092414
7544,40537,0.006635890969338937
7545,52601,0.02293917019993269
7546,90083,0.008051438808878804
7547,73522,0.00489053435663641
7548,24420,0.005053711558973088
7549,67511,0.013612394634769036
7550,80548,0.005931689417683355
7551,31216,0.00382162346600615
7552,20973,0.004397577064008005
7553,75612,0.02132233762869106
7554,5423,0.014377445801915198
7555,56763,0.007808845632724952
7556,88202,0.018368409501595805
7557,10596,0.005168427731985436
7558,22249,0.005657643123505299
7559,50399,0.019641403298848774
7560,79258,0.011399752179920147
7561,19188,0.004985267569184609
7562,33630,0.004239212599748122
7563,40351,0.020299186269979126
7564,66001,0.013543900024917021
7565,95900,0.006517002853385171
7566,13279,0.014810631626182943
7567,49589,0.0047347172987683905
7568,20497,0.004620411692773159
7569,28874,0.006504488480464206
7570,73927,0.008803302036998632
7571,86603,0.009629237128215333
7572,15087,0.010639058051132359
7573,22667,0.015004458969291047
7574,61843,0.007143186209574318
7575,58788,0.004160778106263743
7576,58710,0.011447155599988794
7577,86414,0.004190851862796628
7578,58178,0.009569630415397365
7579,8736,0.006161783328513741
7580,53816,0.007020576718335147
7581,32045,0.009839435263295396
7582,25346,0.010717104642382565
7583,33135,0.004971121847258791
7584,71934,0.006502864409761855
7585,38630,0.010456256140870788
7586,79612,0.004421906833244213
7587,88390,0.004511846797095158
7588,39402,0.013903861857027262
7589,18093,0.006018351040720613
7590,47263,0.021344288808067182
7591,6086,0.008802157552270554
7592,33596,0.007492755244396005
7593,65473,0.00689405118772049
7594,56275,0.012327743625611374
7595,36783,0.01733777144966749
7596,76995,0.005967127868964654
7597,85683,0.009410414134996752
7598,55977,0.006956046127575497
7599,77063,0.00661971620745542
7600,90530,0.007842080882080514
7601,25698,0.01129642140319797
7602,78003,0.009097506056854575
7603,64172,0.010832029774369034
7604,58518,0.007592885169722174
7605,55530,0.008587277617434027
7606,39434,0.007720380608579188
7607,90458,0.00790204571202096
7608,61839,0.003993994579486141
7609,89069,0.004047901539597076
7610,33334,0.01904365884715646
7611,53105,0.009615737482849794
7612,20416,0.010881704298510656
7613,71233,0.00823261625418086
7614,34384,0.014618516819857732
7615,14158,0.007325319591050043
7616,73549,0.005624563028243864
7617,92918,0.006650121089217823
7618,49889,0.01472014204056795
7619,70185,0.041160686402578514
7620,84121,0.017551237128290813
7621,17423,0.002794060246036701
7622,71880,0.009831810375069994
7623,13463,0.01300391853413458
7624,12367,0.013793637775800678
7625,28747,0.009997904173555316
7626,59065,0.003984850266377047
7627,71537,0.004231317333613871
7628,76613,0.016754789308859208
7629,2672,0.016394503997639122
7630,76021,0.003952813043011887
7631,15142,0.021953366643000027
7632,12283,0.0110116675305513
7633,53178,0.010872950702238648
7634,48232,0.0060603675732263575
7635,33754,0.0061951277689142725
7636,70954,0.004403037634897133
7637,46259,0.007801610544333012
7638,18765,0.011443374722772754
7639,98518,0.0021473027064800934
7640,11063,0.005154728436844419
7641,7899,0.007733589234854444
7642,49955,0.006606639251162709
7643,53879,0.005401024054242132
7644,81310,0.012508740427645968
7645,74418,0.008188391585369128
7646,73956,0.0052512763204813125
7647,93072,0.022437774455485122
7648,53580,0.015836420198103753
7649,99083,0.004619144943456106
7650,80500,0.009257450071892518
7651,79487,0.007590487167794363
7652,78389,0.005337616128357023
7653,24886,0.022203241970178873
7654,75732,0.017084795829695743
7655,50218,0.0059887582450933894
7656,68978,0.0073742956131439275
7657,98460,0.008122191114361375
7658,94051,0.003784044951273467
7659,68245,0.006368095920987837
7660,37522,0.004768171316518372
7661,84592,0.006596833667881502
7662,2833,0.007426952330873546
7663,1721,0.006134100796382366
7664,80297,0.007261290388710363
7665,78538,0.005931460602017178
7666,69799,0.0038186445602254567
7667,90757,0.010322208402599856
7668,91093,0.006458488440025088
7669,27367,0.007041199087472502
7670,83466,0.024032529703428236
7671,40957,0.004961400709616599
7672,90814,0.024130780383585897
7673,47430,0.015942379776869353
7674,9975,0.008438322873005713
7675,96453,0.0068277523332446405
7676,92657,0.020767040070919635
7677,82869,0.00787913250704065
7678,54132,0.004598877243257624
7679,62437,0.011791886212056733
7680,63734,0.003341575532184785
7681,9060,0.010713318868620415
7682,72128,0.0038620469888195163
7683,29001,0.00585937638864861
7684,49966,0.008013509541047653
7685,32065,0.012371957068947888
7686,60260,0.009257113159321142
7687,29465,0.005014955765514877
7688,71857,0.015410010621084444
7689,91724,0.010004327172013435
7690,61425,0.012863113554727775
7691,81806,0.010337609898871863
7692,83128,0.010958391515595066
7693,46811,0.007256231306033551
7694,22693,0.00687332615403803
7695,59305,0.009874997060400495
7696,16075,0.007846594488576523
7697,16984,0.016944266262637925
7698,53211,0.0065489980671596905
7699,8137,0.005334544346192008
7700,49491,0.008195058390522208
7701,92557,0.02081909915038321
7702,20335,0.010839315952402055
7703,22529,0.01025998059736528
7704,8576,0.010133819111872154
7705,56260,0.003884385867190976
7706,49283,0.005122405944227755
7707,38037,0.0062858351643919385
7708,24527,0.003772290108303142
7709,44191,0.0064281936941937975
7710,89733,0.010381490586217092
7711,89472,0.006163131548689732
7712,97505,0.004467776471683031
7713,19395,0.007577533366549775
7714,42719,0.01134112867613513
7715,89660,0.00544364986915871
7716,13171,0.006356505250580711
7717,74541,0.006338660064366938
7718,94479,0.012142092285998154
7719,39148,0.013102678166085766
7720,38369,0.0020727216300876405
7721,5980,0.007961270540022708
7722,85013,0.005555411066043847
7723,20693,0.005611828246934982
7724,86629,0.008944385945172401
7725,18363,0.01705877724700786
7726,76958,0.005978374161283688
7727,13812,0.006935416465218452
7728,12783,0.007454131249531937
7729,96516,0.005714790587551692
7730,20166,0.005845658165586292
7731,2717,0.01426460940584564
7732,90980,0.008137453730663265
7733,29239,0.006333637713198002
7734,69361,0.008762436312114551
7735,3597,0.005234710450296507
7736,39445,0.005340456469395063
7737,50427,0.012937578158706371
7738,80311,0.010697567569587152
7739,25895,0.006074722054407719
7740,30492,0.012475230738795615
7741,42869,0.009869703294967513
7742,92632,0.01439116675008197
7743,72698,0.01619907038643082
7744,73117,0.010876645290795458
7745,60192,0.0061525342231465874
7746,4580,0.014571890132363858
7747,22277,0.013070976835313622
7748,40207,0.00700169288331714
7749,80119,0.006151866338465269
7750,38465,0.006182462485374375
7751,51642,0.010018763227779654
7752,88795,0.009376035346187642
7753,58873,0.004756713352638372
7754,36026,0.007065600567723225
7755,35633,0.008024699619035791
7756,74455,0.0025408285043737153
7757,86578,0.03603771955802507
7758,45144,0.008336456274433784
7759,99279,0.005911740398361702
7760,73131,0.011432803422577126
7761,15270,0.0060549743732402775
7762,76027,0.0028363631477809196
7763,7953,0.013465868910627477
7764,57877,0.011942871600997544
7765,87303,0.01378991330001054
7766,94925,0.014917983964608847
7767,14861,0.014675965882716264
7768,12700,0.006718233043740163
7769,9861,0.02255870793455552
7770,14599,0.006411273636364945
7771,85976,0.003217206874655787
7772,52957,0.010390680326424866
7773,57934,0.006513927226467004
7774,38003,0.011662345863325029
7775,80730,0.008589587403468872
7776,85482,0.013031218025803858
7777,12226,0.006200538569935678
7778,63550,0.0033433868221034698
7779,63,0.006187048287158367
7780,12377,0.012226583754733015
7781,9591,0.0061584067107708
7782,59532,0.002824944988267324
7783,50196,0.009059523475675164
7784,22472,0.006055491247927489
7785,77172,0.019739947689124862
7786,6060,0.008081427898543006
7787,61168,0.010716304229247678
7788,62083,0.011711434361118201
7789,29434,0.00796926060320061
7790,95218,0.011488231515860444
7791,31025,0.009166210461177677
7792,47188,0.025273635792397497
7793,37292,0.004954253488922656
7794,37106,0.03402708136931887
7795,18113,0.010862668964904648
7796,50815,0.006153894390101885
7797,6683,0.017058579631278697
7798,60729,0.005977265418547931
7799,74896,0.004164133386755123
7800,11486,0.0035886282270573165
7801,41090,0.002183896399977783
7802,65777,0.00409982711521168
7803,85645,0.013551086525502005
7804,54801,0.02905558961843481
7805,22128,0.008281736762924008
7806,34742,0.010160062552225561
7807,25096,0.02437882238369496
7808,49067,0.006747269718258796
7809,35252,0.004839019469766271
7810,90694,0.00548281647213753
7811,4634,0.006682024810432654
7812,25831,0.005988246548559271
7813,84666,0.020951883561775138
7814,29054,0.005998824910919209
7815,32201,0.009877457457005207
7816,78325,0.010567122980907843
7817,25237,0.0035138775513744364
7818,37020,0.015405822636315805
7819,4702,0.011023568746967876
7820,97502,0.011326738659380886
7821,113,0.008849448422082004
7822,45426,0.007122464984737534
7823,88730,0.02587585247608245
7824,8364,0.005666378903108147
7825,64510,0.004810314737784665
7826,67039,0.013671636811585206
7827,15055,0.005907882426396435
7828,18617,0.018985729701441526
7829,39444,0.007624601575226281
7830,43148,0.012461032202643232
7831,75226,0.011964326986476075
7832,46878,0.0017271997785775948
7833,64418,0.00621009999931568
7834,35338,0.005043943348338364
7835,69346,0.005108673263861175
7836,49408,0.013678900524457112
7837,7610,0.004981024561770681
7838,17222,0.0047170316150284535
7839,28571,0.006159011021707093
7840,35212,0.008316890112766914
7841,59667,0.007816432875469334
7842,36749,0.007445550010033992
7843,49618,0.011319035370902949
7844,45381,0.0031476728558253644
7845,57636,0.002993644258845654
7846,2987,0.02992387059017784
7847,31981,0.006965993826101453
7848,9932,0.01625567807425705
7849,71301,0.00617532119898994
7850,67602,0.0043043721942088225
7851,50448,0.011033440233472976
7852,24306,0.018107808538359676
7853,47666,0.050871033287891984
7854,6084,0.006862098684465166
7855,37113,0.0025508898851924608
7856,80749,0.007093481484658761
7857,78558,0.013111545053885714
7858,9324,0.0034030295386330576
7859,17948,0.005104773504617023
7860,73353,0.003802259356610236
7861,39964,0.012080933790446858
7862,28806,0.006462048497088072
7863,62067,0.034179826140426146
7864,30564,0.02483614622174311
7865,64236,0.0028472754429909675
7866,91229,0.017456633417196873
7867,53321,0.007139843552561236
7868,14372,0.016502059799219173
7869,99866,0.017086141567132215
7870,20485,0.007421856500091547
7871,66990,0.007702778572798026
7872,98966,0.006435433802821515
7873,80397,0.020918828831559648
7874,1017,0.008493873603189895
7875,89926,0.005151618839520776
7876,97734,0.006723350911729801
7877,39985,0.008323204246253333
7878,70889,0.026184474336022775
7879,44067,0.005324431921363994
7880,52021,0.005990831381331945
7881,72025,0.0053015323049086915
7882,55533,0.0035154189499066396
7883,13530,0.006241280092674849
7884,97935,0.009594489054200916
7885,58047,0.0037443915167337223
7886,23155,0.010721381759968654
7887,10644,0.009101280156874114
7888,92551,0.015454726928046687
7889,24146,0.008806011581425634
7890,86506,0.01017128974195792
7891,21990,0.006815749715599308
7892,49786,0.008710910357311492
7893,4628,0.04142851758534577
7894,65822,0.004499687118511308
7895,88870,0.026300098587596993
7896,39413,0.004456192906321876
7897,74543,0.013228564300272003
7898,86948,0.010959313452370308
7899,48312,0.010464541117037866
7900,99754,0.005570884361442899
7901,20439,0.00707700717962983
7902,53143,0.0036656365156159765
7903,33227,0.008963928323612693
7904,50673,0.013513573797679906
7905,42963,0.005225477266786505
7906,30067,0.011034469385977436
7907,84624,0.012620594465059348
7908,63383,0.0065730809181820645
7909,83926,0.014364200710591378
7910,27229,0.011344915954599414
7911,51003,0.004157330084742544
7912,95699,0.016675237297889174
7913,96032,0.009674646754479268
7914,4016,0.00396881694538706
7915,33299,0.01537547505925619
7916,13164,0.004855308426661978
7917,87547,0.006258280907207914
7918,62136,0.02116765016698513
7919,85653,0.005544265333608148
7920,77017,0.007084433002022128
7921,23267,0.0040396131957313435
7922,1345,0.012157960618218213
7923,2110,0.01320832545352615
7924,30925,0.006906010427089434
7925,77790,0.01453492129170733
7926,63298,0.010570101419620857
7927,82236,0.006055225370391733
7928,47461,0.0062939834626949106
7929,29856,0.004607783456447426
7930,84682,0.012316985060536068
7931,19725,0.00715007335948664
7932,13660,0.003175116809119009
7933,23953,0.00856509323720574
7934,2338,0.010918414460781326
7935,28316,0.006225598680905987
7936,27751,0.019110787957720324
7937,83638,0.010467889330551147
7938,29237,0.009361094147108829
7939,55176,0.01024121348393683
7940,61490,0.004911204087724939
7941,39721,0.013802258132179418
7942,98473,0.015578480259067372
7943,44816,0.0047398379382466525
7944,66685,0.008341258799737402
7945,86698,0.0027002386473653555
7946,27288,0.01189760520743211
7947,52311,0.0038562561234332417
7948,59782,0.0075648620084975806
7949,11736,0.006677879975573709
7950,92878,0.010579487721954016
7951,87924,0.0023150169666525024
7952,3574,0.004757255923006941
7953,79845,0.004042623746256762
7954,60673,0.019360972216797466
7955,96217,0.004173312169415839
7956,66814,0.006185685761710836
7957,39442,0.011050989368899637
7958,44990,0.008844073955621198
7959,79617,0.014263844592735908
7960,35797,0.01178844795813027
7961,82375,0.012428567658090448
7962,27635,0.005108413298038576
7963,23405,0.005769556147142191
7964,53846,0.010585308710525198
7965,99883,0.010414632539869281
7966,41686,0.01069429959249286
7967,25355,0.015691231678985673
7968,11062,0.005873265898534426
7969,19407,0.015101977548291996
7970,96113,0.017447620687370536
7971,58935,0.020195831628896356
7972,6082,0.0025693926390781283
7973,86293,0.010868765127448715
7974,96876,0.014701489339888301
7975,72315,0.025672837868156405
7976,25956,0.0064772863721983065
7977,10710,0.009813428451171955
7978,33976,0.008451756935821383
7979,84026,0.003857776857636642
7980,88696,0.009589832196739706
7981,12896,0.0069851707238793685
7982,44108,0.009212884621224736
7983,51265,0.008250806936781815
7984,94605,0.03002820337937835
7985,89836,0.01105848058575159
7986,71873,0.015911537544901752
7987,59662,0.00656200480977334
7988,28804,0.015465044709908657
7989,20238,0.016057104882860995
7990,37462,0.008701332107574785
7991,55935,0.01227427116770399
7992,36676,0.034078617635210307
7993,4054,0.004349038306964501
7994,38221,0.0024272392715732104
7995,96095,0.020588697217255692
7996,70232,0.007145680914282304
7997,6628,0.004174975564217544
7998,74054,0.014662017044975367
7999,90167,0.02860278509379821
8000,16997,0.007100118421272398
8001,70313,0.004396461720739222
8002,28910,0.005628405578428217
8003,51329,0.006412355228847351
8004,96077,0.00511682045061527
8005,57563,0.009192236577136479
8006,5512,0.013913493214484884
8007,91586,0.006751355998661649
8008,98862,0.01129333803462626
8009,45895,0.0039019434729335176
8010,48264,0.006462431792547379
8011,36747,0.009935799641000918
8012,85287,0.00488259003357999
8013,93193,0.011956077132783804
8014,95557,0.008281199442393921
8015,25522,0.0062270131415844525
8016,63570,0.007045903639421912
8017,59794,0.01388015365559038
8018,71641,0.010985708653993608
8019,25668,0.004560732268025858
8020,3335,0.009911847938573982
8021,65064,0.028957650973916477
8022,82407,0.0050488301736674145
8023,79548,0.005127826590784177
8024,2971,0.0033802726327175447
8025,10800,0.007338226990542641
8026,79908,0.0036506195581478764
8027,19904,0.010568131494246501
8028,13366,0.0351928655711909
8029,85006,0.0045024948358877446
8030,48611,0.007243611238584843
8031,42695,0.004014162186639296
8032,33891,0.021203820491392425
8033,34756,0.006799838744913571
8034,38544,0.006616166056892834
8035,33539,0.007198764278142781
8036,34964,0.00856617064507932
8037,40845,0.004850243846114937
8038,82457,0.005187806532271571
8039,5229,0.015777614243968955
8040,89652,0.009085157397774393
8041,51208,0.006987958476127836
8042,17497,0.007982969314602236
8043,94739,0.010549305737332822
8044,94661,0.005378373052094257
8045,19308,0.006099161587475439
8046,65837,0.011920846940500112
8047,95782,0.00980548739382644
8048,3045,0.006794276241708908
8049,14988,0.009049664698993798
8050,41795,0.005016790285700254
8051,72029,0.005139274651927346
8052,51505,0.007683530439185767
8053,48684,0.0035630289565366804
8054,30156,0.013919939093396139
8055,27620,0.0061441316482215135
8056,47807,0.007474352409085265
8057,76398,0.011498934692519579
8058,55794,0.007629533049124522
8059,86641,0.009495014941497255
8060,73919,0.00488464151239344
8061,107,0.014474723279617758
8062,14371,0.010677064123952803
8063,2835,0.05228260840228843
8064,60357,0.006421304184815506
8065,63727,0.006815236541460724
8066,443,0.016338767113012163
8067,78582,0.005251218562788882
8068,65373,0.005017131155223489
8069,70146,0.006806884187141721
8070,82861,0.008495850831055375
8071,83880,0.023867572836931628
8072,10809,0.012897643371800917
8073,36215,0.008519084634503979
8074,36024,0.004092482068280703
8075,3028,0.0049355113478863535
8076,3034,0.006639257794776567
8077,52392,0.012468956815590366
8078,4783,0.02260067244050012
8079,96060,0.01774697681344625
8080,4882,0.014066633316011653
8081,76675,0.006305934281974217
8082,33850,0.01296620033427098
8083,17129,0.009100664315468347
8084,82669,0.0125494244939141
8085,77953,0.009836728860447105
8086,60961,0.0038963662177373785
8087,82993,0.005646679352718563
8088,93244,0.00831685087261117
8089,56725,0.004665943516945548
8090,38064,0.005696241320562295
8091,70131,0.004377371308959514
8092,17448,0.004887517084742315
8093,1487,0.006037350300415762
8094,25173,0.010794774573691338
8095,299,0.009632600392542856
8096,38793,0.006321759879296772
8097,75115,0.006357309442174165
8098,32244,0.007499906203295677
8099,67934,0.030814084774584537
8100,28136,0.01788135860072368
8101,68293,0.006641721429150029
8102,69530,0.007937867802284887
8103,76246,0.01655768210192802
8104,48182,0.008348202571077736
8105,58009,0.004332856232195566
8106,79966,0.005288262639716008
8107,91824,0.01154151779327642
8108,77616,0.006425776199993351
8109,80670,0.007401305057632981
8110,63451,0.009272224650313512
8111,75338,0.002341862675962108
8112,57516,0.00881334459543831
8113,50169,0.006955391455682016
8114,9136,0.008084295758522946
8115,87443,0.032355351229440325
8116,11699,0.014455607100224793
8117,84367,0.010623109820372744
8118,21823,0.016048379278556166
8119,98281,0.005086012925993223
8120,83678,0.004188828654481544
8121,64986,0.008323116262170966
8122,29606,0.010337553800566397
8123,87437,0.0247932574435823
8124,42148,0.012079575900271661
8125,79048,0.012292885065193932
8126,38954,0.004701457573891864
8127,56755,0.009496470158094465
8128,65586,0.0074210185953056795
8129,54698,0.007011044812531453
8130,32669,0.0088958142194292
8131,69905,0.003319413515073979
8132,59983,0.0036569851072761816
8133,17092,0.006916125531106948
8134,63153,0.006220573156587487
8135,2920,0.007324461753553545
8136,47275,0.00785487434445651
8137,74573,0.0037015969003778857
8138,43974,0.004735466917998661
8139,40243,0.0046336552857337045
8140,57537,0.004785105568516544
8141,89479,0.009423182963418745
8142,92792,0.004938695022411756
8143,70549,0.004245307925708498
8144,6964,0.012660166199850019
8145,21079,0.008950853429222187
8146,12033,0.012930923904114325
8147,23927,0.005889661310855746
8148,96997,0.0036301888309697226
8149,70011,0.016551222139133525
8150,91865,0.005423328405069516
8151,29866,0.006680476600387978
8152,90055,0.005427793649566916
8153,79437,0.034343919886165475
8154,62304,0.007464219811946526
8155,45256,0.019585064126561042
8156,56192,0.0030078742997916054
8157,20640,0.010714346826703941
8158,42315,0.006667379380312149
8159,82102,0.011841251965774614
8160,2821,0.005321653440821659
8161,79922,0.006129379089633001
8162,115,0.008488361692795083
8163,69758,0.007599751599292918
8164,48789,0.008256878651330988
8165,83491,0.009392096883485569
8166,32561,0.004933534871824036
8167,98944,0.009854718273800831
8168,85294,0.014006154216218404
8169,80169,0.014359159792928521
8170,66177,0.002380485058971359
8171,4577,0.016893242385875865
8172,753,0.0073204985599614565
8173,22026,0.004381641802052033
8174,15411,0.007345514969157233
8175,4552,0.0060435957920403575
8176,4127,0.0225012166451766
8177,3551,0.019130579949055652
8178,12484,0.005392729602388237
8179,6739,0.010259556405160939
8180,91823,0.005626810661658398
8181,44351,0.014419905101860447
8182,45618,0.006627362198424089
8183,17149,0.021440150567345495
8184,84379,0.007040810461906034
8185,19268,0.007035729779070196
8186,96047,0.005189443843084489
8187,1880,0.010039383047766396
8188,55291,0.009716872071588526
8189,13194,0.007625667902404355
8190,23498,0.01013330848961275
8191,74591,0.00857305094909604
8192,10166,0.0032783921117259408
8193,39232,0.01528060316614096
8194,203,0.010286876405729933
8195,63285,0.005434867976417845
8196,57444,0.008801108222053674
8197,50423,0.012476952367703525
8198,91358,0.007091060481578844
8199,28624,0.0038039940506247915
8200,37853,0.003163487834542254
8201,26649,0.004095934073515066
8202,83415,0.005127840502077843
8203,79864,0.005653924075231374
8204,18123,0.009320738618302475
8205,54419,0.011763051143369513
8206,29199,0.009573643572479378
8207,56805,0.01191329958845294
8208,44742,0.01252025979808339
8209,93271,0.005010201538424162
8210,93540,0.033927987330943855
8211,41913,0.012713398137952844
8212,86611,0.006459874746093219
8213,14304,0.001761195069282183
8214,58307,0.007741321332905936
8215,605,0.006685603534050391
8216,30696,0.0038214895449770925
8217,56333,0.006245689005381444
8218,56266,0.016600766277251523
8219,25036,0.013593738151640777
8220,19223,0.006217877394681119
8221,96600,0.008422334131645452
8222,65539,0.012198110676565423
8223,22553,0.004345872283819797
8224,99861,0.005738914767237132
8225,3048,0.004930312529843943
8226,44172,0.023302094258726935
8227,63061,0.011731732599916007
8228,95806,0.011358321315006558
8229,79681,0.005276299540132977
8230,10880,0.007371116424811855
8231,29201,0.007443532981699967
8232,66893,0.00831279467270385
8233,96569,0.01001886287874476
8234,23551,0.005692555160838822
8235,4468,0.007626174519465034
8236,60579,0.0075872934425370315
8237,88843,0.010476402276784324
8238,84238,0.01327958176086447
8239,41868,0.011684671805444977
8240,46387,0.005786083477627353
8241,9402,0.012943080234764124
8242,40930,0.00257140147054762
8243,9284,0.010933173979911209
8244,86958,0.011546603399733164
8245,53867,0.0036785953223727854
8246,73565,0.011226908386992453
8247,60461,0.0054673939625411155
8248,68657,0.01746127522484795
8249,14943,0.010777326944785158
8250,11451,0.004169417785565259
8251,45237,0.0056793088367247824
8252,57385,0.014756137385296608
8253,89305,0.009433026330089606
8254,14701,0.007619709944121141
8255,89150,0.04649879840703688
8256,61427,0.006029880783194302
8257,74770,0.007872824503591362
8258,73308,0.01773482831430405
8259,37584,0.008247715065079741
8260,46724,0.0073273927923691775
8261,34175,0.007082591072525582
8262,24393,0.0036826224611780246
8263,56731,0.006356788415500422
8264,55576,0.003408342387358129
8265,87323,0.013570702073580765
8266,75563,0.004504289409096314
8267,32846,0.0031571768012277806
8268,19802,0.005524186803926829
8269,89370,0.01828404102461777
8270,62590,0.0369857703809932
8271,344,0.021648174756594727
8272,38673,0.010137312195204726
8273,43521,0.008310368154126039
8274,90848,0.009464277059411264
8275,72920,0.010342954245198014
8276,56978,0.007977960171715134
8277,51903,0.012423690571233624
8278,27691,0.006425828831626753
8279,96800,0.005780142490718412
8280,32507,0.03312424195274136
8281,38473,0.012121598603956802
8282,49473,0.005765599268795395
8283,90011,0.019709410528740322
8284,94971,0.009267447215946408
8285,66064,0.013468230582434917
8286,8310,0.010671713746843095
8287,31663,0.022625703778025648
8288,82365,0.010299919219817216
8289,74955,0.0071765158530388016
8290,88734,0.0070740655028314284
8291,20873,0.004215209257634428
8292,33433,0.01009980378627148
8293,34234,0.004398223186357844
8294,17264,0.007632300810703203
8295,82410,0.00890316487028352
8296,4312,0.005125452688757236
8297,58418,0.005738949523206223
8298,38474,0.00786075546219432
8299,17975,0.008197224554236387
8300,18496,0.008342879083737244
8301,82255,0.010658579411694777
8302,30632,0.005515181029055635
8303,39914,0.007414782226612556
8304,53497,0.008627930640428334
8305,50845,0.006275856277913144
8306,16527,0.011003632303688934
8307,25247,0.005413543425745621
8308,29022,0.00558344871475914
8309,12174,0.008279082842052012
8310,23849,0.022341577112991402
8311,35559,0.004570478441461719
8312,64171,0.008184095931175134
8313,19160,0.004528209285711873
8314,31068,0.00460081648958989
8315,88403,0.016389959761674254
8316,80873,0.004532070023334292
8317,23000,0.03111867344806049
8318,37710,0.00879879270310679
8319,99107,0.010321648316334822
8320,19553,0.0077622547730130985
8321,24162,0.005319010513368883
8322,78392,0.005684346922411246
8323,41455,0.00779170085645259
8324,68475,0.013495837444995894
8325,12272,0.005564917016146668
8326,21905,0.013198304287203328
8327,4940,0.006081074832430592
8328,70956,0.016984685900131257
8329,43800,0.024118655859237483
8330,29011,0.008363248888934237
8331,65569,0.005035684075496477
8332,23081,0.014382152695277976
8333,45758,0.00816528545791578
8334,39154,0.007364317127692675
8335,63557,0.007829338998028762
8336,12944,0.007559978079399397
8337,20277,0.008391511898386765
8338,99505,0.006505403415098209
8339,19932,0.006918892249401721
8340,42245,0.009609817737236426
8341,2008,0.005168348830825266
8342,81649,0.004758248093010324
8343,51915,0.005402541251262939
8344,44353,0.007913997002717195
8345,42061,0.0070567472730227315
8346,68101,0.0038997345735803275
8347,46117,0.00941139435806987
8348,94900,0.004399534059330719
8349,12111,0.005083692621104445
8350,49779,0.005383780733521847
8351,13799,0.0034193121005457274
8352,74170,0.009879966409184053
8353,21786,0.008448038176570572
8354,55452,0.004594359629094281
8355,94006,0.006548475143294549
8356,8734,0.0037721414821692625
8357,77615,0.004549740047446742
8358,19710,0.01059017653525293
8359,30728,0.012955590799577376
8360,39730,0.005592251319379569
8361,97534,0.00879927874392716
8362,88541,0.0048984676262980986
8363,73528,0.010100152409748335
8364,82021,0.0044674816101841226
8365,95213,0.006166172166308398
8366,90605,0.009101176887563393
8367,48250,0.008674960516087977
8368,69534,0.005434081976844965
8369,99685,0.007992248616154846
8370,93828,0.004087042178472368
8371,90663,0.006304995834453689
8372,91794,0.008737621097673906
8373,42651,0.0069345944327783866
8374,71243,0.010986741255715644
8375,74988,0.014907371188728254
8376,33578,0.007069264393405294
8377,58885,0.01691293622858269
8378,74287,0.00659782896376514
8379,75531,0.007323916153063248
8380,85987,0.007872656848685603
8381,18905,0.005951436771551948
8382,7094,0.01466473552078174
8383,10958,0.02114927437331996
8384,51738,0.01327755554309577
8385,90224,0.01103656948433429
8386,33915,0.008217772976759012
8387,46179,0.015140553734730472
8388,44622,0.005469812437084517
8389,68142,0.008361763360766319
8390,25126,0.0143960001225392
8391,72944,0.006365828932441346
8392,94433,0.005057029264834501
8393,48916,0.009064985680172433
8394,91374,0.011651093292204776
8395,60474,0.016848960867155843
8396,464,0.014335948005403262
8397,97187,0.0035153098690977004
8398,5514,0.013950636812075996
8399,5046,0.0036194108757600517
8400,71714,0.0074082078512460285
8401,47388,0.004633174776840634
8402,56479,0.02585169492244194
8403,32800,0.006271136796305635
8404,88493,0.00800749101438463
8405,69162,0.00812605250904232
8406,17389,0.009256254725779952
8407,33778,0.03175169357474859
8408,5034,0.042794565767748954
8409,64801,0.005972908971859531
8410,15881,0.006733385715852187
8411,39955,0.008683377226340959
8412,60343,0.021604017739688994
8413,60384,0.006490598065763284
8414,88767,0.006946572407945941
8415,92517,0.0061276411159955895
8416,64917,0.02889533522711009
8417,67427,0.00918979751644267
8418,94506,0.020510949488596237
8419,10017,0.01151245402924692
8420,89609,0.005419988802598796
8421,2083,0.02355286067418084
8422,88420,0.007952735408281387
8423,86000,0.01049772098544179
8424,75906,0.007258642791930762
8425,37143,0.012456566665289236
8426,38275,0.010406663131555409
8427,60869,0.005839457633995467
8428,70891,0.004311050991062213
8429,11195,0.004537678405643987
8430,71770,0.006522985135686809
8431,57348,0.0073364600544372485
8432,38741,0.008686765544237529
8433,92942,0.01328961821544491
8434,81280,0.004747032897336299
8435,35755,0.007494675158667527
8436,65170,0.006464644408383935
8437,65643,0.005824069252069187
8438,43985,0.011731139993153622
8439,72345,0.012192572550823306
8440,54115,0.006491936446902435
8441,24053,0.022493390997853375
8442,17251,0.0052340232727222
8443,34938,0.005113455796047125
8444,42430,0.005854582339515109
8445,66159,0.009834265897946459
8446,35407,0.005394794596673512
8447,5401,0.003843483577733302
8448,42494,0.03296854777689645
8449,39126,0.014247542559216203
8450,12410,0.03209933769981096
8451,28412,0.008432527798632542
8452,91762,0.009866434656363561
8453,3805,0.026149756339901346
8454,38350,0.005920249115651556
8455,31812,0.011519735651182087
8456,93654,0.007837228776658527
8457,59734,0.00812718285954089
8458,72608,0.00974119150896517
8459,8856,0.0042701672946495834
8460,83763,0.00517826831460836
8461,44560,0.0051759701957082085
8462,58352,0.009162950003995462
8463,76220,0.008244736841384055
8464,32459,0.0052456594606499814
8465,50595,0.006215748053027735
8466,58272,0.00861593183920446
8467,4515,0.004843036720045135
8468,62892,0.009951958951761779
8469,12694,0.008388880713880081
8470,17754,0.005309243692124243
8471,99218,0.008023754032607092
8472,1394,0.025143559587337473
8473,63834,0.0036226487640514393
8474,94094,0.010023850611410265
8475,96823,0.021463176848825434
8476,68607,0.006495486913301733
8477,72105,0.00907490921267411
8478,93103,0.01065107414431156
8479,27262,0.007712882268150411
8480,92092,0.00573392663715757
8481,42631,0.003962837874730591
8482,62766,0.009154116426711816
8483,11395,0.003418744631452212
8484,36389,0.004494499523079674
8485,39201,0.003032615556488181
8486,9138,0.0044151696631527975
8487,5844,0.003915238321092902
8488,94690,0.00865638566805435
8489,89730,0.005431135333862125
8490,5030,0.007927331430025289
8491,63954,0.006152906566870193
8492,86439,0.008664396450622544
8493,62986,0.017953668513098608
8494,402,0.004672546563906674
8495,39483,0.020090320893878258
8496,60583,0.010496568315584686
8497,56984,0.017492813708215482
8498,42565,0.009799394052122183
8499,74041,0.009426628057807132
8500,56220,0.005820762473750484
8501,18021,0.003965508015211038
8502,80107,0.008880895253786807
8503,37981,0.005962701437845958
8504,37315,0.0037502852994116664
8505,8861,0.014512985437039275
8506,84447,0.010084824098554091
8507,82854,0.007136888520446965
8508,32044,0.007135751688199654
8509,89306,0.005355741213096058
8510,43027,0.007335715934177923
8511,13301,0.016799535472545257
8512,64031,0.0143340992258263
8513,3977,0.0103136162049722
8514,32480,0.003198411661604769
8515,81212,0.003928462273749107
8516,43486,0.006253315136442742
8517,25671,0.009178954100673988
8518,57984,0.01058370170403666
8519,8330,0.005367514855448107
8520,32000,0.0298813610862884
8521,82226,0.010435276948515032
8522,89266,0.004837900167641997
8523,90129,0.008041908402381115
8524,50347,0.013120600623307641
8525,12439,0.007497727723014555
8526,97240,0.010493487449196596
8527,2120,0.00869707032532539
8528,68648,0.005785431840848702
8529,44567,0.009385650213698273
8530,25721,0.0031549055436316674
8531,88235,0.019859975619117686
8532,85095,0.012714645257098103
8533,7416,0.017795038213585676
8534,10469,0.0232212741571516
8535,96761,0.0072924427343871966
8536,28437,0.0046660906454480695
8537,89839,0.006125208980383861
8538,69310,0.004354721074472203
8539,4801,0.0035624992016069206
8540,13145,0.004599632516649835
8541,49730,0.005997594004133083
8542,98524,0.015274584237905939
8543,66431,0.004350673293907067
8544,54208,0.00922350773656581
8545,94521,0.005723194817935736
8546,81142,0.009504156613638515
8547,63532,0.01598587044954287
8548,55860,0.0051232383163241895
8549,67475,0.005315311564413662
8550,70396,0.010815036428865756
8551,41598,0.007901999871876331
8552,97464,0.0047683200637102935
8553,25961,0.0027985499926506474
8554,80608,0.009631061038641999
8555,83580,0.012677311872342752
8556,99570,0.010752443913710111
8557,90960,0.015339315008468746
8558,33881,0.010431616410504458
8559,93861,0.007074819285281813
8560,87695,0.0032011983810179383
8561,64863,0.0043623632446199165
8562,60172,0.007211791443893393
8563,59658,0.008824425372516367
8564,26028,0.005815235625835409
8565,90897,0.010024922213429651
8566,20255,0.004679696198923455
8567,56495,0.007455187882504863
8568,20330,0.0058970083598528025
8569,89200,0.00557728715918579
8570,67253,0.004251728260001834
8571,2241,0.0062341303299926895
8572,91003,0.009078922346886748
8573,97914,0.0075592806165142
8574,15668,0.02034824596719476
8575,26394,0.011137985516811551
8576,61621,0.015298215321658704
8577,16411,0.014662494256780591
8578,17068,0.022703858223498134
8579,53246,0.008348143578105288
8580,25177,0.0029748259395103735
8581,35106,0.015358932090143964
8582,64494,0.004305612218392242
8583,42594,0.005407612004613251
8584,11811,0.017509167179203883
8585,61022,0.009389795131640677
8586,92424,0.004480698167351506
8587,26197,0.014300265087295375
8588,3294,0.013404930612753593
8589,49071,0.009634946469725104
8590,80736,0.0053515719397450616
8591,84565,0.010118048775902992
8592,87045,0.005836726768280694
8593,11974,0.0038448539684751326
8594,69302,0.023072033198370336
8595,22252,0.012384637349209292
8596,22914,0.003750960022105872
8597,36396,0.025853361700717753
8598,70476,0.008304512001007937
8599,1461,0.0074933785325159655
8600,21717,0.010193614598613149
8601,54048,0.006454320085122169
8602,53507,0.012783334470388867
8603,48974,0.009727369646542073
8604,2117,0.006051907361125067
8605,25670,0.006096238985212693
8606,79768,0.00722960826144555
8607,86923,0.006865647028271097
8608,61138,0.006897185264960516
8609,32427,0.009085850719651992
8610,5908,0.008063404380676872
8611,27240,0.014730104374031171
8612,64688,0.005685960157264627
8613,5081,0.009662484644651043
8614,32808,0.009461516833620846
8615,96701,0.02143869255731116
8616,13904,0.005825804235897008
8617,81233,0.008715832782967706
8618,6033,0.009077264353138294
8619,47607,0.005700173939569434
8620,75908,0.0028539758797887695
8621,90820,0.006864012356461084
8622,91368,0.011253408631606778
8623,87842,0.005806919234625705
8624,39189,0.0027451081758049956
8625,67335,0.0024262091774525664
8626,117,0.01028446778617579
8627,13267,0.007372606212123482
8628,8500,0.010966090924029115
8629,10262,0.017233428025156854
8630,26753,0.004843282440044292
8631,5337,0.015071234628794051
8632,14319,0.00780374176950286
8633,94508,0.012415485187044398
8634,69458,0.01016727482208162
8635,86057,0.015410499908792952
8636,5670,0.009067708812348592
8637,80440,0.00631319214140654
8638,8722,0.009592334389245725
8639,20219,0.013446221282040564
8640,75193,0.0060140426030859525
8641,64875,0.006005733856230159
8642,88761,0.006155358576649874
8643,23057,0.007065760313260351
8644,30669,0.005632822225536515
8645,3915,0.002548468719374937
8646,70424,0.009610201437305926
8647,60970,0.0037731809931749486
8648,78871,0.005679373539299922
8649,59779,0.016824951516854134
8650,7113,0.01036577436442948
8651,77895,0.011764738531040006
8652,43839,0.005576722047929725
8653,29938,0.0056473187462525295
8654,27445,0.017896841416574515
8655,14803,0.0036380064229117786
8656,54750,0.0045458115807450175
8657,32155,0.004031982177562298
8658,65389,0.00881040394057931
8659,11408,0.007391148067427264
8660,17478,0.0045736658972444985
8661,62588,0.00460406949190735
8662,79241,0.0047817363842701105
8663,71334,0.011122044850217632
8664,78857,0.015369342466416724
8665,18855,0.008582906302023206
8666,31486,0.007313784470392511
8667,53304,0.013516161859202071
8668,71183,0.010921952891374204
8669,63272,0.0053892276963485
8670,37964,0.020848327079959563
8671,18527,0.012039407330999428
8672,21644,0.00935651559451203
8673,68241,0.020657787843696474
8674,24615,0.005594382505471909
8675,76156,0.006784752445121957
8676,84333,0.0052378826322365905
8677,80586,0.007316547953364924
8678,46992,0.009697922050050118
8679,90160,0.00541973826536799
8680,34063,0.007004799405572412
8681,950,0.00528969958540962
8682,63861,0.01560541455591595
8683,94152,0.0053557963110968995
8684,98314,0.004393050496708892
8685,57252,0.0028126559705997957
8686,26161,0.0030836248743578657
8687,72113,0.012709993371604885
8688,50312,0.006227077997122182
8689,61078,0.011609638583590232
8690,25585,0.003821659627233009
8691,51564,0.007648314924644961
8692,44781,0.016011722543377
8693,75432,0.03357198302777248
8694,42138,0.007296427255543725
8695,26315,0.006054256716048751
8696,37624,0.007410690606109025
8697,80998,0.005921717876841451
8698,83961,0.010144929319055468
8699,72011,0.02642327748152223
8700,69071,0.016926070963228124
8701,9160,0.005775853734417387
8702,19060,0.007904452894478714
8703,18567,0.014041145271627687
8704,32945,0.005703437907293907
8705,92443,0.02173916637452665
8706,69921,0.0053413790637616716
8707,4671,0.008953858626240083
8708,75573,0.006302929898563274
8709,62223,0.010448091731621253
8710,6991,0.003908544355163517
8711,99884,0.01682740620649699
8712,92041,0.01455706148088402
8713,27343,0.011520265713522765
8714,61369,0.009530726765442005
8715,18545,0.005570708630193615
8716,52731,0.007235998592166714
8717,55325,0.011543531103176005
8718,74533,0.013846217602194111
8719,88334,0.006363345370980643
8720,73498,0.014056899765261392
8721,67532,0.011640789473119948
8722,23233,0.00697956918474618
8723,87595,0.005788290539876582
8724,86537,0.0059914050420732425
8725,1339,0.0077546161317298065
8726,42244,0.009374551060674844
8727,79513,0.012013383819260471
8728,29648,0.016223459601632753
8729,74197,0.0043789809023965925
8730,61054,0.00633140119747383
8731,51308,0.0069151031938230285
8732,57197,0.0068812534681662
8733,44038,0.007229427206795121
8734,43173,0.00945708062430143
8735,83976,0.0025822743711917755
8736,3894,0.012737366767053311
8737,27607,0.0067188764856086075
8738,80356,0.004104238377434975
8739,40249,0.008287442499379672
8740,47619,0.010387917982611511
8741,68120,0.0084738939891026
8742,22139,0.007254454798854728
8743,97716,0.007021501452693942
8744,16964,0.014024391428766166
8745,71614,0.008740175258474836
8746,38458,0.003809506715380731
8747,9162,0.004992230828288332
8748,23766,0.019286091047418186
8749,99795,0.008416590078768542
8750,17862,0.012020378898288109
8751,11271,0.013655644506001081
8752,38261,0.005752826054006736
8753,59485,0.009508156097329036
8754,45640,0.008382692427977824
8755,7882,0.021820003474978214
8756,4177,0.012782177639144727
8757,44846,0.015192801039373165
8758,73342,0.022116948725570667
8759,39426,0.004872466533461515
8760,19231,0.006936707602311305
8761,34156,0.008355972480350046
8762,61408,0.0037364999442236844
8763,43884,0.012006291699992146
8764,39695,0.004303394706052842
8765,81808,0.005993963059766481
8766,58032,0.005213281125630028
8767,1173,0.005655720476021526
8768,36626,0.017337854235844594
8769,62906,0.0045034125236832236
8770,72812,0.0056456619232111965
8771,20506,0.00607143345297598
8772,90076,0.010192418805135571
8773,47247,0.0035502954876301452
8774,55842,0.01945596693729783
8775,62997,0.04261810919487481
8776,44898,0.014775936113295026
8777,22189,0.006175947330161073
8778,22518,0.006434754491418273
8779,31019,0.0035436996918780895
8780,45153,0.0026588169581056283
8781,97386,0.005716095601623785
8782,11679,0.0029576677290639192
8783,56243,0.012037468363390164
8784,52359,0.009595051777890662
8785,93697,0.01057209678392498
8786,55553,0.007980259951487377
8787,54902,0.006384304358371727
8788,61449,0.003352393310969857
8789,80709,0.005817304658710841
8790,68864,0.02016202957497558
8791,35583,0.005792478010542783
8792,38433,0.01660992893872714
8793,52490,0.004608787486888106
8794,47214,0.0058197811090416616
8795,40860,0.007070075691412268
8796,89564,0.018053664316610974
8797,19360,0.004907298546654962
8798,64235,0.007631410786199094
8799,60782,0.004768052698773689
8800,98192,0.007080489731509387
8801,35138,0.01278732747508104
8802,7625,0.008584682200952574
8803,68090,0.00972930079163421
8804,55644,0.011291083897518345
8805,4403,0.014872423526256163
8806,12084,0.01102290832214755
8807,74089,0.005437963820108304
8808,4386,0.004943037232330581
8809,97103,0.004826589269883925
8810,50455,0.004950477738528437
8811,65073,0.005157135521690346
8812,52687,0.009028378385068547
8813,71915,0.008004291370641172
8814,33035,0.004894451771956491
8815,93461,0.006082447162729171
8816,37197,0.0064587678289333775
8817,92826,0.005917051847784754
8818,17809,0.01241295108383645
8819,72491,0.008263246768820696
8820,74974,0.018455471210730233
8821,9710,0.010402769054556045
8822,63985,0.0046028120485168775
8823,49536,0.006928941683270217
8824,47501,0.013159068791405378
8825,92087,0.005136051313181433
8826,16338,0.006675181356586275
8827,37955,0.006105779299485854
8828,46951,0.009576223069727541
8829,92698,0.005838832935820087
8830,47982,0.007212233033087372
8831,68053,0.022762740392953906
8832,64513,0.005359215917006113
8833,5039,0.010868595357621209
8834,42601,0.007160451559042736
8835,68554,0.008096605983889327
8836,84893,0.013913902164487233
8837,1483,0.018124781677550703
8838,13057,0.007266758715427399
8839,44431,0.005100081436176705
8840,95010,0.004720987067750357
8841,66504,0.007252270940222164
8842,72402,0.005402834248011074
8843,10326,0.017652687390049115
8844,80903,0.007233500867299347
8845,11590,0.002135273465530073
8846,2246,0.004055202169660039
8847,10617,0.007787365336885557
8848,61632,0.005236598654624959
8849,17002,0.02230856105551819
8850,53031,0.008112632648321967
8851,77546,0.004330962395423009
8852,99877,0.008093087911658824
8853,93877,0.004290595131099967
8854,74092,0.008254907861118904
8855,12721,0.005768563749695864
8856,17904,0.0044191546301379945
8857,4247,0.00869616758790239
8858,77780,0.004705206066948679
8859,30208,0.007521602035928497
8860,37111,0.005809280369728375
8861,26672,0.005212058627007276
8862,4808,0.006711501789279107
8863,16316,0.004817932380360971
8864,13987,0.010960169218343183
8865,19202,0.011994488934761424
8866,66856,0.009020986254680537
8867,45487,0.005253145415031145
8868,10219,0.023124650414030803
8869,1209,0.010886375798079771
8870,50109,0.005500253143099877
8871,68198,0.006351389881014047
8872,99869,0.005078531080672646
8873,6288,0.00730737203852367
8874,68787,0.01133109392198595
8875,18341,0.00645597769771816
8876,40041,0.008100851505545075
8877,72565,0.005274217875728485
8878,95486,0.008088417277677118
8879,5125,0.0040889420520062
8880,39089,0.00416899750325973
8881,40498,0.0036183459041849225
8882,43455,0.004413789102014732
8883,48129,0.006501953150858706
8884,45931,0.007542852593597884
8885,64625,0.008691562117786135
8886,68731,0.004873775171377263
8887,50035,0.006024346596305943
8888,24847,0.005179081256390912
8889,35406,0.006609392190130806
8890,95472,0.014765266350238216
8891,46856,0.004703298885028288
8892,30191,0.026071927049170426
8893,51253,0.008952082151590978
8894,7983,0.0050509611620753805
8895,94590,0.0057589325394286845
8896,96173,0.010475155047636183
8897,96414,0.004711080078445323
8898,48416,0.004815069262679076
8899,2272,0.003755367404417397
8900,20630,0.0036070454018808894
8901,69763,0.025619548626929313
8902,19404,0.006868965050323903
8903,55843,0.008020171478561742
8904,60222,0.010412248936329235
8905,90881,0.005018202236783965
8906,9044,0.009381539077386286
8907,32621,0.010374632476454631
8908,79639,0.0017590570860947122
8909,96844,0.006614068922194267
8910,29010,0.007141649856659215
8911,65618,0.010104071239227908
8912,38285,0.00730542317166699
8913,36053,0.005083444182582135
8914,42804,0.018780855014991688
8915,5064,0.005960487098864748
8916,4267,0.014576305099150828
8917,62685,0.006569043664607099
8918,32322,0.00616805612907648
8919,82183,0.005918415764238057
8920,52246,0.01082127796884582
8921,58602,0.020181569490804043
8922,25463,0.03941067451369696
8923,54584,0.0026171489173669746
8924,50360,0.011842094550278374
8925,88331,0.003802370464961818
8926,45522,0.008780489811015375
8927,70727,0.008761632715415465
8928,13610,0.011458971400871607
8929,81132,0.006090593365450992
8930,73761,0.0052332421856090576
8931,72036,0.002835962788326435
8932,44602,0.004562673298377836
8933,85972,0.008918482023218625
8934,59270,0.018598892555573676
8935,64635,0.017831550682755642
8936,39125,0.0056171055542368455
8937,60821,0.0049874996988151146
8938,61134,0.0052832110204810104
8939,14531,0.006157141085486498
8940,72377,0.004762959021742511
8941,25659,0.012696134730169228
8942,26155,0.006990861664744803
8943,65731,0.005884987640454639
8944,67062,0.004533798693083158
8945,23614,0.010421060835746673
8946,26556,0.003064149651664377
8947,67259,0.010265097372818131
8948,72338,0.008756587782715765
8949,37233,0.005531513625682957
8950,60638,0.01972008219709202
8951,37048,0.012190806213371885
8952,3226,0.02856959943095533
8953,55378,0.013482767181441901
8954,75005,0.004905479971404529
8955,89782,0.004942979800265513
8956,12519,0.002988029274241107
8957,59258,0.007870176417543891
8958,69452,0.01161118724061062
8959,31056,0.007525796362054053
8960,68706,0.03139328141154007
8961,29804,0.004987704373058884
8962,98296,0.0060207509373178415
8963,35256,0.00546008839005419
8964,17033,0.005280638795483031
8965,62331,0.004251892105633042
8966,91528,0.006158453741675387
8967,48034,0.005481244494204523
8968,3299,0.007321345002418388
8969,14249,0.0073902560833853485
8970,47791,0.0063009873818613265
8971,60122,0.0043069708142746185
8972,62596,0.005464136195779083
8973,94822,0.005345686324103092
8974,34885,0.005576698752035113
8975,16551,0.021166071150692158
8976,80228,0.006860933694023787
8977,70958,0.0049885277292861475
8978,35270,0.0133917064653192
8979,60200,0.0029818723397734698
8980,80485,0.00945971273703164
8981,15033,0.005098992339227417
8982,6251,0.004429429096576653
8983,87086,0.013693343356319625
8984,41826,0.004500402649277686
8985,10155,0.01617681395886352
8986,82136,0.009085913367492543
8987,26111,0.009404218139917406
8988,85833,0.015230602608170263
8989,87617,0.0047209754913589115
8990,31653,0.012997167247717007
8991,68569,0.006548691712014614
8992,63884,0.00645236368144167
8993,93390,0.006652547323686152
8994,44245,0.008073223122948534
8995,33944,0.008312536552797293
8996,99137,0.009898668262208421
8997,61200,0.017890804993509285
8998,20884,0.006626251604515333
8999,21232,0.007039373470806003
9000,81495,0.01517845538896388
9001,43611,0.010317981236094616
9002,96514,0.0047685619198679285
9003,2713,0.013018777525511857
9004,16803,0.005364720423930698
9005,69168,0.00319771844287027
9006,70953,0.013407200347822092
9007,27612,0.04280457782890816
9008,74734,0.00723498935765465
9009,15990,0.007603661941838286
9010,47549,0.003588376983046804
9011,49741,0.018657934072103567
9012,18693,0.0046809464291980435
9013,92960,0.005940806245883286
9014,36310,0.011477223330391246
9015,49378,0.02903051606339596
9016,12197,0.009553197799846607
9017,24496,0.006557551459008883
9018,61856,0.0060345635446734745
9019,40642,0.016791259106995395
9020,30678,0.00518747131893774
9021,43436,0.004709258216889436
9022,32906,0.011261765762653503
9023,66547,0.005985629407132549
9024,6291,0.010952661332128459
9025,40812,0.011818380757572054
9026,14899,0.00949210924221688
9027,61850,0.004809156809778685
9028,94576,0.007163190839146572
9029,95890,0.016141680758231445
9030,13245,0.0024194861602173457
9031,53575,0.004675500066580867
9032,88695,0.00785672756484948
9033,45160,0.006763828469808076
9034,24351,0.003445164490269868
9035,86705,0.0064954130508162265
9036,29244,0.0040205835159743885
9037,97416,0.015045310577013606
9038,5510,0.004989493843003611
9039,50345,0.014371206079695518
9040,12429,0.005029233750010889
9041,16729,0.003968416841027758
9042,61630,0.009135004123651534
9043,99569,0.004908132371962784
9044,95538,0.01732204268990009
9045,91805,0.006686604722163157
9046,21025,0.0051769130597204335
9047,22827,0.004354940393224979
9048,28580,0.008109154873585298
9049,47447,0.006488062574743976
9050,86528,0.004257749067830798
9051,20908,0.020840563469238297
9052,1370,0.007120253758395499
9053,56029,0.004687701772192298
9054,40311,0.007039841270305622
9055,76159,0.004552630431179635
9056,87781,0.01411163189452876
9057,47748,0.008475871869910702
9058,28088,0.006675293669829798
9059,33623,0.005168494899225149
9060,75452,0.007489875093445998
9061,58639,0.00930918213353318
9062,1846,0.01741892885573637
9063,9293,0.01038212749184966
9064,93434,0.016570861445649506
9065,28363,0.0036503936208273228
9066,85595,0.007289218798030457
9067,12468,0.00869263539910835
9068,67929,0.00855069106347521
9069,4251,0.015444068043272972
9070,27005,0.006925940803940127
9071,1168,0.004962663936261477
9072,55089,0.0033497851922919676
9073,95629,0.005982862740339493
9074,12759,0.022405464227862583
9075,22582,0.004007965067184963
9076,33335,0.010118715210829125
9077,13806,0.008617233304173012
9078,94082,0.005156645685845122
9079,30697,0.008409681682397606
9080,9904,0.012496777327932217
9081,47131,0.007186533563373256
9082,15749,0.005706667426731257
9083,22696,0.011040277424536175
9084,9884,0.010814025124349435
9085,54537,0.0035505074640032183
9086,35763,0.010439504387800409
9087,48658,0.004689127718614367
9088,14017,0.011720869423179004
9089,28796,0.012407048481574808
9090,78944,0.00710302756818653
9091,90646,0.01175430059789573
9092,34211,0.003796798651062604
9093,8770,0.009158262335264969
9094,69845,0.010955413040460767
9095,16737,0.008291252780042176
9096,23256,0.005157788963579157
9097,55953,0.0068677752315934445
9098,102,0.00860126707635538
9099,48757,0.018577511904367787
9100,22801,0.006295704439630206
9101,73066,0.0074241019689961964
9102,15393,0.0037789918229257985
9103,69311,0.00737863339206573
9104,81379,0.016894921986371297
9105,71295,0.01023359585618677
9106,82292,0.009258191830550997
9107,61257,0.0104535253383516
9108,51811,0.006044155958849558
9109,74135,0.004373338150655639
9110,24569,0.004423563015190089
9111,50535,0.005987614138216401
9112,47492,0.006694371756683738
9113,69723,0.014772699919916098
9114,77069,0.007191897644428649
9115,72614,0.005518799826874464
9116,25813,0.005874063108797296
9117,56242,0.005192603622292556
9118,89745,0.00404560538974687
9119,16822,0.007623240897331868
9120,16649,0.004278023744963612
9121,62662,0.022873391908166427
9122,68023,0.0046538451120064425
9123,56168,0.010873286362453204
9124,5076,0.010534758704228145
9125,58949,0.004145990416764348
9126,95955,0.011664032007161365
9127,71505,0.004458852958705006
9128,45693,0.00734731944341774
9129,83964,0.010048676234609708
9130,41264,0.021765384249710324
9131,16830,0.005619240345922535
9132,21566,0.011287998671052157
9133,45689,0.00889836368747354
9134,67666,0.006011150410773445
9135,94783,0.004296187383411072
9136,18032,0.004840485266130967
9137,17530,0.004959526773009686
9138,12383,0.05107749008236015
9139,39411,0.006588420922782051
9140,67563,0.006856594030972229
9141,56876,0.006447326523479713
9142,99648,0.004843594594967594
9143,72239,0.008596976487463862
9144,64025,0.0031901068428182955
9145,18028,0.004105807947690054
9146,76785,0.015633277985248988
9147,78403,0.004097671015027228
9148,18132,0.010262921579330097
9149,67317,0.010763035496507726
9150,29035,0.005559198303154478
9151,69591,0.004315171156470247
9152,74922,0.0034468706948257628
9153,42479,0.008500294686123051
9154,99845,0.003976519908460933
9155,25363,0.012226482720837657
9156,35999,0.009811611157243171
9157,7037,0.007127904227877495
9158,28615,0.00680324934400206
9159,87448,0.007378155426509651
9160,24129,0.008403485993706137
9161,1249,0.008773329716766531
9162,84731,0.006843168668465535
9163,26461,0.021203029461758924
9164,96049,0.004609198726469202
9165,58995,0.0038374433628687813
9166,95141,0.006627459044927795
9167,94308,0.008879948010873823
9168,20222,0.006340285700974185
9169,93553,0.007493689406451351
9170,90822,0.004167091521040428
9171,73372,0.004170764325251904
9172,93386,0.013609220586782402
9173,28662,0.005609930538310293
9174,20719,0.010289835339937907
9175,813,0.005342564887061963
9176,72810,0.009419983218166453
9177,27290,0.016264797881371064
9178,59322,0.005030945913688266
9179,64277,0.007554165159262109
9180,69794,0.004783349869716773
9181,49266,0.008734845928860245
9182,12803,0.010360889827818784
9183,80,0.009749560867591166
9184,91589,0.002457232661245033
9185,20918,0.025355682605947248
9186,97737,0.017722873596362036
9187,15427,0.01390461361193914
9188,38364,0.006800349204352631
9189,43898,0.011035017861262408
9190,38539,0.007733445286152061
9191,59847,0.009667949111710678
9192,98199,0.012382830056793729
9193,99591,0.012951620845901339
9194,62221,0.008602196986305854
9195,44068,0.0050656525823995005
9196,64356,0.013575139133126794
9197,43288,0.009165833039104426
9198,90195,0.012606211975696
9199,29678,0.00966526045005271
9200,56707,0.015407855884449364
9201,27637,0.004153833590595195
9202,99379,0.003546246967186645
9203,4528,0.004955094604211768
9204,76812,0.01376569243792364
9205,84309,0.018720192630899208
9206,91615,0.008646902457971648
9207,24634,0.015039261465637194
9208,45592,0.008289451856050487
9209,86979,0.003187423622828364
9210,52079,0.006100215989602074
9211,84307,0.005444253240815051
9212,43530,0.003394581109052041
9213,42680,0.00974299153806479
9214,11565,0.008595550879342639
9215,42991,0.007816513656163452
9216,7591,0.007153459549750473
9217,88712,0.00997159251234767
9218,89614,0.012197437150569047
9219,42787,0.0042830225815134355
9220,68360,0.00835712085115574
9221,17844,0.007334496585141519
9222,29640,0.00622011684274857
9223,46283,0.016924144491638097
9224,32120,0.008311492247915674
9225,36069,0.004673467291082904
9226,84721,0.01875579319178392
9227,41811,0.008026388812520357
9228,82329,0.006508140439494408
9229,94042,0.012634225797893146
9230,19690,0.00751500534660152
9231,3062,0.01080195308713763
9232,67436,0.0034645061742198057
9233,90985,0.007074307759165448
9234,57037,0.004307612008903304
9235,2302,0.0051785324945431655
9236,84031,0.011114973206977224
9237,8733,0.01755687051483565
9238,84043,0.006983151986738243
9239,23772,0.008334311410449463
9240,1300,0.013929750176612691
9241,45623,0.02555243440409261
9242,73600,0.004981993337851522
9243,25154,0.004493396682186516
9244,96256,0.004336546531759414
9245,32614,0.016850737485040353
9246,85657,0.011531996178619929
9247,7281,0.017869850605246936
9248,3039,0.0046683945858194045
9249,47975,0.005850681873383449
9250,85817,0.008323508753190278
9251,60916,0.0064056177150444175
9252,94245,0.005865927605592133
9253,71782,0.005134304305513768
9254,55755,0.014971165387382135
9255,43946,0.01135851606555141
9256,65426,0.03917452713430046
9257,55437,0.00806831963275233
9258,64063,0.007314668265005188
9259,60208,0.02169296685115224
9260,29765,0.009292694911996467
9261,88278,0.017503754117788192
9262,34945,0.015250991171120797
9263,36795,0.0068635522938475585
9264,44262,0.028191075854529124
9265,62387,0.015310589252055416
9266,71656,0.0076179527380489595
9267,624,0.009135569496413858
9268,45081,0.006889877464607972
9269,60721,0.005219991256151359
9270,61513,0.006540101673091422
9271,46640,0.01747296683391339
9272,92546,0.0223737332183449
9273,20881,0.01853546635491963
9274,51758,0.00484924452473582
9275,72290,0.008858387192812006
9276,45315,0.005958573142480053
9277,98999,0.003655385681954156
9278,74902,0.006803012208825076
9279,76730,0.0035243940502006836
9280,90383,0.01252827072353922
9281,80453,0.022253353799990425
9282,51099,0.008166417873626689
9283,79846,0.011081779176837989
9284,12323,0.011499435831944646
9285,50998,0.010689330997635594
9286,90515,0.006570337560416065
9287,78815,0.025954379610968845
9288,4431,0.006018066078545056
9289,35861,0.009538330565176861
9290,78164,0.0059156033734483245
9291,9091,0.007324752426778547
9292,42958,0.005922260983126581
9293,84166,0.004886928954431064
9294,92187,0.005378015964561291
9295,93380,0.0794680268320664
9296,73792,0.00746033481442106
9297,16446,0.004988469149222805
9298,16648,0.005874280028363571
9299,42324,0.006932534819998122
9300,1417,0.0018931819214743203
9301,46804,0.010279754041991471
9302,49219,0.013293186375623368
9303,93686,0.009248688560794508
9304,12948,0.003186335170488124
9305,62305,0.006977204379393948
9306,76542,0.007884108985427879
9307,26726,0.009820365044901776
9308,96911,0.01723939024277375
9309,53472,0.005279714029870414
9310,39687,0.008791107297941036
9311,77316,0.02800302498492254
9312,89701,0.009670124745278766
9313,40970,0.006058031418104793
9314,87640,0.002335907687180081
9315,7546,0.009305051297207354
9316,17806,0.005319728221470969
9317,74863,0.014467469572641663
9318,13844,0.0029705216554703527
9319,70738,0.008560140920475636
9320,79196,0.010864496357526721
9321,40026,0.006771976393723046
9322,21180,0.013445618452481291
9323,33089,0.01341931751862134
9324,69938,0.013231430562808863
9325,84771,0.014999139611273651
9326,22798,0.01427120357713387
9327,14495,0.004474890907421239
9328,17572,0.0038290210504325984
9329,68913,0.010502277763664004
9330,59829,0.007056477102690618
9331,83234,0.0038100835351185538
9332,62794,0.021348061550888957
9333,46528,0.00739169151039806
9334,46747,0.009049737935092972
9335,87124,0.009283582958442404
9336,25292,0.016721949349743383
9337,73371,0.007221207119811309
9338,92574,0.005286262798646102
9339,92139,0.006859531186820153
9340,88163,0.009037683394937691
9341,53066,0.005903335689797629
9342,81713,0.011438330848078975
9343,54252,0.019656711796610625
9344,53213,0.0050060336961895175
9345,23054,0.018736673022883378
9346,47588,0.0036476244530383173
9347,57757,0.0053185555593030474
9348,37341,0.002878610364333199
9349,15883,0.020908133063240675
9350,30078,0.0071245200025329605
9351,79499,0.0068182568522505045
9352,95805,0.021241948461504213
9353,64582,0.004590322641796206
9354,39651,0.004760577247853096
9355,91841,0.005019773307173568
9356,49237,0.007028265951120602
9357,53942,0.01773859714337727
9358,97529,0.012789919670591666
9359,83894,0.005930240764094577
9360,67867,0.008770685220850472
9361,63584,0.006386897797085526
9362,79936,0.00821903984278901
9363,26431,0.004677555165311363
9364,86743,0.006996169823887038
9365,14335,0.006219966142384414
9366,14000,0.007289057097754129
9367,64733,0.011508335639526615
9368,14727,0.03418523930655171
9369,65616,0.006312854964394828
9370,84691,0.028960551054847683
9371,86207,0.005280659182294135
9372,45996,0.006645271005081516
9373,27312,0.006555159669635095
9374,69789,0.01578656763879595
9375,41958,0.004458964073713227
9376,20645,0.009096335965969803
9377,47562,0.010814094681598567
9378,82524,0.012889792828976747
9379,34290,0.0043601201892133346
9380,47392,0.008640937048944178
9381,22343,0.005761995900704986
9382,35820,0.00958980128641962
9383,3064,0.016394453349958614
9384,3472,0.006215701060547872
9385,58400,0.004768022698522732
9386,93450,0.006698312053316466
9387,75723,0.004710955083706251
9388,73345,0.011688887890423251
9389,25228,0.004730291863061265
9390,63887,0.00823885956687729
9391,51914,0.03897435219689052
9392,37283,0.005120256736623316
9393,46754,0.00494864227424136
9394,7347,0.011677306551567429
9395,28301,0.00722522883963298
9396,92364,0.006370580162034168
9397,51489,0.01662976526590411
9398,49288,0.005393284416942145
9399,46588,0.0062966999313079745
9400,71252,0.004674440785463757
9401,308,0.011070931808694524
9402,29791,0.007988638149281193
9403,59561,0.0030145958408381345
9404,202,0.004731420213317152
9405,53982,0.007559717731199701
9406,40098,0.011055877760495396
9407,61706,0.01762080020680461
9408,56064,0.007909165606144925
9409,89800,0.022334217739876233
9410,89267,0.005905580129017656
9411,68902,0.004427975517314956
9412,70121,0.0032779348080913292
9413,58157,0.008498054672854152
9414,15884,0.01870316538582723
9415,24245,0.009160547578436502
9416,87786,0.015048162534040632
9417,95864,0.004992227187672509
9418,44052,0.010076103903855382
9419,36251,0.012896941474844745
9420,412,0.0036311561467290863
9421,55719,0.008426476203316074
9422,27021,0.00863088321445553
9423,1715,0.0038323454510779775
9424,26821,0.008903078819526514
9425,57108,0.028116059306579986
9426,36573,0.006936349295004551
9427,71386,0.00525418605076019
9428,85795,0.02726806695987332
9429,89485,0.00452982060546715
9430,48801,0.02819859546411764
9431,47652,0.01153098014145527
9432,79357,0.015390577795650588
9433,86959,0.0013132332097453478
9434,37846,0.00979816213724155
9435,18516,0.003340909925118325
9436,64429,0.00775267585540265
9437,49391,0.0059660406378150704
9438,17174,0.003952030500093558
9439,75250,0.02201584150188088
9440,61307,0.006652192386029748
9441,39282,0.017433883277857585
9442,15002,0.005867552598574232
9443,4512,0.006505246088838556
9444,17699,0.01227083826971533
9445,85383,0.005427227221593598
9446,29936,0.006195506660720865
9447,91066,0.002864638392322004
9448,19154,0.010603802959692822
9449,39961,0.014028360559728998
9450,58807,0.014727049353587224
9451,62357,0.005516138422513078
9452,10287,0.010373227491072109
9453,25267,0.004559970381941792
9454,66324,0.011031969385374377
9455,41535,0.0059425135001601945
9456,17191,0.007750453147729651
9457,54304,0.01756956147297136
9458,30276,0.00761550229937481
9459,87446,0.005496033482346447
9460,38743,0.007411622155136688
9461,43223,0.003359747695986865
9462,91040,0.028576768691960665
9463,54788,0.00972658161729601
9464,35169,0.00958231494411842
9465,32657,0.006727991316902187
9466,14203,0.008692428940997839
9467,84814,0.0054612649739497286
9468,40915,0.01674845696676475
9469,26287,0.004619622521960841
9470,17085,0.005761067466591819
9471,95153,0.0023712898737907463
9472,68647,0.008259231347380736
9473,23740,0.005150024991701814
9474,33483,0.007544346725108193
9475,82522,0.00563445968367818
9476,15625,0.006583686491289723
9477,22839,0.004908731804985639
9478,20761,0.010132436909098725
9479,19463,0.008033001253106742
9480,69883,0.00780963746549318
9481,41919,0.010879797848671519
9482,80891,0.005780930084184921
9483,84780,0.012936070104407584
9484,78981,0.014432019356029857
9485,13373,0.0040198644820448335
9486,92959,0.006197139818334909
9487,43788,0.01686381769010244
9488,63253,0.003198824151439802
9489,16472,0.0054945543192166345
9490,17411,0.012628119286801796
9491,91473,0.002701090702508169
9492,61453,0.0053443108264793465
9493,91278,0.005312447888400275
9494,35579,0.005685747490865213
9495,95364,0.0047170354464653175
9496,49633,0.00551197678633312
9497,62951,0.004238870271618346
9498,36884,0.0037447203606915673
9499,85411,0.011994678610203327
9500,2244,0.005306634388501697
9501,60296,0.007605823619692408
9502,82924,0.0037246628596620777
9503,34576,0.011206191700741622
9504,95484,0.008583783253570358
9505,32847,0.006287850537433208
9506,76764,0.03445673243144741
9507,50083,0.00421475305593926
9508,28883,0.004357489098690267
9509,38187,0.015534745227831541
9510,34659,0.015723494368224115
9511,36815,0.005393986344046048
9512,60430,0.013284609508677799
9513,19683,0.0064594035324494915
9514,20642,0.005946231980039098
9515,63651,0.004848725198402559
9516,43386,0.0024806346519382133
9517,77882,0.0036101584476292197
9518,32987,0.020818082426882052
9519,4891,0.010275792799649687
9520,23178,0.007613554175829691
9521,94717,0.015970914401577482
9522,35096,0.01052306530051583
9523,62894,0.005392217914246864
9524,56248,0.013402190060636497
9525,82719,0.011362751818952452
9526,83841,0.012108759572976555
9527,75704,0.0056846478892176484
9528,34454,0.011337951505924433
9529,21683,0.011649552353398273
9530,86096,0.01211305731765632
9531,52835,0.0036399072798619443
9532,19035,0.005900678377364773
9533,22091,0.006881010150213588
9534,21751,0.007925606381507157
9535,21488,0.01000318967471762
9536,21852,0.021944376323206345
9537,51784,0.004332638152422279
9538,31851,0.01667655820760595
9539,13723,0.00427028918269194
9540,56922,0.017604200071619797
9541,1805,0.008094338919825915
9542,73880,0.05142025568630603
9543,8297,0.0069145309489756605
9544,85433,0.011631668694524406
9545,28605,0.007317856708591582
9546,90963,0.0018735614645461
9547,80936,0.009920281211481249
9548,38490,0.013255543529352789
9549,80420,0.014720979426372892
9550,9012,0.007089339658488783
9551,66292,0.004681492172752424
9552,43231,0.017098793253092597
9553,9380,0.006421763294997794
9554,21892,0.006469433761960187
9555,13537,0.013081421225142493
9556,14863,0.010633497128173762
9557,38783,0.004576311271999586
9558,32361,0.005273337870427335
9559,82449,0.00418073285241307
9560,81977,0.011550692315646892
9561,64371,0.00806971110070036
9562,10117,0.01235174550794576
9563,66230,0.03931248370207342
9564,43442,0.00696199340157031
9565,67836,0.012694685390189878
9566,539,0.009452845640723703
9567,70813,0.012636791198202345
9568,4771,0.005026029670082359
9569,47954,0.007556795548138141
9570,89446,0.012412751629477766
9571,76482,0.004947604299619183
9572,76391,0.006006395426692292
9573,26400,0.0062755745414953745
9574,2474,0.003781708038547612
9575,62056,0.004188798642359751
9576,53055,0.007422068409375584
9577,56212,0.004978340320383332
9578,626,0.01565531088803477
9579,65636,0.007309274302997933
9580,95271,0.03961212353680185
9581,16450,0.0058162494477865985
9582,47998,0.004143470509064292
9583,63973,0.00530594078736586
9584,8391,0.004579138744856801
9585,84438,0.005634019078618958
9586,55760,0.011685220190933073
9587,56523,0.014616396479675458
9588,25356,0.011994254193034013
9589,87321,0.009362104262832197
9590,34308,0.006617434906117736
9591,29065,0.006873348491287222
9592,14265,0.005950304831726754
9593,43279,0.02445954880920399
9594,7098,0.004523217696466855
9595,23786,0.003234163505544746
9596,433,0.00232944608369279
9597,10075,0.010711488221874189
9598,92598,0.004128224743273429
9599,93844,0.012583221145767126
9600,40100,0.0039676066807423915
9601,95845,0.006469349088422409
9602,53933,0.004597499669658911
9603,15313,0.012583296655296908
9604,43380,0.011216685532213663
9605,70158,0.006272608438046333
9606,76672,0.020180234777001548
9607,33452,0.017320970553088608
9608,74781,0.009224757761957915
9609,19853,0.023240065624948788
9610,65198,0.004075976428306539
9611,8245,0.006437323277588757
9612,10195,0.007848866561699062
9613,96434,0.0035641913548795185
9614,1546,0.0054783088416859955
9615,96339,0.015526189331806778
9616,80699,0.013487535915560525
9617,99974,0.004996054618332425
9618,7663,0.01232325379858204
9619,92655,0.010397798806509493
9620,54523,0.005412330726704359
9621,66781,0.00826494660647975
9622,4918,0.005654425220180337
9623,21877,0.009276594341498365
9624,42255,0.005255680269936201
9625,27350,0.011978377643159012
9626,49856,0.007535353516800618
9627,46591,0.004942829646247182
9628,8878,0.005167462479872984
9629,80722,0.004517054082290035
9630,86058,0.010586769738679924
9631,41872,0.0070392458796506505
9632,93059,0.007090284637756972
9633,6195,0.009922822257013941
9634,69618,0.014859962214292938
9635,49284,0.003915920015296854
9636,61703,0.005923708573257216
9637,63161,0.006771492122754057
9638,24184,0.002976439479450301
9639,4502,0.023641427682159426
9640,33261,0.012970303916985917
9641,94429,0.01162892624134999
9642,7733,0.004378070511288105
9643,99423,0.021277427682511393
9644,26205,0.004007958260846339
9645,78507,0.0057803348331654
9646,12007,0.01585925082555978
9647,67242,0.01958657195718069
9648,75236,0.006275331679931037
9649,15084,0.010292873637507182
9650,12927,0.002873093561743717
9651,41254,0.018407609938759006
9652,87767,0.005937847870252651
9653,21296,0.004656745578906294
9654,62798,0.03904254752760021
9655,78469,0.005602767825428192
9656,53311,0.005960304748102959
9657,64737,0.028334385259241323
9658,78680,0.01058329520232464
9659,66815,0.007455967193828147
9660,41010,0.004282285457171149
9661,85703,0.0056060596419675425
9662,32232,0.00806379419097046
9663,10569,0.004311519926065058
9664,70487,0.0037546288942275157
9665,79049,0.008653831409474937
9666,17606,0.002681305903728084
9667,50618,0.01217113781089808
9668,50254,0.00788255649513746
9669,58411,0.005563316848316009
9670,65613,0.0077153442740706
9671,63196,0.016774686366604175
9672,87099,0.004323595481406603
9673,76315,0.006553691366638843
9674,2513,0.009466074445828258
9675,51060,0.005289911126442386
9676,9054,0.023266199163042352
9677,88612,0.0025969295604816893
9678,86726,0.006870263709982357
9679,20467,0.015843971678026397
9680,53067,0.004365724336509603
9681,55523,0.019710355465829384
9682,65066,0.00972710155620701
9683,22140,0.009730596874679748
9684,6457,0.00533857899096196
9685,72084,0.004251623833867452
9686,97635,0.003068339070259335
9687,56735,0.003753335204043439
9688,7379,0.004999889578643256
9689,86932,0.004426475568702638
9690,91030,0.012973708798732633
9691,78750,0.010241311835802595
9692,64925,0.009234334211441694
9693,27731,0.009488429096519677
9694,92482,0.0221565379320828
9695,10167,0.023056442200755242
9696,49558,0.007344408989937696
9697,41898,0.018771932847677038
9698,48545,0.005412453462560836
9699,6092,0.006932239750659645
9700,62093,0.0034291905756689877
9701,14457,0.0059502617425043185
9702,23721,0.027586102721171183
9703,12962,0.0034418485043878093
9704,17967,0.00756948936533151
9705,60940,0.043408673624304846
9706,37097,0.016040971160494785
9707,90584,0.003713142348926991
9708,74538,0.005581922967878658
9709,60735,0.006497612761035471
9710,36427,0.008930624225662412
9711,81881,0.007349366322656911
9712,98046,0.007508111633066896
9713,19448,0.007293714249094849
9714,46855,0.00712096078977189
9715,65383,0.008135343542501765
9716,19244,0.011627458403838133
9717,31303,0.004152740453909317
9718,63873,0.00668414480495142
9719,15543,0.00685393851236432
9720,42940,0.02828139539894304
9721,86866,0.006094899671396176
9722,67049,0.0055805242257215525
9723,74401,0.022340663721066314
9724,15967,0.007877307120476008
9725,30982,0.008247007727494952
9726,89665,0.012186245110898459
9727,99181,0.011402893970954026
9728,39026,0.020298674604783042
9729,33504,0.007985655051759417
9730,1543,0.020120146537622452
9731,83709,0.012592219203205093
9732,445,0.006404646221959272
9733,73048,0.008368871417016425
9734,42353,0.0036411033697731033
9735,15498,0.028379255245553684
9736,44714,0.011248399170078001
9737,48649,0.006710774162511637
9738,7478,0.013061157003384739
9739,51066,0.004687870991325388
9740,4999,0.017852260751954476
9741,99599,0.012933773036184568
9742,14745,0.02147811134434461
9743,63729,0.009899584256709747
9744,8033,0.007690834832761064
9745,24041,0.008576391131160105
9746,89894,0.008668335547252728
9747,99240,0.004857003146662764
9748,96676,0.010197884453299048
9749,86073,0.004127781210085215
9750,33893,0.005778678357075478
9751,32617,0.02049928328486522
9752,67079,0.00150781334560947
9753,90476,0.011083384703903567
9754,10785,0.0049111546380693925
9755,69323,0.01099942072011268
9756,99434,0.007024592989685723
9757,83300,0.0063360796728644374
9758,11912,0.0062522129303624364
9759,1410,0.01639972703119332
9760,67534,0.010087960471976078
9761,90032,0.013686923023230504
9762,80479,0.007535304579376094
9763,25859,0.008049941253294696
9764,19987,0.004853484132028368
9765,81120,0.01126771270929842
9766,73682,0.01189697311730754
9767,22289,0.005777941849800152
9768,68206,0.007207703908789949
9769,96398,0.007019101206190628
9770,55778,0.010111545872910192
9771,59557,0.010926693043696065
9772,68454,0.004912903140679585
9773,19751,0.012040487044181477
9774,30787,0.012068726803668342
9775,16274,0.02627929436613104
9776,29851,0.011546111646658364
9777,19759,0.0043769320903947785
9778,53679,0.009177547215904955
9779,93283,0.014550996479696175
9780,32072,0.008193666478913758
9781,20178,0.006220043341279514
9782,12385,0.015419460451352066
9783,4363,0.017582628896972707
9784,32641,0.007256961521843701
9785,64505,0.004564292173017867
9786,34716,0.007506729679922079
9787,32475,0.008785401165011343
9788,22488,0.006080151334711245
9789,54008,0.008431618866648618
9790,77651,0.005250002432958785
9791,46115,0.005352936051405319
9792,21358,0.0055889878673619445
9793,71595,0.009041467703907962
9794,93919,0.010130283162708347
9795,94021,0.005250144257138105
9796,24857,0.01669652491740663
9797,67190,0.01132718484783264
9798,67005,0.010556054487680867
9799,62478,0.005495708182613715
9800,11009,0.008442082930737647
9801,14193,0.00860971969840028
9802,16557,0.011764751112584241
9803,23187,0.006763108373078169
9804,10991,0.016144514854963796
9805,40559,0.012572660338405952
9806,20731,0.022706178242880997
9807,70165,0.008254262704606032
9808,453,0.005704159553952053
9809,91060,0.006301196417617193
9810,19688,0.019331097151469512
9811,48720,0.011385148958250059
9812,39511,0.005667788541302691
9813,97429,0.00799583285707356
9814,76368,0.006108124523940036
9815,59760,0.006762847827025334
9816,49263,0.004603728353272328
9817,64966,0.0032702018509078094
9818,84322,0.03709338589999618
9819,7580,0.00710947436362427
9820,98911,0.02513477675404097
9821,73933,0.005403227698218677
9822,9879,0.01601938147237457
9823,86544,0.0046603899720242675
9824,12359,0.004445900124258261
9825,46132,0.007519189019485335
9826,82857,0.011013659384405579
9827,85302,0.005099578048418936
9828,90728,0.008458424071773616
9829,69259,0.007818968673635842
9830,66652,0.006229862277578329
9831,15429,0.005760785546929479
9832,47415,0.01089296269550065
9833,50838,0.004847427957628162
9834,57255,0.010328388174142328
9835,58055,0.0057421922154226495
9836,41849,0.008079685473238476
9837,75721,0.008502674601753133
9838,86556,0.009832455559280955
9839,59541,0.004411296204828931
9840,11428,0.009113972482646764
9841,13197,0.018170429589059203
9842,17510,0.006078179120507577
9843,36287,0.008070120468453536
9844,60538,0.00914145485040617
9845,59666,0.0065217035933687615
9846,40814,0.0038982895255109786
9847,12996,0.012795323733173701
9848,78797,0.005513286386316336
9849,7159,0.011531274513441964
9850,72172,0.006204904314010495
9851,24118,0.0076700161685888954
9852,63267,0.004397745723418722
9853,27520,0.007711126894996846
9854,40402,0.04431263413932797
9855,90735,0.004125509641722298
9856,2568,0.009165890807659203
9857,99496,0.005182931648239703
9858,76009,0.004386554962225478
9859,21252,0.007908154761271338
9860,50891,0.010421755961888959
9861,71570,0.007861945109084657
9862,56352,0.004706663128234544
9863,54342,0.008763639418133124
9864,60996,0.008485011884496272
9865,46308,0.004492796565333816
9866,237,0.012774972350525798
9867,32130,0.005696786950002513
9868,55234,0.007162099419702415
9869,8195,0.013038068911824137
9870,40203,0.00463700296652872
9871,86451,0.005024027902156317
9872,5909,0.016339463729717053
9873,58085,0.008416236792942493
9874,62187,0.006657114087833786
9875,63296,0.01386424280195179
9876,2230,0.009655679985187954
9877,48550,0.007351152584842353
9878,53598,0.005506064726241768
9879,94196,0.012651281376299069
9880,21534,0.016237137268729347
9881,41556,0.026028295447908998
9882,58577,0.05670066634501052
9883,90159,0.007429587712027796
9884,6374,0.007745621797954048
9885,95383,0.006938371629380088
9886,26208,0.0028853699811663427
9887,1673,0.0042836820980524
9888,25221,0.004621635853444175
9889,11393,0.01778825530181166
9890,61161,0.019544364197479146
9891,29324,0.008017094522839956
9892,13699,0.005388197225600446
9893,27052,0.0028239309792859263
9894,42020,0.012617221367771086
9895,76217,0.004153170426985216
9896,7503,0.005490486807190776
9897,9020,0.007728871894146399
9898,85346,0.010058204492240376
9899,93318,0.004729369822151481
9900,10584,0.004975662693038105
9901,45305,0.00635425577422409
9902,81567,0.007670307674319239
9903,93868,0.003423504324422762
9904,5,0.01113136080408414
9905,42456,0.005816547966012648
9906,80937,0.004590639772111569
9907,85909,0.02396905899103791
9908,18755,0.0021619365871684447
9909,36489,0.007640097289416454
9910,34023,0.004392660503222108
9911,40761,0.012431514911164208
9912,24353,0.008500520140646348
9913,64718,0.009601188161459814
9914,13954,0.0038350003262741287
9915,31199,0.006192156314789563
9916,41930,0.01411034265060015
9917,78161,0.008688779988652525
9918,76499,0.014620538242852778
9919,39320,0.003696465872794203
9920,67879,0.005400065863220072
9921,51803,0.010857475549193066
9922,87812,0.005549528224926516
9923,54558,0.006395290560318154
9924,58989,0.0034236568907935272
9925,36432,0.004177242573142986
9926,44718,0.00729431540774335
9927,93736,0.018632044799491855
9928,41390,0.006763803756695225
9929,42618,0.02418356706914859
9930,14200,0.006827725005138331
9931,37501,0.003934236742951104
9932,73313,0.008014423435746432
9933,61420,0.005649425020728795
9934,72334,0.004970261740778461
9935,83359,0.014178730076683835
9936,46597,0.018443381335836333
9937,80962,0.02829636792935784
9938,75982,0.009208555086712394
9939,68212,0.02091357751807414
9940,16599,0.004646724546316345
9941,50220,0.004310966859511281
9942,96475,0.004493062293880811
9943,84407,0.01097596303354786
9944,87731,0.01022256283567045
9945,55440,0.006834403775335012
9946,48636,0.005496167310089537
9947,93448,0.0164589417501666
9948,46888,0.012768516774447588
9949,63254,0.005882353662825336
9950,6885,0.004159607209844345
9951,85115,0.009103003145994317
9952,93140,0.013041311131647942
9953,34878,0.006774049934366095
9954,94982,0.004818273989290053
9955,59791,0.004572070413688985
9956,45369,0.008113887409472744
9957,54664,0.00784313451925884
9958,8449,0.008619890372249332
9959,83773,0.0101926627140842
9960,38266,0.020032683554160297
9961,35258,0.004938792194601747
9962,98102,0.011831833516611717
9963,75750,0.012205411916777348
9964,132,0.007345075522740113
9965,40584,0.006725017459369639
9966,68427,0.00520078877627875
9967,28321,0.0053109787802790576
9968,72123,0.018145097129449818
9969,13035,0.005809243235820653
9970,53010,0.013914756670314435
9971,12888,0.01153805916234687
9972,95311,0.006571064690156355
9973,99990,0.007503376977525819
9974,19947,0.006337110729128217
9975,19741,0.009112848200197178
9976,61721,0.002641165766428464
9977,59408,0.005102195550519935
9978,40947,0.03083815194267659
9979,45215,0.00977705395448006
9980,87372,0.005263852548426023
9981,83477,0.0041184499170028675
9982,10875,0.010593321769054672
9983,84090,0.012018643193588993
9984,79147,0.005615781244565369
9985,45560,0.014412296397136933
9986,82611,0.0067978420448300166
9987,16096,0.010646943450669612
9988,73665,0.00822044948376989
9989,36452,0.004466709382375501
9990,19991,0.006379705711433896
9991,54129,0.010572135109166752
9992,81636,0.010293049457001255
9993,40369,0.006065272482802879
9994,29462,0.004732773764340974
9995,98607,0.011841621735650315
9996,6540,0.0053211960731179035
9997,22421,0.007814172635430137
9998,22853,0.009139916109351272
9999,87152,0.027243028616216584
