ci_idx,ai_idx,distance
0,14279,0.00889157281650688
1,41043,0.013343253958025813
2,48592,0.017698982132792182
3,7927,0.009915863069548251
4,85474,0.010514052712785065
5,2243,0.01346857078027396
6,20864,0.010308128015962894
7,87446,0.013624801227966315
8,81977,0.04946504112446929
9,17821,0.009938870724339705
10,89203,0.014537203215134444
11,7363,0.006134157969510406
12,53912,0.009319936524545124
13,81486,0.010098612136761494
14,45937,0.007684870636648757
15,93092,0.029612793010434083
16,33479,0.02794392027238401
17,27131,0.02229155948811489
18,12092,0.016769176645898547
19,25322,0.016855540243473275
20,92193,0.02429559845562929
21,30796,0.013985274210168718
22,64853,0.018275780472416698
23,5026,0.009999734109522375
24,84301,0.020985746291401403
25,59239,0.013153832776519797
26,82769,0.013494149436322784
27,22044,0.011352867439022144
28,95580,0.016304253292207534
29,79246,0.012090994075346006
30,83654,0.01696729641012814
31,23776,0.009006964186957754
32,80539,0.008063238974218328
33,12440,0.030789149016553836
34,6038,0.04086667723047866
35,4798,0.011726501529038197
36,58939,0.019384318070714487
37,75660,0.009398705858653062
38,47754,0.01932059560427859
39,82746,0.01749628691343281
40,56599,0.00789496618175731
41,82481,0.014507935871368251
42,94498,0.00748691277286299
43,92846,0.010207211748312506
44,76580,0.02214368269452393
45,32943,0.029946077295574525
46,80540,0.012621605455289626
47,86779,0.017312513605439502
48,46366,0.01918771426854006
49,44092,0.017443256486858877
50,46213,0.02410462577969473
51,35011,0.02159340358377706
52,21296,0.01030827425657685
53,62778,0.024170219242839668
54,13201,0.016000089588450415
55,67728,0.01079443962777045
56,16118,0.014353029919531116
57,13808,0.012767618555557948
58,24683,0.015947329324949404
59,27983,0.014380194320096617
60,9071,0.023708686755092807
61,24453,0.02065349167350038
62,36369,0.018670194714289563
63,50083,0.00986249407262161
64,54528,0.01743518417011422
65,62850,0.010501330952727352
66,36016,0.019525137678162677
67,87427,0.013294972275854699
68,21412,0.010813847625127906
69,65856,0.024015537890339535
70,69571,0.015959749645151698
71,28549,0.013564592965699536
72,27691,0.018299095755728495
73,67533,0.009890236741779947
74,83899,0.010256095053625392
75,23689,0.007187552795485941
76,17440,0.04297419644772849
77,99039,0.017733200894489327
78,5075,0.01636137618757075
79,29031,0.017769922385547945
80,47873,0.014803844442166179
81,71770,0.04133437738512554
82,21948,0.052257195471592494
83,34725,0.010837069737485343
84,37199,0.014554269958204389
85,24422,0.009749751831906336
86,39353,0.009907154865999702
87,61781,0.008691728055661804
88,94410,0.009232842325221072
89,66249,0.010869845703432688
90,25075,0.022975847070258952
91,11157,0.019391563030023557
92,14723,0.02158664417736942
93,32581,0.009419596373405191
94,18201,0.007783958859293069
95,59788,0.007396668442491185
96,57357,0.008740392857046368
97,80303,0.027938566997329096
98,76309,0.015235967240317325
99,90518,0.03316940196825858
100,13225,0.008738666410921877
101,18620,0.0406904646911387
102,52724,0.02923434713348451
103,17035,0.02864701857659224
104,55663,0.016044816677529244
105,27534,0.010529725519113098
106,56356,0.01541366383633281
107,939,0.01566492708236271
108,18376,0.015807770152478213
109,2920,0.006139049909561843
110,49310,0.010414566234395758
111,99530,0.010556216935344104
112,1940,0.007670142311574255
113,7961,0.009464712929002934
114,17974,0.010164404252469863
115,14967,0.01740967155495093
116,72247,0.014992255288979621
117,76774,0.009510519647923963
118,65189,0.011661325725261937
119,39151,0.021340864727890024
120,70691,0.03101446979366676
121,8220,0.015908547672728417
122,44339,0.007309619018629339
123,24839,0.018425756949773796
124,38210,0.011436044554878452
125,63059,0.015033625427550826
126,56083,0.0075026315720693685
127,83683,0.00956958923516471
128,65977,0.013366499549313644
129,87849,0.024848631966401906
130,20987,0.008735518962769714
131,8196,0.012947189692264278
132,30921,0.02452200138121214
133,85387,0.020734101153522227
134,59310,0.016760114802919196
135,84576,0.010943867460280284
136,99346,0.011972610973951203
137,7620,0.02148017902376073
138,92168,0.01048672103176974
139,86276,0.01038958161458102
140,74633,0.012169970617258141
141,78734,0.005937549485877955
142,23736,0.013417848430786024
143,74182,0.012101357624446977
144,414,0.008609837581979425
145,52631,0.013306520348705574
146,27855,0.027371168179998715
147,38486,0.011071432631616474
148,44297,0.020116925695688834
149,62490,0.01037481968785277
150,43215,0.024141602144810405
151,86176,0.018837906193572174
152,65500,0.025070668742255213
153,63858,0.00954183492585825
154,51186,0.01090108306743906
155,85234,0.009461972800676755
156,3927,0.017794931590422725
157,77549,0.0032329622224582773
158,13095,0.026030402550241784
159,71422,0.013159123806154844
160,41628,0.007534799893102226
161,22146,0.027023532172666346
162,27416,0.010155926870464642
163,77014,0.018440584426274855
164,34078,0.012858276887957786
165,58761,0.01684653938532466
166,44882,0.01259964061834604
167,50202,0.008491448923232964
168,27146,0.02891779803656418
169,98212,0.015747454090910586
170,33392,0.009395510854543727
171,41839,0.02814401468782894
172,67649,0.011534534244862974
173,36278,0.009229540322667878
174,48243,0.01032494966825384
175,93370,0.02356612828941116
176,17906,0.015609834610018048
177,74791,0.014826258531046133
178,44923,0.009142665104372085
179,89613,0.014577553244870943
180,57853,0.033899925855443755
181,28206,0.012431308136832617
182,80902,0.01190835137280996
183,82393,0.01075772149431662
184,33011,0.012126967852923623
185,75608,0.009646227633372494
186,73179,0.0202655317000827
187,95082,0.008131709681680886
188,25648,0.00834743238085063
189,41404,0.02116981654780714
190,57677,0.0067398550889683235
191,2880,0.007516139726046117
192,56570,0.022143616435856668
193,75847,0.018489134758166215
194,15861,0.01652540201466772
195,18125,0.008769333305368979
196,59554,0.021929335184583787
197,80159,0.01043781491170645
198,64821,0.014629737449087982
199,12661,0.008992897807906524
200,28676,0.029797004956868094
201,63559,0.026201238552770876
202,12617,0.017747019064523983
203,39710,0.012396613273757053
204,60883,0.029659845798026472
205,43384,0.014766811588723096
206,48687,0.014230799533592652
207,26158,0.01794400294985854
208,81849,0.042925114800950376
209,45585,0.009579849669772319
210,82671,0.015936590532250633
211,47683,0.00928411623925271
212,65320,0.013048552960862455
213,6110,0.019235478029617274
214,55543,0.01235091770204724
215,25632,0.019468883000960332
216,5851,0.021660799608429798
217,85425,0.008490448890028859
218,44964,0.017246376139347097
219,44947,0.013269184437040608
220,82538,0.00554603125931665
221,15871,0.022815639885877665
222,56508,0.016178148342546987
223,73256,0.010792118523782673
224,70419,0.009827140627252469
225,9249,0.017365564218068903
226,7326,0.025655268855200426
227,84631,0.014668417156216189
228,3345,0.00559778495192484
229,46330,0.01111340776684766
230,11829,0.00980295060345528
231,14449,0.009947329409687525
232,26820,0.007902230280225851
233,78468,0.014255253377661148
234,31966,0.00731753875857969
235,33955,0.019508540676271093
236,10667,0.03428921837613795
237,55786,0.017235606698454413
238,42851,0.008954301910980211
239,33065,0.01595894517135317
240,45541,0.01113401175128254
241,94857,0.008627162556078111
242,96944,0.005435081093514503
243,39526,0.010071675485392336
244,48491,0.021901586189044277
245,73896,0.005077940437712982
246,95131,0.03992837520936521
247,70449,0.00713371618464606
248,54376,0.01713009087793732
249,80824,0.01833665614437641
250,48121,0.01206830818985197
251,68655,0.009991642143407094
252,8090,0.010183606476017647
253,15356,0.010463794316647164
254,46207,0.012086025882447594
255,9276,0.011352305404961197
256,22179,0.01841482159283571
257,3249,0.015059344722511574
258,79859,0.00851896273734972
259,90739,0.007993445654632237
260,26300,0.015602330247520162
261,85543,0.023896114343328098
262,34618,0.007080519857796542
263,92027,0.01535009105010355
264,57615,0.01738062473960176
265,97728,0.01125381193946768
266,5380,0.01235607692313324
267,77334,0.026386467375710092
268,73349,0.016312602754193745
269,53070,0.011328359062248577
270,378,0.03470971335781068
271,37095,0.0294484399576361
272,30179,0.013136814176260272
273,85891,0.02255805043522308
274,59984,0.018165180369175027
275,29899,0.023713330229474083
276,76399,0.025048130890090826
277,5526,0.009290418100491778
278,82298,0.0070417149344233695
279,58106,0.01677364248189702
280,24378,0.015583967885323593
281,11473,0.02829577751914278
282,13966,0.009389945426701582
283,44279,0.01823651208712549
284,7798,0.016353581718848452
285,11419,0.017845741805360853
286,20363,0.0374434582824833
287,57566,0.016366855815434213
288,58722,0.021945256690403606
289,44845,0.007280004575010339
290,95300,0.008528841188994093
291,83820,0.0049400154859385575
292,21539,0.01278463662563335
293,35812,0.028092276338231886
294,62590,0.06447708992483939
295,25717,0.020747988565569975
296,79040,0.02145250788845289
297,70642,0.012147951128364254
298,54601,0.016798388987618262
299,93077,0.008726433142024488
300,5774,0.017998130020251968
301,9911,0.009526166625788125
302,1289,0.010515057310711142
303,31984,0.008606971227964652
304,69224,0.010171315344803297
305,51387,0.01884954981052642
306,42520,0.006399821578034431
307,45933,0.008911562682323404
308,13578,0.026195638495732407
309,46027,0.010814221671263325
310,73144,0.02192426269314263
311,4112,0.012730214595126913
312,81654,0.017325491489281496
313,16898,0.037477316261621235
314,67402,0.01973353223238938
315,44327,0.04103615111033938
316,60378,0.015910064633481106
317,98292,0.012627291409557349
318,6644,0.009812151675590066
319,62009,0.019003570727474245
320,65710,0.006976650749855318
321,8079,0.019074810148305303
322,89267,0.020607087915970733
323,42618,0.012697162359774436
324,9822,0.014640856242295964
325,87131,0.014394955572855013
326,23510,0.028360459120707553
327,70875,0.034668258266996294
328,3769,0.015018623403306798
329,37940,0.007824824235463358
330,44894,0.010404075553468709
331,65937,0.016203106334464902
332,47419,0.013043688071483706
333,55828,0.01920255443630668
334,52041,0.014457593531409615
335,65017,0.014111291987699516
336,51996,0.02767071205672986
337,13481,0.02484069415487791
338,88426,0.02746309189866343
339,99513,0.02296278412102823
340,94769,0.00454584035611787
341,93578,0.019809978579790416
342,88958,0.005896017195286096
343,18346,0.014694646080805448
344,10373,0.012657448620251827
345,65132,0.022006850292670632
346,67177,0.007781045403743797
347,49693,0.014174995139417747
348,77880,0.01764632750354822
349,12355,0.00947731415330947
350,16197,0.011625113163507136
351,5014,0.010699880225738397
352,70543,0.01311792377543813
353,39073,0.012021032866166808
354,96602,0.04527507363554265
355,78976,0.007859960415695708
356,67182,0.010749787289744949
357,19642,0.007708224239193788
358,5790,0.009761708364533602
359,20617,0.007706582177548929
360,62016,0.012197779100644464
361,18182,0.009379033354782879
362,4286,0.009837081944544974
363,52182,0.011661233437350113
364,43271,0.016931573218043026
365,38248,0.011791485764799485
366,61502,0.010285024635895017
367,29792,0.020853320567923786
368,28526,0.008340034473505547
369,8860,0.023973103687886337
370,44037,0.011282502479942428
371,88570,0.016586684534223003
372,99913,0.020545803321860578
373,14988,0.020089773929290834
374,23649,0.008604246180093523
375,33248,0.015893331858491042
376,35880,0.011835201804847682
377,60020,0.02122011415428794
378,78185,0.02021323515104392
379,35197,0.02692372195063382
380,78656,0.008449913946364202
381,95967,0.011440706367071094
382,28740,0.02728680990916653
383,9666,0.016738691277683772
384,78359,0.022721949683847123
385,43512,0.0550068141378365
386,992,0.037508188750773976
387,37001,0.008799082335601505
388,2983,0.029494824039336055
389,61484,0.019936957357529192
390,10833,0.015219702209796678
391,408,0.015650186030179897
392,16251,0.011375863942149964
393,7254,0.013763167136242533
394,98307,0.017569164638943008
395,93660,0.012806170277457077
396,75123,0.009487736748616393
397,17559,0.017920448410241097
398,37970,0.01704977640419953
399,33120,0.02053579437990271
400,76588,0.013559329229877664
401,65458,0.011896708908566783
402,25496,0.0127415408363026
403,86508,0.015287090579875304
404,48117,0.01277667753709883
405,25895,0.012531282694134904
406,1839,0.0068429834571751835
407,14307,0.009081563279504499
408,93534,0.01794301624258852
409,93025,0.030039320902353058
410,23505,0.012931032916189921
411,93405,0.028497407151596016
412,11378,0.016448491612642124
413,83971,0.01627897337744181
414,17397,0.020086881048084464
415,85584,0.03506208689369044
416,51909,0.013007231913686247
417,74391,0.016083492042001588
418,72589,0.008179838899824671
419,68597,0.03509823074813237
420,80946,0.007978827552329669
421,87148,0.015227800279875487
422,51416,0.008446202487250832
423,22470,0.03501849287166335
424,63104,0.013106215000732963
425,52237,0.029882940099616437
426,75441,0.014750321124670791
427,28652,0.01673374871334695
428,49825,0.016942098211009372
429,51151,0.00917870749128935
430,68781,0.007350045933175074
431,80893,0.03803384840871494
432,91092,0.00782339968920676
433,79863,0.01570447812519455
434,91132,0.009114928041823928
435,37221,0.018752327756439424
436,66551,0.018869633317811125
437,23488,0.01057479334751607
438,78288,0.013614181277662172
439,87688,0.023691989595161295
440,21909,0.014728726881892367
441,1243,0.009423566030809717
442,42231,0.010999931108675552
443,2497,0.028629967474068957
444,6646,0.047812786331630504
445,58876,0.012415099917122441
446,83099,0.008841601420715696
447,34195,0.021007061612267963
448,58143,0.020371634868956854
449,90927,0.013575400431082935
450,33249,0.013926737983015375
451,71265,0.015015795899788006
452,60150,0.011366542495351148
453,85122,0.011656914227796283
454,35312,0.011896908349890618
455,76207,0.0201712326936207
456,82085,0.01903096496741957
457,45450,0.029531993807638823
458,63113,0.024353589236421877
459,46974,0.006914301445686509
460,72068,0.01455530375925997
461,12560,0.008026444676649242
462,21045,0.021042013373554106
463,77290,0.03060900855320148
464,66649,0.016959644363649124
465,52318,0.023086504967614982
466,46998,0.021290797677688073
467,94827,0.025973565147516253
468,8997,0.01882943722090621
469,89523,0.008682993429264381
470,90173,0.015885462917331648
471,85082,0.008348830610714281
472,55902,0.023035390276380185
473,4098,0.011237595408654604
474,55741,0.009282471079784874
475,74575,0.010370659375969697
476,957,0.013236413946624068
477,29146,0.030859432134928855
478,50006,0.006935369312938407
479,41949,0.01272667365639236
480,90227,0.020264202865082553
481,10004,0.028210184519773453
482,12575,0.03055994701496812
483,28627,0.014272847092118995
484,93913,0.032671695381469114
485,9213,0.007440203484678517
486,42664,0.01663397704095804
487,33978,0.025295173942536924
488,95760,0.018092365998756382
489,99628,0.007927321955876627
490,6735,0.015653557256432967
491,77478,0.01900916451821674
492,82191,0.013869973794595019
493,88130,0.009045020170892945
494,95670,0.010227093792598382
495,28496,0.05624846791232345
496,92655,0.011856809800453975
497,70435,0.02362821340848986
498,8546,0.01124435814324723
499,90606,0.010008797615882617
500,81426,0.016181540542966062
501,2428,0.013017540127135765
502,43842,0.012053172448395311
503,83896,0.012603741599139115
504,93926,0.012085372468658871
505,6774,0.013829034838344535
506,6132,0.012700555977074915
507,88310,0.003635607301512552
508,69173,0.024331211300594437
509,20478,0.014256981041050797
510,97011,0.01362652309436492
511,3226,0.013968948500049448
512,87657,0.008232348105552892
513,46964,0.016110922742177125
514,80053,0.02751656168008551
515,91787,0.006610473977129553
516,59962,0.009631586363716986
517,67886,0.018312005642864452
518,24850,0.010661597576126964
519,134,0.008984625901470712
520,66410,0.010258953697147456
521,77584,0.006862579353092496
522,41030,0.012365959438880074
523,76853,0.011140691233224635
524,51270,0.007260802186196061
525,63376,0.01871351998336859
526,70896,0.011949364337094355
527,40400,0.012896975463944256
528,26610,0.010496655661337742
529,19560,0.008372964153410323
530,54142,0.017293878859802575
531,24649,0.016806134165973693
532,45624,0.013807552220555087
533,56888,0.00936638710273972
534,95850,0.00887561505258475
535,25480,0.01690007188168444
536,95056,0.016518735021484675
537,58278,0.0072872483839973665
538,32845,0.015259521928315447
539,50007,0.022877059198515744
540,11311,0.009375029499492302
541,41624,0.012579732067271527
542,14597,0.010166171654828766
543,60506,0.01939749280420593
544,86981,0.019417297556875098
545,66142,0.022794125576626113
546,82181,0.007321364122929267
547,58664,0.019810663014357268
548,31956,0.014934742241933733
549,45881,0.009624669966808795
550,77049,0.013107014741605888
551,17585,0.02183097236827016
552,434,0.008124057922525473
553,28668,0.008182715621402017
554,49963,0.010976400160109923
555,6494,0.012358439738558366
556,70163,0.01319885949411679
557,45305,0.01071771659268764
558,1257,0.013634616441743002
559,98861,0.003041912566146004
560,67623,0.016074130479581176
561,71564,0.012492807644309276
562,96297,0.02139155337430452
563,1899,0.013372262163281445
564,85582,0.013086676967185129
565,74194,0.019866862456409513
566,49901,0.004914246262354179
567,21482,0.011715955777301987
568,95934,0.010364277689828953
569,12447,0.010123207872578826
570,10971,0.010445153074024122
571,17429,0.0166280850124857
572,8847,0.018914267214646265
573,93163,0.017403482942550043
574,91341,0.030779306201806033
575,49043,0.013569725235994385
576,93624,0.016174596274944532
577,51700,0.013673497052015322
578,95011,0.010906410630168856
579,22374,0.011846952463514002
580,4271,0.011333581414283816
581,74200,0.005232633850865821
582,32871,0.011019628055824121
583,81537,0.009394206752059844
584,15132,0.014706644227830818
585,88239,0.011642732036211568
586,62023,0.03223375457084346
587,49125,0.008942840748255902
588,55531,0.008226568711629557
589,56174,0.015083039490288237
590,94621,0.02534735900973449
591,97492,0.01433673003165973
592,5113,0.00654093932585423
593,40650,0.0210819101340418
594,52359,0.015337512717401428
595,94967,0.018721014072852125
596,5864,0.019139410458535434
597,33637,0.014533195212140266
598,46117,0.017173655909945344
599,55887,0.03117366816973974
600,56375,0.01527476956240901
601,63684,0.01760785565221136
602,12761,0.004943617617166501
603,55012,0.007972223839231234
604,86286,0.017938123856507497
605,30228,0.025926313766186756
606,40809,0.012070310632419774
607,35797,0.02039526365954888
608,98335,0.015408726137684552
609,62066,0.040208338451103914
610,39974,0.009555559067476013
611,58045,0.02931153469930603
612,73494,0.014553281479182145
613,88412,0.013133684995772305
614,95214,0.01772606316674403
615,7781,0.01126550157886261
616,67011,0.01574530435373396
617,12278,0.012831101931747213
618,69425,0.01793446215421622
619,59894,0.007818461376560375
620,92485,0.020881028212436988
621,24819,0.016423566975211218
622,86407,0.019547430345935188
623,23363,0.012301459906368533
624,92511,0.011299248341422012
625,39260,0.01670570752350605
626,25857,0.014866830444598328
627,53906,0.04801866623515669
628,86858,0.017956733848297126
629,92760,0.040275635401417084
630,32300,0.02548602479082484
631,91640,0.02214950261980929
632,8683,0.01352166362652772
633,36328,0.00925006259480114
634,92809,0.023185856603651064
635,86547,0.01027620666492296
636,81145,0.023360710829514436
637,49954,0.017791325130857665
638,62843,0.016591439823767973
639,69241,0.014863508634516836
640,59746,0.013418902563406332
641,33961,0.02186601068072045
642,56043,0.012580075756253355
643,42063,0.021797943247224463
644,9422,0.02387556005215551
645,7480,0.017701114829972386
646,91140,0.017294419747470997
647,72258,0.004302002521633163
648,68159,0.015217272881947333
649,80558,0.025210568877681173
650,29207,0.011526478828457662
651,54412,0.014682429504820241
652,20151,0.008721281840799013
653,36786,0.01121544011818453
654,66591,0.02469067219763857
655,32462,0.02260328845451877
656,79214,0.0138242733393984
657,83600,0.02520919920470622
658,88892,0.007603956239775053
659,64697,0.01060880673080667
660,81165,0.016293468498578507
661,6913,0.011068311352568892
662,87091,0.009436895225422636
663,27911,0.010781553606596
664,68875,0.015604902245771282
665,82315,0.012364159634574668
666,92283,0.01781587179842454
667,61112,0.00776284310336226
668,55378,0.019340882017856928
669,69367,0.028572274532488423
670,71797,0.0331475994977134
671,86752,0.012294075494864758
672,58630,0.0033362047489437193
673,5430,0.023250077905749896
674,18737,0.017071106296908937
675,60814,0.010222077802067433
676,12603,0.00982309739266804
677,95029,0.023589985786167993
678,51803,0.021233910415426625
679,92631,0.016151560040697815
680,41554,0.014394910449806522
681,62503,0.024716797524924894
682,12163,0.017290787710738574
683,8584,0.01871297070228907
684,13551,0.0167398957324772
685,5881,0.010122314940569654
686,87178,0.011016144358782516
687,96435,0.014120986789727525
688,39870,0.010754934788212111
689,83046,0.024412802785350907
690,72281,0.04507774433520123
691,78557,0.023108717082540996
692,90819,0.01044752666463256
693,34652,0.014264241486566822
694,33028,0.01598182490000693
695,7991,0.024978447118709893
696,84606,0.028010515023444843
697,64175,0.007534628066989454
698,70213,0.03224062503467644
699,21901,0.013415966863471204
700,86605,0.011936267210899253
701,76323,0.012598732299969686
702,10160,0.01987776467850838
703,97537,0.03656263650730876
704,23733,0.019373280099155718
705,27402,0.010529723358301383
706,12369,0.010744924533389686
707,46091,0.006364029358399354
708,19242,0.012457080472600454
709,36329,0.009823711897265571
710,51029,0.020458582140210242
711,3373,0.03154641542040489
712,67219,0.006794554051738568
713,94192,0.013888308104248967
714,97495,0.021672791583118665
715,75926,0.011730857774536519
716,3514,0.01170849345821283
717,48344,0.005941840577337511
718,88210,0.016024420444312355
719,95000,0.009846530254535645
720,82791,0.013615797323808184
721,33522,0.014644159540195763
722,73989,0.02411211701377679
723,79210,0.013893011870448443
724,43152,0.010358797809283362
725,58314,0.012361844799501868
726,84975,0.020100739110944378
727,45001,0.016956295126178043
728,46929,0.004129741157012801
729,66351,0.0087514761525352
730,71995,0.023616092213029422
731,99824,0.013419936927975034
732,18610,0.023129333225470415
733,59550,0.02314605070941243
734,7690,0.017136002807146437
735,64907,0.02108563279039696
736,29905,0.015832618553968232
737,48019,0.009899180165215682
738,25505,0.012713589714441698
739,17158,0.011302873597214075
740,69600,0.01336857175448513
741,87410,0.01104192185029389
742,20799,0.01084614876747031
743,15718,0.011063096293358464
744,92225,0.01919999442751571
745,58703,0.02480841705073135
746,50105,0.01311992651105532
747,68263,0.012626841731068192
748,86032,0.011945066672333823
749,16979,0.009370958897581817
750,42200,0.01853712433793899
751,50266,0.012876157387736826
752,4457,0.03186701654304114
753,46514,0.0226631555621345
754,90532,0.014505435514528427
755,76376,0.026654349297718122
756,24617,0.009864241256791438
757,49619,0.011713626704408661
758,44321,0.014544922125408463
759,43611,0.010456969723041474
760,9455,0.01683023900289507
761,34142,0.014683890781147374
762,54273,0.03213566510586564
763,74249,0.020712832723485026
764,65385,0.009887423971915887
765,82790,0.01076216681212706
766,5236,0.022666825545506718
767,54912,0.013438665327238707
768,41922,0.028676721423928533
769,98802,0.02222867347605421
770,78804,0.0222686418420997
771,31206,0.009931721045826382
772,35871,0.021746404924517473
773,45839,0.012188237850016388
774,73749,0.014715333903643105
775,3683,0.012844236415514892
776,63066,0.04508896809341538
777,77309,0.01672264111368269
778,47161,0.023315678674632787
779,21557,0.010848668298481027
780,85804,0.0091615254607964
781,4785,0.008607316852028498
782,69181,0.008041413064386256
783,94723,0.008686934103581088
784,33299,0.0133112828402091
785,32548,0.0181783636853009
786,77525,0.046131264667133076
787,49906,0.010440791750256452
788,45925,0.013302030374171402
789,11075,0.01601710179498467
790,55640,0.021035087728422698
791,52176,0.010805975769254742
792,16584,0.017985519063142746
793,15328,0.013136024289840217
794,70907,0.009765632871563252
795,39037,0.019664602519760127
796,72604,0.01849084398679217
797,47479,0.021434331070206387
798,96488,0.013408894036532363
799,27115,0.012081760276901644
800,32521,0.016420973288419703
801,19186,0.01341031012314492
802,90643,0.011829954658380992
803,85622,0.011876648254755665
804,17143,0.018697390894664566
805,61718,0.01651581600930563
806,68235,0.02688967619799425
807,56689,0.01840375059170921
808,12300,0.00908542212996646
809,84371,0.008033196718066708
810,24523,0.014219995885967968
811,60277,0.012762295840655571
812,36899,0.016260075533222125
813,12555,0.02118100686648439
814,40498,0.017772317474574112
815,21329,0.028977408941061284
816,58702,0.008043662943934951
817,51142,0.013360507048512299
818,74858,0.01296555225458573
819,35351,0.020675469058867944
820,34435,0.008333249899043051
821,56004,0.01069055849886874
822,29678,0.008361569168630907
823,26232,0.021533145974579494
824,34474,0.024168829032034884
825,63541,0.018503498218503105
826,52200,0.013830213697341298
827,71571,0.014968066228108295
828,72391,0.017959379056279017
829,86906,0.009130016146912534
830,68745,0.009181906719251402
831,96550,0.018026860028076536
832,92250,0.03031483736501514
833,74046,0.018039594658330424
834,20469,0.04325609155683764
835,90542,0.024027508639067247
836,65235,0.006197993783133191
837,13358,0.02513793290122802
838,26732,0.0184388069386094
839,38109,0.011557819443020458
840,51774,0.022072206389908415
841,90656,0.006834537217259397
842,91143,0.011892294525856495
843,57590,0.01021924673908737
844,72878,0.011109944589472846
845,40341,0.01613474611444959
846,2312,0.020718406100938634
847,74944,0.009562470160666772
848,80734,0.008450528302178507
849,3151,0.012082550549915274
850,98332,0.01307027407986679
851,4998,0.018068659133389984
852,14213,0.015015224431110405
853,94132,0.02300693462480273
854,95597,0.013571612976827298
855,25571,0.010464809898616555
856,63558,0.012418054958467777
857,74637,0.015639480354867244
858,22388,0.01204497635727664
859,83754,0.017261720610073573
860,54312,0.010957805940434225
861,41917,0.031464566326224616
862,52104,0.03169183103190267
863,14594,0.025438785891618146
864,76972,0.010682779575449698
865,88136,0.0069223510988291196
866,978,0.01373574671925801
867,84875,0.020226509008066412
868,97221,0.02461339942263526
869,87866,0.012553803055445022
870,27867,0.017820606465358914
871,83459,0.010583325306061084
872,69313,0.015439308817098402
873,45332,0.009785229322025885
874,78942,0.012170948448185098
875,74,0.010426135076689696
876,52656,0.010480338320332919
877,58515,0.009487504939064015
878,46772,0.008719919106850528
879,94217,0.008498644444564411
880,8719,0.016526661259683696
881,66550,0.01680622015645796
882,46400,0.024034109827354412
883,82219,0.011351035079276461
884,65219,0.015279041862313571
885,54431,0.0064119727723850545
886,95206,0.011615174674775443
887,51647,0.016383228507632415
888,98218,0.007729489958379691
889,63492,0.016768029255774853
890,79374,0.027863931746423314
891,83539,0.006637231993720603
892,75088,0.011711444358663302
893,63351,0.011261653827916072
894,76684,0.007809156276879629
895,93699,0.011303806682018008
896,44151,0.011359893213996042
897,71808,0.019798612633746847
898,38173,0.01358581466256334
899,85548,0.013977572129055883
900,10918,0.03571180414000752
901,2611,0.021567900461734492
902,36459,0.01779136154651434
903,30432,0.022202558128856655
904,12266,0.012389495847880495
905,60829,0.011058611130736546
906,1874,0.04006363617807165
907,32171,0.019080196812674192
908,34810,0.010447084930061048
909,16361,0.009921008291140626
910,55863,0.010871116473951233
911,83822,0.01230572138359521
912,26895,0.024766780494829006
913,6183,0.013840320529950819
914,38451,0.008917660155317184
915,39454,0.008556165172355799
916,88489,0.006176953463914829
917,65034,0.00863311343768284
918,14059,0.02066052063742215
919,8958,0.01811218985238253
920,1769,0.007302965603492162
921,51491,0.014573957667746381
922,93222,0.02752101408460254
923,2120,0.01699021288609997
924,61507,0.010419372146114773
925,71555,0.010651638639295968
926,42005,0.012402875371961695
927,10053,0.012096756744218232
928,28760,0.043843073187094635
929,37331,0.009788893192028646
930,54197,0.01127345972216641
931,65603,0.01889131674672335
932,67091,0.0167132259018319
933,13400,0.020937971767488225
934,85685,0.011385118665810953
935,10949,0.013859870112316836
936,90904,0.019008567415679994
937,90347,0.016004673132156463
938,48116,0.01677000695663411
939,7137,0.011467750694153773
940,3954,0.032600350573786734
941,61385,0.01055468887446557
942,41187,0.014750634227484138
943,6371,0.02750078149206758
944,25405,0.009271433798818045
945,34111,0.010363104688914049
946,17554,0.018996212308610802
947,4016,0.04004569478035495
948,361,0.05499962454108047
949,89417,0.01423574811233766
950,89094,0.018501207185543607
951,30798,0.010733351240544904
952,25514,0.010887782545665197
953,1,0.012391323768535
954,54532,0.020157305362959867
955,68908,0.020535271876256454
956,62341,0.022902372763244687
957,36542,0.02704724778078348
958,50983,0.013043287580874245
959,62633,0.026665640666927226
960,1932,0.010177383350288659
961,6626,0.005629267467072368
962,28380,0.023463122115738033
963,84466,0.028469018368979138
964,81430,0.017990774369562663
965,49871,0.01126803573351184
966,41641,0.030731299034069254
967,42100,0.021787318378209877
968,95132,0.017563819138457393
969,11337,0.010952591670232005
970,47379,0.01400330309873241
971,62080,0.014457348431956077
972,4535,0.019151470171275508
973,2514,0.015370157400272451
974,81137,0.008195481132313092
975,86840,0.011819259638752792
976,32896,0.014666128250334611
977,15644,0.010493798206934314
978,37249,0.012405823300157846
979,90418,0.016647540092160146
980,15849,0.013204414944269787
981,47903,0.012398309053522367
982,41558,0.007183287209115496
983,50680,0.019438382604950188
984,30954,0.00973748928786522
985,48065,0.013143207496237225
986,64500,0.01605636646795138
987,98639,0.01567634106728233
988,49477,0.010607924109340854
989,64647,0.009116507741606127
990,93815,0.02229659986279425
991,17198,0.014862696991725648
992,86277,0.00938837175246212
993,60953,0.014136480603373067
994,26631,0.018753990794354948
995,73608,0.01590582191770129
996,74715,0.006972819694136812
997,39473,0.02041507342552714
998,32640,0.013233569949548638
999,70565,0.007506460028672812
1000,78491,0.02126603870314729
1001,97447,0.011125618359650069
1002,19714,0.012889334832039176
1003,89965,0.009945716003653446
1004,98173,0.021995883282202335
1005,22546,0.013662346281156477
1006,36951,0.006828887957911444
1007,62523,0.009863846299691198
1008,18515,0.010493762022221558
1009,79231,0.011703878248614068
1010,98960,0.012432810037823495
1011,53360,0.007542890466166593
1012,47506,0.012714670294483747
1013,94652,0.013102571936156196
1014,55418,0.013706826406226301
1015,88793,0.014024801407332484
1016,81956,0.02972134081949383
1017,83735,0.006926120701247731
1018,3675,0.014114149087712295
1019,73265,0.008719753053718625
1020,96258,0.00816013183316111
1021,41671,0.01519525107355127
1022,32518,0.00987987415511423
1023,91659,0.008915455916531596
1024,5490,0.010648356094093855
1025,92121,0.019108340745756996
1026,29940,0.00904165996022627
1027,2232,0.01929161914467794
1028,14352,0.010511768054370915
1029,94218,0.014716933331641011
1030,55097,0.009199431335189962
1031,62645,0.00777666373033536
1032,39331,0.021067915900064498
1033,26905,0.029108692237822247
1034,68574,0.014573280686913128
1035,77250,0.013842552037904372
1036,43476,0.006516768720293323
1037,3225,0.008841919712874114
1038,54891,0.01307599399711965
1039,95776,0.013214264526772332
1040,79222,0.006575898109457274
1041,74981,0.014867897962268728
1042,21347,0.007224800754980153
1043,72327,0.008212356774318426
1044,77172,0.008330647212842298
1045,30522,0.015149512864475226
1046,26781,0.010058816174033789
1047,48859,0.01879214558988857
1048,88461,0.01552462733345141
1049,62586,0.010318015693529688
1050,5332,0.015960975318003515
1051,93162,0.015824878619799816
1052,45182,0.008490726389466343
1053,81862,0.01314025052952245
1054,40006,0.022827344973584122
1055,98734,0.007311086867805274
1056,60247,0.013091184777750654
1057,94362,0.01959587071552752
1058,63748,0.01241912217223222
1059,46169,0.030174469215392605
1060,51627,0.04272939943431544
1061,98914,0.014980479141433694
1062,70772,0.022890485197554086
1063,23283,0.024700841470271913
1064,36234,0.014459562755517463
1065,25224,0.023336321119500063
1066,2302,0.015782567916508006
1067,64999,0.011940390286317298
1068,24653,0.005731251141379354
1069,21775,0.00883965103631526
1070,62152,0.00855840305175799
1071,72268,0.014414120536042449
1072,45368,0.010812027776818549
1073,6690,0.009366219678276395
1074,41914,0.015806258828690082
1075,14031,0.005921675876578391
1076,61790,0.014883562728807675
1077,73884,0.004867400167993039
1078,38621,0.01332781202617894
1079,14242,0.005413183569643374
1080,57839,0.02423059737452493
1081,16808,0.012727987440590473
1082,68267,0.013555914997672197
1083,55019,0.009599586153274657
1084,4540,0.015452401096605041
1085,80391,0.012439692444248654
1086,2646,0.011644364994456462
1087,55085,0.016514170189117792
1088,18821,0.01200210879175233
1089,14028,0.012186769384817987
1090,93879,0.01438157002017091
1091,11119,0.011010088629502113
1092,27487,0.01001534485186482
1093,14461,0.01010102455071299
1094,49904,0.008055156738281777
1095,8195,0.019045654712267674
1096,48232,0.041151505924369704
1097,15906,0.017700713225931575
1098,45529,0.023903772249635042
1099,30794,0.006059536193911546
1100,97905,0.0063060393502180736
1101,28158,0.010493804716486518
1102,40198,0.019140484076729167
1103,42632,0.0107676103136085
1104,85167,0.010527053143394955
1105,97571,0.015921799143679177
1106,69845,0.012106285533236286
1107,86731,0.010985880651393823
1108,84915,0.014564198874803926
1109,94092,0.007994362540396233
1110,10681,0.030391655567287703
1111,44981,0.018276136076999176
1112,44469,0.008785275093606817
1113,46837,0.005797705387837385
1114,2927,0.027790803897516196
1115,17321,0.014301669728245238
1116,20762,0.007603816700468243
1117,79886,0.020688291711921956
1118,44724,0.020298378496938593
1119,653,0.013116806972856946
1120,42022,0.018919486047005434
1121,971,0.012297581068679222
1122,88188,0.010771582798427045
1123,76819,0.011123262746302872
1124,79271,0.01828245494129531
1125,43410,0.01057250293236017
1126,57532,0.009319926941912193
1127,97089,0.00846844332794379
1128,71609,0.02594191669744166
1129,96230,0.008033453090293886
1130,58604,0.015735376915027816
1131,81233,0.011732816691317528
1132,48059,0.014993322351560697
1133,88841,0.016036708980170886
1134,58001,0.023616282478467563
1135,22238,0.014800653375547
1136,11357,0.017107210132681912
1137,36563,0.01384049954430085
1138,38853,0.015369033274098191
1139,75339,0.005493942227863083
1140,977,0.01038928610764474
1141,57351,0.010059190699126185
1142,56556,0.010687694637969435
1143,70842,0.007696585708704281
1144,54687,0.011604345354119097
1145,27655,0.012175218951542999
1146,25371,0.008548175208999951
1147,8707,0.015402118265639558
1148,33940,0.011658576971296521
1149,23162,0.019973248924631773
1150,54301,0.011855719840354368
1151,66271,0.009882934563809696
1152,52293,0.01739206550255841
1153,23293,0.01063287767847828
1154,25957,0.017760756310018812
1155,422,0.010108800623595371
1156,90188,0.01260421650891699
1157,44674,0.036633776960180255
1158,81535,0.024242518450506158
1159,48706,0.014437423562504305
1160,28784,0.012932447414602592
1161,73131,0.015934356327958872
1162,36536,0.007467768352515592
1163,47329,0.017024025748396086
1164,25373,0.01196102601526398
1165,25754,0.010353873599397318
1166,54021,0.027429063654425392
1167,40670,0.007887909377311507
1168,71044,0.00950552061918911
1169,73264,0.01557469039588492
1170,43038,0.024812532923370222
1171,3837,0.015602608156102218
1172,21310,0.01448811187834275
1173,6549,0.013877022727284475
1174,64456,0.016802615112910594
1175,59072,0.03162611171218779
1176,8180,0.013380489530384676
1177,83183,0.00969096661471982
1178,63372,0.010422945226973014
1179,19670,0.006056726611263444
1180,52127,0.014950451213436586
1181,31072,0.014713289832322755
1182,43912,0.008069593939345693
1183,3132,0.014080992718475887
1184,76466,0.012522865789030564
1185,86848,0.015372646417029259
1186,65627,0.010054604003761368
1187,16927,0.016890996840662503
1188,87800,0.03502642482120786
1189,75383,0.01592267547303456
1190,38660,0.024224972094050008
1191,59158,0.021220535459911892
1192,48746,0.018938604281677773
1193,90140,0.01874292318472946
1194,31368,0.01553929482042192
1195,92958,0.03388860055247477
1196,25699,0.011550949849850313
1197,87247,0.01894541543265747
1198,51119,0.012773492999275028
1199,32915,0.015256011830797767
1200,99486,0.01876952313036622
1201,85946,0.009304795567367187
1202,81117,0.01878834662944611
1203,70542,0.021807027370589222
1204,23731,0.06928431792092563
1205,24944,0.010630706586974074
1206,8105,0.0177862901084986
1207,64583,0.011557339484806138
1208,90812,0.013844072964909575
1209,94234,0.02411350214423029
1210,45818,0.01237221024052233
1211,28361,0.011513787140185883
1212,72175,0.012685809059798317
1213,32252,0.018239019603735977
1214,82093,0.012831276752994124
1215,10784,0.01275381398787974
1216,99944,0.015327781805308398
1217,58919,0.008557520315049406
1218,58802,0.025869722191216298
1219,32705,0.009072060469093344
1220,76487,0.025547648605968466
1221,94380,0.009079861575825389
1222,73090,0.015358577774823736
1223,45616,0.020996118989958297
1224,80136,0.007863995524574317
1225,22103,0.013507829098337835
1226,12215,0.006565645119221103
1227,18981,0.015734429006133206
1228,54992,0.013914650430273732
1229,84552,0.02264592627991468
1230,66854,0.01831965615613966
1231,5643,0.009645994606066048
1232,7580,0.011385506345093357
1233,86885,0.013428092425972215
1234,43808,0.017281584872673783
1235,44818,0.01878303087081128
1236,46426,0.011983499944306107
1237,61109,0.006337534034471262
1238,15830,0.012457256727483509
1239,41840,0.022657983398082605
1240,42489,0.011241336433242603
1241,31595,0.01377547869982553
1242,40691,0.016349174962931184
1243,86853,0.010917461599925344
1244,38685,0.010911910100893872
1245,44080,0.02445689574282548
1246,48566,0.0127835445308653
1247,64675,0.014441769592701261
1248,38003,0.008716744210120461
1249,39135,0.01440006510253941
1250,75110,0.01783370854100234
1251,98128,0.04035632151364191
1252,51794,0.024456907486376227
1253,14039,0.020702913963199843
1254,59004,0.02460711961544297
1255,20284,0.009148192832000098
1256,13805,0.01287654102909352
1257,61231,0.010223401245204444
1258,60416,0.010438619259564432
1259,85344,0.016521858836687664
1260,30849,0.008292482571109745
1261,1103,0.0317639694828714
1262,5807,0.032526372741439116
1263,40090,0.005605783943892505
1264,70132,0.012637604551851048
1265,79714,0.01598170307488362
1266,67146,0.018925194775096323
1267,69764,0.013664783241478653
1268,30310,0.011340694380241712
1269,55375,0.008118659204892565
1270,32858,0.01219963549583624
1271,76603,0.030566301932532167
1272,5349,0.01681576338429627
1273,22312,0.02011011523135907
1274,10320,0.022533882676708975
1275,23729,0.006429366631748551
1276,28247,0.015605748858073578
1277,81021,0.01363052482914177
1278,34830,0.01033130480136392
1279,54604,0.010259215507726342
1280,5060,0.028200756444354484
1281,77621,0.010106365602508424
1282,91101,0.026561673378242723
1283,8056,0.010474664656687642
1284,84384,0.021830051507514978
1285,1886,0.01006646805606021
1286,55387,0.024983332826501593
1287,88054,0.011311894274739536
1288,55907,0.010623397054436864
1289,13782,0.01112328123080272
1290,29062,0.016659451832862885
1291,99616,0.012451341848224589
1292,81002,0.01810201428490468
1293,41971,0.006339620649084969
1294,24613,0.013224790101272386
1295,94953,0.02089898644637647
1296,87973,0.027037484426854396
1297,35186,0.02242502171363691
1298,19289,0.015126374057722748
1299,56980,0.012003681664040596
1300,67086,0.010405823160301676
1301,93634,0.008252048698594468
1302,81672,0.01620993177701292
1303,67057,0.0067449913725452166
1304,6594,0.022133756416811198
1305,75142,0.020109165116824024
1306,86540,0.026329822100753967
1307,95299,0.014697474437490967
1308,67992,0.010035558067298032
1309,44809,0.013851671625783029
1310,3878,0.026214311079671947
1311,43078,0.008259893107545857
1312,73887,0.00885422063465475
1313,97818,0.008162635497097899
1314,14631,0.0188999765958002
1315,43631,0.010541721281088889
1316,6152,0.014851684720775405
1317,84811,0.013979324633743951
1318,34759,0.018659710033694793
1319,76796,0.017870374639390972
1320,65742,0.015966513974637973
1321,80412,0.011748910757253372
1322,67769,0.01084271276988062
1323,56870,0.00955804601293863
1324,12403,0.016474438186792874
1325,2357,0.021074902337058585
1326,91641,0.012310467532999105
1327,93127,0.007599181347533911
1328,76909,0.007898359717960664
1329,13004,0.01714959512150494
1330,80821,0.011737981043579856
1331,58191,0.01996306998108047
1332,93143,0.01166718234917474
1333,30134,0.008301820648598216
1334,81109,0.016222628426851043
1335,56406,0.026020113457623725
1336,8771,0.009590602675033557
1337,1810,0.0071002701647177235
1338,91780,0.02467124454740645
1339,6797,0.01703552415902199
1340,71524,0.004209316983262711
1341,13508,0.012777733145537637
1342,3862,0.009990442270052108
1343,87475,0.046518429655083224
1344,86529,0.010639004299245065
1345,35225,0.010676819579448712
1346,21999,0.011008416709857806
1347,62207,0.010088804465959935
1348,52232,0.011439935376083211
1349,58896,0.013444012101952695
1350,49405,0.02993346214008047
1351,88306,0.027221848160563014
1352,11907,0.022350135748031522
1353,55304,0.008362953336983217
1354,25050,0.01685576669808624
1355,59946,0.018895170609854278
1356,53038,0.00899376668666474
1357,64007,0.010142727798606765
1358,11624,0.01692087652957315
1359,62335,0.0209815012039025
1360,53239,0.0121017210415028
1361,67358,0.019857918983014224
1362,43103,0.009632980965244743
1363,13549,0.039704288872277595
1364,68330,0.02034867844359142
1365,38497,0.01727188116039128
1366,45637,0.020001196889600295
1367,57845,0.013214269189737903
1368,88727,0.022670029615447774
1369,62846,0.01268601346874876
1370,93671,0.011921959622020518
1371,51171,0.02719364341176135
1372,66921,0.018910098644322394
1373,38943,0.006579340100964658
1374,17213,0.019183746259928715
1375,19791,0.007107418090254224
1376,26030,0.02514053199405246
1377,49879,0.01192759668766899
1378,26066,0.019815397479375038
1379,63388,0.010820506480199261
1380,47932,0.021285948609668908
1381,8525,0.019453222344861115
1382,32169,0.01619811288789617
1383,75181,0.00987428339550127
1384,3257,0.014901046321053213
1385,81686,0.03456357870660788
1386,32715,0.011524864240132354
1387,3705,0.008211871517316411
1388,19410,0.020559649445642054
1389,27319,0.021914154126391094
1390,36019,0.017064494551961747
1391,90127,0.009121969085647247
1392,94668,0.009146199778544653
1393,36393,0.00971581038832014
1394,59344,0.012008104833967274
1395,88160,0.01376070679915549
1396,17840,0.012027282240854986
1397,62839,0.006623319423189488
1398,66357,0.020498914845693515
1399,16984,0.017236587049490302
1400,49791,0.009161857448410186
1401,31436,0.013750830424028217
1402,26078,0.022667626031465306
1403,32976,0.012084365002252283
1404,61900,0.02847367790843452
1405,93792,0.011522862908447347
1406,57425,0.040112386296236036
1407,76970,0.023660504410784794
1408,99099,0.025706758982303582
1409,68516,0.023539915141734386
1410,29421,0.0074244541485641415
1411,46381,0.015056466069954887
1412,10015,0.013569142389100952
1413,19047,0.011431517854982842
1414,3725,0.014745823961951718
1415,72542,0.014275712315266533
1416,2036,0.01313808372313061
1417,89908,0.011211771761194434
1418,36020,0.01053852973364217
1419,41961,0.01324500703444449
1420,45814,0.017945231961941022
1421,86422,0.011053416360866809
1422,9360,0.007301332237561877
1423,19518,0.024480105776261356
1424,9242,0.008037996897310065
1425,24223,0.01561142994734015
1426,56234,0.008200577778811502
1427,27605,0.014240771597026218
1428,60683,0.019624318576018263
1429,85787,0.009786254300606308
1430,87197,0.019848829811396414
1431,70362,0.012756504648401137
1432,93684,0.01233452709215889
1433,98640,0.021068179319093744
1434,89010,0.011928350518821322
1435,97827,0.016899999815659237
1436,62804,0.01571982890796526
1437,65264,0.011298464011755046
1438,51573,0.007323793792342935
1439,71285,0.019177517974521146
1440,66524,0.010716038787296163
1441,19585,0.011597021416037724
1442,24751,0.0214400963013234
1443,68450,0.013814151059031908
1444,40818,0.014172300034397962
1445,55580,0.02299423422193434
1446,92246,0.014649972048375565
1447,47624,0.015012189021441977
1448,52444,0.005823465363066014
1449,99631,0.02742317347003139
1450,35541,0.015723233577329337
1451,77286,0.02046126935543697
1452,76632,0.009591839586932348
1453,81873,0.014244712272168704
1454,36961,0.007182078951243085
1455,50756,0.028001805429110665
1456,91218,0.014182552321951482
1457,71079,0.00992671151177174
1458,54946,0.027930041268246733
1459,39737,0.010216474177818569
1460,61520,0.03047337793226334
1461,85400,0.011643976706245975
1462,25986,0.01614768181529521
1463,26210,0.009463427359774616
1464,30215,0.010957501730238172
1465,6985,0.013508825090624777
1466,40575,0.014379431248587371
1467,60558,0.009349977314032422
1468,38496,0.011075180589188292
1469,21818,0.033076891243202226
1470,89520,0.011238622140167118
1471,29841,0.007836418076807542
1472,29216,0.01666388885234761
1473,24891,0.008641474670317728
1474,24696,0.02027531186593423
1475,96732,0.017422915608653847
1476,99457,0.023496633780682827
1477,18897,0.027132373911993687
1478,9348,0.009319773162880036
1479,96790,0.014928444419379249
1480,70922,0.016235227054505495
1481,14433,0.017412493352846177
1482,13096,0.007699166373081473
1483,68916,0.011607621089803991
1484,67216,0.03007870714349992
1485,51074,0.018547331997879227
1486,40482,0.01486377824291084
1487,97652,0.006352165532267084
1488,13419,0.018004937372456287
1489,23846,0.008239655653789736
1490,46383,0.012065845724194932
1491,16382,0.017507031337048215
1492,50123,0.013577185360904614
1493,75785,0.01571697015808947
1494,44308,0.010630160601772156
1495,81096,0.009190172120777471
1496,78542,0.01811367458630631
1497,15249,0.018220062909719253
1498,17443,0.008915505165229291
1499,56338,0.011738453479607388
1500,21955,0.012997006006659088
1501,80894,0.021163508702203678
1502,61035,0.013675769066433082
1503,81180,0.016528872500491693
1504,78706,0.01640972071270465
1505,68731,0.012839948411274534
1506,80579,0.01164419173380366
1507,10670,0.03153094848111641
1508,33886,0.00982162867726927
1509,53771,0.018856439700225984
1510,52618,0.02225063780498592
1511,62990,0.015009023454362917
1512,90355,0.025670888517867696
1513,458,0.010582260327326249
1514,34161,0.004983859891919509
1515,80269,0.012867451531555867
1516,26921,0.010275687893009425
1517,13335,0.025023953451300308
1518,41796,0.010229544085034743
1519,66898,0.019036218226223027
1520,90006,0.006448541880274805
1521,73350,0.009492792098176831
1522,77998,0.025981599365493997
1523,36353,0.014854969029044119
1524,10805,0.0071865198633886225
1525,55620,0.017787602695329915
1526,10142,0.022197692375635972
1527,6401,0.01126234970266604
1528,87498,0.018456070384451982
1529,1530,0.01884399785036031
1530,3097,0.02070923629844096
1531,95183,0.029728819419484877
1532,68696,0.01020290760831669
1533,80586,0.01096966501611407
1534,7391,0.02013668328538959
1535,40965,0.014327203830083526
1536,208,0.019865510434360262
1537,13765,0.01110554720279874
1538,48831,0.015307689615938746
1539,26184,0.010924709858500435
1540,94160,0.011915560253500476
1541,460,0.01062763526792965
1542,36537,0.014922326789225199
1543,76064,0.019138926586094944
1544,80868,0.00926564889225128
1545,5391,0.013177188959168005
1546,4551,0.010875816963441474
1547,25385,0.013874703502536627
1548,34999,0.009418798147964702
1549,42873,0.0071827891726704346
1550,17902,0.012731366850530381
1551,40216,0.022688031992530274
1552,87045,0.020000937538186263
1553,53232,0.007244593611872172
1554,7783,0.011774153045584643
1555,9344,0.018651937417041756
1556,83147,0.012239574638238132
1557,87523,0.005939147557525094
1558,80367,0.016971001602901443
1559,77976,0.018368060115268404
1560,60596,0.007329948091333848
1561,28039,0.011251585430485269
1562,53466,0.01240259427247745
1563,94678,0.012630099822805852
1564,95668,0.01111770025853272
1565,88925,0.007255056223359578
1566,75553,0.009947199852800574
1567,57038,0.023594281685297838
1568,74511,0.020296039756825323
1569,9408,0.013941584341953925
1570,24634,0.012481783926384415
1571,38274,0.009481992387933118
1572,25178,0.01212225368616358
1573,24870,0.006512772752165314
1574,24942,0.0043924934001526375
1575,95168,0.019270467764156113
1576,18914,0.012740104444620651
1577,91998,0.00963700084737694
1578,85219,0.011474275753344677
1579,79084,0.012028330571854495
1580,5063,0.011612009228602279
1581,54129,0.013578863507500153
1582,52362,0.03165087845739872
1583,34749,0.009134691302719086
1584,30926,0.01641561337527797
1585,68566,0.01972362501804315
1586,41514,0.0355010494295965
1587,22411,0.012434613837338366
1588,70697,0.007656794168636618
1589,90486,0.010932402838131234
1590,1239,0.011063939482187934
1591,25982,0.022929572599957555
1592,4125,0.007704441672913492
1593,32714,0.007338346497592586
1594,57342,0.01887301634046511
1595,59958,0.018461374714722645
1596,39340,0.020964311284993497
1597,30342,0.008044952503599304
1598,20633,0.01195535365067082
1599,91762,0.033260538873998755
1600,49324,0.009543804675779588
1601,8458,0.00804791164540136
1602,28866,0.014018731213184612
1603,83541,0.013509743703973941
1604,99634,0.016680523185480713
1605,64407,0.01947787528287639
1606,38325,0.018923083194740196
1607,58828,0.013908467092435251
1608,64811,0.024453300724925
1609,37512,0.040103061964897276
1610,75428,0.008881569294141524
1611,91751,0.00929160270314402
1612,69563,0.01821421922672077
1613,8895,0.01125546252113777
1614,32296,0.008821240878241151
1615,92367,0.009574999679545003
1616,120,0.006727365330011351
1617,22774,0.014809719576190018
1618,99768,0.01312479179010843
1619,75824,0.01955754402388781
1620,26388,0.017718043555329424
1621,67396,0.008908271143400651
1622,41963,0.01419379282746604
1623,50883,0.010771664648762853
1624,16097,0.01678003063058227
1625,86361,0.0152827873330841
1626,86206,0.011994036187813065
1627,36649,0.01131474403691811
1628,75201,0.014745679518100277
1629,86600,0.017184705236973914
1630,47725,0.02461980728733508
1631,21577,0.022161341650351822
1632,74804,0.023111671067428605
1633,60767,0.012570983784615901
1634,33279,0.011763837438529618
1635,61704,0.02103095872148026
1636,11411,0.020748936220496714
1637,33256,0.0082827479981835
1638,20085,0.00991995315171875
1639,71235,0.018816899355926217
1640,64081,0.012319429873244329
1641,65659,0.004979523670729379
1642,205,0.010200677437912111
1643,33229,0.027121553364993188
1644,37138,0.028277577569230442
1645,55165,0.024600097697981535
1646,36749,0.027137437604685517
1647,36198,0.02632687986526489
1648,57999,0.01488319688357985
1649,38556,0.009637424665642009
1650,13717,0.016266552352092067
1651,99757,0.03367387375850062
1652,96615,0.012992231127315363
1653,63578,0.01768231626981523
1654,15310,0.011274303725956357
1655,83770,0.015287588489126515
1656,31324,0.017468226146333074
1657,22733,0.024622076043138305
1658,71748,0.015863445528264127
1659,88818,0.013684671438277845
1660,38226,0.005720994673809919
1661,64801,0.016119149838213043
1662,81469,0.011225023515797263
1663,71709,0.013377935855465234
1664,23832,0.02076409202561795
1665,85211,0.018124512473349216
1666,29520,0.011282239264696606
1667,58654,0.01748510093320215
1668,16616,0.01692441137198799
1669,1701,0.012507188388715167
1670,35737,0.01281243576981687
1671,75527,0.010181550729414669
1672,81351,0.02130024076379972
1673,28336,0.009791269501144721
1674,40820,0.015371730800860312
1675,80781,0.02487328957718751
1676,11246,0.017268055671225347
1677,31040,0.015129789780018436
1678,40564,0.013268193150590251
1679,16175,0.024834669931705716
1680,48052,0.011559419303646935
1681,25220,0.010864367590471675
1682,13240,0.019178630350069087
1683,47799,0.011902428235822696
1684,4165,0.009451139382011534
1685,16896,0.01029501923203742
1686,67983,0.012999166364857246
1687,69835,0.007664410659922493
1688,45226,0.008588601913274284
1689,44876,0.017726196922261822
1690,55247,0.022915201415363406
1691,58334,0.020378459293830004
1692,71441,0.01245291192381667
1693,97253,0.026431092560877806
1694,42850,0.02205089868461948
1695,86141,0.015385733336737158
1696,22015,0.00465103030496474
1697,34640,0.009582411864009543
1698,21251,0.01953123863068486
1699,50992,0.010406513368579548
1700,8047,0.04895142763673704
1701,16273,0.0370444756737425
1702,95932,0.03217102229992383
1703,78075,0.00956245866341538
1704,94810,0.02747705115750429
1705,97069,0.01409709378026246
1706,56645,0.023323411297933264
1707,20166,0.00832188847384736
1708,1287,0.009051943353816417
1709,45382,0.010218459569262482
1710,24185,0.02463787621271333
1711,56271,0.009298202402756372
1712,85790,0.042034195618111656
1713,59691,0.018040892113313934
1714,90353,0.009744591771661926
1715,25639,0.011236892856548594
1716,4325,0.013073245069654314
1717,70350,0.012291831712198924
1718,26062,0.017529558021887853
1719,48693,0.011718056162414343
1720,16008,0.055945334901375945
1721,9814,0.016852810681185774
1722,25746,0.02974529676405631
1723,62197,0.009349696853755796
1724,18131,0.010820139283982778
1725,56604,0.021879861889657085
1726,79514,0.027015849235429896
1727,51264,0.007604034276511273
1728,31003,0.016639004575578376
1729,8437,0.014084820356897274
1730,21322,0.014877284788401644
1731,89774,0.016565593951828612
1732,17038,0.021280802492122136
1733,14245,0.008897301934359612
1734,68103,0.013004095844492053
1735,73481,0.015282696304680808
1736,84511,0.01375331200945312
1737,84851,0.023250508312693905
1738,92464,0.010586007117877366
1739,93269,0.035053345193765434
1740,97800,0.014573748399855663
1741,22136,0.01396040104763848
1742,34293,0.04288781846771532
1743,52245,0.01670335543128694
1744,4099,0.01917920095647949
1745,13907,0.015897913150148348
1746,14080,0.014545468099238939
1747,10815,0.008532537579113857
1748,21114,0.015128477252256675
1749,74862,0.016332483397495223
1750,12269,0.00809948899333681
1751,42737,0.01268036164374994
1752,15926,0.027416654654821376
1753,85684,0.006071586248325807
1754,7009,0.046221862172395455
1755,25941,0.013793818431143315
1756,54024,0.014209604345717993
1757,21952,0.009374163544685057
1758,94770,0.009329466345005002
1759,59543,0.015806955632535848
1760,90259,0.011699967867842137
1761,92106,0.016061261847937325
1762,3364,0.020287392595991802
1763,9955,0.012896990829831131
1764,1833,0.03876660391274201
1765,77915,0.013896695165658248
1766,33813,0.02000482610751936
1767,75499,0.011129532555497097
1768,56212,0.012779765222143127
1769,13025,0.008344581590373339
1770,16523,0.014189091690736962
1771,64750,0.03321151415923333
1772,63942,0.019678650397804767
1773,61375,0.017100854401372496
1774,5465,0.009457985926522687
1775,63279,0.013009894320937077
1776,30181,0.01426144847508777
1777,28148,0.016082373974924076
1778,5215,0.00941786576744907
1779,95852,0.007381635866794813
1780,49962,0.012297406628713758
1781,45062,0.007615520386848928
1782,75010,0.020094360426136573
1783,82564,0.010920204947925425
1784,37538,0.009490268713210567
1785,53012,0.005724600688004696
1786,52699,0.014928611042076658
1787,51201,0.009634207070269027
1788,67751,0.0164182091059018
1789,342,0.010144449057560583
1790,50397,0.045773213816084346
1791,46656,0.010100590318564234
1792,63151,0.01990867605154876
1793,9008,0.04092795334466549
1794,30186,0.03179311346587592
1795,30347,0.009520403904008662
1796,21596,0.00869199191890368
1797,43974,0.009522604444479877
1798,44898,0.004183009414014826
1799,74997,0.013317749690039465
1800,79224,0.01711685694439384
1801,94152,0.0068233706710242314
1802,74606,0.02387473398998151
1803,24024,0.007061609096188113
1804,55183,0.018616447060657702
1805,19552,0.01140922759436119
1806,46659,0.016195961767135007
1807,77586,0.01705455029725383
1808,2320,0.005575903474474366
1809,6908,0.011240751146526323
1810,34246,0.045057827969389
1811,42246,0.007894676018388426
1812,78981,0.03598373662191216
1813,11,0.01708848079009677
1814,56404,0.049741741911784494
1815,68843,0.0037269904557431805
1816,42913,0.011661777434178788
1817,90122,0.014168510553416346
1818,18122,0.013103876475407904
1819,15120,0.01294736305061664
1820,11694,0.01047980723371912
1821,52144,0.01159362325352237
1822,68967,0.011753329167047568
1823,43995,0.02223813715025588
1824,79776,0.01642471869705206
1825,32902,0.012217851790374308
1826,79278,0.009351712606040917
1827,40523,0.01955012333701818
1828,33566,0.013267905488600518
1829,20889,0.014592511272303531
1830,13290,0.020997575420777587
1831,67823,0.03300290278688302
1832,4494,0.022203805594242357
1833,57832,0.009908467493050724
1834,77757,0.013407577358081
1835,64531,0.016932141995429993
1836,65433,0.01052889667233794
1837,52648,0.0157888244902624
1838,91771,0.012787351970874989
1839,69333,0.01285364696592806
1840,66268,0.013751511479911147
1841,62168,0.05187094777009079
1842,86539,0.0301331958469535
1843,63110,0.011673333216274718
1844,21149,0.007294553397560447
1845,40262,0.008854132002288219
1846,6738,0.007788775514166489
1847,13113,0.01835616828580964
1848,55867,0.009600234068250654
1849,22353,0.008017174565463997
1850,24245,0.04271416223929973
1851,70529,0.010075846448296602
1852,27643,0.023368055189992975
1853,39823,0.018061583548197854
1854,28347,0.009097047878886991
1855,54123,0.02619522520745233
1856,42401,0.011424182089341957
1857,75541,0.010223315290952821
1858,14294,0.008541012186986623
1859,5547,0.013172422969094974
1860,64957,0.026112636135316388
1861,2985,0.015135459785452172
1862,60928,0.011054054686914516
1863,84265,0.014179628667700301
1864,76473,0.010812170970376057
1865,83718,0.01972845966357749
1866,64245,0.009860349772461491
1867,25004,0.025573181172525265
1868,65460,0.02909849051322413
1869,54127,0.010141904496930969
1870,80629,0.007848558705557859
1871,34523,0.01561569877999345
1872,63689,0.011086684701853564
1873,78148,0.005306707173570012
1874,96054,0.00975787218841737
1875,3391,0.020158802027954264
1876,5339,0.009549244118781261
1877,72972,0.03682071935788767
1878,61254,0.014768905821122273
1879,97350,0.012796006970687208
1880,30848,0.00667289642527256
1881,67234,0.021477935114787395
1882,92952,0.006611751577049824
1883,63735,0.01554954798912094
1884,49507,0.01729307875336073
1885,8475,0.008922976698567554
1886,87915,0.022950105483338215
1887,65062,0.023848029621057948
1888,12905,0.008940908959505098
1889,78987,0.016067674310203596
1890,89528,0.014455232181121444
1891,19728,0.03581807172638522
1892,22718,0.01381864391809232
1893,20188,0.012879228245931077
1894,84611,0.013568286933069149
1895,5147,0.01123780392249081
1896,4229,0.01153867851519884
1897,29867,0.01705081633943823
1898,58911,0.024812411634598054
1899,47752,0.009849547026385935
1900,46392,0.006653367625717298
1901,58062,0.007222984963612442
1902,86425,0.017537186535930133
1903,3098,0.010346007056213429
1904,34821,0.01093137754180841
1905,68170,0.010922608460295805
1906,31675,0.024394998973122983
1907,14827,0.009268394624529518
1908,92183,0.019097731098718883
1909,28631,0.009128922032196233
1910,42288,0.008435894466357235
1911,45592,0.007741857952716074
1912,24919,0.008743242662900948
1913,76927,0.019298200192999396
1914,30217,0.03156354001204706
1915,84345,0.02021972805761712
1916,47482,0.01634124073347742
1917,96491,0.008085576788034711
1918,1308,0.01837315354901132
1919,5677,0.012037352782726999
1920,80800,0.0119906138421709
1921,10365,0.019226318987641246
1922,7034,0.0202994746112316
1923,78146,0.012716701159948034
1924,95010,0.011609942041615827
1925,92352,0.014114265851838219
1926,19825,0.010715501418943672
1927,29103,0.015918008145203486
1928,97977,0.010993126822063775
1929,25675,0.028026660627995886
1930,15296,0.011931711615089852
1931,78404,0.014629628501093122
1932,55133,0.020096105877456253
1933,41468,0.007813435142470381
1934,98702,0.011616628263247917
1935,78049,0.017175739958138436
1936,96671,0.02515221513571425
1937,46985,0.0059079872611583865
1938,55046,0.01647062996534686
1939,30353,0.013543786087790865
1940,92724,0.015135834253335805
1941,51311,0.012605728749154606
1942,45171,0.013926808431926726
1943,66647,0.008290521360670334
1944,65916,0.014068437899879695
1945,61165,0.040360497215294194
1946,30900,0.03004373386132988
1947,93798,0.0270728820657168
1948,82753,0.012076852575282852
1949,94685,0.008137817988183171
1950,51160,0.011424572686914049
1951,13048,0.03831095825809212
1952,40500,0.013918178026767473
1953,57183,0.009176629890156133
1954,41751,0.011608270185295241
1955,16055,0.025098241759990213
1956,60735,0.01006519329794624
1957,88371,0.024178530658344764
1958,47517,0.01507492901886542
1959,35915,0.007018259498319893
1960,2268,0.01823780878568332
1961,24990,0.014885684995764509
1962,69937,0.0068471019741722546
1963,45650,0.015141530839157797
1964,60423,0.022633875007723316
1965,17546,0.01647912791972259
1966,74237,0.012081203539527026
1967,56985,0.011679559451085252
1968,99129,0.0212838619508305
1969,40626,0.017343395584798815
1970,84591,0.013560585547616645
1971,24897,0.046824376452714894
1972,17826,0.006853353785881404
1973,68405,0.01753601991853716
1974,20936,0.010048534990800773
1975,58299,0.020536534521085323
1976,79558,0.010168231952692921
1977,38913,0.014856191722609326
1978,35034,0.01837717415512402
1979,57466,0.016798112621119597
1980,11125,0.01367427973358996
1981,29933,0.010066804366416847
1982,38467,0.010910299197580874
1983,12494,0.01138318731811563
1984,45235,0.014588321428918081
1985,37325,0.013084024037018745
1986,31080,0.014603005060482253
1987,33324,0.023885812470239222
1988,83154,0.017534403996051114
1989,55801,0.02727672228373029
1990,53867,0.01986360358705807
1991,27785,0.011828223460393857
1992,70282,0.018430961650427412
1993,71186,0.009466219873962454
1994,57494,0.009113542298916163
1995,64369,0.020361034009911926
1996,83759,0.018249032457416832
1997,94057,0.01652155159207254
1998,51123,0.012400174562435046
1999,50368,0.01304749202009149
2000,85248,0.012150373612634952
2001,35232,0.008141350964482989
2002,39002,0.0209671358636182
2003,43148,0.020342143495156843
2004,71126,0.02041904473259375
2005,13340,0.011854636110710148
2006,42858,0.015506977935883067
2007,33466,0.010639438864898649
2008,74848,0.024084754010977413
2009,86077,0.007884990251790909
2010,16497,0.02117425981405863
2011,19930,0.01296097001182596
2012,10970,0.017263920769810426
2013,75294,0.03709946240870834
2014,18468,0.009729819745656008
2015,55153,0.018053215674213606
2016,21311,0.015324314037114397
2017,43287,0.019612830752921424
2018,80173,0.017220918212603784
2019,98966,0.0037362653296407478
2020,68608,0.020113798777498113
2021,51091,0.012048975840822282
2022,25937,0.009801744989988165
2023,35828,0.009064122804200655
2024,98874,0.012191017539036099
2025,1210,0.014239218611372291
2026,765,0.011750045427420957
2027,21814,0.011305764648798379
2028,92504,0.022842514553566635
2029,65962,0.01174762756561414
2030,58830,0.0356453962355982
2031,12103,0.008280781293779196
2032,32363,0.011981858206063869
2033,86288,0.010131740072491627
2034,86671,0.013387123565639692
2035,54213,0.010399618178943396
2036,61861,0.008754016579807438
2037,30287,0.007896717930508954
2038,2758,0.014151124825046152
2039,44817,0.01199319908185878
2040,33010,0.017839977597570226
2041,23940,0.0196562878155305
2042,14103,0.018557788079569166
2043,58095,0.01117196556639544
2044,145,0.008821594024284042
2045,35423,0.017188486695377467
2046,84357,0.007972906358970851
2047,69757,0.011189310826375306
2048,8776,0.012567523518041523
2049,90225,0.019188261332446742
2050,35574,0.03551745659701878
2051,63157,0.012254550740464436
2052,45746,0.014510941060446534
2053,20874,0.009624821848430413
2054,16312,0.007893906904241618
2055,80852,0.012226873494927935
2056,50693,0.010585976227827677
2057,48348,0.004960791063270936
2058,11854,0.009340454081029383
2059,56436,0.027985781427438045
2060,60739,0.005976920945059238
2061,88588,0.020841790433981475
2062,98537,0.01025360442807088
2063,72945,0.005954042150067887
2064,11896,0.02050262189404918
2065,53982,0.01895732711321926
2066,37422,0.01653509474941215
2067,71507,0.011835536849230846
2068,27052,0.011168027218173851
2069,23556,0.014630864056716705
2070,54704,0.011437061873167247
2071,63342,0.020175389454147014
2072,74518,0.011804598364074863
2073,19267,0.025567525835226677
2074,18766,0.019494627160136373
2075,26292,0.016213164811993724
2076,78420,0.012597786798120337
2077,51933,0.013118681485115
2078,51841,0.023426228783014293
2079,30484,0.008329282927546875
2080,82258,0.011719043687939048
2081,44539,0.02105344797128189
2082,2498,0.019031269211651946
2083,51490,0.023163449581029394
2084,30614,0.010432980406890204
2085,35929,0.022334565206256433
2086,14886,0.01700232311746651
2087,24411,0.01714131800665937
2088,91193,0.018667343170697653
2089,9395,0.009020509409448143
2090,5641,0.012935402655187878
2091,55566,0.018177681222462792
2092,16272,0.01819842056330678
2093,11680,0.010383506262829467
2094,87415,0.01276392927191648
2095,10109,0.016506985253615977
2096,32151,0.0120225831887159
2097,98131,0.025967570364321686
2098,80180,0.007427988974049711
2099,16243,0.010873608473175127
2100,59271,0.012271909406712519
2101,55588,0.016243441429870508
2102,65523,0.021674298298169633
2103,73014,0.010600088546058225
2104,45928,0.010122705767900248
2105,35100,0.014840750402438416
2106,41029,0.009953873083664778
2107,18935,0.011152592970147798
2108,15298,0.021903601564667717
2109,8952,0.009064419466426546
2110,49754,0.026353453721353035
2111,56964,0.02151376551196684
2112,87386,0.014256720713229214
2113,1105,0.01187773504111142
2114,88933,0.007703625423278539
2115,89508,0.014219156842880804
2116,7382,0.03421282003312426
2117,36746,0.012704950375457425
2118,69663,0.015601566906506957
2119,58925,0.007348039430628261
2120,40285,0.02688722550580657
2121,21882,0.008959048875886546
2122,20960,0.009150419151859433
2123,21270,0.018511938212534683
2124,14365,0.01721786463846233
2125,1644,0.011828466830992854
2126,35137,0.011479737156060887
2127,95899,0.010513825277949952
2128,26690,0.02299932003184051
2129,29522,0.019943142288598253
2130,78639,0.0162193847281421
2131,51588,0.010201418228660615
2132,62738,0.014280414157665228
2133,15541,0.011484682055416253
2134,7858,0.017679404686533742
2135,8402,0.022509480216725435
2136,1091,0.027230083913543927
2137,41387,0.009239741965507323
2138,60349,0.01177168218781846
2139,8483,0.016771247422181532
2140,63862,0.01711003432334583
2141,98419,0.018481428563217953
2142,16685,0.009768893247018288
2143,83646,0.006152707209816775
2144,11339,0.017794825312886935
2145,91637,0.014386776348135387
2146,54280,0.015159313700186593
2147,2867,0.021089880198096017
2148,81268,0.011064436175269705
2149,71880,0.01910324520582881
2150,53834,0.019621870828160144
2151,8168,0.009852325422178116
2152,84173,0.02301371408675613
2153,9222,0.019099722564851263
2154,554,0.013154611879685838
2155,65685,0.011940232938394784
2156,42089,0.02913549534504511
2157,30495,0.01072835241699619
2158,23799,0.01338292546777936
2159,73477,0.025573839340598547
2160,22069,0.01247837359553721
2161,52157,0.018675943720662617
2162,55773,0.003478140584459048
2163,33240,0.006950171502145158
2164,72405,0.01750765540798955
2165,44275,0.02690940496974177
2166,5953,0.018901096474837085
2167,18090,0.017240065733837864
2168,58691,0.01434218851294645
2169,88535,0.013646147955900995
2170,91624,0.014064505841065663
2171,92348,0.017550836125361912
2172,33499,0.012789201464258085
2173,67087,0.01907320540623777
2174,97926,0.0070997513640356875
2175,94984,0.02394489351714602
2176,90976,0.013001084148868521
2177,50413,0.016988146445060616
2178,40404,0.012349590285944744
2179,70528,0.01783357816815591
2180,91498,0.01717138411362957
2181,46622,0.03431821480230479
2182,36063,0.008633623706526719
2183,5009,0.012112361243303034
2184,4276,0.013795068277717778
2185,93435,0.012873303081604202
2186,14026,0.011273423887951986
2187,17746,0.01814761729711562
2188,92874,0.013389785498941948
2189,70002,0.01061439340409127
2190,82713,0.02049120345179388
2191,99852,0.022202829593965735
2192,68706,0.012838110162409823
2193,76103,0.00763506404537001
2194,31520,0.013424004084649173
2195,36173,0.01469359302773771
2196,73492,0.02631929942750857
2197,65187,0.009698340511624808
2198,65205,0.015547828911633052
2199,74869,0.02666952205962998
2200,92338,0.008109219610970251
2201,88008,0.015505002031576424
2202,23111,0.00949434208293231
2203,68662,0.01943594295095512
2204,3252,0.01533864061829294
2205,93927,0.020313289541692425
2206,88566,0.016632917229489882
2207,22665,0.015167680692791782
2208,42541,0.013693871233912676
2209,87532,0.010394350779661467
2210,90618,0.02032306127965037
2211,6801,0.008825753637521645
2212,63728,0.012750273552496454
2213,39113,0.015716901036880025
2214,10693,0.014645123814876523
2215,66498,0.014203991444656842
2216,7187,0.008399305847033373
2217,38163,0.012025128070920843
2218,37856,0.015112376146780782
2219,45931,0.01914503164344674
2220,20967,0.009397338225329543
2221,10878,0.021950028223547732
2222,25775,0.02277690366479762
2223,77270,0.011575595330094359
2224,80673,0.019371909000074686
2225,13026,0.019576073995884513
2226,46607,0.014668490098750892
2227,35714,0.013861662526335786
2228,68625,0.027914019940066655
2229,67960,0.030073795455375908
2230,80020,0.023077381323368673
2231,39268,0.020377781728171552
2232,81274,0.014628595412580771
2233,68903,0.021168182794967873
2234,71462,0.012253039683424727
2235,59126,0.008770011466454996
2236,32749,0.02523672118393252
2237,89358,0.008886992487621122
2238,77885,0.007585009355094641
2239,30343,0.015594839687708976
2240,43744,0.009944171369737275
2241,55355,0.010979552032407754
2242,49005,0.021064989701712937
2243,70589,0.010237186663492857
2244,58584,0.02576342734820129
2245,20870,0.022770462880766146
2246,36018,0.0070112532736544345
2247,673,0.018402402378195515
2248,92404,0.010707591401486112
2249,84798,0.016248650944909567
2250,34306,0.00837181409686506
2251,76199,0.01934035309808303
2252,76712,0.0155515990785087
2253,2672,0.01721248626852526
2254,6454,0.008543037549359034
2255,49492,0.034245313442911415
2256,39145,0.0067503811002998775
2257,62013,0.009506305729585711
2258,68517,0.008528162192011468
2259,46137,0.010109159028726807
2260,43156,0.02110411070934335
2261,98763,0.013263770181214059
2262,19195,0.008784796906941669
2263,94248,0.009848597506855801
2264,19154,0.03782127728742079
2265,15157,0.008784855388082954
2266,7719,0.01157900788651755
2267,53171,0.015276583875309727
2268,28084,0.010120502019283054
2269,16935,0.017248832558921564
2270,40031,0.007142898457988435
2271,12633,0.013772561545324628
2272,68565,0.016551053817627934
2273,3968,0.016611409993296616
2274,32937,0.009061813025060254
2275,1126,0.031561856095303424
2276,65655,0.013764197711969536
2277,70677,0.013365824359628856
2278,47411,0.006693835819477273
2279,16722,0.0407864224443278
2280,17883,0.010318946297636586
2281,73143,0.021261076329917455
2282,35538,0.016575391794084862
2283,4168,0.02026075892118363
2284,42937,0.015251877236145723
2285,5935,0.021430198708825524
2286,55776,0.00565538587719693
2287,27083,0.00800648400796438
2288,84458,0.017021031429847715
2289,43810,0.014175211886095437
2290,31448,0.010744003713298585
2291,97817,0.006710151346473122
2292,47018,0.014805789577517872
2293,2529,0.013087506976212734
2294,55859,0.00920410633012729
2295,40419,0.008763583897433008
2296,22093,0.0183746713908188
2297,46203,0.01874868632290129
2298,14179,0.012460340545029973
2299,18475,0.01168523984855684
2300,33111,0.017060437480251708
2301,87907,0.008082715284969406
2302,59192,0.010923200344617634
2303,74498,0.012512137923294841
2304,15027,0.010038060182477718
2305,96876,0.016037343922927546
2306,84475,0.023693551013064227
2307,69373,0.019513796881281652
2308,79998,0.016936464070168633
2309,97902,0.006248384297206793
2310,13802,0.02170668348793226
2311,69543,0.023794533278284305
2312,19401,0.011485799068629763
2313,33518,0.024479211434736404
2314,14845,0.0116289242327231
2315,61691,0.025761924112333738
2316,13125,0.013996265910617325
2317,27921,0.009101320328909718
2318,55117,0.009190084475946828
2319,72114,0.019243587233708906
2320,22379,0.03512887370924025
2321,10540,0.026413961520051096
2322,95453,0.015467219977465335
2323,35937,0.010963207426387647
2324,74321,0.011054792702403502
2325,51584,0.015812418366585892
2326,1647,0.011887729571600817
2327,54011,0.0179961190424489
2328,34159,0.015005289365488469
2329,28860,0.015423051884654489
2330,72483,0.012032040443068177
2331,56568,0.027615060974501632
2332,35979,0.019204458017441743
2333,67978,0.010853335979654752
2334,4695,0.029062213186996123
2335,93492,0.0119763895743628
2336,73718,0.00909027286423612
2337,46205,0.014071246159250716
2338,20299,0.016575414136711132
2339,84512,0.011535108257436219
2340,36865,0.028129407626878544
2341,44428,0.03327735664701537
2342,67956,0.012591056309103305
2343,6140,0.011603364239175833
2344,62034,0.02562725901814029
2345,37982,0.014975914275273415
2346,10383,0.016421468684595413
2347,66437,0.011707045636736729
2348,40640,0.02165289251541368
2349,3229,0.016094637353892223
2350,13611,0.013296992772007465
2351,86673,0.01250428241588629
2352,83724,0.006360741583229455
2353,83602,0.02430759852857121
2354,95594,0.020676714995514
2355,98201,0.026457616397316554
2356,43137,0.014038376906053536
2357,30638,0.007493894745427754
2358,43169,0.01371280635191254
2359,36080,0.016346019514147207
2360,48998,0.012870885526594189
2361,98746,0.011514547115599138
2362,45197,0.011736741720554087
2363,51749,0.025949652980717566
2364,49809,0.009837503098581914
2365,697,0.011790344065956773
2366,94393,0.016957305524166376
2367,48863,0.010787432434894887
2368,48529,0.006176403280237611
2369,32089,0.01243474367132169
2370,92787,0.010709799269600737
2371,74264,0.015345938896963734
2372,20144,0.011626526666155594
2373,11657,0.020254445486345383
2374,58718,0.02120908278373545
2375,32287,0.014269482174234398
2376,48368,0.01031104422178298
2377,69424,0.013299052956159931
2378,80796,0.010129561394495052
2379,86781,0.011282576283722895
2380,74330,0.010249337949908337
2381,84661,0.013658170764147921
2382,80203,0.014974360338652511
2383,75632,0.00868775630997333
2384,93538,0.013276497867938525
2385,88010,0.02147950802184201
2386,25643,0.02246065483115331
2387,81746,0.00969958120359858
2388,69141,0.021183116161450025
2389,76782,0.028875476321255214
2390,88092,0.013213752297200995
2391,66275,0.011058748017177338
2392,30996,0.014325136636951823
2393,69355,0.010490748565241102
2394,26087,0.022838763645291325
2395,46192,0.017085435937338467
2396,47371,0.012173844077542028
2397,93097,0.009994243648610922
2398,6850,0.011839251758794894
2399,37105,0.010638492704373701
2400,81639,0.015436018778283109
2401,78612,0.02266346514961448
2402,2727,0.008614555238114687
2403,86275,0.011694062812910782
2404,86518,0.018125191768946794
2405,49175,0.007697335590055677
2406,82573,0.026499765039663663
2407,11762,0.015246392910675002
2408,40121,0.01841327653388303
2409,49205,0.02009140227735845
2410,47943,0.02192617998417532
2411,85510,0.021376890548977064
2412,67604,0.014787462600406755
2413,59754,0.020840200814759974
2414,34740,0.006173880641083706
2415,67597,0.02178223914443273
2416,35547,0.009933050232031441
2417,48125,0.015532250991233053
2418,30459,0.007661794736579491
2419,4770,0.013565314535209276
2420,86872,0.01648086306348203
2421,35052,0.015351866221639074
2422,57091,0.015428747065729317
2423,24760,0.01300101944776834
2424,21976,0.024144069137782005
2425,62291,0.007893487646114783
2426,58670,0.011804455792095773
2427,18661,0.015143267900012114
2428,72502,0.018243014430471577
2429,73499,0.006697312558457775
2430,62334,0.013357885042780862
2431,89824,0.01072331194967742
2432,14653,0.01199997531077383
2433,81551,0.01990207116869533
2434,6544,0.013529889341824081
2435,46922,0.01584883093599761
2436,45229,0.013290947595514493
2437,13810,0.0074945167961847645
2438,81709,0.008501413515359237
2439,60191,0.008363511184777949
2440,96956,0.015497059921400724
2441,17305,0.023167971057337387
2442,25201,0.007597840428416941
2443,4489,0.014565720433320075
2444,776,0.016532275714899288
2445,31795,0.009151567563369722
2446,19132,0.026728381581144208
2447,48620,0.041346556251739906
2448,46616,0.009996367739619521
2449,49851,0.008283627717474713
2450,38245,0.01207780091760573
2451,65608,0.015063841298646546
2452,21134,0.011264510322436761
2453,23360,0.0165658278156098
2454,34372,0.012394649578033398
2455,30775,0.02291726243405951
2456,22254,0.008810882073016505
2457,52255,0.014099260772269445
2458,31147,0.020420177899709215
2459,8671,0.023238973348079305
2460,33194,0.007072406751715509
2461,49197,0.0183451385597286
2462,46451,0.024383779804497397
2463,40715,0.01672833476914007
2464,2263,0.014732551288406283
2465,40376,0.018875889484409453
2466,34979,0.02857999755651814
2467,40187,0.029771097159506654
2468,18060,0.013154358783784965
2469,91320,0.015258228711680605
2470,81966,0.020672054591507803
2471,33910,0.02804994598820925
2472,79772,0.014453967781378727
2473,26608,0.012601926874923326
2474,85430,0.005689040584240953
2475,86537,0.01404566655747004
2476,56758,0.014671002885339395
2477,30933,0.01551740396941998
2478,21504,0.018529580517937863
2479,48311,0.015572377355643454
2480,15444,0.01722606102628482
2481,49928,0.014285595792768245
2482,88124,0.008267224422498807
2483,33423,0.016655454420629854
2484,37479,0.014224383637562774
2485,34387,0.014096202399096085
2486,52600,0.018346814109163813
2487,81227,0.010215366059940986
2488,80573,0.01371819017259477
2489,30944,0.042831020164685554
2490,1797,0.033746505237291335
2491,73713,0.01663846341178746
2492,93312,0.014258356478064343
2493,27558,0.02344482451113894
2494,76453,0.014105353152492955
2495,46573,0.02194041759872521
2496,17380,0.012202873329061868
2497,1007,0.009139462260464746
2498,38756,0.025580983784687355
2499,55023,0.010190140176101807
2500,11652,0.017578843079536756
2501,47715,0.029554523468866035
2502,21787,0.027373053858638065
2503,93192,0.011346288110401307
2504,21523,0.014258349590929439
2505,10311,0.021295286991119
2506,77223,0.014400016267328725
2507,41959,0.01799944799088606
2508,45237,0.014324343108481635
2509,2005,0.01713612466380502
2510,44635,0.010006365373006535
2511,76818,0.020170985685305166
2512,27114,0.020661654960957145
2513,50409,0.008038561529629175
2514,97757,0.013534535407023247
2515,94708,0.012467645979964968
2516,82794,0.010437278029417353
2517,47658,0.0143730587959969
2518,76582,0.02198076869391725
2519,72702,0.01266603705712423
2520,50752,0.007866586264809875
2521,63236,0.014311818581314036
2522,34959,0.009113169615123887
2523,97880,0.014147655323302063
2524,74665,0.010455224196031145
2525,11202,0.03256748897572504
2526,76717,0.0064014608854240235
2527,83134,0.036834545022336455
2528,42245,0.028540148650076518
2529,12644,0.013805121451049986
2530,24921,0.022213697500209722
2531,34797,0.01315122747454591
2532,80096,0.009202890719774464
2533,11394,0.01706140116216799
2534,21229,0.020319262959629072
2535,81727,0.017407199380349674
2536,12483,0.022995957184088776
2537,68217,0.011032604346463783
2538,62856,0.020479835689202308
2539,70752,0.016448277821343123
2540,36670,0.010660584605584358
2541,48995,0.018046741037949583
2542,38656,0.014592565093401719
2543,26298,0.012280566491015582
2544,81823,0.012351992220349314
2545,35800,0.02519970826524025
2546,17302,0.009922725177438462
2547,97434,0.017192875410651676
2548,42195,0.00957617656214993
2549,58711,0.011577120800187668
2550,85869,0.01028574428002161
2551,52046,0.009763765165185758
2552,20390,0.038196952832971046
2553,67933,0.03053107627867983
2554,87560,0.031185201057761118
2555,46048,0.020021580939003587
2556,92132,0.020583041880650355
2557,50239,0.014532267460374625
2558,70778,0.016782684693905998
2559,55194,0.009350529031190588
2560,28802,0.04315005534523483
2561,12750,0.017084915230327694
2562,74987,0.013871431518165634
2563,13255,0.016099529205173504
2564,39358,0.008711850900438686
2565,93519,0.012175159473994952
2566,67157,0.009365441438688242
2567,64793,0.010607252117546425
2568,35943,0.0158071306515994
2569,73819,0.009966623494768744
2570,96021,0.01906096041753852
2571,68316,0.016547826473674455
2572,71653,0.00829395543082951
2573,30273,0.010682074285342735
2574,43320,0.01850012089596945
2575,11347,0.011876388162435346
2576,2881,0.010976640374935674
2577,89066,0.013604848480621087
2578,11774,0.013540355110708637
2579,68720,0.015482724733581796
2580,9974,0.013235839375087328
2581,66724,0.011769387591549399
2582,3919,0.030999106926036912
2583,13647,0.013344195935274661
2584,89132,0.014197926693244182
2585,2155,0.026685868734558946
2586,87351,0.01859433546573645
2587,41565,0.016220139733225444
2588,69176,0.011883633823881194
2589,73515,0.013376079745633403
2590,46927,0.0111255050724129
2591,52091,0.011614381486789109
2592,36645,0.007944769476825667
2593,15566,0.008210415115644566
2594,10738,0.019666168618785746
2595,30758,0.00746146172815295
2596,53959,0.022473119004794394
2597,14516,0.010324021319278037
2598,50965,0.013815240588996936
2599,83798,0.017190994034051072
2600,29720,0.013759518361565859
2601,87994,0.019750092911184035
2602,36856,0.017630421892062934
2603,18550,0.02494622948385611
2604,23215,0.01238726681092216
2605,29392,0.021687128162757377
2606,5141,0.009231054217825274
2607,79153,0.00762291097202405
2608,31449,0.010277791218999978
2609,37578,0.012589335160014058
2610,28144,0.00892986568841014
2611,26733,0.011994430377682205
2612,52454,0.008484053714368651
2613,47409,0.020398702046625458
2614,21825,0.006520258477234232
2615,17876,0.01840815400109677
2616,69821,0.010124178103361088
2617,63053,0.04010560712520414
2618,33856,0.04965637591985274
2619,79664,0.012695297801502532
2620,14390,0.021419074399344883
2621,43446,0.008205527417338106
2622,25882,0.013043104701906772
2623,76979,0.013873054055478697
2624,6394,0.015950349879468514
2625,12850,0.012817485120545835
2626,49087,0.009269328432027327
2627,61387,0.007277366546316883
2628,430,0.00935309505562427
2629,31007,0.01547218014868766
2630,68312,0.01057892606980967
2631,32203,0.009166960064310652
2632,6892,0.0070595195494743855
2633,90575,0.018660082016136503
2634,90620,0.014906780969988001
2635,38188,0.008731008823205533
2636,25554,0.01724862073475366
2637,62195,0.012873402034451798
2638,33864,0.008216121097930152
2639,42614,0.013054095987681218
2640,38747,0.019512062032971372
2641,3490,0.016863811973566192
2642,23787,0.012317858620038227
2643,86831,0.00907750493815747
2644,94602,0.013353302028388312
2645,45687,0.019067092651869
2646,11703,0.023703681397577676
2647,98306,0.022688772308989528
2648,91148,0.049302009081995876
2649,45799,0.008335995453593243
2650,12379,0.019459106432562937
2651,20409,0.029353113899847943
2652,20824,0.006784788329092879
2653,52066,0.0077742591324808765
2654,82180,0.021849327739520516
2655,20747,0.01409427243797075
2656,71171,0.015384177803381425
2657,39103,0.012891366861271411
2658,34484,0.011276715704401839
2659,83838,0.007669986484891133
2660,80706,0.01397290092365474
2661,84222,0.014613157181618364
2662,6676,0.010808964804885503
2663,21463,0.019697590572667113
2664,16184,0.025416843139919647
2665,23048,0.011770781219662676
2666,88636,0.008835780082343168
2667,98009,0.012498094117132211
2668,45890,0.01359726500982139
2669,82837,0.009674665279721717
2670,34415,0.009279707581124534
2671,73715,0.006253463260130633
2672,52348,0.01511119304856861
2673,20426,0.014031580466715318
2674,80666,0.05782035097502569
2675,91090,0.02356985136610313
2676,17333,0.013551210360990554
2677,67893,0.018855422923528153
2678,85854,0.014519827314525875
2679,76943,0.012537862345710388
2680,68184,0.013393336939578957
2681,77847,0.013272376712441941
2682,24860,0.03356147404066304
2683,11195,0.01466453321906825
2684,10389,0.012523417341806313
2685,42323,0.01112566732311183
2686,54634,0.012747655291440417
2687,91712,0.02016421065731728
2688,95637,0.052512485592192695
2689,35774,0.03640810322579545
2690,96883,0.007293001246092848
2691,30425,0.014353934366426947
2692,71272,0.011135715248176001
2693,73606,0.012639614606071369
2694,52443,0.011487832657268956
2695,34786,0.0297022871488914
2696,80248,0.005903880507828422
2697,94252,0.042784207808630285
2698,76091,0.01366059974218425
2699,47955,0.017999000744311773
2700,41562,0.014271286947908794
2701,76012,0.021600286249224512
2702,51085,0.0071502413552754825
2703,22447,0.00913485864463998
2704,40984,0.01216389220006303
2705,72246,0.00831065556588753
2706,546,0.016042827305262596
2707,84010,0.010658327389643493
2708,63178,0.00864834154177362
2709,16793,0.010781742533733292
2710,15398,0.012205429028082342
2711,49895,0.008618561757974779
2712,58875,0.028622985259428888
2713,81194,0.0159840229917866
2714,90599,0.010687890309516456
2715,77622,0.015670087451987322
2716,10867,0.019340285139871745
2717,58540,0.014681101107414912
2718,379,0.01362714692871932
2719,30473,0.009887523482851598
2720,28520,0.01611442148385326
2721,64242,0.01685073137612842
2722,57826,0.009603376457761022
2723,94790,0.010470387139104597
2724,83121,0.013092999971189678
2725,61575,0.03192592141591076
2726,31093,0.028822068290154754
2727,16444,0.021807592808909884
2728,31328,0.013721283716862024
2729,41695,0.012909363768812675
2730,29440,0.017352175194868792
2731,18332,0.021689760816003364
2732,98323,0.014081650086962608
2733,22310,0.002933035690014654
2734,5549,0.02643065232094312
2735,81741,0.012225461237742919
2736,6345,0.00977497950097182
2737,28970,0.011477316885367073
2738,83597,0.009355186499777558
2739,98463,0.007416404024194038
2740,10156,0.019974656955875743
2741,64157,0.031047713634604002
2742,21334,0.037158174130523705
2743,75462,0.026536948728855366
2744,18169,0.013314438188846452
2745,34053,0.014400207275166775
2746,83042,0.008292902426346019
2747,7210,0.008898704282680157
2748,57003,0.024476091916455042
2749,83074,0.015520465044525082
2750,52335,0.01475953649102258
2751,12454,0.01508621831407166
2752,97707,0.01806528663271301
2753,21937,0.016949590500874048
2754,51196,0.012079987777596692
2755,710,0.007464172356409641
2756,75087,0.01657394102737612
2757,1944,0.020209083481279973
2758,76613,0.007026306272287434
2759,29198,0.011144831615364732
2760,33751,0.013953872904026894
2761,6610,0.02274072946893599
2762,54324,0.021117646705741323
2763,34110,0.0054324544630200665
2764,1047,0.01603398791522825
2765,72184,0.009489160366496191
2766,38156,0.011837694188197457
2767,125,0.01331422942290816
2768,34278,0.007544488315656259
2769,45522,0.016390943917531164
2770,16072,0.022480598975402638
2771,52248,0.014951740517535402
2772,91332,0.018008313598910225
2773,78760,0.008181759437122658
2774,29165,0.009338054955179835
2775,34573,0.006424415224032093
2776,69047,0.013795457328129309
2777,84670,0.021052659253117324
2778,15423,0.011344231541939729
2779,982,0.017026131244409774
2780,61177,0.012327063326129244
2781,26980,0.010637884138919824
2782,30278,0.012300783182051729
2783,15912,0.01595841005988682
2784,10402,0.012077305938951895
2785,51973,0.027004588001569043
2786,98528,0.013999958796629167
2787,55989,0.008875744708709117
2788,92550,0.010698434543153109
2789,14806,0.0080367751231938
2790,27334,0.011892359570883982
2791,84483,0.014737207653221718
2792,75197,0.012696496293388633
2793,25952,0.018661416971643918
2794,27939,0.017369413039224957
2795,50128,0.008487615421128459
2796,67304,0.011491811408905992
2797,20391,0.008333662283483399
2798,98314,0.013387105532753378
2799,14986,0.031014158889955047
2800,46187,0.007808240565181061
2801,12708,0.02189256887416546
2802,12516,0.019268793308214984
2803,70970,0.018734421391626795
2804,89850,0.00736360326995109
2805,98070,0.046165311312888827
2806,64986,0.014285656416896735
2807,10763,0.005378916284625017
2808,44503,0.04121213704338346
2809,42126,0.016104712505899652
2810,89527,0.014338557728899842
2811,67229,0.01214165065905707
2812,84377,0.030795193271435962
2813,10151,0.02281385496537602
2814,70094,0.013538087118084303
2815,69597,0.023529528928663147
2816,87039,0.011158680391661121
2817,93598,0.021011439992302556
2818,32725,0.0120663834713958
2819,27223,0.00978151943396878
2820,26343,0.0192155028552494
2821,56616,0.008886219863812054
2822,74916,0.008404042310238674
2823,53432,0.015574537456447764
2824,34272,0.01778915860477421
2825,69089,0.01700310571888868
2826,16928,0.006869103338425853
2827,11741,0.01912804132917551
2828,88556,0.019569995826034095
2829,22696,0.024002585456108554
2830,78742,0.008830384637980117
2831,63510,0.017573777237335574
2832,29918,0.030124788010444006
2833,4052,0.009822422848199043
2834,32472,0.013996183525615678
2835,18444,0.0176151369485889
2836,25541,0.013891028093028014
2837,22940,0.008684457373355388
2838,6935,0.009228220903798346
2839,96020,0.016963427998479986
2840,73423,0.012508390239116348
2841,72790,0.013179355801656079
2842,15368,0.015863184233172782
2843,69892,0.019342276837100207
2844,81580,0.014771487869291822
2845,42592,0.01379305053621708
2846,21514,0.030554525019825703
2847,98271,0.02205208805307301
2848,41348,0.027624097586547457
2849,60916,0.012569486893030304
2850,88701,0.024337687181572493
2851,78007,0.023259058048328802
2852,37811,0.021038912410556162
2853,36013,0.05174792185260846
2854,71636,0.018321438871073664
2855,23992,0.008365602953183596
2856,95286,0.012877290143832772
2857,59852,0.030272715089446844
2858,58800,0.02077627156578445
2859,46299,0.007490915984018612
2860,7583,0.018726951431419735
2861,51136,0.012465620229698663
2862,60862,0.029311287401559756
2863,93616,0.012416652004862985
2864,14266,0.017980042906341625
2865,16301,0.017139330891282386
2866,32509,0.016006430572888343
2867,74138,0.01297045883904467
2868,59364,0.019322447337601037
2869,90165,0.018517647103300755
2870,20587,0.01665173660355828
2871,51878,0.017434914067267753
2872,88586,0.01521960611474613
2873,14579,0.015309672717582028
2874,73082,0.01745967488289733
2875,86446,0.005544479941548268
2876,54668,0.0223631767708408
2877,67014,0.009676898999472064
2878,87637,0.008500966838974163
2879,20496,0.01678835140772146
2880,1524,0.017795666294510615
2881,89162,0.010229078441619409
2882,48281,0.013614736573722136
2883,76992,0.023849543313848715
2884,74119,0.0228648891627644
2885,85290,0.02243566452646007
2886,28342,0.010928442593411827
2887,47895,0.010309567728473093
2888,15125,0.012482435512847284
2889,37894,0.010969141603815161
2890,9616,0.0077215863180578985
2891,52409,0.020072346754094944
2892,76622,0.015512747535418677
2893,22548,0.011785984792660274
2894,70703,0.028158738835745874
2895,36994,0.014505641716371604
2896,53579,0.02075757052742926
2897,57,0.009562864675281089
2898,45766,0.01329895673278067
2899,80622,0.006649477179326358
2900,56833,0.010596352739241865
2901,22581,0.024481017550145485
2902,51156,0.016919104272272455
2903,9113,0.008088499205306859
2904,56142,0.01203175238739627
2905,68638,0.02709817284519758
2906,42802,0.02982447149384989
2907,51257,0.02090140958533397
2908,86758,0.016424773964433814
2909,43518,0.00904952145901889
2910,11170,0.0168341997303444
2911,46849,0.007385822672297856
2912,13261,0.016671595386310363
2913,80975,0.006447624637224964
2914,67032,0.014266330156446363
2915,16837,0.016596766280752115
2916,26917,0.014930683012576645
2917,85023,0.008444358505466106
2918,4477,0.01647696785840557
2919,7820,0.0212361224972362
2920,90095,0.009741385662490514
2921,31326,0.022216002936537933
2922,72635,0.014240283639997074
2923,39797,0.00761554291298667
2924,62377,0.012639926491807549
2925,53558,0.012392245403835978
2926,12782,0.012473613511898348
2927,88923,0.025747117556590093
2928,14113,0.011246346356985121
2929,2285,0.010403338018190066
2930,46082,0.012121869279821947
2931,27658,0.015612823736872396
2932,45279,0.015753544521762343
2933,83204,0.05393325882112157
2934,36765,0.019449462017350053
2935,23009,0.029282986433429276
2936,2186,0.029272389997423147
2937,75733,0.012702331879284066
2938,36553,0.01390788844744645
2939,56633,0.010283531453872867
2940,98495,0.015661643090758882
2941,23471,0.00876541685719057
2942,88466,0.009179292431186235
2943,50578,0.01681513198840949
2944,71201,0.015937142896878927
2945,87854,0.031881538880042186
2946,20043,0.011825433835832292
2947,50036,0.008769882363078437
2948,32992,0.021904475539596555
2949,21132,0.014897225627224748
2950,9697,0.013908674850084067
2951,41528,0.009384258447869383
2952,87759,0.021665176701077843
2953,66191,0.011623043850059585
2954,3465,0.012390024321079078
2955,99229,0.015337006330572167
2956,21486,0.022820958588719867
2957,15723,0.00978498424329411
2958,96301,0.003896468023588958
2959,87686,0.012876560699496244
2960,86739,0.009967104304080177
2961,94833,0.03774633558823908
2962,98567,0.02896220812108683
2963,4412,0.0098829502291316
2964,43806,0.011395311880307391
2965,84255,0.012350395328012678
2966,3946,0.01082150288148935
2967,73105,0.01327506532642591
2968,87370,0.012131246588893887
2969,38214,0.02407782551453904
2970,47584,0.00938959929660822
2971,86773,0.013664077347118574
2972,11228,0.01933597593955018
2973,68802,0.010839293205679806
2974,38866,0.016607836989372425
2975,17588,0.011272524031990633
2976,46709,0.017972059455398776
2977,49117,0.009567318824380906
2978,72498,0.021319852436805065
2979,11004,0.02433839467681993
2980,30759,0.012183768887091726
2981,97858,0.014553776414783223
2982,83287,0.009055304062512272
2983,33682,0.009857148346534554
2984,78133,0.007722612700071269
2985,89813,0.02122041398179541
2986,41783,0.010551185989197352
2987,35811,0.016770779677333977
2988,7357,0.012091789160977938
2989,5162,0.010187442133676837
2990,43122,0.020577584034954445
2991,83279,0.016285170800294006
2992,77333,0.01655491735817676
2993,19974,0.016132932203408158
2994,96163,0.010517866153019032
2995,53134,0.006549002470519214
2996,35710,0.01722608364812797
2997,1215,0.019859697427593668
2998,61920,0.015373051479100048
2999,53950,0.011046797217812512
3000,19840,0.015506419120128175
3001,96186,0.014621581612798487
3002,24831,0.0125683869747538
3003,37979,0.030312987155107968
3004,77221,0.029971024665895716
3005,98415,0.01787440206296936
3006,50355,0.005614951697527916
3007,3237,0.01545577630790272
3008,79847,0.012699550580494417
3009,83811,0.010716816073831768
3010,80210,0.010047101710907072
3011,66383,0.05038486457720595
3012,69220,0.014849658038740925
3013,95092,0.01515476796122149
3014,47599,0.005292338934519336
3015,62689,0.021533997500278935
3016,92617,0.013063811452593842
3017,90509,0.013213027371688077
3018,62308,0.02606279535958367
3019,97365,0.012496194895198012
3020,96135,0.016567315831000164
3021,11387,0.011784967612842806
3022,60048,0.011779773737813611
3023,17433,0.015032781114638464
3024,63154,0.024995288165842396
3025,22468,0.023304671709658102
3026,81102,0.015472197796217502
3027,2363,0.008548968562188855
3028,37419,0.007244803325336384
3029,71922,0.01958806855805403
3030,79059,0.02014948124954486
3031,62937,0.01674167836515765
3032,67969,0.013411826990851927
3033,83963,0.01756657245978768
3034,78871,0.02332766421307814
3035,85385,0.011534811617493522
3036,37816,0.02257579291934378
3037,70968,0.013538222079144083
3038,5713,0.010487098946241332
3039,43829,0.014675151602928321
3040,30560,0.008533837389834927
3041,38002,0.009775005246527212
3042,91922,0.024612367322464836
3043,94661,0.010163866896020292
3044,51193,0.007616709486077928
3045,16346,0.019385323669083143
3046,27322,0.022008602003431788
3047,57981,0.015057875581632303
3048,25606,0.012530319914706418
3049,77111,0.01547932880303821
3050,68454,0.02622637839600222
3051,44231,0.012538668051625141
3052,47043,0.004618814717610174
3053,48339,0.028853334156218192
3054,20217,0.02146651071361737
3055,2562,0.0077570580497414495
3056,13448,0.011934972841536788
3057,32843,0.013287448602236664
3058,35204,0.011872210202475794
3059,4135,0.0103066227707552
3060,77076,0.012867590770594541
3061,62246,0.004234093399774378
3062,46879,0.011745879876071204
3063,50874,0.02656778471747645
3064,46949,0.025165512937048367
3065,22564,0.021701299341537417
3066,4031,0.011016294300115475
3067,11250,0.009917398357724056
3068,4350,0.009624624252511404
3069,18596,0.029248045257364012
3070,16924,0.018255787992075032
3071,83832,0.012252101374124158
3072,40204,0.009524033824709736
3073,18480,0.016988541348171217
3074,56972,0.025926141748811207
3075,7038,0.014945804880940182
3076,18189,0.02338844826642454
3077,70459,0.02638843252281364
3078,37757,0.026473614805057968
3079,34463,0.019201330243681897
3080,85113,0.015625787880671094
3081,23542,0.013160902955146592
3082,65769,0.021713365287780798
3083,80505,0.00939519280765842
3084,76331,0.014009444122613325
3085,50356,0.012138556047865196
3086,32911,0.02786209679854932
3087,71169,0.010419318576677869
3088,39185,0.023127856440087663
3089,78444,0.0210649304443134
3090,74447,0.021145788396149424
3091,86528,0.009663653978634966
3092,94883,0.00597333966047857
3093,42402,0.00786514991454404
3094,82576,0.010314092368232658
3095,64301,0.022678879250912536
3096,91441,0.016794976247721048
3097,5593,0.019681662459849876
3098,37327,0.00934774367503478
3099,58727,0.027665269070388996
3100,58823,0.0127500537893821
3101,81008,0.018803787170425454
3102,27896,0.01266842853272996
3103,32155,0.007162202248610769
3104,75264,0.012971492329260608
3105,61205,0.019835571172785095
3106,86371,0.010800357235488403
3107,29833,0.01504607245306826
3108,2499,0.027923641152611648
3109,32850,0.03417300429076517
3110,16919,0.013270919662214825
3111,75291,0.005534125375190987
3112,10445,0.008810208178890637
3113,49196,0.014985176827676317
3114,20855,0.016024700655854804
3115,19031,0.024831753494482064
3116,1452,0.007811594422844381
3117,91754,0.020153875868855253
3118,38470,0.025781763146690898
3119,69601,0.017618919124218074
3120,22757,0.012517151043259947
3121,18394,0.016351290212039016
3122,15587,0.00841988276202807
3123,27215,0.02205676539991973
3124,78160,0.03891097899367283
3125,16574,0.009877241430611812
3126,37265,0.009614391344937277
3127,33180,0.019584724710256816
3128,90263,0.01181492492590537
3129,38387,0.02192658458646405
3130,15236,0.01646206910993693
3131,22747,0.011305746126425804
3132,46423,0.018431436258422657
3133,11227,0.007663702377645611
3134,27501,0.014431640650676758
3135,78884,0.0384836848609269
3136,30279,0.012788861910748702
3137,77858,0.010710106965922292
3138,99837,0.04842640956545574
3139,43140,0.020240923357797938
3140,95178,0.011291360444865565
3141,94924,0.010803903096935748
3142,37975,0.01650510426833806
3143,1738,0.010937686484269434
3144,59308,0.010203407295408572
3145,87538,0.0069754394750780845
3146,31688,0.008757614709461032
3147,44994,0.01230775566878809
3148,10523,0.012975724960706151
3149,52527,0.014889582170209654
3150,10643,0.017971567114236472
3151,48224,0.01346605076584425
3152,19980,0.007474962766287542
3153,45840,0.007236907956019977
3154,80231,0.012078425020559825
3155,31069,0.013113733266895184
3156,17220,0.02504145940895646
3157,61558,0.013596744485043676
3158,75009,0.009046399700662223
3159,67583,0.01345703431587484
3160,92013,0.019367153989155606
3161,16644,0.0090073376029726
3162,82252,0.009304354760206404
3163,90007,0.021790048725483162
3164,90860,0.007409977268868171
3165,23056,0.020946544641698792
3166,48698,0.012795675218071373
3167,6940,0.03286204408088376
3168,90571,0.014578390054156915
3169,77614,0.0179229509951952
3170,75311,0.014583760484071687
3171,90254,0.006546911927606107
3172,89473,0.007067842222953568
3173,13895,0.027965534767208478
3174,4107,0.012131401038916832
3175,94475,0.012661386450935896
3176,90490,0.01745463908262102
3177,40322,0.010479528837300483
3178,7992,0.01159378403542124
3179,26147,0.012264594343893213
3180,83193,0.003544293984014444
3181,18736,0.0164643841986943
3182,77708,0.015364506560678795
3183,78528,0.013349992006072398
3184,93375,0.00931164827440085
3185,4034,0.04089562713150231
3186,19264,0.02200966467812321
3187,88957,0.007956057563782822
3188,91236,0.012808785743647777
3189,28353,0.005408723055215649
3190,17428,0.008328446194504603
3191,37669,0.01829412744709351
3192,67767,0.006850188133618686
3193,81313,0.012389078211109756
3194,74543,0.00686265149254896
3195,85503,0.01791753598032115
3196,11619,0.017710286407990113
3197,14162,0.023061560465594343
3198,19126,0.00778877598519857
3199,74055,0.023956248985724928
3200,97687,0.010618586511921563
3201,56728,0.022321763775752852
3202,74202,0.010572483076947402
3203,64113,0.03132210652939422
3204,2247,0.014225497779325205
3205,79237,0.010824596820588716
3206,44835,0.019135404902271707
3207,99467,0.016953613634898525
3208,19611,0.024676704761615292
3209,61201,0.01863671476748684
3210,81195,0.010316263940980536
3211,27409,0.014642911900140191
3212,14425,0.0133065690946961
3213,57574,0.009285040913914022
3214,59292,0.020955113175117186
3215,28370,0.010095371307712573
3216,2294,0.008632532296480915
3217,34495,0.010861168857022336
3218,35126,0.02050091788141754
3219,80187,0.024997513859844132
3220,70112,0.01204877209176268
3221,30672,0.019074022154244502
3222,36818,0.011800551797968137
3223,49595,0.015067793709173374
3224,74655,0.017883682153188633
3225,64482,0.01828319032673206
3226,21344,0.019397328149866902
3227,96936,0.015211421775159847
3228,28700,0.009918741817878322
3229,60092,0.022379587363046485
3230,28494,0.009835265580525217
3231,67595,0.010414053378635718
3232,24158,0.019749587271469617
3233,15961,0.010453329711094361
3234,40249,0.015497912101630582
3235,89244,0.02005492398059338
3236,84697,0.02178613445554843
3237,96532,0.020776982089907085
3238,27370,0.02382848311408831
3239,20576,0.010437869220504445
3240,13555,0.01551053773642348
3241,45257,0.01887598793313705
3242,3044,0.014755978869209293
3243,7230,0.011981598133737911
3244,97342,0.01186058047424613
3245,69964,0.024007070435840314
3246,82224,0.008189616473422597
3247,91205,0.011351570689060344
3248,4666,0.003073447527758132
3249,47141,0.009945352563331553
3250,65618,0.008352163647609524
3251,15190,0.015973754433389206
3252,89784,0.03386287134871123
3253,30041,0.010857124180974271
3254,88498,0.0213816622629152
3255,81511,0.02023758929103264
3256,4714,0.006954182476715163
3257,81365,0.016952703441774342
3258,61807,0.010510446445395222
3259,5799,0.015384553493626274
3260,34392,0.030736712123866798
3261,91353,0.007999848420692506
3262,71832,0.01301772504719225
3263,10149,0.01743970095204432
3264,22586,0.0192414513514982
3265,86974,0.009604919262071887
3266,17379,0.007790033385379433
3267,66151,0.012434405388681858
3268,35399,0.01944471549291826
3269,12305,0.016276287482429076
3270,59560,0.005778746368269669
3271,42318,0.023685884656403536
3272,2052,0.003929495029071453
3273,40544,0.015196614579210718
3274,33056,0.013398005087457004
3275,91135,0.009568266955486453
3276,37126,0.011456591512889858
3277,58607,0.006629083350361245
3278,69598,0.016981078416634293
3279,69414,0.010048419099816751
3280,28794,0.010236782336321824
3281,82541,0.010574136273545781
3282,16784,0.008822129774639068
3283,16789,0.012966433313831186
3284,25234,0.011787564091575352
3285,44210,0.029966682585299706
3286,50138,0.009192485069345002
3287,19080,0.006551270697722866
3288,2528,0.01607805282751822
3289,90878,0.02907625790884756
3290,69237,0.010845527902448499
3291,32068,0.009489923537419294
3292,8024,0.006839556428907279
3293,94815,0.010228796788810363
3294,45422,0.01276812197958409
3295,36616,0.022684857944013252
3296,25967,0.01671782268805451
3297,39783,0.008610306756555398
3298,80365,0.013974187483606345
3299,52513,0.007274567314480248
3300,67673,0.011716362340587542
3301,6938,0.012080006924467545
3302,7799,0.016610626013827776
3303,65615,0.007334871396980164
3304,236,0.019805470985564684
3305,32034,0.043825258778125264
3306,11830,0.01603557301142948
3307,21883,0.01018095839407206
3308,22217,0.018562687674161832
3309,45603,0.014231146893631034
3310,39813,0.018558698865714977
3311,42604,0.008902100323101562
3312,74975,0.0052554316139469814
3313,18377,0.02024036897807153
3314,21913,0.010354816226848676
3315,82304,0.01168603665232269
3316,46969,0.01595300830843335
3317,29566,0.022841383390470257
3318,62840,0.008989970545721865
3319,61359,0.013342973733966097
3320,21815,0.01808464474899543
3321,19658,0.014100151946461466
3322,66178,0.01173320216245762
3323,55815,0.022299424801439323
3324,59346,0.008247337037658186
3325,8563,0.017702611318168533
3326,15778,0.006464906081366461
3327,45614,0.010425440640030145
3328,39836,0.02009356707909754
3329,20868,0.025212160157613125
3330,27445,0.010317253538707489
3331,95916,0.02779124291555938
3332,34444,0.01374489372711858
3333,23331,0.010969466162722808
3334,2968,0.006001158188193627
3335,8207,0.009621945264348298
3336,16046,0.014192125640999136
3337,86196,0.025467419014702977
3338,78296,0.016429356764895806
3339,83261,0.021810768802692067
3340,4854,0.012105569660941297
3341,54958,0.008861590670769432
3342,58413,0.00634174544311541
3343,7578,0.02219994920036155
3344,10709,0.015651404361340028
3345,51208,0.007638490649362629
3346,51419,0.0193189382900961
3347,15391,0.019182396933291636
3348,99529,0.01296056685040816
3349,61445,0.007707074428152642
3350,69677,0.021814003143459708
3351,9375,0.010650038584389704
3352,88335,0.019627733768291643
3353,9935,0.012854258132811248
3354,30385,0.045551704442540225
3355,8850,0.010484904861023998
3356,90755,0.038041825684312275
3357,11099,0.011171386556334033
3358,98221,0.009387170645603765
3359,74671,0.010872176433938504
3360,47151,0.01699666978114376
3361,92092,0.007690651022016165
3362,3712,0.012392878314414013
3363,56775,0.01353167699442725
3364,8340,0.01738148716099489
3365,71514,0.010850578794369098
3366,23393,0.019736878937225377
3367,82273,0.016243681795300703
3368,38396,0.020323542313765652
3369,60696,0.004879685058601142
3370,19299,0.010448004533672398
3371,67941,0.013820652197020776
3372,14651,0.014832745409308935
3373,92100,0.02720148982530367
3374,60666,0.021998763802060804
3375,78710,0.032291217895194756
3376,45280,0.013239833572969664
3377,48812,0.024665904358755673
3378,27882,0.02279160381997248
3379,64401,0.013130934840933292
3380,58583,0.006283192952566203
3381,15460,0.010575956177604134
3382,39359,0.007912319808226547
3383,35875,0.010417406847352616
3384,40897,0.021075555475063207
3385,38457,0.016669651117985587
3386,98908,0.012037769453720645
3387,54096,0.029325859744677947
3388,79662,0.009855325575032721
3389,32529,0.01864074355089128
3390,70395,0.01750292434957136
3391,67330,0.022259311763726614
3392,52732,0.01326894437804436
3393,16262,0.013335979480704703
3394,13759,0.015571952975601211
3395,43424,0.025912655178921547
3396,17082,0.011621196653097481
3397,51744,0.01334268621672262
3398,89240,0.01692110357639679
3399,80914,0.020551687566122752
3400,5325,0.023141681546566633
3401,11695,0.011297314343349803
3402,43159,0.01086876048976533
3403,9439,0.005306816154534962
3404,40214,0.010560280297364524
3405,79543,0.01048355140737456
3406,32380,0.027889229214256364
3407,51567,0.013042755984902583
3408,92370,0.018864794096786645
3409,46430,0.015231809388959967
3410,17649,0.014639928918998204
3411,38524,0.013828863781474186
3412,83093,0.00709561034245318
3413,3189,0.011519633069591794
3414,48073,0.014596735608417597
3415,45392,0.018703915140776534
3416,89217,0.022058167852564575
3417,21711,0.012659714083939858
3418,29329,0.017531482795688082
3419,75199,0.02071615132178134
3420,38814,0.01495586985690928
3421,65584,0.018008728513055728
3422,32402,0.01169906894038591
3423,27576,0.02795319325951334
3424,37388,0.007871556257081191
3425,8843,0.013377335413895765
3426,45982,0.011624531569191025
3427,32540,0.011038590875310013
3428,48717,0.019578684660292934
3429,80930,0.0205685900327446
3430,35192,0.012786699685930537
3431,66428,0.012001448559942703
3432,46300,0.031840414450870304
3433,3633,0.02465924018256736
3434,498,0.012494908886341523
3435,96842,0.016938064709112032
3436,65819,0.03412468480313868
3437,90235,0.012361574157671005
3438,37196,0.011194035315986216
3439,61386,0.010088147049095837
3440,42866,0.021305454485127325
3441,87388,0.013589427685662975
3442,83546,0.013505515524386082
3443,36987,0.009714053432970129
3444,77528,0.010577799872972169
3445,10256,0.02487560393999848
3446,49180,0.012768952676798572
3447,36405,0.018328147075353646
3448,28153,0.01941932712926142
3449,71177,0.00934030153609293
3450,93487,0.05364446679525875
3451,91502,0.011328945983930208
3452,1438,0.022301925926736608
3453,57037,0.013792137441825485
3454,34412,0.014700009922226944
3455,21125,0.011283027828989288
3456,35767,0.007516317644112887
3457,82311,0.024871480794463524
3458,58987,0.004548959822657702
3459,44453,0.01971557800646753
3460,57080,0.015517199870069984
3461,59947,0.011612925585152183
3462,49389,0.017213059681031817
3463,95450,0.009477262983197936
3464,20280,0.013149685001010878
3465,78679,0.010769133734285374
3466,3883,0.006907404637040529
3467,27335,0.016515488163015193
3468,32877,0.011212641148669135
3469,10644,0.023684306536898687
3470,67183,0.00996739298542265
3471,76683,0.01067680891352053
3472,90153,0.016084653855964526
3473,99667,0.03557249968191187
3474,21442,0.02287267902333129
3475,26170,0.011214441799450803
3476,10348,0.009160966193338473
3477,84944,0.008399743969526051
3478,87480,0.029554289273015413
3479,80548,0.023707891582683827
3480,48127,0.008897728942591335
3481,62496,0.014141670533898375
3482,4891,0.02576362920798979
3483,17956,0.019161394167575528
3484,5191,0.02426626591064331
3485,66200,0.05080341994402377
3486,45205,0.012779319857847186
3487,24198,0.014892156524493631
3488,32446,0.012146753057273845
3489,73510,0.018666373807285676
3490,74335,0.007102719952828129
3491,83201,0.02431729720848056
3492,4444,0.015397421967406545
3493,32297,0.046396148210363315
3494,50070,0.015863729094656297
3495,18523,0.016329794766612515
3496,72121,0.014669940399246946
3497,24,0.010956929905201612
3498,50134,0.015843016858554732
3499,47086,0.016818052678738638
3500,4301,0.01934262997329856
3501,58578,0.022437518222404456
3502,7866,0.013367980836999447
3503,29715,0.013009464555386452
3504,64177,0.015195096342324698
3505,6907,0.05112204526046202
3506,37629,0.015821710033282366
3507,59447,0.01801759133759529
3508,38628,0.015290500046965395
3509,13469,0.01679739292139769
3510,57156,0.015583440967204695
3511,62256,0.019588135595868944
3512,10947,0.01410776551621289
3513,32030,0.015415079357012718
3514,28507,0.015831503676535342
3515,85833,0.014031535352290946
3516,96134,0.010789995028367215
3517,46105,0.019543827871871006
3518,23408,0.009784334209657183
3519,83127,0.008881564424313532
3520,58419,0.019056794376307095
3521,60898,0.006769239355151084
3522,37524,0.009016326855770453
3523,66263,0.026081048570132825
3524,66576,0.010656688710656967
3525,8635,0.009628227478484675
3526,9021,0.00754820657504496
3527,53845,0.015550553527084818
3528,88107,0.017070027650819997
3529,11270,0.01409887938645158
3530,7601,0.022454472840514928
3531,24102,0.008545968031368093
3532,51994,0.017791461056880488
3533,31830,0.018952263346067855
3534,21437,0.011871960399659653
3535,15053,0.01610149763387705
3536,38622,0.012327263821494716
3537,70295,0.0064996040693545195
3538,63826,0.015646803059564035
3539,42758,0.009521628489459241
3540,10561,0.03514299929367795
3541,24222,0.020089192752170356
3542,22191,0.01540708053853111
3543,13372,0.01644116546272087
3544,35178,0.018097225226279493
3545,80424,0.010149598149555836
3546,68097,0.01417269681648816
3547,60516,0.024268430895003378
3548,85967,0.00821646117245346
3549,21346,0.015089438011805636
3550,22868,0.01444422520400691
3551,84634,0.007382498632095502
3552,80154,0.011720350802733552
3553,60627,0.014801461218858638
3554,6525,0.015989344942565674
3555,35060,0.04089350127330463
3556,51569,0.013089268213564147
3557,22452,0.027335773083704485
3558,61374,0.025134146204558866
3559,49875,0.02070698903043569
3560,59136,0.02294994571513436
3561,27340,0.011814849757208616
3562,30571,0.023645351033890146
3563,95379,0.016918512337254693
3564,66636,0.010404969841400526
3565,79194,0.010153599687531135
3566,65150,0.012708683136172315
3567,7810,0.009246217812656384
3568,53798,0.028085263586778347
3569,3245,0.01166438814445207
3570,16859,0.012689970091024166
3571,57365,0.01276410461348076
3572,60315,0.011195828629865963
3573,58522,0.022753860358221682
3574,96366,0.012854847003843426
3575,65925,0.0101013078793473
3576,29480,0.01429461432254565
3577,69228,0.01311459895678354
3578,68003,0.017705628578674984
3579,85437,0.008980165222040454
3580,19503,0.018858460154128173
3581,28191,0.02420298887254648
3582,41574,0.012534781275043032
3583,54762,0.012574243570514277
3584,4705,0.020407727726264983
3585,51827,0.02603342312768704
3586,70503,0.008833283258001328
3587,7346,0.009280750644218533
3588,91677,0.008098979785418244
3589,36658,0.008193558402696397
3590,80481,0.014830628331617619
3591,42443,0.011244704260113106
3592,52471,0.01051060923266957
3593,12397,0.006000208501115507
3594,44858,0.015368057508618289
3595,40648,0.008585839703460534
3596,57508,0.027431907981820502
3597,52347,0.014442406057884776
3598,24979,0.013747973046421594
3599,6920,0.019783354182890726
3600,54957,0.024914013167109228
3601,79181,0.024702574175422223
3602,26400,0.012428832063056134
3603,55318,0.009185750198762176
3604,75298,0.006273741794256006
3605,56048,0.02072249164218192
3606,69843,0.008021141008920242
3607,15764,0.015276290639917423
3608,34094,0.04722037380552159
3609,34890,0.009025601780587872
3610,86404,0.008517899802304697
3611,424,0.016506040760042015
3612,11999,0.00694523801044393
3613,17734,0.010553237362264035
3614,17717,0.027270794833642132
3615,38506,0.01060795867030023
3616,55738,0.007397098093437903
3617,99545,0.011812325089047249
3618,52841,0.011884659630341184
3619,848,0.010209678198882216
3620,24226,0.013246852984855447
3621,43147,0.0037514153727336887
3622,41409,0.014012895121794166
3623,81847,0.014580081107981783
3624,23427,0.02329359243921795
3625,52236,0.0155177775041722
3626,13807,0.01901341161308659
3627,69198,0.019370368995720692
3628,15305,0.012694462728818624
3629,26741,0.03169004123048174
3630,56696,0.04386545785739734
3631,60487,0.013046584211675382
3632,59017,0.03686971856100248
3633,60969,0.010311443488260717
3634,75120,0.02164321936526463
3635,76133,0.018981557276571793
3636,8711,0.011514233924852296
3637,93577,0.025446849170436114
3638,33924,0.013288837032647315
3639,21994,0.011628229978489255
3640,49588,0.010858365155712306
3641,56066,0.009620020437793843
3642,36185,0.01812044138643595
3643,74522,0.015396075754969827
3644,45934,0.012771323561065804
3645,16725,0.013472803552660645
3646,94838,0.03188538034040156
3647,50173,0.019242457690803433
3648,90533,0.010480741778014313
3649,68422,0.019601541232879015
3650,38505,0.01648201847853322
3651,34380,0.008428023648105177
3652,10768,0.014985405642089254
3653,97763,0.01274862504211606
3654,1129,0.015841401036675633
3655,50272,0.01006796429025282
3656,96520,0.02293973246227129
3657,60668,0.011050761448047414
3658,32241,0.0069391084971785096
3659,61356,0.021275059184725977
3660,85463,0.0071586817078367814
3661,91100,0.004803100084615596
3662,34737,0.02388606805843616
3663,25751,0.009587931663090563
3664,72881,0.0145987914122137
3665,91481,0.006032993766671675
3666,35946,0.015754409933464747
3667,99059,0.0062163100871162735
3668,48741,0.015834096962985267
3669,60360,0.00862470977761413
3670,39884,0.008959210317522715
3671,35595,0.012462863884170436
3672,54959,0.024764882022311595
3673,80859,0.012151723588012753
3674,21757,0.008361445312353513
3675,47427,0.02517162524863266
3676,734,0.01426202582827029
3677,21236,0.020676280742913302
3678,65274,0.014908913074478392
3679,92451,0.008466539720586478
3680,30234,0.01096268848125268
3681,67863,0.008719357301129663
3682,98670,0.01989950156288107
3683,69510,0.013347830697376656
3684,16296,0.01310078724464763
3685,80780,0.01148636161295903
3686,92886,0.025972516432931667
3687,22668,0.014581824737067213
3688,18946,0.013045730128286137
3689,87793,0.014459847059476272
3690,58869,0.009528833828650511
3691,87751,0.011553770318953625
3692,29117,0.009386126768262849
3693,28658,0.006794710244184179
3694,26412,0.020946538340865403
3695,61712,0.008385211464946113
3696,15642,0.03141209245906133
3697,66482,0.01940969689206857
3698,42429,0.00749047536704109
3699,38406,0.011861458711846344
3700,41819,0.01043022594380422
3701,75620,0.012565212473251767
3702,69404,0.010743137395299486
3703,27346,0.023934288445542656
3704,40143,0.014014567535323735
3705,44621,0.006746249905957366
3706,64287,0.011722779703376126
3707,12655,0.016632780770012765
3708,45804,0.008349649419651611
3709,64137,0.020839540676708592
3710,75841,0.030791722062717554
3711,59351,0.005901208360080762
3712,73621,0.01748401837209507
3713,15024,0.007217772382573833
3714,43434,0.01613235028164953
3715,51891,0.0116862484789236
3716,15746,0.008924466884994323
3717,54380,0.0070470354793073465
3718,82567,0.011759880773940986
3719,37283,0.011350772948328145
3720,69842,0.012203814047702082
3721,22883,0.015029380607043934
3722,72528,0.009488750864704283
3723,3563,0.010833491889612754
3724,1779,0.007193382020059893
3725,31388,0.012534467582629787
3726,41135,0.002450306706556359
3727,15993,0.036739306735759744
3728,33157,0.014183693425079578
3729,95541,0.013035335125266473
3730,11752,0.012358422553025293
3731,75749,0.009172713907144192
3732,84268,0.031630687407007634
3733,37478,0.01307014094499062
3734,77208,0.03657394955518235
3735,50751,0.014286137097950846
3736,98983,0.012098493099502087
3737,367,0.010537792260034828
3738,27693,0.014016350004028573
3739,44869,0.022160226181696472
3740,79068,0.014846054591747213
3741,5991,0.039165290177215255
3742,51307,0.011816136038986125
3743,11291,0.005537977717234625
3744,61274,0.026996242266157384
3745,63623,0.007055005445837233
3746,90192,0.016254633212093233
3747,72020,0.01167634176101293
3748,20002,0.01710156588660182
3749,36254,0.028210734323780313
3750,24972,0.010126882695099943
3751,61384,0.01079216708198205
3752,40615,0.013038088401201475
3753,93303,0.012151177151447224
3754,13394,0.008730670145991024
3755,60532,0.02113390422614715
3756,79711,0.020252393153163937
3757,50713,0.017241368917190317
3758,295,0.015638941544707713
3759,58811,0.014881529601948587
3760,35,0.03338124977573211
3761,66407,0.015830006233277058
3762,95719,0.03763395714719141
3763,19176,0.01705900887084201
3764,1028,0.0169325567104454
3765,56887,0.010067900801600704
3766,21038,0.01681600643611804
3767,26126,0.029802767515251904
3768,10941,0.024926209881041814
3769,92420,0.009777544198421813
3770,4671,0.02418549394800118
3771,25732,0.014289429477721124
3772,68121,0.010332151621762799
3773,66308,0.00982314135911211
3774,12631,0.0236470316565742
3775,94414,0.015574415280803262
3776,64336,0.013060710284536417
3777,27273,0.023931495496961885
3778,44939,0.010512738540478524
3779,29608,0.014463673406297572
3780,63134,0.023783329479462656
3781,16508,0.014333666079472328
3782,57214,0.01557992305257197
3783,18280,0.013779503747474725
3784,69732,0.0054944499312608586
3785,93767,0.03562408913106864
3786,58187,0.01179623959069889
3787,17536,0.012490182348457852
3788,45055,0.030476132137397596
3789,96335,0.016071941155222688
3790,49326,0.0095312801436419
3791,89399,0.007048640564168448
3792,99984,0.03945005188590036
3793,7101,0.02926478998848209
3794,24786,0.008865450254333034
3795,96544,0.011614193526084397
3796,70440,0.009121063465623261
3797,34579,0.014560433201331494
3798,42617,0.014646459231767104
3799,78147,0.019230940110167363
3800,91487,0.016611722718959852
3801,72697,0.026888956927148006
3802,91983,0.019880704134874867
3803,92838,0.011013992231036227
3804,16190,0.016462523915210123
3805,41097,0.03816174749576286
3806,29585,0.01491031067206163
3807,80478,0.008641870232218803
3808,2533,0.011325130835776125
3809,84493,0.045884893004422805
3810,28225,0.009625013602044723
3811,8917,0.01284932504321009
3812,10073,0.012587870355387897
3813,12353,0.009319090812826832
3814,55422,0.030046961505577934
3815,52433,0.026788321090336336
3816,60483,0.015236238871235345
3817,93177,0.014590149968516887
3818,43190,0.06261706180969481
3819,13437,0.007076575843050132
3820,41541,0.016725248073337286
3821,26730,0.010141653640370915
3822,43416,0.007663327435191185
3823,62211,0.01947485657259338
3824,9198,0.021544948875872355
3825,65684,0.010831766805506645
3826,61050,0.03177614526588041
3827,39666,0.019803611829859454
3828,16799,0.015879647461169395
3829,77032,0.017450289274619914
3830,57880,0.009803678879699873
3831,16111,0.01118503093742082
3832,11308,0.008325388605159195
3833,23996,0.015384804237422691
3834,32983,0.02043045154529866
3835,80074,0.025931284093604113
3836,73598,0.012970527367089943
3837,85661,0.014446267943842291
3838,92278,0.011282544787960232
3839,16677,0.009200991579941151
3840,56421,0.013611318432647894
3841,62269,0.009308940429933094
3842,65678,0.007228088480708144
3843,9356,0.021964511749005763
3844,99569,0.007673093303349402
3845,52438,0.007919170602524495
3846,45966,0.018458282260714647
3847,11225,0.016597624206479283
3848,89905,0.028083507670975026
3849,27401,0.019309340471651025
3850,40928,0.017991493432142687
3851,14712,0.010770556646607688
3852,36126,0.01966935508992628
3853,42742,0.012708398006176165
3854,26626,0.005992761003332621
3855,96480,0.020305919638902097
3856,19650,0.022952456813303827
3857,59900,0.024526213153844366
3858,70346,0.009194566767145914
3859,80755,0.01704456198983608
3860,99544,0.014857958830492346
3861,65731,0.012561911497886692
3862,69669,0.034404601156803646
3863,19392,0.008020395327860474
3864,89149,0.024781717211300448
3865,42625,0.009080528343635352
3866,19854,0.017578670896290317
3867,21866,0.01675244843329658
3868,35309,0.00795987369047153
3869,48230,0.014727280838611669
3870,95061,0.013568063485156517
3871,62062,0.014033798370398662
3872,74280,0.010396831461787503
3873,15134,0.015012269113826023
3874,45593,0.019110301380923206
3875,85533,0.010683283040722942
3876,86771,0.033391588895395494
3877,58674,0.016396571399650468
3878,88067,0.009268972546372465
3879,81004,0.020518542105837284
3880,1477,0.018406898386068613
3881,3004,0.018192671994596617
3882,83246,0.011876902215664441
3883,26685,0.010396355372196839
3884,87968,0.010629221733046873
3885,94870,0.016478976968858486
3886,18904,0.02052144758665715
3887,90042,0.006479574964486293
3888,6044,0.011049158800824582
3889,47389,0.006666800795729034
3890,77658,0.005251417266415007
3891,53732,0.008027750493780508
3892,84018,0.008108401869152137
3893,4341,0.009876033057266883
3894,17040,0.02093689072450748
3895,81241,0.01526579219732422
3896,36422,0.010334258867494128
3897,65066,0.021060609135575125
3898,95194,0.010617765018088143
3899,56571,0.02058103508463179
3900,22906,0.010944309895877687
3901,17373,0.017379324002998568
3902,35131,0.017109946090617712
3903,89507,0.005213546609562916
3904,352,0.018697706231302454
3905,84726,0.010857133735739297
3906,18583,0.010163146241187096
3907,50053,0.020632252216731137
3908,38316,0.009639314323684242
3909,25809,0.01485528713362907
3910,2412,0.006007401852988
3911,38211,0.02141137035344262
3912,42838,0.010330711292559741
3913,53656,0.011523405351645496
3914,83408,0.029318019038260642
3915,55005,0.01197766968280029
3916,84819,0.012849434101777475
3917,1592,0.01124672077003205
3918,48266,0.00950630180895451
3919,62757,0.010088475567309064
3920,9975,0.010942761437333684
3921,73707,0.006700301759065666
3922,20562,0.009609252482716827
3923,57071,0.008997932988397687
3924,33140,0.01774545567356522
3925,63314,0.011732124531521993
3926,69450,0.02046189177289596
3927,93881,0.011073964826631612
3928,20647,0.013613389860570344
3929,28937,0.00889224570697014
3930,95382,0.009548577474381523
3931,67034,0.016139689808177038
3932,10219,0.017741427944432397
3933,34183,0.007329890062076974
3934,33485,0.021428137614005575
3935,27344,0.010161046848478274
3936,71865,0.009861773053344815
3937,36131,0.0059409713718574725
3938,32782,0.013239953411714354
3939,1953,0.019219915375409433
3940,39570,0.0322835431171145
3941,89569,0.034201504840926905
3942,29227,0.035964222776641255
3943,97989,0.019909067715831043
3944,26411,0.009840495184567043
3945,63091,0.009570810251321674
3946,34946,0.02611400357300914
3947,97852,0.009571227576350542
3948,39774,0.009897523784100849
3949,18422,0.03128827095568795
3950,66035,0.015054555035377901
3951,50094,0.02062063968041767
3952,33187,0.007412890708940453
3953,23420,0.014431227778403548
3954,48231,0.016952134414162975
3955,26688,0.026235792891588113
3956,87101,0.018029259771528684
3957,51220,0.006775842263935428
3958,9047,0.011617282816594493
3959,56749,0.013910758470202508
3960,3639,0.009605842444856823
3961,2443,0.014382969704026666
3962,64564,0.012281720642291133
3963,20497,0.018988154284155748
3964,59896,0.009211282658016141
3965,38152,0.01535173724645865
3966,19253,0.016236253469361632
3967,4101,0.013941787715299997
3968,43117,0.04021609433953019
3969,80820,0.012476462269702693
3970,99795,0.016235101491498177
3971,71946,0.008873390043369228
3972,72531,0.01208225394128276
3973,54040,0.012106029785839967
3974,72595,0.011866682296045617
3975,42941,0.01748745250174921
3976,44451,0.010156105189538502
3977,30763,0.030523784060669447
3978,41473,0.010393329580877719
3979,52627,0.014692250877616508
3980,25697,0.03909886140215627
3981,36177,0.010191263237222182
3982,96377,0.04048844453169196
3983,84785,0.011817816131287335
3984,28785,0.01368747064994331
3985,60408,0.0048340895457258766
3986,40385,0.010803873336490164
3987,2,0.020679247554097273
3988,53903,0.013081350954705695
3989,26322,0.013213299401023466
3990,76821,0.010654829050171446
3991,13136,0.005828616883584095
3992,9283,0.0186853607036703
3993,10443,0.023427357857100692
3994,24152,0.009684152011960625
3995,33373,0.009466046886678035
3996,38870,0.038836605568934535
3997,83991,0.016771373254360043
3998,2403,0.024644730223167162
3999,41034,0.03142577465991016
4000,95290,0.022960614946630764
4001,22962,0.013679040954688363
4002,24930,0.034884103539781754
4003,60245,0.01516580403746662
4004,6773,0.02677789530546489
4005,94113,0.01975002245971742
4006,52218,0.023156755649535433
4007,20275,0.028030807932064174
4008,24258,0.013542650554753125
4009,11617,0.015241440081323658
4010,45148,0.019273424075601897
4011,87492,0.009970937696454114
4012,78092,0.012117798914659849
4013,57100,0.011799721524400994
4014,41579,0.014578693701473829
4015,45459,0.03153514941784044
4016,73798,0.009030846006036632
4017,52275,0.013322222141672196
4018,59340,0.009587184998266862
4019,984,0.012829923961950034
4020,63224,0.020641761285030754
4021,34231,0.02665857681568472
4022,96910,0.020567459014293653
4023,79294,0.024550759208539108
4024,1162,0.014075820346952251
4025,54243,0.026959170675954793
4026,89846,0.005504889720639084
4027,62007,0.010962571283120028
4028,77366,0.00960729651615576
4029,37197,0.007198838133161152
4030,63547,0.00912634907297519
4031,63315,0.008391995604387989
4032,43521,0.02842917624128379
4033,46444,0.015303416602619972
4034,5044,0.010088392149257271
4035,32111,0.010679999264818628
4036,24625,0.00873375023155214
4037,99261,0.017321042917462174
4038,22108,0.012033198082778165
4039,6159,0.00853192736996776
4040,36147,0.012195293887617264
4041,77538,0.009526370492689094
4042,46378,0.014125357998819945
4043,53433,0.030896842154061827
4044,93493,0.01195908571523783
4045,67764,0.008779537282913096
4046,99683,0.010510348779267473
4047,35254,0.009159066018009872
4048,69145,0.009682725651631004
4049,73379,0.01674605283481764
4050,71530,0.007707824957984588
4051,30264,0.021268866720845426
4052,44777,0.022946663488188315
4053,85188,0.015348211107201791
4054,94577,0.012033819606612655
4055,46757,0.01820515763011782
4056,43,0.01492998405690086
4057,25802,0.02207508557723356
4058,1785,0.01537273724069237
4059,40168,0.023571795293636084
4060,12681,0.016916589145233554
4061,25395,0.01056231579078976
4062,1314,0.0271272222391223
4063,40721,0.012471856194006311
4064,85334,0.0223930266275459
4065,77989,0.012635755062520185
4066,74635,0.022075498722055897
4067,97600,0.012249733020162731
4068,48834,0.022049079411982347
4069,77516,0.02322297881233189
4070,34789,0.008347701064517793
4071,36370,0.007642345444028542
4072,73387,0.024264277679250074
4073,85390,0.025519808486682095
4074,16756,0.01210199761787906
4075,67190,0.011370270779026902
4076,21730,0.017525124264824634
4077,23630,0.025651976501099696
4078,92744,0.025919180536975266
4079,77216,0.01900905322545074
4080,28490,0.009746676384012996
4081,33527,0.012626230328314555
4082,30391,0.01224775925467609
4083,26113,0.015249685103805402
4084,39898,0.012741097531646041
4085,45587,0.007423180212430827
4086,87737,0.017793067298260096
4087,35725,0.02640025086335492
4088,26583,0.02510375288783985
4089,91703,0.011263041115848492
4090,45642,0.0138957557904366
4091,11801,0.01101186588270199
4092,36453,0.01081414364235154
4093,90767,0.01317995156852241
4094,61947,0.017777924964633686
4095,39717,0.01852943038740174
4096,7169,0.012380986211232282
4097,38806,0.04507257264247844
4098,63289,0.007554296809371802
4099,23886,0.019194518074303925
4100,51953,0.01105692279576479
4101,82908,0.021246575387892524
4102,65197,0.009544506347358785
4103,25556,0.010910628121753026
4104,77040,0.01903614864312739
4105,43799,0.008252579741716932
4106,38510,0.018325200971140217
4107,98066,0.008709972736215495
4108,87886,0.03151606141465646
4109,50133,0.03597262028447349
4110,21198,0.013472992349253237
4111,72996,0.009869164854942752
4112,54462,0.014509311532974349
4113,68897,0.01603103487724558
4114,95149,0.0070429278741124925
4115,87914,0.013241700432292287
4116,93273,0.020917304478690127
4117,94290,0.010697536237194627
4118,57198,0.014453799863269409
4119,81893,0.028571289120585545
4120,87595,0.014158073436207121
4121,9908,0.026326401363026483
4122,26450,0.016398006191731793
4123,43939,0.01912337018668795
4124,10287,0.013405684906476823
4125,84561,0.02009211557765491
4126,81179,0.021199838461227832
4127,5609,0.028309605872163128
4128,19760,0.011272143503370769
4129,48514,0.012356162750888378
4130,56023,0.019716624723761924
4131,89235,0.0411006440112949
4132,32563,0.008718076726303703
4133,60440,0.014990375027223713
4134,85074,0.009432618026010184
4135,34308,0.013282321710386215
4136,30072,0.010668320983861695
4137,19709,0.011891803435296475
4138,18420,0.016529847110222717
4139,22884,0.008617350054285816
4140,7087,0.03200164532039381
4141,80238,0.018058812988377717
4142,35263,0.007969269391476911
4143,98018,0.017126100957547564
4144,32951,0.01836637377164213
4145,57739,0.009844597618024193
4146,59218,0.011213787632668136
4147,99250,0.012951184606103805
4148,47977,0.02013358443529924
4149,80177,0.017192759049839863
4150,24200,0.015617246078260384
4151,79047,0.03270787830551693
4152,50802,0.013147299152669007
4153,44089,0.019508198546912926
4154,15798,0.01732765673817337
4155,71502,0.01155381658190804
4156,90760,0.014479812359549517
4157,19473,0.01567540757770015
4158,84400,0.008584594491749586
4159,78621,0.012120592956128747
4160,47597,0.010792138564815
4161,83124,0.023955780117458567
4162,92774,0.022229641394159762
4163,56117,0.009363444833067456
4164,65065,0.017744192652364873
4165,81974,0.026864772420885592
4166,90023,0.015854889503940314
4167,55849,0.018247918700039667
4168,99793,0.028661460119968115
4169,40779,0.02028157124051741
4170,46914,0.02934789226149995
4171,71453,0.006278024915988028
4172,98628,0.013088314713500568
4173,72028,0.014073687164412657
4174,44486,0.005799312140478878
4175,3855,0.01430118519430762
4176,88725,0.008548220659976942
4177,55045,0.010102638235516968
4178,89849,0.01863463848558363
4179,90512,0.012209256566894231
4180,1716,0.01641120553922011
4181,75387,0.010119441324830133
4182,20291,0.022671632154651285
4183,63884,0.01597991915122165
4184,21618,0.009955390566786286
4185,91727,0.01035323408481634
4186,65179,0.017755136820933742
4187,23227,0.014914400516555293
4188,78970,0.03433854525287486
4189,69978,0.010642366839424393
4190,26866,0.009545412834341377
4191,75738,0.012360998844847594
4192,80491,0.017091242353308972
4193,72756,0.023401110998937588
4194,29906,0.015808772629168334
4195,52102,0.009910661794494574
4196,9823,0.016067242485059825
4197,3159,0.02223582758813192
4198,42206,0.02331930869316964
4199,73988,0.007751852171469042
4200,50192,0.02768038233391049
4201,22647,0.021490245351120846
4202,26028,0.01612390633651881
4203,75238,0.008393963870410647
4204,17582,0.00633475765386997
4205,34594,0.007616493978226392
4206,69229,0.02891058286761554
4207,83082,0.00852476894251563
4208,67814,0.10438040899202454
4209,9261,0.033443666392932114
4210,2527,0.01822442294499818
4211,99917,0.01735761466236162
4212,98443,0.005752198999091895
4213,40326,0.020521666764562307
4214,44988,0.008051793323346683
4215,71613,0.007951005750822061
4216,66679,0.012108461474207114
4217,81376,0.03391368595502037
4218,45897,0.010572156690573379
4219,60880,0.015295202137818594
4220,46736,0.011845223306188032
4221,44241,0.02064846119498149
4222,77338,0.010354579412648366
4223,8380,0.01699545237345283
4224,27627,0.011498361221063446
4225,12185,0.010194477161125995
4226,85484,0.01332636630537272
4227,76024,0.011223405927649354
4228,54208,0.010037723419410258
4229,2915,0.011177735705740406
4230,40096,0.013973943892886965
4231,76100,0.010788419758306371
4232,23698,0.0185976849953074
4233,6429,0.006262180646495052
4234,1141,0.0250071932880659
4235,62727,0.011112975234004266
4236,95055,0.025228286838576808
4237,40457,0.011967737019802013
4238,28260,0.019933160072600473
4239,39885,0.019430105323501652
4240,3267,0.01671150157681465
4241,63196,0.026212049868357998
4242,10180,0.016264104106830837
4243,82331,0.013483463322510766
4244,52429,0.007378622243463914
4245,88114,0.01124085165716754
4246,25994,0.01138785810797349
4247,11889,0.00872894558359743
4248,36964,0.01223694053907291
4249,73119,0.018042496732254734
4250,83427,0.00938074267455262
4251,45219,0.01046403143439311
4252,30031,0.034875846636803855
4253,50991,0.03250449433440694
4254,9927,0.010015282581966954
4255,25351,0.013784238000838347
4256,84406,0.01408673611836126
4257,3447,0.011851826625556446
4258,89654,0.011740149795087623
4259,73862,0.02814680796918518
4260,7905,0.007273836820519419
4261,98829,0.0121427713328534
4262,95664,0.01571543722699086
4263,42485,0.00892330859215412
4264,16191,0.021227710434499763
4265,35483,0.021572545259594816
4266,92063,0.01852966050518403
4267,93002,0.02407093706523046
4268,26550,0.018269211438541603
4269,3934,0.020358358542404368
4270,39963,0.012031696216294342
4271,38302,0.019564535444999986
4272,95663,0.01233490644557372
4273,20023,0.010402972507858368
4274,88486,0.01018474983839374
4275,35365,0.00922016847601746
4276,93334,0.01385373448417344
4277,82505,0.01206418811340076
4278,72424,0.00571003907693191
4279,61430,0.01800217909349613
4280,88076,0.0037166555866581796
4281,7530,0.011606980486318526
4282,72838,0.036723257272195664
4283,2971,0.01668477397547384
4284,13288,0.007565269824958463
4285,14912,0.01122938305972987
4286,9685,0.013275494164158417
4287,24836,0.013705870250912789
4288,21697,0.011750555454878393
4289,96395,0.01725231922414859
4290,35338,0.017674577446779957
4291,63183,0.005917871429346784
4292,88866,0.005203755785396483
4293,74440,0.01024422683193943
4294,96425,0.008741990214788284
4295,52123,0.009002332490473268
4296,85866,0.02428977046578172
4297,3145,0.01317309283305412
4298,23233,0.010810586995468413
4299,55000,0.01323809466054511
4300,42174,0.016802958692164232
4301,60449,0.013172780415623461
4302,43028,0.02086199312008378
4303,56350,0.006691846455494056
4304,58448,0.009675614547580999
4305,97408,0.01208889225556671
4306,94868,0.00750131718455134
4307,36679,0.019590296587834444
4308,67023,0.021413787324848794
4309,13062,0.006964823890194835
4310,82801,0.008937865385893648
4311,64191,0.020434530421482196
4312,61101,0.009930567690711569
4313,22219,0.03085658312531638
4314,35265,0.013614274410677057
4315,92566,0.009444588550242916
4316,98457,0.018919219578570887
4317,44082,0.01563908581644639
4318,43877,0.011162191531491507
4319,59026,0.011610631998428255
4320,75756,0.02057783084217746
4321,32870,0.01810200685607321
4322,48712,0.06645310229528902
4323,98051,0.010230924857278785
4324,4051,0.024211604087107715
4325,78539,0.010096604243020722
4326,16471,0.019176778647566894
4327,280,0.014857932605732833
4328,73604,0.010108218841332095
4329,19124,0.03304495778691126
4330,32054,0.010007965851077848
4331,49128,0.011416209660555919
4332,19779,0.009827117628563711
4333,44510,0.013652125053091109
4334,94659,0.022435399691679663
4335,34416,0.012720894609539617
4336,50301,0.021474393421587155
4337,20295,0.011444097294635329
4338,54229,0.009752250349709644
4339,84432,0.0171829690626925
4340,16565,0.028668686190967782
4341,64847,0.018598028506775704
4342,50003,0.021797607519327335
4343,68523,0.011646464028797442
4344,32909,0.03920225115952748
4345,94397,0.022054612570316247
4346,44950,0.0022268575477618867
4347,36617,0.008075713133911143
4348,77462,0.016507258066063363
4349,90936,0.010358626133991702
4350,41317,0.00840313095463636
4351,75153,0.03341429087728187
4352,31653,0.015028283987397782
4353,16820,0.014094189458600371
4354,32245,0.024216620221894653
4355,97873,0.018962095644718083
4356,91277,0.01334687870844387
4357,32775,0.02855465947148846
4358,13140,0.02184444582200039
4359,70793,0.019553697746999815
4360,97369,0.011994607303558698
4361,55876,0.011925379410617982
4362,19747,0.031942856710894876
4363,69205,0.012169144898279747
4364,86283,0.007343204473879801
4365,70709,0.02233032974990514
4366,73761,0.025755689912613063
4367,30800,0.018611867867417167
4368,23046,0.01216804570907728
4369,80805,0.00904445361108653
4370,68015,0.01589755755350554
4371,80519,0.020505441458799144
4372,28622,0.017194690983495832
4373,92254,0.01678667710444959
4374,80484,0.014271105063986328
4375,20084,0.010187095988086283
4376,10522,0.023543950927085874
4377,60633,0.010550230877937657
4378,68636,0.01118792374360741
4379,87001,0.016239177375924695
4380,23828,0.009876774145645058
4381,26029,0.011324689310026816
4382,87496,0.010165059622979866
4383,97697,0.023172859009803405
4384,91488,0.013174721926488244
4385,94856,0.015960474818363192
4386,64078,0.007217586046758202
4387,4981,0.017299944758932633
4388,89656,0.011403778654257395
4389,88627,0.028900706053386675
4390,28145,0.0186817385372181
4391,30700,0.02507358729985387
4392,78626,0.013979946967965997
4393,30549,0.011993643366860486
4394,47190,0.029410304178586772
4395,46881,0.012102468949777855
4396,44720,0.01980451908585981
4397,68486,0.007992714310538954
4398,10697,0.020504036651253915
4399,75116,0.0193910134691245
4400,91244,0.011120975730790728
4401,78423,0.0091300235575495
4402,39511,0.010122687755665926
4403,44847,0.012875775423965835
4404,20050,0.00938610364141302
4405,66384,0.029725537376019913
4406,26862,0.018736982696384647
4407,37594,0.008982010054078388
4408,56378,0.020616247682171365
4409,16807,0.012164336417127183
4410,49200,0.029789192721251388
4411,36094,0.008572603755529712
4412,72167,0.012876567426275687
4413,97000,0.01368989436580958
4414,93398,0.008865541564408136
4415,73091,0.01749684339619782
4416,99337,0.012795890355338868
4417,85358,0.017754729282668014
4418,11470,0.010992663307934317
4419,79021,0.008239461039356919
4420,73722,0.016767857203141175
4421,5879,0.016707254550460526
4422,98369,0.015373113506256208
4423,48908,0.02299141926465149
4424,56905,0.02740823487103016
4425,57643,0.009865761644124909
4426,76225,0.026090239543839856
4427,6551,0.02057991102521045
4428,22934,0.015967376121023585
4429,58595,0.0107734232399713
4430,76094,0.013946386715741938
4431,72086,0.008135129819744836
4432,26434,0.009402277270982142
4433,75094,0.027828627700962123
4434,29451,0.014247170764740344
4435,39915,0.0075816866585700455
4436,82358,0.01765068082805721
4437,29066,0.050266980599024146
4438,29702,0.011152649468967778
4439,34286,0.014310350899505438
4440,72452,0.021714535331642196
4441,29072,0.021380208988436053
4442,14419,0.0096820515585383
4443,66426,0.006899897861528386
4444,69210,0.007639138338548591
4445,17508,0.013690500477993802
4446,28795,0.0065722272521948535
4447,24745,0.015364670680041631
4448,29547,0.010919265531057633
4449,5098,0.008877178116962776
4450,93582,0.011839358155180835
4451,46314,0.019184038440439165
4452,12679,0.009224398948491235
4453,229,0.017117287426090897
4454,8488,0.01185263806362363
4455,73731,0.010330048690248134
4456,73912,0.022697720848786792
4457,41799,0.014740484897659296
4458,42149,0.01035392377956047
4459,90939,0.042257742981349836
4460,30294,0.014408497971545343
4461,87668,0.02103826709527918
4462,34276,0.01768286142609448
4463,53061,0.019469833393839734
4464,2719,0.031551600894059284
4465,46940,0.014115534996358502
4466,74757,0.011734468807662483
4467,58719,0.009420333682547388
4468,40921,0.016355836645147503
4469,1880,0.04626620008148693
4470,24995,0.006965861660370745
4471,18001,0.023831366010092635
4472,77096,0.013047974805715594
4473,42185,0.013305016382694754
4474,45808,0.014369692911351456
4475,72906,0.008965386094058683
4476,57689,0.017025903670138978
4477,73548,0.02393209139602038
4478,7687,0.012105163742260353
4479,57475,0.020865074162240756
4480,70446,0.01867392614750299
4481,16573,0.010416472081143513
4482,51103,0.02443920067059596
4483,99011,0.017559591045766213
4484,5321,0.011049470161304744
4485,44268,0.03532915202190633
4486,29406,0.024510108415143273
4487,15436,0.013518706753699301
4488,2002,0.012794887185297133
4489,75978,0.01315959957502193
4490,69429,0.014388076986138722
4491,69512,0.022368409919998916
4492,89652,0.014884674980867684
4493,34952,0.014938752204758463
4494,8611,0.008242796880185735
4495,19619,0.012003456805323975
4496,84810,0.021998773404321922
4497,11287,0.009143562468510745
4498,21417,0.02607314252858422
4499,66783,0.033443556484986536
4500,92258,0.017586802981480968
4501,32088,0.023570995111672478
4502,78696,0.01291778764363629
4503,51489,0.013118426452683341
4504,15928,0.009436384479522431
4505,83871,0.006728323321874915
4506,21873,0.01659796634289301
4507,41750,0.0087604849199263
4508,58535,0.014555675543212493
4509,4694,0.006601595968547491
4510,85175,0.011320469519481005
4511,45319,0.03922891049303392
4512,96228,0.011923557903452633
4513,36236,0.011401884649056643
4514,15223,0.013428831565835912
4515,29313,0.020045961958563462
4516,23318,0.018065935225388782
4517,75821,0.012540962555070354
4518,34983,0.006583243745767072
4519,91473,0.023085636748927687
4520,30964,0.015005495810050647
4521,70744,0.008181431701379624
4522,27436,0.010337431058748282
4523,37466,0.028690558855888393
4524,32183,0.020287225472176654
4525,47537,0.012459378936070915
4526,53652,0.026293135174443753
4527,9784,0.021150335367107254
4528,25430,0.017564362476393845
4529,15801,0.018698192180623144
4530,16887,0.01482733540365129
4531,83775,0.00786691545295276
4532,35191,0.026978841835754518
4533,80206,0.011922863841920489
4534,60632,0.013217178427501534
4535,78846,0.027470098492064172
4536,12357,0.008355571521411583
4537,44016,0.027318687644749706
4538,43908,0.006936258282439972
4539,7901,0.025732189959949185
4540,1561,0.00739261477093784
4541,96200,0.01873428488566148
4542,60406,0.018488873401544124
4543,48468,0.019309167941250253
4544,73956,0.012575147260098566
4545,93672,0.016819611877342742
4546,31170,0.0133656705969597
4547,84141,0.020269595996123782
4548,55094,0.010787082242314054
4549,15107,0.02477773320929137
4550,660,0.021565351304029833
4551,87183,0.014570115661339332
4552,64875,0.014074859227986212
4553,86304,0.021570800393887105
4554,85204,0.03616347583474031
4555,33,0.017251706403177386
4556,547,0.017289436355779165
4557,46377,0.016696036155034885
4558,56295,0.021630962217414437
4559,59877,0.021484182191214656
4560,41798,0.016432890460160048
4561,19027,0.02663978271812684
4562,963,0.012834529754543402
4563,76007,0.009393940441944871
4564,8058,0.012051541494940886
4565,87144,0.011582208052603502
4566,34934,0.008260838290362147
4567,53453,0.032528823647777566
4568,75745,0.016472942955878624
4569,4149,0.009815953906805532
4570,97479,0.007382230174812933
4571,78017,0.016117807167619833
4572,97561,0.022808678770504534
4573,21603,0.011148953392453257
4574,38349,0.009609443500785717
4575,92247,0.007660702906735237
4576,91072,0.01971124680689438
4577,48453,0.01942922886120839
4578,58054,0.012090327565077101
4579,75143,0.01372023992298614
4580,36319,0.010021937516928984
4581,41304,0.009550692240884485
4582,54913,0.01427781553598757
4583,30657,0.013023075349077665
4584,47366,0.01303914361577219
4585,31304,0.01078254119619379
4586,96169,0.009373034786167807
4587,84440,0.008955650947900698
4588,96227,0.008581873178829939
4589,47237,0.00975645163169164
4590,71317,0.015289496670420835
4591,84210,0.012441553115160285
4592,94159,0.016428575945821314
4593,60451,0.008994938497103852
4594,67794,0.006114807683055892
4595,56057,0.015371523859897485
4596,22819,0.017602478628135285
4597,17427,0.008206019665948815
4598,98122,0.0223612627657039
4599,20569,0.007527651278755372
4600,1002,0.01149490202066583
4601,31698,0.01228086494374726
4602,75680,0.014986577394552383
4603,91491,0.016792369742222375
4604,57406,0.0138049686412525
4605,36771,0.010944566010617716
4606,65595,0.012472159329177251
4607,74001,0.01951045828527203
4608,93065,0.012886777558550848
4609,5268,0.02022593062732657
4610,57109,0.014426829653835061
4611,95572,0.007047498257747777
4612,52294,0.008748787588656635
4613,518,0.01219887271437881
4614,52452,0.007864562301526561
4615,93321,0.005539504038244275
4616,9670,0.036800402051140504
4617,30465,0.012249107149714073
4618,67839,0.019937225269371295
4619,20800,0.011080805539551965
4620,69519,0.02091159671911576
4621,41026,0.021574102289004884
4622,70534,0.02070807223973494
4623,47196,0.019445966198237456
4624,98394,0.010811523121041684
4625,77509,0.00802381684770068
4626,82299,0.009031750340673824
4627,78488,0.01641325185514606
4628,11408,0.02782509380802962
4629,62808,0.0162049551001654
4630,84795,0.02690869193631698
4631,19496,0.011301164962926434
4632,74834,0.007720037839000705
4633,84939,0.016157084499134833
4634,65945,0.01575128485035438
4635,64848,0.011702422539116302
4636,26475,0.035209350167135126
4637,93593,0.026775420113441344
4638,21396,0.02137677553832385
4639,8849,0.037453437228837705
4640,2635,0.012550894686525225
4641,10538,0.013434642267196012
4642,26260,0.014986480149260517
4643,86070,0.012927044201367727
4644,72357,0.010437836035069724
4645,24603,0.018516585237753923
4646,42693,0.030312826383782143
4647,65167,0.009358177778671877
4648,54124,0.014156462687741157
4649,44397,0.031182370702325213
4650,47473,0.0065783859248464685
4651,66654,0.011988008936180614
4652,18717,0.012621807919403675
4653,31946,0.015130365410276977
4654,61167,0.014171409650343712
4655,67562,0.011732461706389008
4656,70576,0.014438963602561118
4657,58853,0.006732477578086219
4658,67294,0.02551814769759707
4659,62518,0.011423888657739575
4660,14187,0.009583340297050689
4661,25965,0.01773206529121249
4662,86033,0.006819080563658708
4663,1362,0.01661914418331147
4664,27259,0.016751676293529225
4665,78545,0.03533695835411599
4666,28470,0.03882732915147873
4667,74825,0.015832182865046642
4668,86108,0.010355571700102501
4669,25001,0.008136986240559592
4670,99715,0.016233072887454354
4671,92177,0.008921605286816386
4672,62747,0.01156569896782745
4673,83219,0.018380458315870124
4674,2418,0.012925780888964993
4675,47245,0.014796358311962337
4676,54162,0.014020572116617695
4677,32785,0.007085634484573075
4678,44390,0.023842247064399677
4679,56526,0.010208377295294706
4680,55071,0.009627722225398257
4681,83507,0.01722567698969705
4682,5292,0.013405961427833808
4683,21740,0.0063895924245437555
4684,19771,0.013023094317403687
4685,20911,0.009452826299815954
4686,33641,0.01377247668932962
4687,41289,0.020208323413419563
4688,68939,0.031217336034392897
4689,75503,0.006751842818924098
4690,22709,0.02027141419006008
4691,25205,0.008024356837986447
4692,33388,0.01230922850571487
4693,88615,0.01312558779718231
4694,44956,0.08518308553464897
4695,61191,0.017341506613511998
4696,92825,0.01521762103123359
4697,40427,0.019118767638302746
4698,39314,0.008908636889695377
4699,81860,0.00800288247347481
4700,24882,0.010473011415375348
4701,68110,0.015965440910154362
4702,58148,0.020077067360511992
4703,62733,0.022251594006574033
4704,66761,0.011676801218208178
4705,41887,0.010291584338627773
4706,36462,0.014388776368232973
4707,49703,0.010135705201475593
4708,38544,0.009227255981716354
4709,97546,0.00694666067643527
4710,26935,0.01295330130562941
4711,93746,0.009404201565233406
4712,75327,0.032966700342600526
4713,61667,0.01897346396678037
4714,21576,0.01585216609924989
4715,68594,0.008141477249807572
4716,10923,0.01366776929019194
4717,85055,0.016336965276546385
4718,93200,0.016316196511870863
4719,93017,0.02059920145699304
4720,79325,0.017113873960742987
4721,39517,0.01299474910866177
4722,51889,0.026602496119344378
4723,22909,0.01599011542841656
4724,25020,0.009992348261080263
4725,96290,0.020342050751881734
4726,24840,0.007879199302095848
4727,39759,0.012286303249457483
4728,4025,0.011193044247835165
4729,65535,0.03772443775407846
4730,12904,0.016460423097965585
4731,69501,0.02607599226381465
4732,33163,0.01406515192055688
4733,20715,0.011164170671028414
4734,3337,0.017900491660197155
4735,98665,0.026693387083873487
4736,98579,0.03032826330500266
4737,34,0.026540846282508843
4738,38056,0.008485062187580033
4739,14091,0.013954090410780174
4740,94718,0.031597611061346
4741,72349,0.020842428244483135
4742,56124,0.013448606341718012
4743,67758,0.01497290983322623
4744,67430,0.007752928931828923
4745,92589,0.01906401657252038
4746,43823,0.009501117167721895
4747,89274,0.017460494202181754
4748,68252,0.013769886787230678
4749,96744,0.010822755199284235
4750,25527,0.017667677938652114
4751,8409,0.022397287523273957
4752,61727,0.014754226671530795
4753,72461,0.010887226933244822
4754,95024,0.011400721461818192
4755,10661,0.01633511556207384
4756,39574,0.012333221936546842
4757,11083,0.007530824787081157
4758,36957,0.013300632775911382
4759,2539,0.017618113353925612
4760,7529,0.018652227266519845
4761,89230,0.037610702274509654
4762,95109,0.010388356039778493
4763,65186,0.008786023155926526
4764,22178,0.016690608920495852
4765,5624,0.024459580495742355
4766,74422,0.017978039703479432
4767,10128,0.016878124850486204
4768,32272,0.05006339110426305
4769,53671,0.009402197880270533
4770,73523,0.0040946541512905665
4771,3622,0.014158159881164915
4772,30974,0.04595544881052959
4773,28138,0.006916375518342677
4774,67972,0.010679130071139666
4775,53507,0.013945630788146913
4776,80120,0.009259101433864027
4777,66665,0.01023564717106764
4778,96712,0.011697006105918163
4779,22676,0.00947591530436219
4780,47692,0.007935084025970509
4781,12107,0.00649425833128954
4782,64034,0.011993317053855791
4783,7070,0.014061401940648064
4784,23653,0.014537269546105997
4785,64499,0.018000760734917166
4786,85553,0.014761165219799626
4787,42161,0.013491846422048738
4788,95227,0.01584070807099578
4789,50199,0.016677102732048067
4790,15867,0.019874379756286448
4791,13696,0.010873949813683701
4792,43392,0.010435521172790573
4793,4250,0.0282266019131737
4794,67162,0.0241722311366407
4795,80696,0.01183014435089557
4796,15319,0.012455200067297308
4797,25656,0.026555399111011152
4798,61637,0.00781770397024601
4799,78692,0.024540899323606008
4800,81140,0.014989692357279615
4801,41711,0.010253472656455426
4802,53717,0.010307942527166731
4803,92509,0.00921970377955132
4804,12240,0.02886141776079339
4805,27003,0.016047036411123778
4806,72942,0.021354929201417756
4807,18719,0.010526691117059353
4808,72465,0.030572536068722924
4809,36414,0.020945980125712776
4810,63447,0.05582847587085398
4811,14332,0.010865181299244901
4812,2420,0.009504838314190652
4813,78951,0.00947218404166748
4814,14671,0.0076562446027266095
4815,7562,0.015126780704714656
4816,93807,0.018561633297125943
4817,57204,0.01575230185696458
4818,66300,0.018898392477683382
4819,76397,0.009403962780119674
4820,3317,0.00968492351272348
4821,71277,0.021896045006342537
4822,16552,0.010743879685057092
4823,81383,0.008388528476067655
4824,70604,0.007574741488799695
4825,23890,0.008443289742990565
4826,3697,0.016297851834167786
4827,3260,0.05200758662447577
4828,75305,0.022815383970865497
4829,7457,0.009312229135041783
4830,89723,0.008711580678545418
4831,77300,0.016524304572027738
4832,54475,0.0073154843927969795
4833,7712,0.03906732787816152
4834,90797,0.016944786283218705
4835,34391,0.01795700370680197
4836,83988,0.016040290771817796
4837,14706,0.020391728246370824
4838,29733,0.019404090376594404
4839,97377,0.017770680982117367
4840,3729,0.015300630650855119
4841,2349,0.021086141643566682
4842,22413,0.02246234792487796
4843,92516,0.01731022801972177
4844,13066,0.009418450459432043
4845,59771,0.01718971189823159
4846,18019,0.023427519468091525
4847,97834,0.011169882143336696
4848,36050,0.008544080382094216
4849,80617,0.008627068043724935
4850,20040,0.010605990071770235
4851,82711,0.013611639325688553
4852,57866,0.014950624539540523
4853,39621,0.025821717071651505
4854,30737,0.018171522392693026
4855,56700,0.012581268370091776
4856,53765,0.01325741081887177
4857,83533,0.025370074008630276
4858,70180,0.02190902450102897
4859,19300,0.007636820465400493
4860,22426,0.026757887630593058
4861,95521,0.010863777267953744
4862,4094,0.007655572261304942
4863,89059,0.010128718070365417
4864,43577,0.009618275385776014
4865,51,0.012964339187854803
4866,19727,0.013622055805603052
4867,8937,0.008695902011663509
4868,69596,0.014496152733564137
4869,91971,0.014247176466445653
4870,28654,0.020056666441102232
4871,34971,0.009329365432102376
4872,8330,0.01760830697372157
4873,7801,0.008227265138803584
4874,93071,0.021879892982149922
4875,902,0.014930394673621013
4876,52251,0.014474846459385205
4877,32020,0.009393609735193913
4878,84305,0.008687939316474807
4879,13183,0.023381958333849196
4880,4352,0.010546633297152873
4881,35761,0.012742036653696661
4882,38633,0.0078821118169706
4883,35976,0.005307984939059543
4884,17967,0.030367888355985313
4885,78494,0.0205960778068735
4886,78333,0.011677379940885073
4887,93823,0.012215226213088296
4888,20524,0.014429577726987646
4889,51540,0.016097734575528842
4890,96394,0.014123453699082264
4891,14424,0.019602393539190646
4892,57507,0.014293602879450026
4893,29491,0.012884877512770974
4894,50469,0.01995081799727504
4895,2233,0.01232882694990674
4896,23002,0.024016684713623466
4897,65904,0.0061347846951574185
4898,67792,0.0156976136186728
4899,13283,0.009362720585820107
4900,38826,0.022082203884370034
4901,8107,0.019386527128705765
4902,68729,0.011028822334709282
4903,59215,0.012098762634374795
4904,60688,0.013489099069293976
4905,69273,0.01801951002821844
4906,70329,0.03374031655384396
4907,76765,0.006967830546128757
4908,41088,0.023010543875972473
4909,63428,0.017340489261692932
4910,86389,0.012147002217634813
4911,31817,0.010158379007205327
4912,13959,0.00887885039517181
4913,39534,0.02463628897534961
4914,50366,0.01608107055039864
4915,2551,0.024088923653445816
4916,85716,0.024773691347966097
4917,61735,0.019308425989442553
4918,59354,0.020619963632828652
4919,55176,0.022588842095909722
4920,74373,0.02662954637159743
4921,4092,0.01928218679596849
4922,11731,0.007576957539610557
4923,12925,0.01889048184903715
4924,56324,0.0128055870439356
4925,76342,0.012213367426199136
4926,85141,0.009778486672332266
4927,84664,0.03028931622125839
4928,86805,0.009116169279740672
4929,34925,0.007237945829089496
4930,86665,0.008108875433138927
4931,8213,0.00947752422573351
4932,56151,0.02632976376575607
4933,19933,0.013637692094745225
4934,96601,0.01023344415981809
4935,4028,0.02883414588596229
4936,84881,0.014701189382463384
4937,10299,0.014021692602362515
4938,47504,0.012835763405440686
4939,68285,0.006538644210843393
4940,6242,0.01460292448189894
4941,35867,0.0151339570981366
4942,82680,0.009647804175235329
4943,26110,0.014423071156331038
4944,15457,0.016433568244428376
4945,90580,0.01475259847614913
4946,26465,0.01568536434566909
4947,83000,0.017008722793185577
4948,8099,0.025342402429586398
4949,75375,0.011058644634637804
4950,31807,0.009748707200789545
4951,92587,0.014577196327989383
4952,29136,0.02070383670481202
4953,16981,0.009343825670052004
4954,43098,0.033122091828181974
4955,56824,0.010619408036169349
4956,84450,0.015101694998934923
4957,54005,0.02269898671112935
4958,21915,0.017114119334490863
4959,77709,0.008136077410382237
4960,96129,0.010057430438246176
4961,77327,0.022082675133967448
4962,47699,0.013211828613902528
4963,53591,0.014838925751657312
4964,17106,0.010749100743651482
4965,49418,0.015770538782281247
4966,80087,0.035677379795642
4967,83651,0.003384205318378537
4968,58005,0.018550375018654766
4969,97225,0.00956642289401708
4970,60710,0.01391862663351567
4971,28355,0.01987572382597319
4972,21528,0.026911586463193825
4973,97645,0.019244644569824696
4974,94124,0.021113104082678913
4975,40854,0.02707811782997613
4976,606,0.010471109902403401
4977,63546,0.006790578967668946
4978,32882,0.027146872418267312
4979,62267,0.027085974971778986
4980,80725,0.005878237453595805
4981,72785,0.012558216353396833
4982,47172,0.009820901099301511
4983,92144,0.021236207946573056
4984,38383,0.020627707563749022
4985,1740,0.008625721577406615
4986,8790,0.02261342856357666
4987,79430,0.011343842192132178
4988,29814,0.007122836369680385
4989,69808,0.01742365299633181
4990,75636,0.013516606837268446
4991,20664,0.015810381294909248
4992,80171,0.013554703682282041
4993,52117,0.014417566127824053
4994,76994,0.01335588223464039
4995,8783,0.01696152458478265
4996,95014,0.010422215339103199
4997,10980,0.012359501916804926
4998,42875,0.013451540548386782
4999,696,0.014008076513628485
5000,80115,0.011038272311861093
5001,16527,0.01499183310384225
5002,36936,0.01027540425219114
5003,37615,0.04360034911170266
5004,16468,0.0076714467694223845
5005,42915,0.019783999729695145
5006,4326,0.019895808926976233
5007,69754,0.012485720607022497
5008,63598,0.02435654515815065
5009,34014,0.01861505552891762
5010,46576,0.010878223707459396
5011,66733,0.020585802512944083
5012,81340,0.010859089642744542
5013,96027,0.015538747037316804
5014,90635,0.015038599372237192
5015,77886,0.014410587537616766
5016,2481,0.014379710445844296
5017,76212,0.01993203676481941
5018,18029,0.013341757669991884
5019,25935,0.027955906735224103
5020,1286,0.014917332076239787
5021,81939,0.031003979831673554
5022,59302,0.01773890685999741
5023,70491,0.00991399411290104
5024,32840,0.012046871909432004
5025,74885,0.01512515750273731
5026,18580,0.023912625227592882
5027,52764,0.01196426869654106
5028,8294,0.020241828675126975
5029,89976,0.009876291952232451
5030,98050,0.012257278848664588
5031,28175,0.015585199216797848
5032,17346,0.012388983763852626
5033,22007,0.019912769614646195
5034,70007,0.03936774880061016
5035,31257,0.009048480816570934
5036,26906,0.012070197187739924
5037,1968,0.009119419872884931
5038,78608,0.01624249633540803
5039,25108,0.015223669996538344
5040,7638,0.013820156737754937
5041,74917,0.014426946777521462
5042,88595,0.010574207178593278
5043,76002,0.02003834982999523
5044,12114,0.01808218758375369
5045,26553,0.014722479660362572
5046,78926,0.020023057666842987
5047,87889,0.013153395858065341
5048,2655,0.01659937688804731
5049,58640,0.00996016312020676
5050,59572,0.018406243968522848
5051,35053,0.011961097649622896
5052,95243,0.013019622846649141
5053,31710,0.012676168626601701
5054,57659,0.006911573814292281
5055,12797,0.011818860666916668
5056,65634,0.022139115678162777
5057,47093,0.012322368579700852
5058,31142,0.011817216014459741
5059,67139,0.024406948515322765
5060,96443,0.011030874791772928
5061,76745,0.009660261432927966
5062,45841,0.01033312213551662
5063,74339,0.019416565190448796
5064,66412,0.01244058882340815
5065,58717,0.012459756212806632
5066,18581,0.009836790143915673
5067,36251,0.0076569936999528986
5068,53895,0.013390375896818664
5069,23528,0.0119557398340949
5070,75096,0.010686734735646394
5071,93661,0.009310667409157336
5072,87695,0.01918010005800993
5073,5140,0.018617761738727454
5074,73398,0.008640709401043625
5075,41353,0.004818414083352385
5076,96057,0.012230043064701913
5077,14851,0.007631229432562317
5078,66980,0.008939081702473567
5079,65966,0.010169510885615098
5080,1791,0.018068031016975426
5081,68736,0.011498300452010562
5082,86034,0.020484404324536902
5083,57526,0.012446541132336751
5084,47062,0.014319150359848092
5085,92122,0.01114640210240581
5086,7817,0.007964111831288197
5087,7362,0.01927537612759423
5088,64236,0.009471459965913677
5089,29849,0.026234445582198562
5090,50557,0.010426643608909533
5091,23933,0.013354845826136798
5092,5772,0.007925448208763758
5093,83332,0.03895778989762308
5094,70868,0.023628713737438363
5095,14873,0.06648839063821771
5096,25868,0.013092019738086751
5097,49019,0.013277592283030049
5098,86582,0.01820151763186941
5099,47258,0.011755494551463175
5100,93681,0.006176274522592536
5101,47279,0.0222398333238851
5102,6309,0.016771379032221277
5103,24482,0.03965988760134478
5104,88806,0.054942081721966685
5105,41774,0.010023015565932394
5106,92699,0.010745371470869361
5107,93081,0.013024005674129938
5108,15357,0.009864959047470263
5109,64161,0.015981180015501202
5110,39575,0.018551700038520174
5111,11168,0.014908252464435732
5112,96987,0.010288000150889834
5113,74123,0.021429560327377
5114,29714,0.02802506534209944
5115,51559,0.03113105651137082
5116,27096,0.004784696796410768
5117,92762,0.014231053828515762
5118,39183,0.019855787673165273
5119,61767,0.020460393424656803
5120,32351,0.014640712601069408
5121,73199,0.02272586449995375
5122,98401,0.007453323335405151
5123,67833,0.026776418845902254
5124,7257,0.018806436510980924
5125,36401,0.013620217538354748
5126,19893,0.013555494112498297
5127,46980,0.012484632599323267
5128,27705,0.023568699262036315
5129,52597,0.016885880223634693
5130,57464,0.012994844607991083
5131,4546,0.019400304159936394
5132,91757,0.011560222206986673
5133,52807,0.016320713291328188
5134,83014,0.021288354198148514
5135,23021,0.007452299629020603
5136,25447,0.015898318582255325
5137,2994,0.01235385783367764
5138,74205,0.016122927134919737
5139,33431,0.018036424877668364
5140,11245,0.009641490961419967
5141,25392,0.04561457189406548
5142,55458,0.007615230475294726
5143,59209,0.008826413492161747
5144,80672,0.026021251632461162
5145,38993,0.016329502207643284
5146,18763,0.0045412762094832705
5147,5793,0.01589213300344426
5148,2306,0.007986543688941593
5149,62149,0.00979683788003589
5150,15428,0.015042389793540025
5151,55072,0.011485384253238353
5152,65177,0.019069884898863555
5153,67006,0.00963883574444745
5154,63143,0.025590473993799843
5155,64394,0.016067368428958777
5156,16506,0.010645162204876369
5157,8708,0.01596700177594283
5158,45598,0.009116149835697477
5159,83054,0.018717126177626074
5160,48324,0.017576243840359683
5161,15347,0.011415043923671042
5162,65163,0.018052858697759962
5163,11038,0.014490693166481012
5164,55901,0.021761405963782364
5165,45915,0.014021516839078445
5166,34692,0.011016236367999793
5167,99268,0.012940501395922439
5168,30793,0.01775651578042347
5169,15620,0.009893813403187186
5170,34997,0.012616349734796264
5171,92603,0.016634971561503547
5172,13505,0.0064305133022048485
5173,5902,0.02862606871011557
5174,29206,0.01708692788473208
5175,73063,0.01908969827626241
5176,43987,0.011051061823069468
5177,8738,0.02843827895461764
5178,70345,0.009769145411497513
5179,65879,0.01367306928377939
5180,15374,0.011100243579727657
5181,88695,0.008882864854363157
5182,19411,0.017002432111091727
5183,74036,0.009869584906419421
5184,3988,0.010667121656656692
5185,69056,0.01582628716558062
5186,84319,0.014173471740775944
5187,35214,0.025310987617811028
5188,98551,0.029524854412227863
5189,80867,0.013868875987246457
5190,40847,0.020628668399289507
5191,71590,0.0266720023272651
5192,95998,0.006613258494781775
5193,94720,0.010493122380786743
5194,16229,0.01080578895060602
5195,93433,0.01638840217812227
5196,34056,0.013558585933194148
5197,12242,0.014817805492842546
5198,92896,0.012426338535839491
5199,79061,0.00842452013478904
5200,71263,0.03682750336971997
5201,62602,0.010050087847740582
5202,71962,0.0163455806675506
5203,68118,0.013665968706295962
5204,26031,0.027798428953213734
5205,40340,0.009405231219965289
5206,48488,0.012836399070614778
5207,36837,0.02022545034694027
5208,66037,0.010457611929674452
5209,59585,0.008245395272562284
5210,58420,0.016940137492261833
5211,52666,0.012783186865926829
5212,37157,0.0196748708809031
5213,37323,0.06311012216555739
5214,35212,0.01080620731564469
5215,65311,0.02006763388704621
5216,30352,0.019481770480419134
5217,81177,0.0166804883314097
5218,4498,0.006193263653024103
5219,27303,0.013531397024712412
5220,43784,0.01988726013409072
5221,64970,0.008066673253189311
5222,89093,0.013288418511803148
5223,66950,0.010396306883178616
5224,74226,0.013912595855585193
5225,38535,0.008706924672622511
5226,73178,0.01539816054411545
5227,74067,0.01580741936562364
5228,13550,0.014225313854981587
5229,67853,0.006967595745570193
5230,78567,0.008389872895441809
5231,8551,0.014509072456639197
5232,60618,0.017313487731764034
5233,99484,0.02371058237708894
5234,47470,0.017399839820246527
5235,62441,0.016133322463703824
5236,50549,0.011255179218625672
5237,27087,0.01688842868573035
5238,70451,0.021211993901607766
5239,23825,0.013704440187869094
5240,85380,0.007719613673326811
5241,22180,0.007618809579582881
5242,10610,0.025437117773074034
5243,45515,0.025545981190841213
5244,91000,0.030082859564476698
5245,69753,0.03740542788079879
5246,0,0.014912253324768823
5247,41958,0.009278214443977868
5248,69119,0.024486901629433056
5249,48178,0.007181740278802981
5250,11794,0.015204710268885374
5251,35560,0.025719280828460093
5252,66427,0.015929187167617813
5253,47591,0.022986855293682853
5254,10694,0.016608772292431344
5255,83872,0.048996129025679416
5256,40083,0.018648898237618367
5257,38555,0.019294864634258765
5258,50885,0.009208024014033273
5259,84607,0.016019464055136455
5260,76880,0.009847960643788284
5261,65212,0.009290432086840064
5262,3407,0.031080518338613236
5263,46673,0.014988102325989463
5264,13623,0.016798248410721008
5265,24342,0.01155689253446977
5266,23239,0.006366858925122915
5267,58110,0.014618238984978911
5268,35742,0.014384814886810059
5269,82855,0.020546030716256526
5270,12576,0.020374940989443112
5271,98280,0.01995237330760837
5272,12778,0.006982893715610389
5273,71401,0.01578012965329664
5274,29333,0.023154409206160805
5275,21159,0.004683742974911639
5276,83022,0.007651125952503486
5277,69285,0.014417196820640634
5278,68016,0.017793493603411058
5279,2345,0.014190624555574446
5280,38339,0.01185011350556241
5281,99130,0.027717629983140556
5282,50392,0.01677017503916277
5283,93803,0.0064164255816512115
5284,12769,0.014317236270947855
5285,81047,0.00940954585509339
5286,8259,0.010465042386033928
5287,59589,0.017065473930836454
5288,34698,0.006264548916116427
5289,78928,0.01976400594840482
5290,31706,0.013371665674406924
5291,94624,0.013232983732346508
5292,68303,0.025977237542604767
5293,99896,0.016492179312443477
5294,29812,0.038279922091830204
5295,39389,0.010008898461322682
5296,7689,0.012426335631140746
5297,52206,0.013724438270268084
5298,18233,0.010353701307757354
5299,87806,0.06069631472552806
5300,10278,0.007398149849920972
5301,18600,0.019777767006392784
5302,33318,0.015805452915830145
5303,79221,0.009000410272035403
5304,63685,0.011164489097335535
5305,66712,0.016263586499215776
5306,17615,0.02315973766486673
5307,39826,0.029923321059918902
5308,85419,0.010480002758136263
5309,86099,0.017130404778434846
5310,19937,0.01773887181963482
5311,85053,0.012224950817870537
5312,55237,0.008772409840818486
5313,92135,0.01197510035473973
5314,28678,0.01909712849688691
5315,45727,0.01659388294665514
5316,18742,0.010205824797288137
5317,37598,0.009691881853244077
5318,46850,0.021277978375749733
5319,26426,0.01811400923406955
5320,18028,0.016050622505690754
5321,49788,0.010619718370887689
5322,9614,0.01646805254997483
5323,97267,0.022346756630386384
5324,6136,0.009906708779099296
5325,31621,0.013815628032533606
5326,24420,0.018260965338357006
5327,3178,0.008876188202430486
5328,46542,0.026565155604824402
5329,19778,0.022658950674481537
5330,50745,0.013284358636771562
5331,95669,0.013348589742760483
5332,21837,0.011282543697307048
5333,20,0.014543321816373508
5334,659,0.023444412134314474
5335,13607,0.012769166835076536
5336,68782,0.02860595045173185
5337,15035,0.0238222742984484
5338,18623,0.02718577608697352
5339,55300,0.012656618382727762
5340,61930,0.011417547233596151
5341,41764,0.01095029188890271
5342,42184,0.01101643662964778
5343,94387,0.02175113908497479
5344,95802,0.017946942300592024
5345,26989,0.006810043596104968
5346,67195,0.012571514302989872
5347,90987,0.007821975683583742
5348,23808,0.014221334696437313
5349,74340,0.016785070317927423
5350,76054,0.013569506050724219
5351,24815,0.013936962178646425
5352,58650,0.029114870492495032
5353,93704,0.01050337549662273
5354,98247,0.012679040614548612
5355,69733,0.017479723841379524
5356,70882,0.020452209982153618
5357,22505,0.015976499044693452
5358,64217,0.012833299828152771
5359,62057,0.00948280595247231
5360,9433,0.01585699436947224
5361,37913,0.011611052135363762
5362,8763,0.008933832461929005
5363,52191,0.008182864427628216
5364,41857,0.008232907603094194
5365,17445,0.03464700900104036
5366,29517,0.01646402717329222
5367,93793,0.008733942222044056
5368,81906,0.0099080519887372
5369,66171,0.02241716499804489
5370,46001,0.007766128220619882
5371,48599,0.00984899788044637
5372,95559,0.008759763772104188
5373,78763,0.02093542550397286
5374,96945,0.010004711110714413
5375,97256,0.006994801764162971
5376,79611,0.025287546837714735
5377,60116,0.015110428507532164
5378,30203,0.00912738239096892
5379,84965,0.009904068093635782
5380,89957,0.01920231932486847
5381,31914,0.02356436701277818
5382,23613,0.03129137294516186
5383,9760,0.021530872539939214
5384,27073,0.01597098322433209
5385,27850,0.018929585680295007
5386,14181,0.03328724805838486
5387,3149,0.0178961295064225
5388,81464,0.0164378440916285
5389,14614,0.008846466959579781
5390,50864,0.009497822155898845
5391,20107,0.011542005866797824
5392,50918,0.009675708454116111
5393,58913,0.011515964991516124
5394,39080,0.03138767344040993
5395,69876,0.0649272700298894
5396,90633,0.010016871350175923
5397,14322,0.01514563834658522
5398,85306,0.018129400215016096
5399,70271,0.018827882108047707
5400,69893,0.01354083341630117
5401,87671,0.02177040299353981
5402,98285,0.016119019433856685
5403,40061,0.024668779909785075
5404,38089,0.007741555503752521
5405,4126,0.009336454570837826
5406,95237,0.011742822752960696
5407,26160,0.010337510015513814
5408,90704,0.012884335673368018
5409,43592,0.0112990692576314
5410,63367,0.01823287676026258
5411,79115,0.01615693090052804
5412,67344,0.007338421437720795
5413,64924,0.01191934805173157
5414,6923,0.011751902349714053
5415,61461,0.015387011392957253
5416,34769,0.02507945672293795
5417,55752,0.022910950046188285
5418,57093,0.011436571639272333
5419,2988,0.00958542210467941
5420,96674,0.01087768429891006
5421,58789,0.02708960787648601
5422,7987,0.00987371720478083
5423,24937,0.009100096950522791
5424,29731,0.05051917953683655
5425,73148,0.02463692934323021
5426,32702,0.00979816877792494
5427,6464,0.006421285032458391
5428,76224,0.01341149724681922
5429,18378,0.010812449137824334
5430,72030,0.014967267702463443
5431,89077,0.010118154436055602
5432,45633,0.014956355045610954
5433,40755,0.010496379797984966
5434,31743,0.007318021107926413
5435,80338,0.01338453827037329
5436,63572,0.013607122389037279
5437,98596,0.02063752658248381
5438,33588,0.024697426329053227
5439,19197,0.010234672260685905
5440,21925,0.009459910972518852
5441,60133,0.014275367723030018
5442,71298,0.009753343656324458
5443,29701,0.013926778040385016
5444,94298,0.008396688536843956
5445,67155,0.0070837179204324
5446,58169,0.020444173343432397
5447,77441,0.009809994834283992
5448,39659,0.0404791756378908
5449,3419,0.007896515774494581
5450,5813,0.014089923009995122
5451,34248,0.010660265524747858
5452,53541,0.0146684709113305
5453,50178,0.013489530691418606
5454,85221,0.008775774127811883
5455,10343,0.011588162844351263
5456,42008,0.012045002014547519
5457,90387,0.025293203856937313
5458,91427,0.01654944298593763
5459,82658,0.010659223329579224
5460,90515,0.00761479935862915
5461,71132,0.021992483530317183
5462,24442,0.010034949477589733
5463,6280,0.010029800464894437
5464,10737,0.02663328569070246
5465,384,0.0107525620815879
5466,20423,0.014260099181734341
5467,91562,0.014714978212994806
5468,67465,0.026037090195309535
5469,24826,0.0075042451166650054
5470,35561,0.009604138038929004
5471,85872,0.018363883851455372
5472,51528,0.009766327571358518
5473,68195,0.013841925247477991
5474,80661,0.012864149482691078
5475,7882,0.009284602677316784
5476,55084,0.016589965500055957
5477,44518,0.02230401502624508
5478,29347,0.013531407096880388
5479,5486,0.014005255124885787
5480,99686,0.01602588929851037
5481,30813,0.016815824607609324
5482,2558,0.010403007421874841
5483,89099,0.030373713490487664
5484,24779,0.017306138519630997
5485,45810,0.02012383830518501
5486,87100,0.008206982176835846
5487,79461,0.010918174841775105
5488,79658,0.01680287897010389
5489,13018,0.015494502823753378
5490,42276,0.013528988585398376
5491,7262,0.009553342790615482
5492,16274,0.027321187344418442
5493,28653,0.013410235526245751
5494,34864,0.01658665107118612
5495,21264,0.02380325677204865
5496,69895,0.025300817500120518
5497,7345,0.014046349067275607
5498,90004,0.008413269235995125
5499,43356,0.02356902700928646
5500,14681,0.014404969188953214
5501,65309,0.01152725215058729
5502,7264,0.01731364929694878
5503,32487,0.009666013499846715
5504,54516,0.015043397293932474
5505,90669,0.01737267845567348
5506,39890,0.024227165554687846
5507,12637,0.012496351309674462
5508,89717,0.01544240160459072
5509,14785,0.014354906015367474
5510,71210,0.02093513589724257
5511,78401,0.008604711148554576
5512,16970,0.02171066244213277
5513,58283,0.015563725552213022
5514,270,0.009874587367468064
5515,24445,0.01764362602049363
5516,19531,0.02166687337573976
5517,95539,0.019094448407099156
5518,4207,0.008672478964293979
5519,18753,0.02049412365791975
5520,24041,0.013498823341830387
5521,70294,0.012946922947551736
5522,14366,0.012662401024351264
5523,10509,0.0143381259698197
5524,60426,0.011952643476425055
5525,99012,0.007910246269285279
5526,65473,0.014909057670019193
5527,69054,0.016822107101207778
5528,14250,0.017467050288796446
5529,59028,0.02004745738204202
5530,1067,0.018206330986403032
5531,27448,0.012329399304391125
5532,42102,0.0345513441316337
5533,17933,0.022822996842209238
5534,8781,0.005035056659692377
5535,76564,0.01730525689478269
5536,45755,0.007186560249504109
5537,90894,0.015059711605383904
5538,6683,0.01591301834180179
5539,99705,0.014715466052749954
5540,78726,0.005504229298483215
5541,12843,0.013961016349700345
5542,69881,0.0066473337655507374
5543,38992,0.02020451206123004
5544,53603,0.014376573560422233
5545,96739,0.018269151177876766
5546,51977,0.008141856042866071
5547,27754,0.008691163436858983
5548,42114,0.01718162693471454
5549,99700,0.012620978909842158
5550,88121,0.026536243606520526
5551,63935,0.0412298601684614
5552,21874,0.010605422089649914
5553,48410,0.015047305220393197
5554,95922,0.01904723952134771
5555,76639,0.011796467458818623
5556,93891,0.011150261150894283
5557,6669,0.009534435263214175
5558,87989,0.01616098533389857
5559,70819,0.009467593098806052
5560,36836,0.03388626517917603
5561,98814,0.015546267640362838
5562,12042,0.010542793432596108
5563,65028,0.011963382416468608
5564,69858,0.01605570164824594
5565,79320,0.01244454596228825
5566,91189,0.035746539871194145
5567,29439,0.0066950380229759635
5568,6095,0.007859318565275443
5569,15440,0.011916488869846802
5570,8128,0.011105217690085982
5571,24493,0.011302795034064651
5572,75903,0.019512008627276117
5573,24278,0.03289134495305432
5574,28943,0.011411655281959657
5575,203,0.008818006369888061
5576,58050,0.027365562961396375
5577,73638,0.018834547157396426
5578,3038,0.0201747423165496
5579,39207,0.021832615783966846
5580,86707,0.018063300194086942
5581,81451,0.006962996412002885
5582,69631,0.0161253784269834
5583,20054,0.020671809993161608
5584,61458,0.014942091738561376
5585,64383,0.02349664034246334
5586,18970,0.012436996334185933
5587,22974,0.023241396864594463
5588,4038,0.007345916597044133
5589,12197,0.015501350256580107
5590,83001,0.014531467578468345
5591,9578,0.015034876006063016
5592,29008,0.015987064197624516
5593,13842,0.009538567445263081
5594,27465,0.018078723535669267
5595,26930,0.01451710157027715
5596,77028,0.017464637855605685
5597,76414,0.012237388280786327
5598,12580,0.02444053834305942
5599,59120,0.018900829286246548
5600,8197,0.024679454330308055
5601,44790,0.007832020249031261
5602,32569,0.013434538538554227
5603,64927,0.011814345051210286
5604,66096,0.025938336821586052
5605,28797,0.016465948643508338
5606,79598,0.020875048423423213
5607,79264,0.012997261446349877
5608,9445,0.014590493535065611
5609,25377,0.03937278661987946
5610,22957,0.011135576220554319
5611,21661,0.04359529090020389
5612,12985,0.026151408855348866
5613,50046,0.01893336640584173
5614,3773,0.011703438224080483
5615,19794,0.020810018530223368
5616,37590,0.0110493024806529
5617,26095,0.005861809276953008
5618,4582,0.025773439435919667
5619,73650,0.00938917395229711
5620,91116,0.029737357280378893
5621,56843,0.01192911703674144
5622,96734,0.0068342435678757215
5623,81892,0.020739073201861177
5624,62966,0.016911005456478206
5625,7846,0.03308055380993278
5626,63123,0.01614133695608718
5627,10550,0.012879030765666974
5628,95953,0.020339253711792613
5629,48804,0.008753122330658565
5630,89864,0.011756767878659535
5631,28779,0.024699708571256685
5632,20005,0.0180416740058657
5633,88698,0.017946431458163093
5634,98060,0.02280238157924471
5635,40377,0.03410394938506996
5636,48658,0.009625251550465364
5637,95190,0.0075686907609945914
5638,8587,0.034353262152802974
5639,77397,0.011461421293654015
5640,96555,0.014347092211706276
5641,39395,0.02220514896584841
5642,29807,0.03290774820699188
5643,28401,0.017651149738738044
5644,32690,0.0057881522750751445
5645,42214,0.00624664097897089
5646,52820,0.028264094095420536
5647,59605,0.016477409194304807
5648,43982,0.015950119690336145
5649,25471,0.013681671197000839
5650,82476,0.015119435337021097
5651,20623,0.013773333483756159
5652,82970,0.0070474771018564294
5653,68826,0.01652020839506625
5654,50233,0.02137822599800723
5655,97244,0.00964362390298082
5656,26579,0.01276628806277748
5657,45277,0.016337297889383727
5658,14736,0.02118875665395676
5659,56783,0.01983487343805039
5660,20498,0.012892607796418074
5661,99024,0.007078903175848504
5662,64539,0.031225015284560016
5663,31880,0.026204955624774852
5664,51715,0.012525743464681304
5665,56643,0.00805743070123201
5666,84762,0.010513037882429115
5667,30999,0.031537724326809756
5668,28319,0.009346995279747618
5669,35738,0.018787387483765065
5670,52811,0.017777440189507866
5671,10583,0.010697896534920526
5672,31300,0.020753468667877566
5673,77856,0.020434951860233537
5674,63333,0.011072300727142041
5675,58415,0.01710932189316717
5676,23036,0.016087616234196033
5677,57607,0.009997022668647706
5678,47133,0.009282480863360226
5679,44134,0.016465661145732963
5680,22393,0.04342722193504711
5681,90867,0.013679737323866693
5682,9834,0.022409791121964964
5683,35792,0.018638464254946877
5684,36527,0.014847912773531573
5685,3850,0.009123477066612845
5686,93323,0.027227336332746935
5687,30240,0.010615413841401295
5688,94154,0.013842027364245058
5689,77642,0.02072103129107055
5690,85848,0.04205853933519545
5691,8158,0.021583647714746256
5692,85189,0.00994177547517524
5693,93800,0.014835656511266886
5694,30687,0.006751151580531654
5695,23937,0.011001362958712065
5696,1901,0.011724401037081677
5697,47230,0.019650526958974818
5698,4384,0.011731931008440263
5699,71659,0.017907231729506565
5700,60169,0.014334266473786323
5701,69491,0.030417884169848176
5702,47879,0.011320910100387462
5703,54698,0.019655881871234078
5704,64683,0.014735361050835128
5705,17877,0.009351886486852883
5706,97864,0.012546219706807521
5707,40597,0.015564404888121705
5708,61608,0.020940295064962915
5709,65434,0.0067657835939640976
5710,56849,0.024697515196529376
5711,86943,0.018976001970939634
5712,89625,0.007994747391009936
5713,24805,0.01014885545698838
5714,33205,0.01108434568525667
5715,12596,0.028418735661821272
5716,98937,0.01603958623303959
5717,11475,0.032850835464845934
5718,20221,0.0252222820469406
5719,32150,0.005445074019798541
5720,74812,0.01141408604144892
5721,54954,0.010492319332800277
5722,87293,0.00868473805135906
5723,37103,0.01505909493922606
5724,1570,0.01654255305492045
5725,30845,0.011453284734737324
5726,41504,0.010735176875953378
5727,24337,0.02555242329471958
5728,62760,0.01250680949751696
5729,42477,0.00843211431782935
5730,60111,0.016627997299035226
5731,92125,0.009356930765221016
5732,32144,0.030056562510686724
5733,14577,0.009135539992563897
5734,4469,0.008954889502618843
5735,3960,0.03065981275727583
5736,14870,0.00864617985679821
5737,55195,0.023404116840144214
5738,53299,0.014518909753741056
5739,5806,0.008942238828470055
5740,18547,0.0175224573514383
5741,37320,0.017631764377939747
5742,33561,0.021266667814614514
5743,75230,0.01192239126282355
5744,18015,0.010893099618201306
5745,9743,0.00798132797984754
5746,87842,0.014992883507060396
5747,15350,0.014077601952752282
5748,19913,0.009092694366361216
5749,8721,0.029990476109065155
5750,3780,0.009240155605989262
5751,80013,0.014648770616539774
5752,79174,0.01479462627956517
5753,69406,0.010144349289310428
5754,76070,0.018046845742349115
5755,76492,0.014560515221166154
5756,28395,0.013153088690356517
5757,88338,0.014004098049065385
5758,24586,0.015564654297962393
5759,23674,0.010664216710873857
5760,29005,0.019426854260797925
5761,66376,0.007255831684090488
5762,88080,0.022039129820407514
5763,95928,0.009291382131003691
5764,63857,0.005852235032501507
5765,34151,0.013803839671123874
5766,84564,0.020147285544980364
5767,40682,0.012757771253797503
5768,26156,0.0353750705279033
5769,57850,0.02081934995720067
5770,73303,0.009136809466499017
5771,7286,0.013119327353574708
5772,65600,0.015445890204125274
5773,84727,0.0076654098036641645
5774,19723,0.008396539755150163
5775,60819,0.026351594690352857
5776,81611,0.009082418174227034
5777,29045,0.02530197027849971
5778,50976,0.013680047769146986
5779,45791,0.01578196553492317
5780,55866,0.00794132553998559
5781,33490,0.010970220972318027
5782,58979,0.013928153407553576
5783,49889,0.015032642842596602
5784,62855,0.035209965711023694
5785,19347,0.0263108892128324
5786,58757,0.007274441675319234
5787,26346,0.013574620555699739
5788,69483,0.012066079365162427
5789,46519,0.017476202983431107
5790,20748,0.015582198056550069
5791,10739,0.011410075817085133
5792,1128,0.03562176891885949
5793,12629,0.05994667629187319
5794,73203,0.01991578803315608
5795,356,0.015492592233838478
5796,96022,0.01565815095311774
5797,19982,0.00935298324808075
5798,26900,0.029947830209976135
5799,93573,0.014515097438116135
5800,6071,0.006212078444489838
5801,92891,0.0167975453823741
5802,12820,0.010689718734873982
5803,39482,0.00404930206315483
5804,92421,0.008716565286001437
5805,78630,0.023840851117757553
5806,13248,0.008981288943201843
5807,83536,0.008158142614514327
5808,16421,0.01652998048422437
5809,36411,0.013296128462503576
5810,65296,0.016302070011936703
5811,38691,0.015273611915319073
5812,19576,0.030253715412844658
5813,78206,0.011382338532928795
5814,56170,0.018985020190774988
5815,95981,0.00915077134973029
5816,14147,0.014203548282152253
5817,16483,0.013007077447011382
5818,90197,0.009501446016102796
5819,24694,0.01713877090558389
5820,45307,0.01481786041018435
5821,49270,0.007911231159675418
5822,7654,0.02053422821677822
5823,76141,0.013377429028157646
5824,87719,0.01713832381961403
5825,42846,0.0077277297006317774
5826,35920,0.019873218860205627
5827,99146,0.016813840384795904
5828,1848,0.014987150186684582
5829,31750,0.010315979118660142
5830,32595,0.006690241635127255
5831,11840,0.020605438104261062
5832,52585,0.011347583356977307
5833,98701,0.020639207206007336
5834,13010,0.013147606993479978
5835,31766,0.016422566243468734
5836,30842,0.015009594293397578
5837,1861,0.012877661668893536
5838,77511,0.007257455837672108
5839,75488,0.009818075246544274
5840,18558,0.01888427860361234
5841,92667,0.02637552059636373
5842,43899,0.011316237272202273
5843,47014,0.013395011711868573
5844,14500,0.014320931707687688
5845,10954,0.025423677118243528
5846,98303,0.012552805500440566
5847,5185,0.0159481795631102
5848,16002,0.027320590105831103
5849,75851,0.011281982703599449
5850,92961,0.010351034318615053
5851,25334,0.01754859717177365
5852,11028,0.009162865344881126
5853,59976,0.019793284209272927
5854,98398,0.012459250534338571
5855,17941,0.03417997510829572
5856,85721,0.004606118874492625
5857,90014,0.014199618487194497
5858,38567,0.013523549347440308
5859,44335,0.02188223549365914
5860,8019,0.010186383613445718
5861,66139,0.010594990714084243
5862,70118,0.019950095669672107
5863,76267,0.016943679974664328
5864,76967,0.011757976280162464
5865,78681,0.00868103572507148
5866,37520,0.015860827417229915
5867,23288,0.010595706929321443
5868,65338,0.026261702567553072
5869,1164,0.018722836312741117
5870,13993,0.022779677800957833
5871,17629,0.030839775808711955
5872,29618,0.024443353793500704
5873,92419,0.047882000819923165
5874,32651,0.012795706899576922
5875,27666,0.010831744860527723
5876,94206,0.010352806179753368
5877,2053,0.01166228425657706
5878,11775,0.016427171168916923
5879,15060,0.012666398504197686
5880,26142,0.013512025097267686
5881,51203,0.016875859054757858
5882,28699,0.011934440481864522
5883,86459,0.01387827168335494
5884,23982,0.014059594207770738
5885,73139,0.009978904958907707
5886,5966,0.01916195573473711
5887,55873,0.021229698277184204
5888,22879,0.01638597409295044
5889,54969,0.02047296774859568
5890,31418,0.00738518462906028
5891,98382,0.02816830457655497
5892,81850,0.007305128354415871
5893,7756,0.011057368919736198
5894,55416,0.012741622010063652
5895,8235,0.03302313154590433
5896,146,0.007986837179768235
5897,82195,0.022697985619214482
5898,69690,0.012192508914003858
5899,77945,0.013944680627079327
5900,1678,0.020574848869563324
5901,17938,0.029336277840308216
5902,60264,0.008278649490694314
5903,18179,0.015345594464208022
5904,73691,0.021414693394672005
5905,70898,0.016064284362266354
5906,64197,0.0166658504829213
5907,23074,0.013200711633579406
5908,68853,0.010945887145235134
5909,47579,0.018761220255649726
5910,13013,0.018568037882064854
5911,58183,0.01769860493360443
5912,70253,0.018439961101829064
5913,97538,0.03186083320258
5914,82710,0.014980649701508033
5915,68968,0.01300903160002166
5916,4156,0.013645883915074592
5917,56924,0.020579500832532065
5918,36863,0.01616787638676312
5919,10290,0.03874664403268752
5920,95881,0.02945477460065064
5921,11514,0.023526364579354087
5922,80873,0.01419746210065545
5923,62705,0.011806484687530433
5924,28598,0.013996689518393291
5925,11064,0.013446905019194473
5926,6813,0.019293322114864852
5927,78583,0.019239860450459882
5928,39828,0.02888158379462993
5929,71013,0.019549304566437553
5930,38813,0.011877916805985473
5931,36911,0.023124590424326314
5932,70580,0.010371764644394158
5933,7592,0.025055082539579023
5934,32689,0.017646070514882636
5935,52963,0.023871183800755223
5936,26865,0.019229099419787635
5937,1131,0.021955127869009022
5938,89316,0.018323260290683152
5939,5857,0.012398305389821548
5940,8274,0.01351111575320835
5941,91198,0.013669550108906477
5942,23675,0.01367404851216443
5943,51981,0.02604593367686126
5944,62219,0.01256408712828408
5945,43673,0.010900367120770388
5946,69609,0.014146432033621717
5947,45926,0.015204336022137853
5948,46115,0.015707908997345147
5949,84533,0.008583585483664995
5950,84525,0.00931396725952684
5951,51314,0.009159493863998065
5952,73254,0.01079947983235206
5953,20039,0.01178336577757949
5954,74535,0.03964657872699983
5955,96198,0.01662736935018821
5956,7336,0.020949461028639753
5957,59366,0.01609835580916693
5958,98944,0.020596534012489308
5959,81453,0.02568113916460862
5960,56024,0.00895355994377065
5961,92245,0.01087275863520816
5962,85376,0.038923253634274325
5963,18091,0.033000317865037175
5964,22710,0.025052196737682608
5965,32696,0.017697911772964148
5966,31217,0.013076320864381354
5967,5305,0.03900321066254465
5968,83619,0.026177752959065523
5969,69823,0.009267306684976143
5970,19919,0.01223228879091727
5971,54110,0.01776482987697553
5972,70570,0.011760457447284843
5973,86750,0.011971179381533555
5974,76093,0.02034876666274664
5975,73266,0.018166910705473896
5976,87230,0.013005587478076668
5977,66877,0.018745139401706416
5978,73839,0.02631659470324936
5979,34748,0.005426523179746587
5980,84738,0.010833818997550948
5981,92540,0.012310111597978117
5982,97190,0.01798394050654166
5983,44690,0.016788874105883655
5984,72937,0.01745724840531481
5985,53994,0.0072907470994516485
5986,5981,0.011702808109415822
5987,11875,0.02122726091883558
5988,70454,0.010560999494575727
5989,92691,0.010256205047189586
5990,3013,0.011171368466223894
5991,66815,0.014460445055042395
5992,59626,0.015825094863239804
5993,81169,0.02120637496306279
5994,98515,0.015212350845215761
5995,99084,0.01360971690514588
5996,81755,0.011497318770380429
5997,29079,0.012119477696936968
5998,56586,0.005100908893175649
5999,38602,0.039651070186665825
6000,10249,0.014815664179480438
6001,12524,0.010498481762214722
6002,60737,0.02143917333116687
6003,33469,0.006601158307362472
6004,83213,0.0077206763568944976
6005,85024,0.052509090688676215
6006,73544,0.02115483387560702
6007,69660,0.017917407601630235
6008,43825,0.040537226963806884
6009,30621,0.00678164917140219
6010,97270,0.011471308993682613
6011,65702,0.0121303461879941
6012,97425,0.01049038983916036
6013,8828,0.01683801844954531
6014,85120,0.012138941895595317
6015,55021,0.01677555070287451
6016,21374,0.022344589480993802
6017,50931,0.019868794418928033
6018,28681,0.021605837880294666
6019,25036,0.015671493221902894
6020,88259,0.010261322812633523
6021,3217,0.009047999449735163
6022,16707,0.024510255612341002
6023,69989,0.029120660080802448
6024,11665,0.01918756345165963
6025,63087,0.013257011775112473
6026,80351,0.006693221019059628
6027,51634,0.037498767004911435
6028,16699,0.015046600974304557
6029,74755,0.011617336249257634
6030,82253,0.01049268444871836
6031,54279,0.015195967944804156
6032,27040,0.01817139161601682
6033,39721,0.01535450491828558
6034,39602,0.019508726180893894
6035,52832,0.011008534702100474
6036,19384,0.012798873940035841
6037,65277,0.029033811390754213
6038,44647,0.019217757937481657
6039,89893,0.006145494747827084
6040,21046,0.037601291835242974
6041,59649,0.03033963063537937
6042,82703,0.013126551417650833
6043,80051,0.011816360564360338
6044,86604,0.011846695171624122
6045,71914,0.00476929165443042
6046,10666,0.013943234637856794
6047,18246,0.026954110275559648
6048,99373,0.00996552140163181
6049,15814,0.015932449109409944
6050,9680,0.010657314684925959
6051,29754,0.009443709258140219
6052,54442,0.00778186148683942
6053,70380,0.006649313014624213
6054,40449,0.00947504240976329
6055,81937,0.01920303252414759
6056,80188,0.042266642084872824
6057,20815,0.012624619564637844
6058,39365,0.013796832833182535
6059,32095,0.0203000538292884
6060,10040,0.013371496866168994
6061,55676,0.007818952790244055
6062,36280,0.034893753447342454
6063,28677,0.014512123645683168
6064,1641,0.010402705753415419
6065,69061,0.012063632635051223
6066,83927,0.006167250906956003
6067,78882,0.011164181535956386
6068,81303,0.013631766594019733
6069,33538,0.008090340937934006
6070,8161,0.01093911418370606
6071,89786,0.019502706732044135
6072,50575,0.010648404086503754
6073,93471,0.016967117222788576
6074,66092,0.013092402666741047
6075,44545,0.015505400773722033
6076,18618,0.020051891221147557
6077,5508,0.014098286327479271
6078,67586,0.01379367470945703
6079,36829,0.008278566271362892
6080,27169,0.013346043246794004
6081,1275,0.015562466690240539
6082,90954,0.013577675276307384
6083,71151,0.02122626138317325
6084,4609,0.011498359853937108
6085,13002,0.009741347534710771
6086,99594,0.023044974130296367
6087,17434,0.011570075395640814
6088,76685,0.017867877538859992
6089,58233,0.015230486784314812
6090,36751,0.014263771063248352
6091,97634,0.008675272304937018
6092,35222,0.00715202641103425
6093,48562,0.02398463687600533
6094,5781,0.008110448034167331
6095,41970,0.014597350847807625
6096,68229,0.01788714913283967
6097,11951,0.01135287946343777
6098,40455,0.009725882446659753
6099,93455,0.019166627315501956
6100,28035,0.010677851993354666
6101,38186,0.01442659230436219
6102,40088,0.013809091441792341
6103,88230,0.025962715144225195
6104,68894,0.008960042784559284
6105,78309,0.03449707158982075
6106,36372,0.027896811266042862
6107,85042,0.011903317169577366
6108,90706,0.026534094897425732
6109,52517,0.010164081125970944
6110,39006,0.013211264486076983
6111,7812,0.011278476422193585
6112,98703,0.015762631145585668
6113,56748,0.008366859818388316
6114,42790,0.013327467888581376
6115,70110,0.006514849336062699
6116,5164,0.02151192119757272
6117,3589,0.00928377128866961
6118,24127,0.015650152293177594
6119,35626,0.007439614975387832
6120,13114,0.006954997170903306
6121,73421,0.009627551723180066
6122,34118,0.010137990953299498
6123,43504,0.010818027761293939
6124,22016,0.013176708364565878
6125,46524,0.03579792051870832
6126,11277,0.014481478709335173
6127,59835,0.009086616285485263
6128,42661,0.012787873857079395
6129,32256,0.03518873538193065
6130,69487,0.009084221357564643
6131,60510,0.023313249458537907
6132,81851,0.006973724256924164
6133,66120,0.024196413218676698
6134,70125,0.021990495947273186
6135,71616,0.006247637965843623
6136,93654,0.009894099647744882
6137,92684,0.00971218185301587
6138,93363,0.030790877965882004
6139,60980,0.012634350308616484
6140,62540,0.006414230103236747
6141,89639,0.035006643295511425
6142,88594,0.01710465362954326
6143,84075,0.027483982072582014
6144,55894,0.01439724564407979
6145,7399,0.008292142781256234
6146,28544,0.006116979263843323
6147,52404,0.014298298525510223
6148,96650,0.020156128115505052
6149,56909,0.022957680424758854
6150,86018,0.03162657297617483
6151,72793,0.008433935221858702
6152,66597,0.015569452572017627
6153,40211,0.028234967023780425
6154,1233,0.019450687754933593
6155,14335,0.011395413621364016
6156,46563,0.03306668912534763
6157,5386,0.021251800085906936
6158,81248,0.014779900287821796
6159,65340,0.020540442271179158
6160,33393,0.004879205655536222
6161,38204,0.013443956487277371
6162,34570,0.010075355218748876
6163,21907,0.012973760841537988
6164,83572,0.017182988477326747
6165,87909,0.022417427727215434
6166,31466,0.009346803077226127
6167,90454,0.00709689340816776
6168,52405,0.010566418522945275
6169,14872,0.01601883911262908
6170,41874,0.011750028718471132
6171,63499,0.03417329842718703
6172,50811,0.014652413229708396
6173,60358,0.014935610749684785
6174,80245,0.02896006385676019
6175,32190,0.005075907176279003
6176,85178,0.018684134582367864
6177,82177,0.00918595894212294
6178,49314,0.03232846719407275
6179,50098,0.009970597618251897
6180,76343,0.009276838162964724
6181,68377,0.016943334280677666
6182,28557,0.014996651185211282
6183,97718,0.015261801328181817
6184,99929,0.010800927029777923
6185,12725,0.016504532025874357
6186,93021,0.018675793446316962
6187,72172,0.009175300363557959
6188,99839,0.010471699017026104
6189,26939,0.010655677611577888
6190,90960,0.009642430916677516
6191,90313,0.02084284355147751
6192,81768,0.017666245868100137
6193,87154,0.018275685714817837
6194,4456,0.009263113531742872
6195,3823,0.012029889331748018
6196,32003,0.011389117554260511
6197,51917,0.008439706887238524
6198,33133,0.004856371668484575
6199,70495,0.009551946360430158
6200,44926,0.01268502253859474
6201,71091,0.06503274444456947
6202,71232,0.018615486628204312
6203,46994,0.014903113777383348
6204,31960,0.016477967863662017
6205,37490,0.01513212982322433
6206,22798,0.009071480382363398
6207,94972,0.016070565873097877
6208,4007,0.01586239808943792
6209,36085,0.008210928301757372
6210,84565,0.03459672648641112
6211,72917,0.02911093189762385
6212,4104,0.012211767842705968
6213,6085,0.02144573385763173
6214,40616,0.009826098687061573
6215,8545,0.011181497876593727
6216,38146,0.014269552499587728
6217,952,0.0069023444598507976
6218,92950,0.021785780845740118
6219,39163,0.02484092507634473
6220,59633,0.015918613520991155
6221,54236,0.011965412802262931
6222,2715,0.008104348264911344
6223,40151,0.013034576612416828
6224,78645,0.027097386907357548
6225,75058,0.016353365763764907
6226,21684,0.014430459104526101
6227,58219,0.016842300825593154
6228,48063,0.017381255319903123
6229,34620,0.011382711782944288
6230,50738,0.008606457685171489
6231,39603,0.00890013669912329
6232,56285,0.011186027410446314
6233,45292,0.020386780885379686
6234,70259,0.027419544817060368
6235,92414,0.012617709494571083
6236,72302,0.010555763969372405
6237,27678,0.010186162291669264
6238,64480,0.015261955168124395
6239,62876,0.008233593311730354
6240,96916,0.015310117089415081
6241,80711,0.030585157137416732
6242,96072,0.017227647933012125
6243,2909,0.016110045686028564
6244,30042,0.02176958450314075
6245,13387,0.008530083890086172
6246,84598,0.020123426783897953
6247,9571,0.023727925282709058
6248,61547,0.01520087047578867
6249,72385,0.01605779761541115
6250,76063,0.018621755076789002
6251,4512,0.009615461332765682
6252,70087,0.015935317398413484
6253,53781,0.010500970045513765
6254,39143,0.016303179017235034
6255,26091,0.007902906850864134
6256,8060,0.020538439997486956
6257,95103,0.014212699576879085
6258,81087,0.0136325896833689
6259,73432,0.019219970374213573
6260,99228,0.02133885987567961
6261,50422,0.01950078283257335
6262,98210,0.009953162768865466
6263,77673,0.00917375722838543
6264,62134,0.010489252000226702
6265,94263,0.010719768989418751
6266,9789,0.006596321325330831
6267,56553,0.01165950381428922
6268,33195,0.01587399547846332
6269,59858,0.016605684913786334
6270,26284,0.015700773535888907
6271,89141,0.011637330475675669
6272,42155,0.012009923415265383
6273,84954,0.01754972166756281
6274,62028,0.017389324737164993
6275,28478,0.01280840003831363
6276,27197,0.013082716873191146
6277,1322,0.03618282534684194
6278,2768,0.01427958508231121
6279,5159,0.017119218732547528
6280,22351,0.03372832648703424
6281,36888,0.008619680956529758
6282,80851,0.013005411158849078
6283,16829,0.01043034460944053
6284,90798,0.007118523129690526
6285,92714,0.01299236191075699
6286,82817,0.01400828196111103
6287,46887,0.010151825689073423
6288,70577,0.015461283284993892
6289,62708,0.011402420597289801
6290,80284,0.009662040212716974
6291,92938,0.013415345245474577
6292,88133,0.02694260473589288
6293,29074,0.017152827588178262
6294,62815,0.011810830061978946
6295,76876,0.017038673804704627
6296,14876,0.021958234076481228
6297,59964,0.017034372781052673
6298,66321,0.012358855890869536
6299,3064,0.02250329438760105
6300,94368,0.012588409011397135
6301,5302,0.05173592580428953
6302,71452,0.010041820152599502
6303,32392,0.012753252533405856
6304,39726,0.010843779554196029
6305,95040,0.010117786996321078
6306,8673,0.012798109522510447
6307,44012,0.013704313822306706
6308,26006,0.007049996746216625
6309,64089,0.015532390779941178
6310,93350,0.014173457271312247
6311,77383,0.015243881785170173
6312,29532,0.02647305896822116
6313,43755,0.012499279476197214
6314,97237,0.007966547524050169
6315,99342,0.016751367676720905
6316,82350,0.011692176007691214
6317,81908,0.02372450025242056
6318,63908,0.013616241513586026
6319,99509,0.020383200379135786
6320,71903,0.01454852502025478
6321,41699,0.009541455252993897
6322,86107,0.01281517595659036
6323,59422,0.0118871904689952
6324,62444,0.009287590369562573
6325,47543,0.016940232732594752
6326,5329,0.013967668905114666
6327,55006,0.00600091246172867
6328,89845,0.023222796390920543
6329,17766,0.013686889804676205
6330,39408,0.005120905965836857
6331,53888,0.017609706196280613
6332,58057,0.014913044235808344
6333,14710,0.021267380563614012
6334,61498,0.014755527425727718
6335,37861,0.011456053320615498
6336,79604,0.010854160424853713
6337,61650,0.006584158218331457
6338,53441,0.01476433528006655
6339,45209,0.022898866827515615
6340,78209,0.024104447265035675
6341,86489,0.017527593311351706
6342,55607,0.016889517527958704
6343,3032,0.01377568008338163
6344,10623,0.013406742881229134
6345,94655,0.01926825731928195
6346,96562,0.009010923918908335
6347,26041,0.009955283114156912
6348,44389,0.008518621807861133
6349,82320,0.008255064478584966
6350,85483,0.024995783852840882
6351,49979,0.020156135012980574
6352,24471,0.023401660563293687
6353,26399,0.01287768199642179
6354,97469,0.01249775629676439
6355,62811,0.025532805629109836
6356,48323,0.008318856740708012
6357,10498,0.014910236669235785
6358,53757,0.018422654801604356
6359,86898,0.02099759336801532
6360,28725,0.0067226509244351805
6361,79159,0.009370300832784957
6362,56047,0.023408531829917124
6363,56317,0.026616987664703266
6364,34629,0.013900568628721615
6365,3904,0.012956696203910309
6366,75165,0.024787200358073577
6367,58610,0.011107027460651255
6368,820,0.010608925228994011
6369,88673,0.035724780549962434
6370,86015,0.05329292438133561
6371,30177,0.037356158514211556
6372,13341,0.0076161130074834296
6373,88078,0.02088653009032848
6374,90768,0.014839848095868888
6375,85207,0.014856058276132615
6376,55562,0.00858769631055752
6377,37361,0.015882266120248442
6378,10874,0.012571670147642634
6379,16923,0.01682064385159282
6380,77913,0.019860179680777627
6381,18044,0.02261750969482701
6382,97696,0.020584809545233992
6383,83535,0.007804121160163392
6384,76775,0.008636210475058791
6385,22101,0.007316014569318756
6386,84149,0.017992804819069716
6387,38415,0.020838758018533285
6388,19098,0.013043231340528552
6389,87068,0.015119127948994074
6390,89981,0.010720587892361752
6391,51322,0.011054945798088467
6392,12663,0.01057460904062003
6393,9359,0.013159322119969601
6394,47561,0.01777299119767306
6395,54216,0.02374941394301469
6396,67458,0.009756484631828651
6397,98785,0.03404165937724648
6398,46529,0.017595569073807518
6399,17516,0.008649342853234085
6400,65751,0.01265065698822563
6401,95272,0.01871905820954954
6402,43761,0.023051251857815154
6403,65647,0.023957414495155656
6404,12770,0.005115759894300009
6405,40579,0.011323991212426866
6406,55282,0.010891919299691452
6407,58238,0.009684299662666204
6408,7273,0.01013508472359557
6409,24857,0.009161123559053425
6410,5999,0.017807672296644324
6411,18775,0.010210168337758502
6412,15796,0.013322521404866896
6413,4949,0.009687819571193265
6414,31758,0.026224686566004407
6415,66145,0.012612828823402826
6416,31123,0.022633641927016102
6417,73476,0.019845995260872332
6418,69294,0.009958171704204044
6419,59118,0.02040255440761138
6420,21956,0.019087944066407077
6421,53924,0.009085604965730729
6422,74851,0.009357247769948156
6423,91800,0.016815042421790688
6424,87406,0.013845001851727268
6425,46039,0.015315423770466755
6426,52423,0.009196869940754079
6427,92288,0.010756545046328007
6428,39110,0.026476497348586935
6429,87327,0.019693414357228583
6430,68945,0.013356763951617424
6431,12680,0.019486884501946994
6432,62764,0.022163952012825443
6433,66906,0.028478165596927695
6434,74043,0.004607461103582344
6435,3721,0.012608389689406217
6436,14219,0.020176255423088846
6437,73100,0.009342477326092023
6438,49892,0.019080457443417354
6439,56309,0.010171744270020142
6440,65913,0.010913178744662619
6441,66121,0.00965620452627157
6442,1031,0.00834145074675292
6443,52441,0.01044604984214324
6444,23039,0.031127145959268156
6445,14557,0.01512209981343799
6446,93678,0.009656621986033094
6447,42474,0.008071381585919959
6448,88149,0.010499496616171096
6449,20121,0.010319080103309574
6450,33427,0.014058380910908688
6451,88040,0.021826412732656286
6452,35381,0.014014814932295803
6453,28500,0.030654467263262326
6454,50681,0.011376342693954104
6455,79933,0.020284841691208876
6456,34338,0.01534513676985325
6457,92467,0.005748363658190222
6458,26461,0.009937774456447186
6459,36622,0.05233123596775448
6460,53881,0.020695971279276238
6461,88209,0.013368174900638161
6462,24321,0.014466861764888001
6463,31042,0.024958524447529495
6464,23518,0.017459212068895818
6465,10175,0.010785512389942065
6466,517,0.012569306214571505
6467,18544,0.007761904274452612
6468,67948,0.015035394154256393
6469,55921,0.015797362678076514
6470,27420,0.008963499024185737
6471,86886,0.01303855453568174
6472,23968,0.008630516695852401
6473,31240,0.01963287269640112
6474,77382,0.008015236459008613
6475,84369,0.02080640747267303
6476,23010,0.006396984185561259
6477,2816,0.01202280000085177
6478,20589,0.00757880314182209
6479,6642,0.004804851875429865
6480,90949,0.015748491765988543
6481,45656,0.025432528514084573
6482,73965,0.01843526748883213
6483,38694,0.021318017968900527
6484,70884,0.009482482414439674
6485,60591,0.009216107562097894
6486,66758,0.00873557147972506
6487,14436,0.01194435753509951
6488,34919,0.021827968631458115
6489,45823,0.010733911400885176
6490,33853,0.019144922146471732
6491,1439,0.013309436063751085
6492,15705,0.01037643841979708
6493,16482,0.01832941908588935
6494,47694,0.01575140735815242
6495,24667,0.01788015718909894
6496,76526,0.008775975070758304
6497,83670,0.007348231724000191
6498,93149,0.023641794762173693
6499,11913,0.013771158570533956
6500,42641,0.015058942945317526
6501,40219,0.012189890209548545
6502,13015,0.007627124832338439
6503,39773,0.021241308734112136
6504,83006,0.013462323821686866
6505,50243,0.027417931581292607
6506,56052,0.0168671024908336
6507,213,0.010882253774467207
6508,56277,0.010419863120636468
6509,48701,0.007336045855668575
6510,60874,0.010220138436843908
6511,67961,0.01164079772119778
6512,2928,0.011668196502027536
6513,37364,0.02141369596832395
6514,11831,0.040307552147679594
6515,21524,0.00925775149708448
6516,81141,0.012480804452963352
6517,41045,0.014727450472527251
6518,21449,0.01585238969462164
6519,83316,0.023142314000116633
6520,74195,0.016038292360185828
6521,98952,0.025143038883414605
6522,99914,0.013901992891766338
6523,15037,0.021589806362098056
6524,21844,0.02147329560435939
6525,35648,0.01249115779561245
6526,11189,0.012968149575291285
6527,13642,0.01038576038850466
6528,91695,0.016754567669188154
6529,47967,0.018809388843507892
6530,79415,0.010261314385817564
6531,29023,0.013411334571359951
6532,16526,0.022792688343350055
6533,86290,0.00955116571089662
6534,90610,0.013396333263358718
6535,42113,0.016879156923909004
6536,42808,0.013850692418350305
6537,50049,0.011169616342140646
6538,61423,0.01449313247258743
6539,74396,0.02158296675709692
6540,6696,0.01420925300942153
6541,28272,0.008916882571640628
6542,75714,0.01993323069032365
6543,60071,0.006378864107097448
6544,46687,0.010898786219632044
6545,98485,0.01394338566515808
6546,55173,0.021363967771091563
6547,99245,0.014914678003421828
6548,5512,0.03330803515390411
6549,39549,0.015962970103522506
6550,66047,0.012577992656657508
6551,67184,0.027458450941505765
6552,12597,0.012839332175030973
6553,79015,0.007205256606516696
6554,57153,0.007818238024388
6555,88667,0.032831875008712604
6556,70668,0.018131718526195054
6557,89122,0.01060590037795325
6558,52370,0.015904244682746982
6559,11714,0.005335078016111216
6560,54339,0.018943906612173458
6561,96662,0.013534058058041108
6562,95761,0.011244091649815857
6563,52552,0.01314925361437666
6564,36866,0.018303718267590377
6565,10997,0.018053656952852923
6566,49957,0.00632333926996728
6567,78070,0.018047877550459314
6568,87568,0.035201388860531056
6569,29551,0.013989466543362587
6570,3909,0.008035532793925477
6571,78975,0.007005781198950572
6572,66197,0.012617933101721737
6573,9372,0.01822322600577354
6574,82276,0.020981635950676772
6575,85456,0.010923053182062253
6576,37424,0.019576691014248658
6577,70014,0.008700370943116077
6578,45752,0.012560942890128806
6579,91734,0.029103106840561267
6580,53036,0.008627951864626554
6581,31736,0.009536768029845502
6582,69331,0.012623156507543217
6583,95923,0.020646913040859374
6584,68202,0.01617164231359476
6585,56344,0.020225188504864957
6586,7261,0.011009034323958616
6587,22722,0.007067661801500286
6588,39969,0.01411285031231001
6589,9534,0.010875322790026832
6590,76711,0.010878310853907636
6591,70988,0.007520027948791885
6592,43380,0.014760186458275282
6593,15580,0.009814733873864669
6594,71670,0.017742877714322626
6595,64946,0.009268910086355458
6596,20929,0.012487576855782485
6597,29178,0.011368888813106383
6598,8323,0.03284936307435974
6599,17843,0.010253967174001991
6600,80383,0.008552884889310206
6601,37588,0.022071879349633568
6602,64789,0.012255724642851178
6603,91678,0.009010300261783094
6604,94486,0.016322772794807407
6605,51371,0.01631901819826119
6606,59866,0.010832949812504601
6607,75246,0.027462747298090354
6608,37405,0.014327909538031815
6609,22882,0.014651975940643942
6610,29838,0.009551534760799167
6611,39255,0.013368963862478794
6612,90611,0.006692316490697759
6613,17366,0.016177320249800634
6614,38086,0.018927526426079148
6615,34410,0.014667323819641628
6616,87549,0.012614410099819607
6617,89426,0.016543892941632325
6618,92260,0.01265046984514627
6619,83335,0.011258202083818575
6620,56250,0.011929996051034723
6621,32454,0.010832153072782435
6622,88288,0.0182543263296979
6623,2716,0.016859012730948933
6624,69227,0.009562121569501553
6625,73472,0.03306681828036109
6626,2903,0.008802482398954523
6627,3292,0.017261145058924683
6628,75277,0.008645504276087318
6629,57264,0.013819874311504457
6630,35089,0.017451376730323032
6631,22821,0.016662661326393706
6632,77864,0.006464309459907316
6633,68687,0.01846152917891639
6634,59813,0.027765537087459508
6635,99264,0.01391327102023727
6636,59953,0.011580178233657274
6637,63227,0.021306082437778123
6638,39591,0.022847443293756424
6639,82996,0.00898178689102902
6640,69361,0.017096290478381983
6641,68955,0.00580527122183664
6642,71713,0.009366867353388118
6643,31829,0.015852733140761466
6644,84401,0.02126671219785811
6645,86315,0.009982311837070972
6646,30250,0.0138474158628158
6647,33405,0.010949816590062045
6648,93150,0.010063226341335892
6649,16706,0.008434163353768351
6650,85567,0.011445434894784334
6651,72986,0.014503115393760356
6652,5476,0.020662196020778487
6653,28013,0.017931531326428427
6654,67544,0.004445846502643923
6655,19314,0.014902960573979834
6656,19741,0.020619522750009375
6657,62976,0.007246238361184349
6658,8684,0.02181833471719333
6659,40916,0.014859337647543087
6660,62521,0.010333946508619424
6661,1659,0.013212701461922733
6662,385,0.016514161918474966
6663,63255,0.014514175800252164
6664,4707,0.01705916664411393
6665,98731,0.01892301451574188
6666,40705,0.009313447339774926
6667,80876,0.02568543889687054
6668,50393,0.018317615402912643
6669,33450,0.00832639356383417
6670,55664,0.028886226610835647
6671,15100,0.011269594517624042
6672,73215,0.009485678475351998
6673,69614,0.011717205548741845
6674,1642,0.015523452004843057
6675,52497,0.020586893300608818
6676,62379,0.008551365828684354
6677,94043,0.014744914952625126
6678,20875,0.010687822893884199
6679,81859,0.009379339669618108
6680,27592,0.00786916776811651
6681,85690,0.009573528564094432
6682,21342,0.011778421880906331
6683,63799,0.011766257235692785
6684,50011,0.03942975035612731
6685,97686,0.017745696177478246
6686,82101,0.019026557294520918
6687,44523,0.015638885954132854
6688,90332,0.014147849184611407
6689,88717,0.014454650487548897
6690,78544,0.007750224636197683
6691,80496,0.01988324707133019
6692,19710,0.015793770037293993
6693,45359,0.005727238697728225
6694,80095,0.011003452535242174
6695,41940,0.04021483250819921
6696,33171,0.013729130354240124
6697,47595,0.015299060996712086
6698,19107,0.01142832045161931
6699,91482,0.025276708074206226
6700,39506,0.0067008792274202665
6701,4955,0.009428099811243734
6702,34712,0.014324888728476693
6703,7786,0.030724803395813273
6704,15958,0.01965048462481044
6705,87488,0.02649069959926069
6706,93693,0.011236179924853922
6707,46890,0.012513662892292863
6708,27748,0.011703652392227426
6709,82890,0.007677533241804195
6710,51966,0.03559925931020967
6711,20801,0.012413852398309982
6712,74069,0.015958919283965124
6713,35163,0.008059409970916089
6714,89836,0.007381259883431381
6715,14406,0.01605056180501916
6716,49976,0.008412867307020434
6717,25487,0.009596910356562538
6718,45367,0.016151002624595318
6719,20699,0.009094600874654144
6720,37570,0.022863551415919673
6721,46103,0.012648992233780028
6722,15148,0.010682823373423557
6723,89314,0.006188746446044982
6724,70412,0.016813300485884905
6725,40593,0.012919035417920017
6726,55185,0.027005929035223863
6727,21509,0.030701239130755235
6728,73818,0.007376617389992405
6729,20850,0.01782571030652426
6730,66719,0.028310886150892722
6731,84083,0.010998520763321005
6732,67921,0.016755178018350043
6733,57911,0.008502392306966408
6734,77718,0.007372404286262772
6735,48195,0.011554973633521376
6736,27715,0.011043256531245736
6737,40827,0.010665796606620849
6738,37682,0.012226430312735827
6739,50949,0.0041454908703263
6740,88854,0.0229446981918213
6741,53931,0.010537286495442813
6742,18932,0.019726187435936158
6743,88597,0.010472843176847046
6744,89055,0.014158294000383364
6745,88962,0.007902615458771418
6746,86503,0.01868257697203715
6747,97056,0.01148627656805008
6748,35910,0.04174724315647099
6749,3853,0.015670747276895478
6750,79663,0.01509191380955704
6751,11416,0.006866799033485591
6752,18231,0.01071637491861661
6753,42311,0.018450755085330242
6754,50310,0.009041381778087765
6755,80698,0.007753043043041494
6756,43715,0.013886142624932216
6757,41389,0.019205520835543236
6758,50351,0.00804374264711569
6759,97774,0.010729784444486582
6760,98589,0.01567041106335048
6761,398,0.02093939306447776
6762,99808,0.02185536424907126
6763,4805,0.011826332027439481
6764,1093,0.011171508339991771
6765,17806,0.025101202876223392
6766,38911,0.03461097938060106
6767,17150,0.013842263700898388
6768,85559,0.014379942963048262
6769,91294,0.018278853455200045
6770,72291,0.01806372711564671
6771,17711,0.011848015892332385
6772,92993,0.009388883677629538
6773,38769,0.012927876369828837
6774,99691,0.028110917376207974
6775,51636,0.01063107658586215
6776,80790,0.026889377834194317
6777,59885,0.016423570366247673
6778,91061,0.014504755569448805
6779,48371,0.008729610475014015
6780,73501,0.017591754959300234
6781,45911,0.013161512484450924
6782,99753,0.02164223658072947
6783,56037,0.011774756771264485
6784,79564,0.024501545810630968
6785,74559,0.007187184774077879
6786,31726,0.01570539298865363
6787,76113,0.029988462158702107
6788,63057,0.008575906485811732
6789,69018,0.026148241276934037
6790,23206,0.007681703393686
6791,7985,0.01158665317719228
6792,49790,0.03158427391276108
6793,59753,0.011278459549262675
6794,53871,0.01257109593189307
6795,57919,0.006415688985848175
6796,16810,0.013502326832020043
6797,40664,0.012866688463904864
6798,58330,0.011248256075916695
6799,13053,0.03304663007676626
6800,50167,0.020130561849698813
6801,98655,0.01027242405842883
6802,54255,0.016047099386917393
6803,21143,0.011612269117283403
6804,50739,0.009526892024164953
6805,81267,0.013890119516603862
6806,73933,0.01177367768691991
6807,12924,0.009843435841640914
6808,41254,0.009773886712092
6809,85050,0.005872920999614634
6810,19671,0.017498310643354578
6811,27770,0.008648893929271718
6812,97790,0.013774495691220275
6813,55423,0.017783962820713206
6814,13156,0.017673780020086054
6815,84813,0.013229023206619176
6816,55549,0.019054612288490643
6817,61159,0.007398343318088163
6818,38127,0.020663026012789545
6819,66479,0.007890007618409727
6820,65386,0.01951596650215227
6821,44202,0.008087377346183052
6822,14388,0.031279424248434703
6823,85624,0.009484809405784465
6824,23297,0.01580850578294711
6825,88033,0.009417566648618078
6826,61255,0.012076481568438362
6827,45563,0.02246395977854532
6828,45281,0.01045112455402959
6829,21161,0.012163120469632634
6830,20686,0.015314102085810306
6831,18988,0.020930956824927804
6832,8100,0.013954230391372793
6833,4639,0.025312011032357192
6834,9437,0.011968393700298442
6835,15139,0.005864294129244614
6836,69275,0.022946484388694368
6837,18605,0.008538096275821094
6838,64737,0.0199954987400638
6839,81785,0.02421652790078042
6840,7147,0.010704930765274288
6841,72624,0.011281336734963971
6842,65725,0.017336307899885682
6843,23343,0.013095395149062713
6844,21255,0.009612759267758657
6845,30236,0.021290747077985842
6846,33456,0.027583498914299818
6847,7934,0.0087825067615921
6848,30592,0.013798832359959604
6849,1443,0.030430020472979304
6850,13157,0.009566447741810057
6851,16663,0.014306874378495846
6852,48961,0.01265914226547514
6853,37193,0.011631493374192566
6854,66900,0.012314306146575058
6855,61556,0.013171241775432631
6856,65857,0.016877069021299623
6857,71545,0.013628718123008157
6858,96580,0.026280814307386956
6859,2689,0.02245327737538154
6860,80241,0.011904225694113684
6861,50367,0.02401952574911346
6862,22903,0.014563211717239725
6863,41033,0.009599976251661004
6864,10461,0.008835933835975137
6865,2062,0.0178436690104724
6866,46240,0.011658341146406365
6867,57043,0.010778731387440604
6868,48663,0.026858588150765094
6869,16767,0.015588628960774068
6870,43752,0.011390182822079355
6871,27697,0.01554112038137296
6872,92289,0.03348156589739465
6873,12968,0.015134772818170543
6874,39374,0.02351093112898647
6875,94792,0.01454284953363541
6876,35368,0.009210400097686169
6877,92057,0.01771610419757875
6878,85862,0.010408470238271874
6879,87267,0.011298247440140418
6880,67892,0.03645481872154598
6881,64426,0.02921356872630986
6882,18858,0.016580198630282816
6883,89108,0.022684719012150946
6884,16687,0.010841064651089107
6885,86997,0.006386657869928706
6886,8086,0.027068256931752653
6887,24763,0.03617523457701293
6888,96931,0.018699477810133258
6889,77904,0.023711557040735756
6890,45713,0.014619792505143111
6891,29167,0.02417002472679315
6892,68674,0.030019732926147437
6893,98252,0.01215211247685807
6894,95777,0.013967166072729641
6895,98931,0.0065460387474396186
6896,75469,0.022794406471938408
6897,8517,0.015792694174478553
6898,47265,0.021447756262774283
6899,98191,0.011765478392133754
6900,73817,0.02899778280342358
6901,63846,0.01728406880777953
6902,43435,0.011473213432048296
6903,79305,0.006865239520909778
6904,89831,0.04626582281809363
6905,19533,0.01331143475331512
6906,42842,0.05741552353725919
6907,61545,0.019759019149759024
6908,40853,0.011511631084926203
6909,38094,0.012878036235430976
6910,99937,0.011494401850880832
6911,5683,0.013795626341868757
6912,50814,0.013792305110906324
6913,92047,0.00963110212248202
6914,59888,0.014599679783290529
6915,46076,0.011776704925160482
6916,37427,0.01595616650613851
6917,88880,0.007004904900545277
6918,31617,0.024844508823175557
6919,44251,0.020130143107674463
6920,10448,0.017336099105877936
6921,99224,0.03419526654534339
6922,36270,0.02206051493868981
6923,42974,0.015542764155900241
6924,53114,0.009077962910316418
6925,4577,0.009549921270284978
6926,62136,0.018008512469936
6927,2081,0.013375425852945808
6928,56108,0.012470614997035572
6929,78667,0.019493810327240933
6930,62782,0.012137755900099526
6931,87389,0.010513726790302928
6932,91744,0.014146974126088879
6933,16417,0.012606704950516322
6934,30778,0.022131250802463677
6935,41772,0.037060647084806976
6936,74644,0.019848942023543176
6937,73866,0.014551213480574136
6938,84579,0.024855258974155366
6939,91591,0.017983526354900838
6940,77842,0.028431701604644297
6941,9886,0.015545600703138953
6942,87609,0.021430825995134135
6943,56158,0.03135217698649733
6944,4579,0.008483811753470313
6945,98867,0.009547625241260859
6946,74107,0.00969118752892657
6947,79575,0.007405925977422575
6948,46080,0.020936943088435432
6949,21869,0.013108275696303854
6950,56895,0.01956747021577325
6951,33137,0.03475946071285701
6952,51255,0.012151917380189354
6953,47148,0.01967968691059046
6954,18510,0.03545979815543394
6955,19433,0.025428317873390307
6956,19965,0.029771978547115198
6957,21169,0.009132921327848952
6958,77583,0.01668468842836335
6959,43457,0.020265812048343743
6960,74464,0.012375839988155913
6961,91707,0.007710172030612005
6962,54739,0.019666373603404
6963,66655,0.0198218725606205
6964,50592,0.011919315799262156
6965,32898,0.029830604413165825
6966,69781,0.011280385634769121
6967,40036,0.011018505381953692
6968,41602,0.025329301848928714
6969,17828,0.05485764497521267
6970,10370,0.010076680685740351
6971,10472,0.028192308102869608
6972,21545,0.018046999849723296
6973,87310,0.038658221356572604
6974,74724,0.019703941680970973
6975,60670,0.02734701267468256
6976,87269,0.006134891495042505
6977,24049,0.009143982478311441
6978,97310,0.006975724980956775
6979,49949,0.011669447625968022
6980,45119,0.01251063362107123
6981,37227,0.011198153114357007
6982,30501,0.008282342849706675
6983,6318,0.03938471119250748
6984,92203,0.013960543798657899
6985,87606,0.01337309057804846
6986,96861,0.02732761308755026
6987,3190,0.02970235908561621
6988,27744,0.013273081505155113
6989,8291,0.02255653628977433
6990,41355,0.01529566677000192
6991,14426,0.009862076298969943
6992,56125,0.026442710966698913
6993,37023,0.015640204659160422
6994,23758,0.05263985735177129
6995,28114,0.007989482679243175
6996,8339,0.0158105383108366
6997,69599,0.023955572211733073
6998,90028,0.010250791863779137
6999,65582,0.009492832078670506
7000,57030,0.009790774892699288
7001,57652,0.007894351478814288
7002,76152,0.010724469465249013
7003,44136,0.016232536607522764
7004,51274,0.008650026423298863
7005,25009,0.0028913770760374403
7006,79384,0.013309275281483766
7007,93137,0.011862307515430603
7008,54137,0.038461845814309975
7009,98473,0.015492770862315982
7010,66588,0.011433460935311885
7011,27912,0.010202295885028327
7012,45796,0.015752149198905156
7013,96682,0.015957637910109682
7014,80404,0.016099846212036212
7015,4015,0.019332627981306316
7016,34706,0.024518877391402138
7017,80556,0.01040164362400963
7018,34471,0.03151965554787099
7019,38892,0.019019327615443726
7020,97971,0.011545152839980102
7021,48020,0.015210288730064064
7022,22556,0.009527425345961784
7023,7296,0.01594459304233556
7024,83815,0.00843287386054651
7025,91615,0.015469674232921168
7026,11806,0.06495233857483647
7027,3321,0.008098436906508867
7028,59254,0.012447613863455737
7029,58229,0.009697223409845773
7030,22419,0.02918559294918838
7031,68314,0.015820048976956547
7032,20006,0.010840796864723199
7033,60698,0.014020066363290852
7034,71589,0.014564798464895857
7035,96453,0.029243726017330673
7036,31528,0.024246601636529953
7037,51093,0.02422842041897926
7038,12292,0.01671974187398505
7039,81742,0.03464121862254067
7040,21816,0.014023164845834123
7041,93677,0.02837227836995577
7042,3890,0.01743408102169218
7043,43316,0.007046108347805065
7044,38208,0.01689966344638704
7045,2989,0.007496590568755522
7046,69524,0.015200492009596651
7047,67218,0.018189955751257567
7048,59102,0.011665180784922789
7049,77811,0.009552633937872994
7050,48570,0.012834850823385383
7051,16831,0.010846831538326556
7052,21241,0.008855282459176614
7053,49765,0.008604338602056302
7054,69817,0.012094535374844869
7055,47305,0.021179695874901094
7056,42986,0.011769453023518013
7057,25908,0.033823017172836436
7058,47524,0.009824393937554184
7059,40240,0.009405512219900033
7060,39,0.016114122926265465
7061,78531,0.013103906549170905
7062,3117,0.0261329732825299
7063,84059,0.01376681529849776
7064,44598,0.010897468903918366
7065,49214,0.01363615863430028
7066,84468,0.007855430946367337
7067,52228,0.052839289919535
7068,90627,0.013199906006926032
7069,87252,0.012697094838769008
7070,94839,0.009153642997961672
7071,63719,0.020670850987868434
7072,20525,0.01673836194077906
7073,51806,0.01220913734035279
7074,62020,0.008555228785447955
7075,18837,0.0055491242302065395
7076,76642,0.010817390251755855
7077,99551,0.01409398065457776
7078,37985,0.024142595008071015
7079,94979,0.013765803801249879
7080,96050,0.017719588248093998
7081,2394,0.008829360169260557
7082,60661,0.009047232107521671
7083,40431,0.046132971189501
7084,32303,0.010831515166076873
7085,80129,0.015470095782051132
7086,79804,0.008806963008132562
7087,94969,0.012029487260521797
7088,23979,0.014727745179255599
7089,25674,0.013128930289863597
7090,96151,0.02788582986801014
7091,20841,0.018337708090673883
7092,61468,0.009677454279528791
7093,59710,0.009532048615878556
7094,14913,0.009162244561461384
7095,83758,0.010483096748318276
7096,81628,0.02337163514431451
7097,31525,0.011276905488922627
7098,36410,0.00834892791407401
7099,96302,0.016464195954040143
7100,52360,0.009910189040729354
7101,12970,0.03190929079142174
7102,82068,0.012432310437809863
7103,46733,0.017473701160272248
7104,54723,0.009094283346218581
7105,68039,0.04348087385903876
7106,45968,0.007500249967441899
7107,21150,0.010441487788122886
7108,11145,0.013130830275162035
7109,45014,0.014270676356387879
7110,1763,0.03266369266408273
7111,35430,0.009357749913153208
7112,47626,0.01100097687415545
7113,72796,0.010604668472178452
7114,52700,0.009117316662380151
7115,30355,0.01712476719432284
7116,3602,0.04242878180592559
7117,39194,0.021439640805112514
7118,12724,0.011704267465514274
7119,36730,0.010330298340444296
7120,93986,0.014646182951091088
7121,11474,0.013261687652638332
7122,11953,0.012247064625751206
7123,18647,0.009384965217810329
7124,10458,0.01345681242417657
7125,34633,0.021352507141356666
7126,85286,0.022447958401917028
7127,1167,0.008722017850788688
7128,16811,0.008742722754922789
7129,87412,0.013943466115775056
7130,19368,0.012837955688048706
7131,3732,0.014853510721373666
7132,53964,0.02538005239316532
7133,71829,0.010633343772617838
7134,97428,0.00960587330234877
7135,7486,0.012863902653919526
7136,20846,0.006254667883637446
7137,23295,0.020543802943371797
7138,17882,0.018222256398605932
7139,96268,0.014647662129362351
7140,64568,0.012288405697717759
7141,43469,0.013731034098336403
7142,88758,0.015742000886023372
7143,21772,0.009764221940783883
7144,31036,0.010670877500752692
7145,67603,0.008842256005091552
7146,62945,0.008331681703890658
7147,98100,0.018330212180010533
7148,3603,0.033681193048505635
7149,78565,0.017028768652900688
7150,36998,0.014305458135799178
7151,91410,0.014736419177034409
7152,17547,0.01105229697325087
7153,1782,0.012619778015072608
7154,57896,0.01046922614887583
7155,4944,0.01711825469849924
7156,70304,0.011833789410524794
7157,7003,0.018390469282883595
7158,90502,0.013204350827170116
7159,16161,0.019007020500260357
7160,24813,0.011165976353987637
7161,17126,0.015628590111726175
7162,31199,0.014342116928515846
7163,99807,0.016797995411673428
7164,22250,0.030708434648263613
7165,75839,0.07449597453854413
7166,56915,0.021933539670923156
7167,80635,0.01299899324834836
7168,77735,0.010659867846456072
7169,16654,0.013533843528502374
7170,40572,0.017894578560054577
7171,752,0.008741293083983276
7172,11435,0.007883526999717458
7173,99553,0.010461538614952599
7174,55936,0.009802954629544555
7175,55792,0.016426263656807504
7176,96414,0.009986855080737515
7177,85095,0.008199659584519195
7178,46304,0.008870978377120677
7179,7325,0.023305801682967805
7180,88243,0.010999430905791283
7181,3160,0.01985864442524111
7182,47662,0.024331287835638735
7183,36719,0.026362266260455347
7184,49158,0.02543938130454032
7185,77743,0.008045878334122767
7186,21731,0.008872609905982105
7187,90461,0.03713669209385807
7188,54879,0.011866682099149059
7189,36505,0.013082509131444457
7190,64617,0.01595269761753314
7191,53093,0.028241927580803287
7192,15329,0.010427809476182014
7193,33707,0.03024389400317159
7194,20842,0.017053912641285165
7195,7695,0.0078909023823336
7196,41038,0.009238324612164854
7197,22168,0.011377692805378965
7198,75812,0.02741791624163509
7199,48937,0.017082473211309745
7200,62743,0.03285961770456179
7201,3436,0.013094062871291143
7202,1938,0.008801159947657539
7203,19639,0.03052868445360014
7204,62338,0.011852372733355937
7205,94874,0.006177821201171951
7206,23633,0.006688431500221776
7207,69219,0.007500466417023113
7208,84424,0.0114475819641684
7209,90054,0.008224621714971129
7210,63854,0.059048095574976756
7211,34727,0.008188193850069019
7212,85687,0.01259852111398992
7213,3491,0.014751167259041343
7214,1301,0.0045317097129328535
7215,3655,0.02697153828323011
7216,37000,0.060662546499214175
7217,57718,0.014950372819301817
7218,5106,0.01682141575407793
7219,66030,0.019299976523708157
7220,22086,0.011028993185261307
7221,83787,0.006632365548532007
7222,15591,0.015987108785047888
7223,32604,0.02180446058465957
7224,69517,0.009274117600071984
7225,83762,0.018128704646027588
7226,4915,0.02286646903322539
7227,15192,0.012678093940273973
7228,55224,0.008645801235159909
7229,74061,0.00760368163869165
7230,28710,0.00967749162050636
7231,77138,0.02857291433414572
7232,60995,0.01030221119615894
7233,1276,0.015383608745285205
7234,70823,0.015606303602294848
7235,68730,0.008955081774599308
7236,57591,0.010000619616491208
7237,23329,0.012916567294059492
7238,58897,0.00908693988094349
7239,10013,0.021930043349794752
7240,80870,0.010321149351887228
7241,63,0.012266994230892374
7242,72393,0.01597407364190956
7243,81632,0.013440959280410026
7244,67121,0.0228527468123316
7245,48305,0.021445116704003626
7246,31032,0.016434565055925963
7247,26707,0.022019177977266036
7248,30356,0.013646164850544483
7249,95154,0.013394982677985222
7250,76833,0.015678137363198712
7251,11900,0.013542585780498051
7252,25483,0.010283146195090423
7253,56729,0.015071964214614871
7254,90623,0.00908365989667002
7255,38284,0.012973931391979051
7256,65159,0.009878728446075832
7257,73286,0.00802885430555731
7258,2378,0.01251680546099787
7259,16586,0.041419987458446994
7260,86234,0.011188999950254807
7261,53417,0.01023664329072146
7262,96118,0.01588509026489406
7263,86068,0.010250109553654178
7264,79089,0.015378442334987466
7265,25867,0.011389777884041436
7266,1473,0.011642839089948709
7267,32874,0.04017183131356966
7268,56780,0.008897810319817291
7269,42668,0.02812474888047188
7270,51684,0.014917126867007253
7271,24489,0.010200523033184278
7272,56233,0.0119256646967266
7273,64593,0.01660090599826764
7274,77742,0.016981598274379745
7275,94421,0.021185667467977294
7276,71997,0.01059555127140693
7277,23198,0.015053836916746903
7278,42759,0.02930389354312879
7279,68978,0.015324277100460469
7280,30649,0.021745448151274528
7281,99471,0.018939266296109987
7282,1372,0.017689553195247343
7283,75425,0.023440981142369022
7284,27299,0.006782037965922188
7285,50798,0.013526420901332643
7286,97151,0.017359551375159942
7287,68476,0.011658663050614717
7288,26916,0.004503319880895792
7289,28065,0.009570682058320025
7290,19482,0.012716846365571924
7291,99416,0.009651691952447916
7292,95356,0.006695394645011928
7293,50248,0.011929197009464553
7294,20566,0.03570217579517894
7295,11910,0.013088382196301075
7296,46951,0.015975076583520226
7297,53192,0.0056145008270501885
7298,4464,0.01649787815408042
7299,18144,0.01733599083482033
7300,79244,0.018391089704440075
7301,35091,0.01857837136675829
7302,56806,0.010845520251510433
7303,92591,0.017239831233523528
7304,5590,0.02983098660668689
7305,39077,0.01577923337899688
7306,77251,0.013108496203685302
7307,70659,0.023770866112826437
7308,79665,0.007958316494143263
7309,71537,0.00753744938350086
7310,39388,0.01101824187350339
7311,61348,0.00941672085614723
7312,57072,0.024135640751444285
7313,26203,0.02215823235359724
7314,50114,0.011981660170488028
7315,30707,0.020280285254768337
7316,51230,0.006518826173680112
7317,96183,0.01711841166018547
7318,3612,0.02801913707936211
7319,90732,0.010533348287939295
7320,30386,0.007755846904718922
7321,61729,0.007597774009033
7322,95336,0.008307063766719929
7323,48929,0.014956826456719032
7324,91798,0.011403254010798006
7325,44789,0.02221258341707188
7326,44574,0.019639050038135097
7327,92322,0.012007683766370831
7328,68236,0.01487105406946555
7329,87273,0.008460626912382904
7330,83926,0.01117417451487035
7331,42560,0.01702260113522388
7332,13303,0.007340935075670782
7333,59672,0.021308097577593155
7334,88086,0.008661510774833958
7335,1835,0.021294729779324843
7336,81753,0.018509178246229573
7337,71472,0.013438316069942145
7338,79655,0.007040266080744445
7339,19776,0.012446955986339476
7340,40734,0.009122545968803419
7341,55707,0.012970584742645718
7342,41412,0.014740636521316042
7343,84492,0.012058888633065217
7344,80330,0.006695784396291609
7345,48009,0.008688356555667817
7346,71019,0.020673780877265967
7347,70654,0.008213980945396646
7348,85471,0.012604325550292622
7349,94061,0.021500924045451873
7350,23537,0.031193900387302735
7351,68661,0.020135371071871206
7352,11769,0.009980163126085944
7353,11040,0.009202250813806032
7354,94027,0.007458504182319232
7355,39994,0.014096130462379333
7356,68539,0.00947743794937566
7357,54574,0.010208185200364067
7358,57788,0.01324784792810383
7359,77184,0.008178062449114794
7360,81988,0.007604916722751164
7361,39471,0.008494445579605981
7362,79695,0.019257718550929035
7363,20553,0.012839389057121842
7364,91499,0.013578334848189865
7365,39090,0.02027091650871604
7366,39572,0.01108064776751078
7367,39392,0.01865869659563449
7368,97845,0.021233347239189553
7369,38930,0.010361938978851964
7370,69149,0.09010796438344215
7371,82547,0.010499000475015615
7372,70113,0.023408392101455698
7373,51324,0.015268365036273901
7374,39647,0.02197739196311373
7375,72549,0.052407766679973135
7376,57361,0.022090161801805886
7377,6472,0.011673909930897742
7378,97907,0.008914138686842307
7379,72788,0.00921127903857211
7380,96431,0.08796653577909325
7381,56177,0.011888002322123063
7382,34431,0.012997024989341202
7383,79423,0.019005653471560337
7384,29060,0.019363515025348572
7385,42321,0.012417365753464787
7386,6326,0.007676663643625125
7387,45372,0.01435288889286025
7388,29142,0.01317897857175586
7389,59035,0.007530951253466158
7390,96999,0.029079716904926195
7391,32657,0.019164587219840504
7392,71071,0.018686268799319967
7393,57820,0.009660538146282989
7394,22502,0.01282650828045784
7395,22783,0.02432916864802186
7396,73459,0.01694585480033305
7397,98812,0.01382378401430762
7398,99947,0.007171795652813996
7399,18663,0.040436625123350556
7400,3533,0.02063268148870105
7401,41569,0.009945530503825989
7402,76255,0.009664910511074
7403,2756,0.021059078073324328
7404,86507,0.010510836863075343
7405,22214,0.011267863628966859
7406,40649,0.013112428457239212
7407,10682,0.01093789259587514
7408,9626,0.014816801438140879
7409,91147,0.005751578876961473
7410,11610,0.010224913114971673
7411,96182,0.03113370111401488
7412,85937,0.008953258835994628
7413,56564,0.016627722670879037
7414,87739,0.012428608692637226
7415,16623,0.032456635432311934
7416,6200,0.015576859586620646
7417,56984,0.004811761384550825
7418,44322,0.006909341477944812
7419,90646,0.02607833205885822
7420,86180,0.005446894180791998
7421,85158,0.012891533830006924
7422,74486,0.016713869746917562
7423,49086,0.014627932977051374
7424,67654,0.016241806886380078
7425,81567,0.006775536269975673
7426,71655,0.008179835583967645
7427,18995,0.009808986412220416
7428,6634,0.03279126059170433
7429,34714,0.009902162799678888
7430,39858,0.019054570112855582
7431,5581,0.013229684302428933
7432,55112,0.027579126826728098
7433,25783,0.02542186685114627
7434,29665,0.027198492945915014
7435,86025,0.031110821454905957
7436,78180,0.009786215474672288
7437,1761,0.007670735370832329
7438,2145,0.014649133268935332
7439,35518,0.013428119429108636
7440,43585,0.0167970494021156
7441,56161,0.01890764118780522
7442,57247,0.014035144865384253
7443,36594,0.011848044363407832
7444,47088,0.02914053464372278
7445,21430,0.010855860938346628
7446,89248,0.012179752686879673
7447,43699,0.012135994847168404
7448,65802,0.00999269713031124
7449,91768,0.02234438982187054
7450,77112,0.009189030399845411
7451,56753,0.01690340363702639
7452,47724,0.027160519964176247
7453,84,0.01881445231410244
7454,83083,0.025354181104655007
7455,74922,0.006675251250633363
7456,36892,0.018278463726861666
7457,25211,0.03159036995909689
7458,59779,0.01201657081961913
7459,68083,0.016510739310153358
7460,87664,0.011014388688401475
7461,39832,0.027161989578085077
7462,44801,0.01745779304516589
7463,95346,0.00785462711001333
7464,52249,0.017366706517383045
7465,36950,0.009162555690324418
7466,10632,0.025783988229088443
7467,7214,0.021685527046106514
7468,80254,0.010861756175425858
7469,18667,0.01651826543899865
7470,78189,0.01015777897639486
7471,91951,0.01564250388274042
7472,87032,0.008151205716090907
7473,94699,0.009048858678544902
7474,80962,0.009801222983476172
7475,36963,0.008598413526305398
7476,65776,0.008820151977330614
7477,74945,0.013311843832434297
7478,54538,0.011131151752149685
7479,30572,0.019368488996150138
7480,88716,0.025046859697019946
7481,16845,0.03811801189115746
7482,98512,0.040711794721273384
7483,48769,0.028036098280986896
7484,40883,0.0069622420779307925
7485,33689,0.01787835414919519
7486,88720,0.011583915539625364
7487,15484,0.03156227831770566
7488,4748,0.0165280591721672
7489,99821,0.012109692973077704
7490,37326,0.006012941147203383
7491,19238,0.018366197886357016
7492,79841,0.01722845574390032
7493,1732,0.009741829473085934
7494,65838,0.009696699355023881
7495,24020,0.017559857826760013
7496,91846,0.011971422174691035
7497,597,0.014389664746827627
7498,24307,0.013362957239335577
7499,14435,0.015012715057841129
7500,1632,0.01666774513442717
7501,27028,0.0095747933456134
7502,48962,0.02037235142439237
7503,20205,0.014788350020992415
7504,69137,0.017232060057268087
7505,64952,0.011456945657744175
7506,2014,0.01018328730436839
7507,15839,0.01044312911869838
7508,37717,0.005146633914018034
7509,13705,0.01343958898461469
7510,84723,0.008604250876221575
7511,91253,0.020358669240993523
7512,66982,0.03106354945003952
7513,78226,0.032794193725339
7514,60624,0.017332710046309034
7515,82417,0.008681672805173226
7516,81861,0.010303628513401188
7517,34281,0.011047468760805581
7518,54603,0.006998953566505317
7519,32188,0.011426861019167116
7520,87028,0.008627626900149198
7521,98756,0.009997793643620653
7522,25012,0.012358278982467762
7523,6450,0.012166933838724352
7524,42492,0.019804040572184385
7525,56801,0.014018484559189234
7526,49384,0.025440872381575233
7527,11440,0.013603714534258859
7528,53485,0.015856852350427518
7529,69214,0.01575270462460647
7530,23962,0.010523410109247754
7531,65405,0.010837358146439135
7532,4985,0.013619143226582364
7533,58478,0.0148814295406949
7534,76606,0.009912664227640082
7535,48136,0.015882474338421486
7536,59833,0.023769933106893765
7537,47021,0.02647659084300249
7538,79909,0.036059947607151414
7539,93389,0.008283580192148948
7540,60729,0.011401983062431412
7541,97463,0.010301767449245224
7542,40164,0.006308421348318908
7543,46487,0.008114321575841077
7544,79873,0.012445747350960686
7545,84425,0.014391362528924177
7546,58008,0.012849815564658685
7547,20088,0.009805188621845165
7548,80644,0.01078841404741632
7549,53219,0.04073317879683673
7550,20674,0.01096211412106241
7551,8396,0.024736244637674938
7552,91074,0.02645449192008695
7553,66405,0.023175371383340988
7554,72271,0.006965103686493199
7555,59578,0.011644794019704297
7556,3955,0.00694113532355257
7557,26321,0.020382431397423118
7558,76408,0.04653287972257428
7559,54598,0.020886724718801153
7560,58018,0.012345232041972246
7561,61738,0.013764932337626632
7562,28608,0.017250885902067446
7563,33735,0.009923940503845732
7564,9981,0.01215329276537527
7565,63229,0.013652965300989646
7566,53741,0.012732607237307401
7567,76611,0.014590777355434055
7568,73032,0.022143382289414756
7569,16664,0.014633844051018441
7570,3431,0.014653187720932976
7571,1100,0.02217020530575342
7572,2224,0.02089696343600174
7573,71679,0.028793568552676098
7574,157,0.013899680091315227
7575,13757,0.026337974892480374
7576,96273,0.01428405874120518
7577,21384,0.01429137652849508
7578,17234,0.0059771518760898465
7579,48535,0.02251505604318902
7580,89581,0.01822258109103431
7581,25966,0.009494451624052172
7582,54621,0.014236213537164387
7583,58339,0.0073208526697102075
7584,72510,0.0036945871047184323
7585,7358,0.012138738318442647
7586,10654,0.03310487237445084
7587,431,0.022515722508551318
7588,94717,0.03134573434458196
7589,2854,0.011016215000890457
7590,79809,0.02995701486228375
7591,54646,0.01616720043565774
7592,49140,0.012985497320797894
7593,88659,0.01657793461886099
7594,52798,0.012916771523059624
7595,61015,0.010329910341429771
7596,23311,0.017340524540834547
7597,4304,0.011346578370175539
7598,30349,0.013371088134124106
7599,6160,0.009991950443628338
7600,1455,0.020723218297576257
7601,73413,0.01465744694138921
7602,88198,0.010779346434532218
7603,32162,0.009438583167118292
7604,97504,0.012995156109184298
7605,43279,0.057140807303599384
7606,10200,0.01722980043380961
7607,35641,0.012365219371931475
7608,53935,0.011395045641839227
7609,54035,0.0060181704025826805
7610,35003,0.015628260262585236
7611,85136,0.013163470801400347
7612,56480,0.030849274142236472
7613,38006,0.009105749228009849
7614,63201,0.01099259629159643
7615,79511,0.019857971966925826
7616,51415,0.023579287141934777
7617,32615,0.004850356236190291
7618,85900,0.013415414823858877
7619,90681,0.02196552028709835
7620,57423,0.014688811746708635
7621,11463,0.02252609828973411
7622,76815,0.02359020565155943
7623,24303,0.007430667673626064
7624,85913,0.014556514947235623
7625,84417,0.018106108307346134
7626,70540,0.013258437594313794
7627,5372,0.01936048704546737
7628,77370,0.010444411962832849
7629,71135,0.017281369336910563
7630,98222,0.009885884762112204
7631,93264,0.006870955788157525
7632,41150,0.007189815441728588
7633,39349,0.02120111407981304
7634,63244,0.011361195772855739
7635,16615,0.0073924971548527865
7636,73448,0.013935471680139803
7637,11943,0.008553489993030464
7638,37151,0.025984728494588397
7639,29743,0.014968706881619826
7640,68419,0.011007668456394712
7641,31573,0.015475763675846382
7642,91686,0.04523069779646854
7643,54835,0.02269345816390721
7644,60637,0.00503446860406979
7645,65465,0.022445623319050784
7646,11936,0.013476177190741075
7647,2781,0.012271063013731372
7648,2134,0.01620876787192452
7649,23764,0.023948849391490865
7650,42739,0.009270738013750003
7651,69442,0.020866409409281816
7652,80567,0.0191749457680209
7653,45570,0.017757686908957397
7654,50284,0.011029499605224022
7655,32073,0.027402409667276206
7656,10785,0.007155705008907081
7657,48477,0.015865658463498664
7658,4980,0.026701234141357357
7659,46173,0.009151239490367908
7660,91397,0.02987332756053862
7661,41875,0.017934853921972672
7662,53055,0.013669699188176376
7663,90373,0.011498766844456058
7664,78597,0.008378500797801185
7665,12577,0.008889992962845285
7666,17839,0.009063151214857238
7667,20083,0.01334234107970937
7668,3305,0.013484856822235897
7669,97478,0.009602281007020073
7670,2638,0.015222801383454165
7671,11784,0.014261406215584145
7672,27862,0.017274383940605157
7673,42724,0.008489723316365782
7674,72468,0.01504569220677882
7675,22827,0.016580490786991194
7676,6694,0.01961823001886103
7677,34287,0.020172824206257888
7678,2325,0.008752694111996378
7679,62546,0.016792603413255447
7680,18066,0.00523249560618222
7681,36735,0.016621686696961773
7682,41855,0.0062417389768355735
7683,78184,0.014107403277983308
7684,18392,0.01008947909004568
7685,24291,0.015060010396742884
7686,90892,0.010338109120146948
7687,92560,0.025058560638202946
7688,48241,0.016188737192540287
7689,40395,0.010568433261018032
7690,18241,0.028037492952586396
7691,1412,0.01933375862593057
7692,82874,0.008583842577578545
7693,75214,0.011026014693317928
7694,18183,0.012859594647172626
7695,79054,0.031795463057996666
7696,24927,0.00680033848597732
7697,83080,0.009732550689541172
7698,73644,0.008563996908969466
7699,84510,0.016120510129066044
7700,34016,0.015554455801061266
7701,90061,0.007650185006280602
7702,23327,0.02431725273266603
7703,56104,0.020447799746998396
7704,39700,0.03259015495241689
7705,4362,0.021048422973230285
7706,52373,0.013575409609706927
7707,27724,0.01639448970610681
7708,22192,0.00901550174316395
7709,83463,0.004327914514390197
7710,45031,0.014149882012279031
7711,39299,0.011049332323223403
7712,57877,0.012871646217575855
7713,17065,0.009087587870536639
7714,92807,0.005957891088580963
7715,15017,0.018389737253378904
7716,23011,0.01321255884797542
7717,95898,0.01876647821996274
7718,66604,0.0193292173910239
7719,83576,0.013111290014290178
7720,30104,0.011715674375786796
7721,91403,0.013133820817541591
7722,98261,0.01037061486469985
7723,70976,0.01325658820090789
7724,97391,0.008290722709260775
7725,17031,0.01941930971323644
7726,61132,0.0071861150921442764
7727,5602,0.019581912062288674
7728,43507,0.020955132930060467
7729,44931,0.01683846732560642
7730,89752,0.007284252007789251
7731,68487,0.00910907176207891
7732,86760,0.01155891414339321
7733,43724,0.020565212640852846
7734,76961,0.016992733809917622
7735,4312,0.010382412928240258
7736,34960,0.009461971327991672
7737,13840,0.015598684740864633
7738,90103,0.00912127744227733
7739,95909,0.010984999155745159
7740,12918,0.014630139715158088
7741,83079,0.01069311103611827
7742,88790,0.014733862528711091
7743,18385,0.027170238281760708
7744,20805,0.007454292623692293
7745,83292,0.014067869144342639
7746,93937,0.02140837736317233
7747,66663,0.00989833681374662
7748,62603,0.018312009315627525
7749,45022,0.024281875630827086
7750,96046,0.008874187951257686
7751,37184,0.010375768104191647
7752,243,0.011001759405498095
7753,7052,0.023984669974354486
7754,88991,0.011293193715965849
7755,83142,0.03043952987859976
7756,37071,0.016868612212269915
7757,58867,0.016259709140297715
7758,8421,0.010758102044501828
7759,52889,0.011291351520420139
7760,2385,0.01610555656653024
7761,54675,0.010795572286874285
7762,94180,0.016041874243642902
7763,83631,0.021728397174688663
7764,46219,0.00652933543374469
7765,55599,0.012761647574375406
7766,16018,0.010663070543937263
7767,53677,0.038671792014574866
7768,64646,0.007146463514618035
7769,74261,0.020873938415703563
7770,65578,0.01979072377002967
7771,80411,0.03206192025160842
7772,85734,0.03443958944569962
7773,33780,0.015955581723273812
7774,53384,0.00887599543225501
7775,33333,0.019383710277243383
7776,4492,0.01787600706236956
7777,30703,0.00650905887840704
7778,13958,0.035431316748008375
7779,53357,0.011206472534546152
7780,37468,0.01780655626924309
7781,31348,0.02304248226823322
7782,96053,0.011673430676813914
7783,33725,0.04226699249470857
7784,58622,0.019160374944786472
7785,34510,0.01233077549916029
7786,14589,0.007065799207915551
7787,56676,0.01436454627014465
7788,54877,0.017517802867340528
7789,92259,0.011261069116874587
7790,16469,0.021493031549028197
7791,87930,0.02278510913477029
7792,4230,0.028047354816116133
7793,7738,0.011331906083351651
7794,31964,0.018927150697735234
7795,85497,0.021050598893734594
7796,8987,0.016060552024545333
7797,72322,0.022047669919251996
7798,90384,0.011905941111475858
7799,47602,0.01820249840517459
7800,49220,0.012216906302547313
7801,88885,0.011164750512705584
7802,78005,0.015010739211741748
7803,24054,0.0058707140849337805
7804,21629,0.01827422108943517
7805,4633,0.04878868359416073
7806,36875,0.019575287432621737
7807,9917,0.011905411138946637
7808,60082,0.010796148122697156
7809,29176,0.010047155538416579
7810,89313,0.028378775986091474
7811,21278,0.008142710337730931
7812,42120,0.011876687846317388
7813,83374,0.022601503085480364
7814,54510,0.011466770240583334
7815,6772,0.01594636667406258
7816,43646,0.00973049481364024
7817,5626,0.0097714034652374
7818,93425,0.008475308191353786
7819,29889,0.009597273903717656
7820,27188,0.012912704229253117
7821,50235,0.014514035709707678
7822,27945,0.019035670809201564
7823,76906,0.011416866522475602
7824,9436,0.013359822360891593
7825,6890,0.010938956913878011
7826,34634,0.01035906039899561
7827,15144,0.016025524437111395
7828,53119,0.015685815872753958
7829,857,0.011788072032250501
7830,95810,0.017431134692689875
7831,96621,0.02003505232487317
7832,49073,0.011647118857931314
7833,81173,0.011101860465550492
7834,67884,0.009823672273054196
7835,41267,0.022452050871194083
7836,82956,0.011033751891439821
7837,71898,0.021430022812451398
7838,15604,0.014813631690774383
7839,96943,0.015119808723610073
7840,41109,0.010119973089765994
7841,86935,0.013474817003099257
7842,30457,0.011481748373593182
7843,52394,0.011725825061816565
7844,71567,0.012526933093352238
7845,50303,0.014058156347669711
7846,65204,0.017429403280810062
7847,18354,0.012338468647144739
7848,95682,0.016351143737295563
7849,9132,0.009712257161325734
7850,8226,0.021489911869079642
7851,2933,0.009855455205390395
7852,17955,0.029969126026012403
7853,58593,0.007577890584768488
7854,52599,0.01230594815452885
7855,25601,0.02450824173467248
7856,63240,0.016160998446213833
7857,72148,0.01588468397443702
7858,3702,0.014098645640068639
7859,89198,0.015765242375504848
7860,9414,0.011769122054838497
7861,64471,0.011161331237087499
7862,22248,0.010510375886620741
7863,17930,0.01664300793578362
7864,6129,0.016177434887942863
7865,92996,0.012753865386156162
7866,43349,0.01024262042146441
7867,6541,0.008029161917602879
7868,88889,0.009637039262601212
7869,60529,0.015110803653989001
7870,54199,0.011634238086287177
7871,91479,0.014099483081524117
7872,12478,0.02097343193677793
7873,38230,0.01558292143947007
7874,7032,0.020838554813045234
7875,33646,0.006906643022173575
7876,79996,0.048942467674308446
7877,33649,0.010792705924877428
7878,66864,0.011558323100367682
7879,80163,0.018726785542938877
7880,66664,0.02434925653889989
7881,25422,0.026806696194809028
7882,40490,0.011318337141456155
7883,25520,0.01584938618292461
7884,63525,0.009662864886539925
7885,6916,0.022176103473733874
7886,35861,0.012143155001331092
7887,16885,0.009419276027285855
7888,9860,0.020645285693260667
7889,36513,0.011577181860191752
7890,68386,0.02638770853396563
7891,19498,0.024617442189314852
7892,74113,0.03016514932959729
7893,98000,0.031131513145860535
7894,52033,0.050693126466559345
7895,34827,0.007004532810817282
7896,74444,0.008591186112708963
7897,71058,0.00989159634609072
7898,22267,0.0105247296843084
7899,68791,0.022231351181440748
7900,54734,0.009403204222962789
7901,694,0.013283118160285297
7902,18438,0.011963587507606002
7903,39017,0.015798348741926035
7904,69899,0.019284937068731474
7905,23954,0.022369534025125808
7906,55220,0.018044678203664583
7907,47546,0.01080227656000438
7908,86768,0.011485374390658304
7909,57447,0.008920114225302162
7910,12711,0.03851294427174036
7911,48772,0.00967745486000221
7912,33467,0.023493638693132556
7913,79913,0.00613417091396018
7914,64729,0.016120810998843108
7915,10776,0.013432012974669191
7916,52146,0.011538253774108777
7917,8542,0.017243277275693518
7918,50611,0.01388176349219894
7919,79499,0.0161482560560237
7920,11836,0.006399565584946657
7921,67689,0.00888362149762114
7922,12802,0.013948458819794058
7923,57854,0.01286437382588216
7924,2126,0.008238459822541566
7925,68220,0.012672121441219911
7926,13704,0.01967554782862938
7927,16344,0.011314711011075186
7928,20128,0.0049595920661454195
7929,79230,0.014256081467209244
7930,97998,0.009121928353568442
7931,70951,0.016235032768007314
7932,69802,0.012695635768992236
7933,68639,0.009014438367384312
7934,4525,0.007721326181790696
7935,49017,0.011857086330623162
7936,56781,0.01001615573752004
7937,22907,0.016837361514059457
7938,58329,0.015240736553083375
7939,33920,0.01395330682215851
7940,21708,0.01717387176603756
7941,13792,0.013773146687917438
7942,1854,0.010099716929369031
7943,77412,0.0046295793468143715
7944,5615,0.009182025989571824
7945,43883,0.03277275638117832
7946,38361,0.029982129279421166
7947,11844,0.013382324622450823
7948,90138,0.009434955231939109
7949,80689,0.011363380829150772
7950,81863,0.01176551626565147
7951,21556,0.0120220539512441
7952,67879,0.01379971555328603
7953,61890,0.04914113747142445
7954,12359,0.02515399966470535
7955,97004,0.01103182114729935
7956,55298,0.00992588004900182
7957,34632,0.010690836969858395
7958,4029,0.01425730919264099
7959,60784,0.011938697515717338
7960,57040,0.008294530211513263
7961,7168,0.014907495261175479
7962,77306,0.010167236818366586
7963,16287,0.01679372330724364
7964,47792,0.011447856294057215
7965,47871,0.019867521627794257
7966,96905,0.008346366803662832
7967,65887,0.013844802031644458
7968,22721,0.022534066501245273
7969,29334,0.015939727337918486
7970,63180,0.013787744175291048
7971,5197,0.019691551805561522
7972,12139,0.03546649052618881
7973,61740,0.017868152677717613
7974,14116,0.009879053921879714
7975,63549,0.011426352496006719
7976,18289,0.01678723667499387
7977,93611,0.012780890205931261
7978,5186,0.028350679234918113
7979,36602,0.010119139361506503
7980,57870,0.010534979343213558
7981,45344,0.008219011444463738
7982,38416,0.015209750643489683
7983,73193,0.017054134544892914
7984,16760,0.010672960007725281
7985,12247,0.01752629096747662
7986,70567,0.017472850008991674
7987,49838,0.018903745985940315
7988,45216,0.023622769905380515
7989,86175,0.007825942161134539
7990,79955,0.010416568028142607
7991,25672,0.012117457977129275
7992,1219,0.007980734753744285
7993,72965,0.016349324159904116
7994,6253,0.011594148755797085
7995,61971,0.02104913547288694
7996,1403,0.017433992414856
7997,2453,0.02244375481009049
7998,71433,0.01285725640440733
7999,80919,0.01381062813986263
8000,4491,0.02855328616962722
8001,88824,0.011149791422787388
8002,58807,0.01982948505344738
8003,57449,0.023392441959930066
8004,3923,0.012857468756349837
8005,8585,0.013713516786880497
8006,67130,0.01888724870367081
8007,17738,0.0109822883440968
8008,14743,0.016208904334285637
8009,80259,0.014272026221260982
8010,92280,0.016881990755525208
8011,24852,0.012750088376867207
8012,8755,0.009405482963340756
8013,35394,0.03305807388220869
8014,52221,0.011884825832627191
8015,6064,0.013744913296061343
8016,41493,0.02623645001945118
8017,47814,0.019695629139026095
8018,25973,0.004833006138562591
8019,34069,0.014698104929912808
8020,99030,0.011105999239473746
8021,17861,0.01923030840923181
8022,79935,0.011876780712399284
8023,66554,0.023058557600366604
8024,92334,0.0066778291415696845
8025,5542,0.0142616665341079
8026,80752,0.010390529898332876
8027,79030,0.009970900914381926
8028,35425,0.014390468303824969
8029,98646,0.012703917354644809
8030,6488,0.0314304625929942
8031,58929,0.01310110659174322
8032,15969,0.01632905990630935
8033,73842,0.011738742099551582
8034,64205,0.008532945580865144
8035,65557,0.01859020075448383
8036,57327,0.010915524997211486
8037,96649,0.009988235280782194
8038,8492,0.010610176600011317
8039,61100,0.01449317974921488
8040,14292,0.03269690697552402
8041,84027,0.015282115476441788
8042,39822,0.008355945980407453
8043,69000,0.009624140967150996
8044,25301,0.007492594980288283
8045,48657,0.017435175276677407
8046,29259,0.024064632565348847
8047,67238,0.01974042981451602
8048,40569,0.04687016361819876
8049,60900,0.027648356384686122
8050,12067,0.01064216358926802
8051,40237,0.008210323121444112
8052,15654,0.011475491184057787
8053,68871,0.007724911327015331
8054,94103,0.007669137247016467
8055,88404,0.02203710129185531
8056,18343,0.017592655354213685
8057,55360,0.02801612030906313
8058,54131,0.012596669137823376
8059,58060,0.011718992276030526
8060,30979,0.01695295687962305
8061,59265,0.018876442411012724
8062,55421,0.01512824826452384
8063,48070,0.01513812137116591
8064,90746,0.007774312679897497
8065,13374,0.015195517258614486
8066,32899,0.01881891664075236
8067,44077,0.012834540399109903
8068,75431,0.04500743132758578
8069,25531,0.010153541794964702
8070,71161,0.012886672417576434
8071,48639,0.015958950450929127
8072,37329,0.009601409863697187
8073,99060,0.01081446645664759
8074,17948,0.013193296765593998
8075,54354,0.013997121361360585
8076,9916,0.02211991920199714
8077,17743,0.012442563991753027
8078,97671,0.008519034856255811
8079,57663,0.008963251187117622
8080,91266,0.01785585000698329
8081,62899,0.029503594410160167
8082,12262,0.012752050829402825
8083,97586,0.01758657467861979
8084,89325,0.013325808588500195
8085,64672,0.02014023003525913
8086,73601,0.020305478967927722
8087,1197,0.012708581121227122
8088,94845,0.041790561945496664
8089,58855,0.022998759389247274
8090,58751,0.024459803469857877
8091,15989,0.01194575320583115
8092,82788,0.01261223342839233
8093,32493,0.015348097089028307
8094,73479,0.011640042739154534
8095,34466,0.010556291995498063
8096,10199,0.02126718104364092
8097,49540,0.015283891379219445
8098,30277,0.009301894458620017
8099,58156,0.02070773273705198
8100,24859,0.012992558277157326
8101,95417,0.01783729574580592
8102,12150,0.016938671144566087
8103,57024,0.01969471086494088
8104,57101,0.006684155745929385
8105,48897,0.015674549998650887
8106,99025,0.012071465675363192
8107,14393,0.010135903351949506
8108,89419,0.01348081588376096
8109,31504,0.012875577813110536
8110,13587,0.011421307681314555
8111,9063,0.012583397047151595
8112,54755,0.014046417776201884
8113,58123,0.004834312469262996
8114,7664,0.034834742752073836
8115,8020,0.015416701364811509
8116,51077,0.010922082712417373
8117,70479,0.022834069517495465
8118,51134,0.007998004772381788
8119,55478,0.020708353547188554
8120,30835,0.017830859228706065
8121,9419,0.007949673644565114
8122,8877,0.008819693534143011
8123,77148,0.0197547104621522
8124,92577,0.018064019244996652
8125,40167,0.017360372520496114
8126,68417,0.01495299010501613
8127,31635,0.011844397188268027
8128,88730,0.011538397865001231
8129,2632,0.018755255211045724
8130,88680,0.01523342333674713
8131,97499,0.013458103977200982
8132,41327,0.011756335368138266
8133,30609,0.009300157284920164
8134,93280,0.027641263226031963
8135,50206,0.019273942158887912
8136,6903,0.01869598828065367
8137,97878,0.02091195580354642
8138,40304,0.021287662431334016
8139,89630,0.012631353534917414
8140,84989,0.011141402330938332
8141,76689,0.01745934301505922
8142,59558,0.011799856775166786
8143,97987,0.014516804117097333
8144,74823,0.016058784429538352
8145,21762,0.010951184477718727
8146,82480,0.009626549868952599
8147,56652,0.010834455310168474
8148,87078,0.021011595485325836
8149,34733,0.015405363131260865
8150,24764,0.018060020668613282
8151,42537,0.01233440780455906
8152,91381,0.01097891256256325
8153,27719,0.01743135063386254
8154,50833,0.009999898214734763
8155,13060,0.015642583027527385
8156,88951,0.016008397095851588
8157,20974,0.012531922704897822
8158,72164,0.019740581990107205
8159,75727,0.00851508667295037
8160,75718,0.010946356919414627
8161,98312,0.007928752941868449
8162,36406,0.009171717343940846
8163,71429,0.011113057710432446
8164,15004,0.006315197345519469
8165,2362,0.015503904000260782
8166,30233,0.00890556950716734
8167,56015,0.010104527950365792
8168,98309,0.017841021594642757
8169,61814,0.012350862159142125
8170,24398,0.009176881909887805
8171,49575,0.0350286308558324
8172,44830,0.015847665652870768
8173,59155,0.01654645560205359
8174,11810,0.017023837796592535
8175,74410,0.01175806207713134
8176,44029,0.03114934315951867
8177,95969,0.009702390015287964
8178,4966,0.02054668715849793
8179,21613,0.021121115590540883
8180,30719,0.010792341483364264
8181,6011,0.008328227684912735
8182,84273,0.01852145384698994
8183,22423,0.027928778171209683
8184,50697,0.02927279612543611
8185,75253,0.013114751456954524
8186,24556,0.009217970807957603
8187,29971,0.008907938489561467
8188,29806,0.033711438876892305
8189,32112,0.010129780460657118
8190,84741,0.010191855439768322
8191,34357,0.015283025948847664
8192,43632,0.013580399330262203
8193,14716,0.0240572086236392
8194,33893,0.008751927378396994
8195,85472,0.01112331362095162
8196,15974,0.012020498575025164
8197,76390,0.013290263544815405
8198,21549,0.007468385356920331
8199,95041,0.019938044310329153
8200,84946,0.013253841870057067
8201,47909,0.0063920200298384685
8202,77763,0.014990443160982903
8203,50873,0.011770200739514312
8204,73993,0.010844447380592436
8205,29837,0.0169319684878953
8206,45088,0.023554908449758476
8207,17958,0.028440068369474665
8208,3319,0.009269504622552261
8209,27193,0.011161183843438588
8210,57645,0.00920726250730212
8211,37568,0.01752833424409584
8212,70991,0.024258506093133334
8213,20999,0.006733780632279546
8214,23817,0.024466563139633805
8215,97460,0.009956527569836109
8216,5965,0.01529924318182941
8217,65417,0.01211556755082967
8218,49309,0.007868167474779456
8219,37990,0.009287247132658659
8220,53568,0.005956277779694258
8221,78105,0.010715653412568294
8222,69902,0.01572547252299246
8223,9080,0.021904018528713785
8224,96639,0.012430126238461792
8225,44286,0.02960708944823931
8226,17319,0.012043897746389315
8227,98236,0.01819688694479938
8228,24444,0.023430314169952757
8229,94642,0.024983736775543375
8230,9315,0.017889308019303087
8231,89827,0.021026800441375566
8232,48406,0.013392228896192704
8233,58077,0.028486522771997678
8234,27866,0.009320534354521948
8235,3433,0.015074397742921165
8236,46941,0.014761165042659447
8237,47011,0.01351824786572195
8238,73654,0.021336531272984835
8239,85028,0.015536030136421011
8240,66243,0.011715491317323344
8241,50773,0.025785147147481445
8242,19967,0.011329748583300152
8243,75988,0.012328032208138249
8244,55884,0.010561094875898493
8245,68205,0.01153798259779985
8246,98792,0.015700149156793432
8247,22806,0.015153052967531848
8248,91975,0.011821134894815403
8249,59663,0.022093559655416505
8250,48143,0.01643242939178762
8251,56465,0.018588579229973798
8252,44857,0.01762865247443553
8253,19941,0.025484677284559023
8254,26864,0.008812777586205984
8255,11968,0.01044726161010581
8256,44859,0.03185687755478832
8257,44003,0.019706606614299977
8258,17147,0.013082237518611779
8259,60518,0.019207039998419214
8260,242,0.014354038993783949
8261,82428,0.012278186014926026
8262,59226,0.03473925482829582
8263,27261,0.029264135140565157
8264,29752,0.01632996851276591
8265,93010,0.018717882175503558
8266,61230,0.013877032759962694
8267,72288,0.011923619908164282
8268,75313,0.014965349498595976
8269,27668,0.008219037125286401
8270,17845,0.037584645716029395
8271,75638,0.012258821198713856
8272,86915,0.01001761956496916
8273,5303,0.017974948614845346
8274,30839,0.03008096621460992
8275,84872,0.03156824069378195
8276,54083,0.006792821086108781
8277,63156,0.019037202867224337
8278,96343,0.016277900909285305
8279,68105,0.01026712243952119
8280,34520,0.0041698279516394175
8281,71329,0.025034453848156286
8282,50465,0.0211058815609864
8283,26596,0.010501489170704108
8284,82942,0.013281369586356796
8285,46456,0.02222055239051071
8286,29132,0.014223809404326864
8287,17543,0.009587767151785003
8288,77631,0.009011097493582334
8289,36144,0.03672527144172351
8290,73456,0.010100972265939801
8291,19775,0.020371773060665274
8292,35193,0.011090055773143644
8293,19859,0.01417639983016749
8294,8993,0.016288764297341662
8295,97676,0.027746017026645406
8296,27517,0.04288641689430158
8297,98379,0.012761399763436217
8298,10401,0.015519359573107839
8299,17283,0.010739332715753109
8300,79424,0.011147401405586281
8301,32002,0.012413304964247708
8302,649,0.01596454125781632
8303,24047,0.013421370036904603
8304,6409,0.014326523644201429
8305,51988,0.007114712659181887
8306,53107,0.035565662211691204
8307,92053,0.01039011357851774
8308,74567,0.01679607516821839
8309,16058,0.023672206540392995
8310,97131,0.021875167987281015
8311,41481,0.006401208886642489
8312,69153,0.013856708285432989
8313,63613,0.01129869773440832
8314,95616,0.014136475576926781
8315,55025,0.019830409566621632
8316,74332,0.028070256827220457
8317,55789,0.010860854631650891
8318,51640,0.010132757690902074
8319,47398,0.016423782295268426
8320,97832,0.015204738031669371
8321,11935,0.013371290421638562
8322,25184,0.017128247714945498
8323,86939,0.015822655096191254
8324,52220,0.015662479172784797
8325,2495,0.017210798221488126
8326,87076,0.007845010336620814
8327,45779,0.022685965010666387
8328,71070,0.007631151515233051
8329,66888,0.007715789304321568
8330,54116,0.007750861927522267
8331,43735,0.009663328733957286
8332,9804,0.01130126662823962
8333,76729,0.008098162345009466
8334,19216,0.01339608867851419
8335,56424,0.018381595347144872
8336,59895,0.00899214088361592
8337,77702,0.010407601569887806
8338,57963,0.031528321392446206
8339,6137,0.06646533441432394
8340,91658,0.01085348808201609
8341,76143,0.008018472896169117
8342,36785,0.02399289084002247
8343,21507,0.011716333417673853
8344,4566,0.025479521407428162
8345,11645,0.008195125497330612
8346,650,0.0059032729921687675
8347,25858,0.009069973792927904
8348,57827,0.012945698003641499
8349,42042,0.03413844739869892
8350,80345,0.017772634439088244
8351,3663,0.020790201380531104
8352,31068,0.008793616279314503
8353,74243,0.02161482771282415
8354,95666,0.018902781028329242
8355,52639,0.029868663180074067
8356,27186,0.007695923456308877
8357,40822,0.013124462123561997
8358,74117,0.010230049530636819
8359,60124,0.011286685361747904
8360,84806,0.018779090249797074
8361,4987,0.018396847077626365
8362,79907,0.01402045289376306
8363,65853,0.016342467153168644
8364,80682,0.01152569325194254
8365,32855,0.017234063240958754
8366,38634,0.0157542610132591
8367,33675,0.007135477529399259
8368,90132,0.013836154175687251
8369,31789,0.0199941288347675
8370,24385,0.012964213569690932
8371,54093,0.017083918374396052
8372,53706,0.01116401934078827
8373,807,0.014138894249910081
8374,59717,0.018117302854207214
8375,83057,0.01346054963476374
8376,37305,0.01965470615466432
8377,81230,0.015255254400667974
8378,24004,0.010781466718536149
8379,15962,0.018137358326296035
8380,86922,0.01799377219216368
8381,71740,0.010932721772466287
8382,65162,0.02012149190162453
8383,19659,0.011357692303356953
8384,90423,0.011868576233007595
8385,95173,0.0082620483243006
8386,13900,0.024788311486381588
8387,44454,0.002979729741355978
8388,53764,0.023198147584697647
8389,91349,0.012193322631768796
8390,4893,0.012142804348450179
8391,85342,0.013058977552151851
8392,15221,0.009342030257148564
8393,87347,0.009589849127349864
8394,79797,0.0185257224809061
8395,94452,0.013737062227608269
8396,40154,0.017185581235963508
8397,95643,0.017672326393380934
8398,16391,0.016952285736388305
8399,69326,0.010588147142613857
8400,57949,0.018799073538267774
8401,89261,0.021759675127531672
8402,30567,0.017828522391572017
8403,31597,0.014634392737315517
8404,68372,0.016628747386747817
8405,16311,0.025262054814574157
8406,28618,0.015002948579988941
8407,52920,0.02687759452266395
8408,61685,0.01115649657545966
8409,46718,0.02730300360863492
8410,67107,0.010003276273537757
8411,63662,0.011557555348260938
8412,29537,0.010378471084158663
8413,6068,0.008708694912047338
8414,43966,0.008000391351999755
8415,61838,0.009442637079756575
8416,83843,0.01166911211623593
8417,17575,0.012672335791702443
8418,41735,0.013201659833535379
8419,71325,0.008437474122757827
8420,47971,0.010619804542343307
8421,91290,0.011130754025007364
8422,83345,0.008297895364730534
8423,63837,0.019666947454147925
8424,25564,0.01856068443385718
8425,98302,0.010990592829451692
8426,22620,0.025062182491719424
8427,26240,0.015154650092447354
8428,58648,0.020248856122966088
8429,32310,0.00923204755403436
8430,30829,0.010578365152118654
8431,45750,0.011397972239256308
8432,88063,0.012183462592197217
8433,7481,0.019520792003280114
8434,40062,0.01509803142267652
8435,6032,0.014186378422384613
8436,60346,0.016544482700190256
8437,69120,0.018745229412776645
8438,99635,0.023638928918544466
8439,90100,0.01081818790720156
8440,77560,0.021447841134686278
8441,4146,0.01189673252503775
8442,21946,0.013799358691069685
8443,19094,0.008826835163181923
8444,21390,0.025921386399707147
8445,42987,0.019689046122453625
8446,27078,0.010767923665258146
8447,97550,0.01657701157420905
8448,38594,0.00879702881463336
8449,16225,0.024885904506849833
8450,67629,0.01136685240492926
8451,85920,0.00949844297152699
8452,51934,0.009283284074740501
8453,10934,0.013259589355020356
8454,40666,0.009279175352128056
8455,62087,0.009544472140414473
8456,62585,0.004083271553895332
8457,53395,0.010569689350827888
8458,11323,0.018918240996244323
8459,12696,0.013799734462321168
8460,49132,0.005857714981568587
8461,22585,0.009136338776040866
8462,98868,0.010019109835821886
8463,67625,0.013296802377964025
8464,91702,0.016457896132803317
8465,40429,0.022102500397504894
8466,56637,0.01892722905346257
8467,33433,0.012802158817155448
8468,99069,0.018573121684833296
8469,99770,0.03876687377134102
8470,89867,0.020543433234730374
8471,31075,0.012077844747946119
8472,88844,0.020615103576581983
8473,85835,0.01120352155146484
8474,20761,0.015384790055583675
8475,76083,0.01004058235489126
8476,4758,0.010542491721321007
8477,7438,0.01639986945058586
8478,62669,0.017916408517707837
8479,33464,0.02687533853649417
8480,75952,0.03240840986430946
8481,19099,0.017707116974235222
8482,83513,0.00658372296738945
8483,73858,0.012461236296341195
8484,13936,0.014431705865899539
8485,84882,0.008189843403912652
8486,68392,0.011704154717822953
8487,80804,0.025035690113115676
8488,39920,0.010920682084414792
8489,76958,0.019639777588858702
8490,85045,0.0198413396802789
8491,26776,0.015503743503046227
8492,87200,0.03184701612990745
8493,37447,0.006617952684085948
8494,18002,0.011753120793607437
8495,80220,0.015248494479263259
8496,26223,0.005686895536848621
8497,78879,0.0095188162689353
8498,16217,0.015392127645406664
8499,54727,0.028788931529173296
8500,86958,0.016136267779721013
8501,20852,0.012567610685166755
8502,69186,0.009291974051880422
8503,98071,0.017279424796970977
8504,53617,0.028941524441505113
8505,56318,0.009266157289177079
8506,58411,0.010596297682567396
8507,17702,0.025238194904941755
8508,8088,0.008034037164243866
8509,47309,0.0072677946123938676
8510,14842,0.018313122622824838
8511,25443,0.02026089222157963
8512,60658,0.007953031754247795
8513,63427,0.028165862028676034
8514,39013,0.02383780544603487
8515,23496,0.02467531255191951
8516,81595,0.0197748914317031
8517,49817,0.02292719037080498
8518,94466,0.007445502579937477
8519,73847,0.012741162569764174
8520,89476,0.014506432854874515
8521,64331,0.008690157897735109
8522,97348,0.010266325114903
8523,64160,0.013859998177342592
8524,53991,0.011413441980101429
8525,95255,0.010697610085880785
8526,93156,0.01008385437112901
8527,99963,0.009055607536762053
8528,411,0.015389898982169473
8529,56574,0.008726205313105972
8530,54916,0.01642953279746738
8531,29967,0.021146564952631404
8532,75435,0.024341361277696007
8533,54642,0.015073915812102236
8534,13043,0.010826308916681146
8535,71139,0.012759216513775503
8536,9490,0.007739911316677708
8537,49471,0.04529313654333344
8538,9366,0.01087687416584667
8539,25739,0.009697961763163728
8540,28160,0.03448137768552843
8541,43836,0.01747959188908379
8542,95359,0.017859634442446124
8543,78845,0.0070210821435532115
8544,3846,0.0226598294680404
8545,27245,0.012011128624531549
8546,21280,0.008881015314417474
8547,36006,0.018854018698814194
8548,13003,0.018661726308079
8549,23044,0.0153348941072482
8550,35928,0.018830387845264484
8551,9153,0.01134380839647564
8552,48489,0.02779690604954681
8553,87894,0.010711208614455804
8554,68664,0.05489805576971565
8555,56880,0.025743363823461995
8556,58772,0.021573936900701324
8557,61119,0.015015872175832362
8558,33276,0.014137525309699773
8559,40471,0.007560803258622947
8560,14253,0.01991628623096665
8561,50373,0.043685414141038104
8562,57483,0.013827278135192612
8563,93900,0.0213601533733173
8564,35869,0.013652893332665565
8565,51349,0.00783469753452063
8566,27342,0.021121734091440365
8567,36972,0.014382530069701981
8568,28379,0.04326580787907689
8569,46446,0.028023202792667366
8570,87860,0.027400310375432578
8571,27766,0.007932097644275283
8572,20816,0.01104996902786344
8573,52149,0.017382891770843643
8574,9667,0.010941315562496143
8575,32508,0.015852492198133002
8576,68049,0.023136583243274923
8577,16308,0.020862732774159527
8578,65145,0.012970735268812183
8579,75837,0.022718541216755497
8580,97468,0.018667035932206553
8581,8886,0.014643891454888385
8582,12221,0.010270327989958895
8583,78963,0.02606031564670267
8584,19188,0.009016938607870385
8585,77966,0.01458407273391506
8586,1698,0.016974363366867834
8587,7574,0.00993902320396214
8588,46307,0.022247796749776155
8589,77084,0.01647632115947805
8590,22594,0.011879531210984583
8591,86861,0.010003919829872629
8592,70093,0.00911893859818573
8593,55754,0.017070016168684986
8594,5355,0.005784371855211641
8595,60902,0.008424711657870036
8596,7410,0.014386331765567237
8597,56453,0.021089935038479776
8598,51809,0.008797942770853814
8599,67134,0.014779282179310876
8600,62711,0.021588019849982328
8601,69836,0.02288414341691617
8602,33044,0.022654013542190148
8603,97204,0.008899040313447956
8604,70408,0.017441340686068268
8605,28493,0.01158973716404815
8606,13119,0.025355887728465608
8607,23107,0.013106209002325411
8608,19796,0.008033134173790115
8609,94277,0.03549838279917306
8610,1986,0.010066856791436797
8611,82467,0.013314124728205293
8612,69575,0.01777612516853058
8613,46735,0.020957213371353787
8614,46418,0.006415560276540821
8615,72981,0.014605010148803763
8616,88445,0.017721974527587163
8617,34955,0.009918684653275606
8618,29149,0.007751427743860284
8619,11353,0.010375549368833762
8620,48975,0.018326431953430956
8621,91689,0.011688421753474013
8622,39422,0.013041872091169384
8623,91786,0.01694291376233108
8624,46582,0.009898904487058251
8625,90727,0.017065788636372578
8626,98816,0.014851754464746965
8627,9608,0.0075143870940618685
8628,91921,0.024302055903817003
8629,77957,0.007993309118216468
8630,92912,0.013785930918845217
8631,24026,0.010280543453953567
8632,26325,0.01513950788271637
8633,92965,0.00836185606307107
8634,42130,0.007517335189038137
8635,84203,0.016041351687048445
8636,36142,0.007664158935798133
8637,13325,0.007982208337704178
8638,90400,0.014683186013841873
8639,15396,0.008971475995183366
8640,57762,0.007437000059817381
8641,15656,0.022323234676743048
8642,81484,0.016053694179598
8643,5172,0.01422200804145089
8644,94128,0.03611155955967113
8645,95875,0.018675211395221
8646,43289,0.007818742259760623
8647,71032,0.023995561564009827
8648,48433,0.02533570500629563
8649,26194,0.022502229959510713
8650,84379,0.0325380155436938
8651,71054,0.013042640142581288
8652,4128,0.016802443532382534
8653,87382,0.04928104079291452
8654,83905,0.05142848961669948
8655,95096,0.012895908537622555
8656,44525,0.014475844590041507
8657,96893,0.033284959775962165
8658,65391,0.01174845476041433
8659,25515,0.0324212538491068
8660,10384,0.016627000826310905
8661,42293,0.017174587408012396
8662,68019,0.011476808430203683
8663,17131,0.014072055423178666
8664,3695,0.021212880900986563
8665,44683,0.011538884614184793
8666,80442,0.009497653306545912
8667,18212,0.02181254281899017
8668,33081,0.009080558556887004
8669,91918,0.008890192487040309
8670,74921,0.012263903248912727
8671,83862,0.018361731495436566
8672,17569,0.008257803614743178
8673,61371,0.03491316292131695
8674,27489,0.021307285234851606
8675,43803,0.022259183695591524
8676,6970,0.010223752220154342
8677,21054,0.009207078410003355
8678,55674,0.01917847922067307
8679,7452,0.01608547409400323
8680,17918,0.019226533732524843
8681,44171,0.029241508933892782
8682,78808,0.009641677210830233
8683,39554,0.016277015802857286
8684,40997,0.016020457362650214
8685,65494,0.011508097281134326
8686,13471,0.012172773129119584
8687,51053,0.012192589199639996
8688,45489,0.027174776987987342
8689,56808,0.007301507181901341
8690,20145,0.023026114913385486
8691,84031,0.013963345964906969
8692,9076,0.009757480625730189
8693,18291,0.016539399489183867
8694,39569,0.00956677766831237
8695,94637,0.00976552324803929
8696,4572,0.015422630116270862
8697,36519,0.012657329192029798
8698,94787,0.008889241136228288
8699,37003,0.008681754010323032
8700,99014,0.023237120989642934
8701,93282,0.02636757272061191
8702,42633,0.014294982120219641
8703,97656,0.009879688881748708
8704,70695,0.01276949650218008
8705,62171,0.015832499244072797
8706,61467,0.01962388920638926
8707,21580,0.007031456789051385
8708,71150,0.03519750814067871
8709,79850,0.01707904840259542
8710,15234,0.008834693118981258
8711,48745,0.019138407926817515
8712,8332,0.008872060185886987
8713,73013,0.010812327469970531
8714,93572,0.012106585157877419
8715,73185,0.011537596921384043
8716,61381,0.011889861867776061
8717,98788,0.015830228369717536
8718,3027,0.016808933735172366
8719,20180,0.016921844548636704
8720,29848,0.03636689008315552
8721,24079,0.010590602417032594
8722,3256,0.013663714722052219
8723,5674,0.022130278477881342
8724,71490,0.0171988080142125
8725,41360,0.01603884125477769
8726,81350,0.00806017036858122
8727,32544,0.009833086555735261
8728,46384,0.018780358362079683
8729,63346,0.006260326714041903
8730,23000,0.009696584337604675
8731,89769,0.015679786979891624
8732,21660,0.013162567331939327
8733,85658,0.009485049439292553
8734,88656,0.01298227313771659
8735,75629,0.016951371076110305
8736,75658,0.015475855189379616
8737,21291,0.020524832743634452
8738,66580,0.031560217988045855
8739,72688,0.014006504318696596
8740,38606,0.011268675885327822
8741,67191,0.02390196458754037
8742,1136,0.01075476610779659
8743,86940,0.013618211653577168
8744,20940,0.018755752405407874
8745,48548,0.02071451368633099
8746,60852,0.012132321904052027
8747,62558,0.01024760258550897
8748,99218,0.027674280928529527
8749,86813,0.040831854811015936
8750,88666,0.009552889961887159
8751,20693,0.013138241900101624
8752,2153,0.02003206022268288
8753,91645,0.019173531873138437
8754,42594,0.015612969443373152
8755,92321,0.00843447828838018
8756,22095,0.012069023923796876
8757,71919,0.010004330736860174
8758,31094,0.013399132578289594
8759,86892,0.010274031261506878
8760,94232,0.02565459350754078
8761,74398,0.0223507495858526
8762,77946,0.0065172800477449
8763,57271,0.009718914672419924
8764,31815,0.00997461833792853
8765,36740,0.014094715788671938
8766,89577,0.010883167597112798
8767,93253,0.006773959400594115
8768,766,0.006546262219420009
8769,93118,0.012028004695985545
8770,78713,0.0117992076081169
8771,60182,0.00737375674991326
8772,6529,0.01358000974735542
8773,55020,0.008438709891000611
8774,6789,0.006190452523040594
8775,82886,0.010987340737254696
8776,45527,0.010892333044443554
8777,74488,0.0123337201152934
8778,24450,0.011781868258381373
8779,90770,0.02575126968518612
8780,71244,0.013255738363608573
8781,86156,0.023276035060223396
8782,27709,0.019497095651063064
8783,3744,0.013764363668772626
8784,93314,0.00919515220346646
8785,22311,0.01520372669870277
8786,31652,0.025548403632757285
8787,50254,0.016156316924271916
8788,18740,0.012494854626221654
8789,84154,0.012563910435753676
8790,24513,0.012433133575482693
8791,78121,0.012782919881727754
8792,27606,0.01013850525811483
8793,68716,0.010563116027648149
8794,81905,0.010965857513222089
8795,28464,0.013256733804382036
8796,81566,0.012364625167687649
8797,52979,0.018845783490489373
8798,15110,0.012200869737259364
8799,14634,0.03199083906975214
8800,20015,0.006453050279182011
8801,97706,0.008413114935909387
8802,77846,0.009777161031726869
8803,21033,0.01151900877199703
8804,44512,0.03292601392767032
8805,34536,0.008219579000382608
8806,88986,0.01598428496182635
8807,42281,0.028689647243153225
8808,16113,0.02066967455959027
8809,15287,0.01406007478326131
8810,54105,0.006892204333925863
8811,52998,0.013046162530070717
8812,80889,0.03426417349882024
8813,1534,0.007615249083522384
8814,94323,0.0124863583589397
8815,74345,0.03256162893330497
8816,86207,0.006655465540556559
8817,73905,0.05008016843292826
8818,7977,0.021769392526943834
8819,57485,0.008395614493508976
8820,89788,0.018293456360825713
8821,3515,0.016347413252635303
8822,43961,0.020409254947688676
8823,6560,0.011330168268315002
8824,46100,0.007691437589722463
8825,3396,0.012658276388939871
8826,87379,0.015637287101757456
8827,88435,0.00783274350164263
8828,34785,0.015834519210866878
8829,39765,0.009089210380038966
8830,41936,0.014003065898929074
8831,74191,0.01432707084911578
8832,83721,0.015729243077164543
8833,34699,0.016591692477724487
8834,62286,0.01633579641153752
8835,53370,0.01505714729976854
8836,7446,0.007441308782294543
8837,88101,0.017303953877274413
8838,31983,0.009536305200111433
8839,74613,0.014143360900526019
8840,56942,0.009501114708466301
8841,8075,0.009312098064834178
8842,88075,0.007624407377480366
8843,21285,0.03229399738324812
8844,56667,0.013755110709450527
8845,97262,0.009423479352062567
8846,18714,0.00744210397253037
8847,98038,0.03912553781488619
8848,7915,0.009574313258170878
8849,68414,0.015296530842869147
8850,67050,0.0241818883554826
8851,58777,0.011669015032123746
8852,75886,0.020826056672367366
8853,4937,0.019982401938737942
8854,42711,0.008776111251854617
8855,76350,0.00836766806715289
8856,24081,0.016052336854273756
8857,61,0.01408469332546324
8858,73710,0.008793789480265136
8859,72962,0.01075097539561343
8860,80008,0.011554620512413774
8861,66833,0.016965353778735218
8862,11892,0.018078762030413212
8863,29637,0.004354627153708548
8864,32527,0.008806741921431513
8865,27816,0.01758910035434287
8866,53050,0.015026938945517172
8867,11327,0.038731920143424955
8868,39981,0.025462084867655423
8869,15760,0.019668945642036594
8870,89853,0.007138303597820794
8871,37127,0.020798509524635748
8872,70481,0.011770171070642642
8873,79093,0.011296384706862266
8874,38625,0.00990961577115107
8875,11664,0.010364339177604445
8876,85402,0.007651956922616443
8877,32580,0.023055453996457996
8878,47307,0.01394652769484643
8879,38862,0.024653630317263697
8880,46348,0.011636108653052358
8881,87216,0.008794262523660053
8882,37857,0.01526769501640865
8883,50844,0.009535810959318113
8884,36407,0.013538846587099198
8885,68365,0.010775986623252354
8886,74699,0.03985422327280427
8887,72783,0.007677618728757586
8888,70296,0.01452935327851247
8889,14932,0.021340930109641502
8890,34106,0.013969212996541025
8891,58298,0.04343305493089874
8892,19630,0.016729896447291774
8893,63078,0.01729572791661179
8894,16681,0.00907847781382078
8895,90824,0.011464567525534847
8896,43956,0.009012647143543483
8897,7502,0.04833827868755883
8898,36068,0.01795924724385139
8899,92942,0.011035276388781337
8900,5560,0.01108346143041427
8901,69618,0.008996588727470223
8902,64428,0.009649897598628509
8903,37978,0.011500735024815488
8904,45371,0.01595433746812121
8905,11131,0.008863227878882534
8906,86348,0.012944970825061056
8907,9731,0.019016304058394363
8908,65302,0.036509223267528694
8909,43076,0.01894852562553502
8910,58250,0.01902340267243169
8911,93873,0.013732545990768232
8912,95084,0.015671044896503745
8913,43257,0.011919998849914374
8914,55460,0.02052121380637762
8915,57430,0.02755089465481955
8916,95263,0.010917704895056453
8917,92147,0.01882913991633335
8918,6687,0.02697209262929588
8919,29794,0.02645609197878429
8920,10411,0.009049209815487305
8921,64085,0.016638001421220905
8922,80244,0.008789373472144181
8923,26094,0.012076930381781644
8924,62450,0.013183055644634145
8925,11274,0.009251179108296134
8926,49103,0.02024140838965895
8927,55727,0.008244883599549349
8928,78269,0.012512032370617765
8929,72459,0.025340795009313927
8930,39453,0.017402128639123892
8931,94578,0.007893791385015314
8932,70853,0.013895826701580684
8933,87201,0.027094540833519563
8934,33850,0.018793591497281208
8935,43924,0.02623978428123146
8936,9289,0.014452733335221506
8937,81269,0.014932770950770582
8938,56442,0.010829121579537682
8939,68935,0.01634958710491335
8940,36915,0.007063797775813582
8941,48058,0.0074925274352550105
8942,8237,0.015480343157109923
8943,72964,0.017586107506307895
8944,46185,0.006298742701755253
8945,35305,0.013516632872889347
8946,94022,0.01885979964015723
8947,74116,0.00918436100280436
8948,69540,0.02570051655473161
8949,99096,0.0180794734022517
8950,66320,0.01011267763615802
8951,70156,0.010734138423062378
8952,43814,0.011495612454976128
8953,53839,0.011270095760324454
8954,31803,0.011799380851788664
8955,48825,0.02650045987362927
8956,95293,0.024603176065111004
8957,97349,0.013703064643923311
8958,1787,0.022591175986321113
8959,91194,0.02217810337770297
8960,47938,0.012578462268453104
8961,95832,0.01593960360793987
8962,20294,0.014313486419570448
8963,19015,0.024528550870496893
8964,57314,0.014573168763209186
8965,28367,0.023558406428697463
8966,27001,0.020745044723100535
8967,92179,0.010150582794408775
8968,93423,0.008590469254488454
8969,35024,0.014960267090904474
8970,40812,0.020725324858445693
8971,60045,0.008145007978683626
8972,83538,0.0115800621446811
8973,33620,0.012880911527547372
8974,74025,0.02099506389292494
8975,92521,0.013217402851312352
8976,32790,0.01681616768487507
8977,84080,0.011030142261988255
8978,74291,0.018184191858791488
8979,14657,0.007015451607189247
8980,98305,0.014247400238698582
8981,21741,0.06535406708068206
8982,4393,0.025501892682837462
8983,45474,0.010445671492474773
8984,68622,0.006173106796832606
8985,30415,0.010424386697685594
8986,78393,0.00868775157536695
8987,28173,0.019094382248670216
8988,15967,0.018535153069602694
8989,3898,0.02287953505591698
8990,99859,0.007917088260039864
8991,63379,0.00782530114605997
8992,79635,0.017457953906969775
8993,73502,0.029008487718753955
8994,87750,0.009740194339915714
8995,26016,0.027826498728493347
8996,59869,0.01059008715720413
8997,28645,0.023984228318267346
8998,43868,0.010176572734964187
8999,99034,0.011524198903092229
9000,7938,0.009246309755987524
9001,77758,0.009446077503953858
9002,74871,0.011703336234553748
9003,82170,0.02930751321959069
9004,48427,0.01360869909735731
9005,40799,0.012116765346251796
9006,25889,0.01678173845917673
9007,72199,0.013173684728209293
9008,84238,0.0049818449506863535
9009,78426,0.00957117878093398
9010,52982,0.015600008043608816
9011,61499,0.015557673895126854
9012,64346,0.015330398533792393
9013,74009,0.01007351637336754
9014,51575,0.011154387522807271
9015,4497,0.007597725824009721
9016,10144,0.01666301071901962
9017,53414,0.02027633173404945
9018,78427,0.011374891113493189
9019,12235,0.013528146040271648
9020,29956,0.0239046428770925
9021,20738,0.00862447028813891
9022,3115,0.014507713065187715
9023,32360,0.009902968176886847
9024,391,0.007485616999498553
9025,33651,0.0281739954684045
9026,71999,0.010926594054624119
9027,38474,0.015111846500599345
9028,62226,0.012467585894976123
9029,59154,0.016249930506022914
9030,57255,0.013844857920282524
9031,15269,0.019612747326820487
9032,98216,0.014739925159852656
9033,67180,0.006598721349798007
9034,1821,0.02683832628218733
9035,50762,0.01676145361373308
9036,50760,0.02869885360937588
9037,15862,0.00795405911240049
9038,37018,0.022600420082201155
9039,21325,0.014501292198808961
9040,82862,0.0215599086999065
9041,73395,0.008475512503124335
9042,46101,0.009988041481430926
9043,29470,0.008038633855111072
9044,40745,0.010339118600686259
9045,45272,0.010273941459905431
9046,60636,0.009961795881697256
9047,90180,0.012261935712316733
9048,15700,0.014962003987577816
9049,32856,0.007610580098174878
9050,94881,0.04136572772364673
9051,14732,0.012203282765811603
9052,18660,0.023890752485345928
9053,27656,0.01760275041413564
9054,44462,0.017024957605644434
9055,85434,0.014987242677651613
9056,21018,0.011903420388290297
9057,23203,0.011897282523922763
9058,48665,0.017243481826321905
9059,34507,0.008689339866863655
9060,42016,0.02208048654177604
9061,54960,0.010449355520889873
9062,71626,0.024202592389738733
9063,4118,0.016747190923465733
9064,12765,0.02079361763131616
9065,40147,0.013463252404222012
9066,76478,0.016754492247690524
9067,77007,0.04951429061269447
9068,91260,0.012365633419452187
9069,13056,0.005775651071611962
9070,17837,0.023967900755122395
9071,60213,0.00966062440653325
9072,35896,0.01012703127011214
9073,38115,0.008311230025623464
9074,34482,0.013773596106755256
9075,87104,0.014526742697750401
9076,79184,0.0239882939982622
9077,46754,0.010950350347504701
9078,82223,0.010074349951171818
9079,77745,0.009776193786717732
9080,93205,0.020792977557547037
9081,39853,0.009576148419782417
9082,36962,0.011379155067079148
9083,67211,0.006960386074996558
9084,24230,0.009562347378344374
9085,92042,0.008166779230131406
9086,1741,0.013781911390615853
9087,97685,0.021013054528337415
9088,33507,0.015977383049668524
9089,19782,0.008987275151667579
9090,30480,0.012578952343798876
9091,41848,0.009937168626962265
9092,83790,0.019255573686334862
9093,89747,0.008200676760879202
9094,21481,0.012174774628705769
9095,22742,0.014905846668461793
9096,21260,0.030267219472365048
9097,30558,0.022462581539190916
9098,39537,0.017686612951291175
9099,792,0.02976392505882919
9100,52463,0.014764517458993553
9101,94836,0.024623516998469965
9102,48871,0.008793490724572405
9103,41368,0.010505992702325734
9104,98421,0.018276004355542205
9105,64142,0.030130218590271936
9106,13322,0.014276685714486582
9107,15487,0.012036356918433735
9108,99361,0.02956375060505914
9109,26015,0.02888671424418019
9110,98315,0.019561962371229237
9111,86523,0.008657399735511051
9112,46954,0.03746116491578845
9113,60482,0.015961404115348243
9114,48337,0.01761197066309128
9115,71953,0.006605709270518602
9116,38324,0.015848661431625517
9117,30940,0.01273907760107858
9118,81403,0.007760560679511009
9119,43931,0.02168641070427267
9120,30579,0.01621169932667695
9121,99918,0.012141142181629413
9122,16371,0.014689554942296963
9123,26870,0.00955459191245518
9124,51506,0.007833132319511226
9125,86323,0.013491158384428253
9126,69508,0.012950076125756419
9127,31704,0.03247397682511897
9128,4533,0.009972708491216748
9129,86088,0.009484695004846225
9130,69758,0.024758520441001904
9131,35554,0.01658779433119873
9132,82808,0.008328843785401767
9133,66841,0.009202696626633637
9134,97628,0.011112870356863069
9135,68160,0.007268545092263408
9136,88336,0.04245205596684639
9137,52746,0.02718712785564857
9138,96102,0.025753984632121966
9139,35109,0.010151862058465019
9140,95487,0.00930143840755716
9141,21495,0.022388685183851217
9142,76756,0.009510649812728948
9143,25133,0.01590306487930669
9144,74914,0.012686203693665979
9145,13465,0.029077913642095728
9146,94193,0.009537732604636858
9147,65906,0.01839998479403465
9148,17015,0.012580429038137485
9149,23745,0.014470108035881911
9150,35458,0.019388053668499033
9151,92449,0.022714995284860477
9152,47679,0.007752083294059533
9153,49781,0.013942602308257068
9154,80860,0.009137345710447109
9155,20863,0.023547768591055927
9156,87712,0.01047937600811076
9157,14140,0.04900297851500553
9158,24531,0.011505216615004308
9159,56715,0.012775726604433988
9160,1272,0.02131143631444558
9161,22561,0.006887128983000236
9162,38225,0.014489090832429087
9163,3035,0.01045766680162371
9164,14982,0.011744982812603139
9165,48422,0.011212534833723298
9166,94457,0.009256902779796764
9167,18455,0.009077698866227384
9168,59638,0.01239478180753718
9169,94194,0.011479890228333779
9170,91054,0.01010118770298438
9171,41841,0.01579170278483761
9172,91804,0.03522073840776774
9173,57417,0.023025226205435238
9174,22619,0.011182389105538218
9175,21978,0.012753667017826745
9176,74912,0.02106446746724583
9177,37784,0.012433216594900116
9178,12462,0.024536080010278138
9179,42328,0.010480498296743725
9180,83893,0.008913155843928123
9181,90859,0.0239657456218352
9182,26965,0.013465209780503095
9183,2137,0.016725283963790603
9184,97610,0.008206954208244497
9185,29348,0.02451860568668223
9186,35282,0.02897039855265097
9187,88057,0.0396400751791956
9188,30973,0.005196366238447974
9189,43298,0.021124077987105257
9190,75607,0.006352173173591439
9191,70895,0.008407829811936489
9192,16720,0.008057313957811795
9193,26251,0.00999549783112212
9194,92010,0.011127728556250173
9195,1942,0.011649321000239674
9196,32337,0.016201345779729877
9197,32583,0.009033410827581429
9198,3030,0.0227282108600562
9199,56342,0.010227202826568544
9200,38407,0.014221124887014406
9201,90806,0.018868079307169033
9202,60508,0.014695548208870203
9203,10440,0.01909215980343682
9204,58590,0.018167275169675402
9205,53482,0.017786971691453005
9206,98097,0.021927484049123584
9207,85826,0.020895271448757767
9208,42720,0.006114726599467841
9209,90803,0.00889831778743517
9210,29699,0.0037615717258103047
9211,42073,0.00856486838630352
9212,6944,0.026444097388089265
9213,15915,0.016125686089716876
9214,53616,0.005520039258861503
9215,56821,0.01489363104860859
9216,20949,0.014419718711517234
9217,35358,0.02222661706807797
9218,1076,0.01517592980022653
9219,31344,0.01554098602374972
9220,85756,0.01349635919228492
9221,47056,0.009885402669565346
9222,99079,0.01853909016575494
9223,43285,0.017529583037480093
9224,33126,0.007310392396309249
9225,42882,0.015557434610797232
9226,78140,0.022052537983600982
9227,81623,0.007495020438674617
9228,8415,0.010914336260088163
9229,95285,0.019354751656156383
9230,7677,0.020106303268157585
9231,21751,0.021675176639725735
9232,87334,0.010938097358582987
9233,85933,0.012360267316768151
9234,51284,0.014929315536237123
9235,45537,0.014064286912911426
9236,18902,0.009799486304676532
9237,98533,0.009016551627945355
9238,32468,0.022348052895540746
9239,89517,0.011240446250905516
9240,74128,0.015852287212562485
9241,15769,0.015024173029809622
9242,85677,0.028625174017088004
9243,5040,0.0168525573702323
9244,97162,0.0085437157036053
9245,94177,0.00276731568717607
9246,96038,0.011530099087878469
9247,43694,0.024367504062030084
9248,63769,0.010711422000078796
9249,20470,0.01720829458208637
9250,90399,0.02763168172984235
9251,88484,0.026601794888228655
9252,89770,0.01978891090254821
9253,72727,0.026562289102509004
9254,13203,0.03119942509108064
9255,36794,0.017571639559249796
9256,12897,0.013183657910753143
9257,20830,0.021587625074088804
9258,83363,0.017780466818835113
9259,84845,0.008827808002722806
9260,28709,0.016587944140018466
9261,43330,0.013276055926857102
9262,41057,0.021405106360376878
9263,30173,0.006512377598811517
9264,8574,0.006938352148938982
9265,5828,0.010170731318098519
9266,68117,0.012006330352945072
9267,19702,0.014342594777140033
9268,86047,0.010671499888285724
9269,84333,0.010561983895810562
9270,46356,0.020248746339058127
9271,89807,0.012960247331831336
9272,3413,0.00793930314435031
9273,91373,0.012397876265299663
9274,22348,0.018859037627056662
9275,70137,0.024505805171286386
9276,76573,0.014667696540539225
9277,42300,0.014729789323110573
9278,33315,0.008037236659089994
9279,83505,0.01012932516650689
9280,68620,0.012720005128021204
9281,19309,0.015442634252611314
9282,57201,0.013040404460194523
9283,73622,0.01854598549357163
9284,91974,0.019227718140199676
9285,34213,0.012225806914551968
9286,33018,0.008626517922710629
9287,3975,0.008602507631019603
9288,35658,0.05672400341844862
9289,87058,0.010233770238518038
9290,63286,0.014871108626139032
9291,5544,0.01915492622630796
9292,23681,0.008795934996931418
9293,94301,0.03833408248269974
9294,28317,0.013890186822341962
9295,50643,0.01681969288478762
9296,33596,0.008144284802034715
9297,3548,0.022831607906820654
9298,65113,0.011998943133124312
9299,53116,0.013903854762443367
9300,26648,0.014515964623583
9301,19563,0.013336270987385034
9302,5908,0.034604282258837805
9303,3659,0.011836953814821373
9304,42900,0.01466807819507681
9305,55390,0.006604254250404245
9306,13296,0.016939486353429074
9307,73252,0.02686719073197589
9308,63050,0.015040369250084437
9309,30039,0.02689917677716331
9310,19220,0.026146575985596873
9311,79700,0.009694039079281444
9312,36091,0.008216778334111819
9313,57409,0.02385683155811171
9314,67220,0.009890374780711413
9315,92351,0.0159510659710562
9316,22445,0.015504035722334735
9317,57358,0.034444965062656825
9318,82112,0.01643510969442798
9319,29065,0.011330553062752952
9320,89112,0.010438894829075857
9321,69490,0.009964298109885623
9322,61749,0.027499476769400483
9323,46858,0.021157608505328895
9324,50641,0.013817387472638184
9325,3752,0.011018098471713648
9326,1609,0.01864856618018168
9327,73711,0.007670166078683785
9328,54297,0.008647236425811205
9329,4484,0.007612756591491373
9330,577,0.04294757081156609
9331,21451,0.016097960815603583
9332,89570,0.012407144490737688
9333,30225,0.015643560739352
9334,38843,0.01578017486843341
9335,43177,0.02765645586248324
9336,19259,0.01561565489088233
9337,40268,0.018550471394009165
9338,36580,0.040477214022032186
9339,13297,0.017779409201367734
9340,48247,0.010743151726165535
9341,73299,0.010690470473513566
9342,95209,0.015412253889269903
9343,80253,0.009357568895983031
9344,14756,0.02300043708603323
9345,81450,0.0076059613109706985
9346,10528,0.008001541683957442
9347,91623,0.012394529562805429
9348,82565,0.01542760564006804
9349,83055,0.011134831362020172
9350,70427,0.008739385696624118
9351,62522,0.013437445005558567
9352,46375,0.01752384795967495
9353,37741,0.027788213357635795
9354,67546,0.020219792353957444
9355,24340,0.007101956690795131
9356,12064,0.01132292166418094
9357,7496,0.01062159770638507
9358,26725,0.04414689043315174
9359,70422,0.02515888041981834
9360,1528,0.02443698240723075
9361,59213,0.018629044424344033
9362,97631,0.008277799666646133
9363,12205,0.009497754750770557
9364,89524,0.016932178445721785
9365,65763,0.029720599803634517
9366,67,0.008154725694745004
9367,1499,0.010878448159281004
9368,27305,0.01283518631803582
9369,93732,0.024500870370392357
9370,87314,0.00996088146248632
9371,64186,0.016720111591906787
9372,1201,0.013453825709353927
9373,69680,0.015530532466373807
9374,13126,0.012838991621127862
9375,31074,0.019435288073667935
9376,51901,0.007105988496028098
9377,68075,0.008903524665597422
9378,71060,0.03300109263230043
9379,24952,0.01857524283978547
9380,64519,0.04233680957165274
9381,82841,0.009458060414832489
9382,30521,0.00903948413684003
9383,60335,0.01180648542842194
9384,16148,0.014829186109961721
9385,59142,0.014673141130553291
9386,2311,0.0069792044318278115
9387,60450,0.008402739424633106
9388,75467,0.01125245870740222
9389,88985,0.0185878319786074
9390,34103,0.02000431838165243
9391,89589,0.016638225385522516
9392,85631,0.014235047397779515
9393,49264,0.012324909843552851
9394,16163,0.012969656403328455
9395,15510,0.014788679793144766
9396,71921,0.021392866018665815
9397,10807,0.00649887358121578
9398,57973,0.04410873855146445
9399,84231,0.008629484063154952
9400,17370,0.009992952578274334
9401,32723,0.005702368300222413
9402,76036,0.014084775621260428
9403,40731,0.015349112040291192
9404,11367,0.010425577819473475
9405,7962,0.00901275458910661
9406,70075,0.018620914479059673
9407,2249,0.016251431634943865
9408,66141,0.010948652072594614
9409,80293,0.021592583691372486
9410,1206,0.012129332239714087
9411,65030,0.013038481506613665
9412,81717,0.01656039145818356
9413,18224,0.016694330049769654
9414,65586,0.028821301195864645
9415,27532,0.016190610699239386
9416,533,0.03389589317830523
9417,29597,0.008216607135252917
9418,1482,0.011675126610683224
9419,59931,0.01361863303041378
9420,39786,0.010224023913657513
9421,21790,0.024225040390324883
9422,51897,0.007044960784342426
9423,53554,0.008074269229425453
9424,96998,0.02971291827167118
9425,2342,0.010506417054513547
9426,77822,0.017435873722241174
9427,85196,0.010607525086751779
9428,76360,0.028730172020161013
9429,17753,0.021965457881982287
9430,81502,0.017407327622954744
9431,30833,0.010212326851999898
9432,53366,0.029289651387989855
9433,97702,0.0118660772847623
9434,52937,0.023380802076851847
9435,35524,0.013508423973502225
9436,37004,0.016353981406764688
9437,68095,0.00622378782149139
9438,17384,0.012286076306676677
9439,96917,0.007568676989017486
9440,80789,0.029700463003538968
9441,799,0.00962417814295448
9442,25378,0.053366596597477674
9443,12112,0.012486690991720572
9444,298,0.027691510349668578
9445,32876,0.01449015258790713
9446,30011,0.009204292955183883
9447,43371,0.013640030605888979
9448,88584,0.006444123509360858
9449,12419,0.00730603635668933
9450,7833,0.010048080845646876
9451,49924,0.01579497984730899
9452,82023,0.018563042802109644
9453,18126,0.011764150704103207
9454,77205,0.016735417244898156
9455,65572,0.01320938083989631
9456,98130,0.01964207990920153
9457,16418,0.023419133492890293
9458,13380,0.027025126802525924
9459,9717,0.011595244485394144
9460,80736,0.00614431070143345
9461,84836,0.012333457118958575
9462,41221,0.020260081765268008
9463,57162,0.010372284876203435
9464,35879,0.012281040792046043
9465,22540,0.018251251821238417
9466,14537,0.026526256847296217
9467,45573,0.006789855865478223
9468,95269,0.011792584168135589
9469,88937,0.008144737210189972
9470,90015,0.020831566896328202
9471,64909,0.009403973774026556
9472,9240,0.010332558210932307
9473,7499,0.030058135857148
9474,56932,0.006748924574910133
9475,53423,0.007579963544895601
9476,75078,0.024713487001570916
9477,65387,0.017281337367322458
9478,6878,0.012493281034044571
9479,16248,0.019463781237224975
9480,38310,0.013385236503076037
9481,24567,0.025694340980116345
9482,37352,0.012459230217077682
9483,44995,0.00795532269744012
9484,36686,0.009751393337868352
9485,446,0.009090094599997565
9486,44643,0.011446209577381215
9487,69131,0.017904250728334757
9488,74634,0.011983177801338873
9489,9052,0.016371238052334938
9490,90336,0.023324283043813173
9491,80221,0.01333402379702786
9492,70351,0.0076899991245735115
9493,70432,0.007637312862549211
9494,49371,0.012108692293250917
9495,1829,0.017545913442228053
9496,94888,0.021899838615633202
9497,88940,0.009923807249003583
9498,55910,0.024607226499040638
9499,39076,0.02973913602537031
9500,40548,0.009105850282749508
9501,91453,0.0287637177532957
9502,85841,0.008546385067339228
9503,77408,0.012577629977534859
9504,12312,0.010150660008694651
9505,25602,0.012231630410986068
9506,13205,0.011867024349119553
9507,60122,0.007827961829440889
9508,52544,0.008935935016572525
9509,56206,0.02393235704134647
9510,65868,0.011103709481882275
9511,57655,0.011356345262781354
9512,21131,0.006874088602448732
9513,17920,0.007111390509214044
9514,67160,0.05527200671735938
9515,66296,0.0171518267879548
9516,779,0.03052744022861695
9517,31023,0.015594267662721206
9518,45440,0.019860167567582555
9519,48189,0.015564941291933533
9520,13476,0.013433199739289747
9521,70006,0.028655343484237743
9522,66530,0.023484813078828794
9523,59935,0.014603238097211866
9524,80597,0.02145521487365647
9525,75540,0.013969391826176559
9526,45938,0.03088923009864681
9527,29471,0.019175411274472948
9528,30529,0.0143701440960697
9529,58071,0.007814102402038342
9530,34407,0.014316020598676281
9531,99874,0.010358145222186258
9532,29580,0.01053240860314427
9533,1864,0.015884494086671336
9534,31657,0.008063460842727903
9535,95158,0.027320218948834928
9536,98645,0.010455084209404119
9537,30145,0.008844104665463948
9538,87242,0.00833287135995955
9539,35300,0.015525272953622011
9540,43589,0.006416049824951009
9541,80563,0.0205011513097501
9542,6542,0.013955988622826147
9543,30980,0.005639845598078584
9544,80688,0.019736946998325313
9545,27027,0.015418637873593863
9546,80527,0.0222942006365525
9547,26347,0.01126370152415324
9548,89022,0.015783603583160638
9549,71773,0.009724671725319574
9550,69991,0.009298598084317235
9551,47416,0.01932002247696046
9552,11345,0.008204487420023703
9553,84036,0.010300241256247452
9554,37902,0.012782897496032987
9555,4734,0.008458021802264811
9556,34085,0.012222017530054571
9557,34540,0.013462916622482793
9558,87506,0.024712685527193835
9559,74967,0.007996930032997954
9560,91434,0.01003268072203066
9561,83604,0.010669523156846316
9562,73127,0.02664676039511877
9563,66423,0.012249498537127965
9564,65116,0.015868029567642043
9565,75318,0.02524613655958791
9566,93501,0.010498308718888974
9567,51513,0.014029238599178276
9568,2682,0.00711166781185141
9569,24084,0.009988430842243282
9570,43059,0.007623984343650379
9571,73690,0.03373768150145056
9572,31043,0.03251091286278088
9573,20369,0.008463602997279818
9574,46926,0.007672124419082124
9575,57013,0.02377755504427203
9576,27972,0.012837814572655459
9577,71008,0.010875594518190293
9578,7691,0.014071123555307034
9579,51306,0.015820192715749404
9580,24501,0.008419057574770976
9581,72280,0.010232431183950584
9582,10966,0.01562263664710891
9583,30740,0.006520948409967694
9584,10652,0.018357350090724495
9585,90202,0.02282184677295287
9586,23637,0.05536700880251003
9587,30683,0.020955839679742586
9588,44641,0.010773097409618081
9589,64813,0.018754719550276168
9590,85896,0.02047701839821865
9591,94530,0.010258908067753428
9592,72574,0.015358914219805229
9593,31686,0.008198598846577351
9594,46560,0.01099000189731214
9595,86962,0.011973572972526368
9596,32154,0.014592827133166644
9597,57501,0.015017150685362426
9598,9492,0.008709218793444306
9599,73973,0.012565779860315974
9600,48846,0.01840312693101039
9601,48256,0.01847506556201137
9602,22579,0.01864090009761911
9603,59998,0.017792955006171927
9604,64982,0.0218486714107474
9605,38520,0.011736546010437807
9606,84689,0.016029221211725276
9607,35771,0.015414262803714905
9608,66013,0.018374157245793866
9609,71879,0.012014389264496314
9610,13629,0.012905687772589835
9611,86114,0.005762733462908269
9612,99625,0.012536791493363085
9613,59261,0.009992920867813605
9614,44543,0.011499901946127608
9615,92783,0.016855938165721288
9616,55082,0.01676950878031886
9617,26545,0.017594327484277417
9618,90877,0.007559127534168989
9619,78738,0.010686989220004614
9620,45646,0.019857450692495573
9621,63348,0.008362619645280001
9622,53179,0.009121116019760529
9623,94584,0.00823232749904469
9624,37393,0.012800183954130163
9625,4337,0.012261121836244506
9626,57935,0.009248618630369052
9627,95410,0.012897965459177225
9628,13023,0.006455600916995787
9629,59628,0.0231084097793395
9630,16625,0.008237107056219602
9631,20253,0.029579451218976618
9632,78980,0.012440627780929693
9633,35367,0.00709334413155964
9634,27433,0.016367681191950763
9635,8366,0.008567071245853486
9636,86049,0.006328214375193152
9637,33062,0.03171291169904189
9638,13957,0.009910308728762637
9639,28163,0.010056432441716823
9640,40613,0.029191982895142802
9641,69866,0.011308791051827114
9642,20810,0.010161618138918346
9643,64629,0.010874940072690367
9644,38260,0.010090342235681043
9645,28460,0.012737386051125524
9646,31112,0.027917655302363308
9647,64973,0.012072925423669079
9648,88777,0.006462016758444241
9649,41557,0.009342719181003864
9650,1969,0.004792542108598326
9651,80864,0.008821683933343349
9652,5163,0.009962756782382119
9653,88499,0.027478890758039144
9654,48979,0.028220708653436566
9655,3549,0.023715764835379557
9656,22301,0.010729543119813589
9657,18685,0.011384202334309021
9658,36825,0.010411140034512507
9659,80205,0.06745738370707868
9660,87369,0.012296103226608941
9661,96604,0.00834599330905431
9662,69289,0.010696714049727305
9663,95369,0.008099981902062084
9664,28321,0.022220888469161724
9665,64645,0.01165671774786705
9666,46021,0.009068514701507997
9667,29862,0.0398159278757299
9668,85823,0.019047633975629474
9669,77610,0.010102517925157265
9670,76274,0.01115597570173564
9671,19367,0.02526421055819389
9672,38543,0.026672953222366944
9673,57810,0.007592571608893692
9674,57350,0.007627343428161714
9675,45644,0.014154486192793973
9676,68284,0.008606409983910103
9677,87592,0.012267191021875273
9678,59313,0.011256067103326661
9679,77415,0.008829607417600999
9680,54331,0.028449555617452816
9681,38319,0.007597623166604454
9682,21743,0.02014537869532568
9683,14445,0.011187842311084564
9684,79004,0.034103560804366544
9685,21963,0.009843288118264931
9686,32127,0.02448461487235476
9687,67245,0.013697870191447532
9688,80438,0.010001416127412774
9689,99444,0.01525317036106471
9690,70663,0.007278965672017036
9691,37299,0.011482821214579388
9692,93787,0.01789165685289457
9693,14885,0.013415737820873602
9694,40785,0.02180215725177701
9695,78931,0.014232156618457208
9696,84387,0.015067326990429803
9697,64228,0.010603068482149586
9698,20229,0.009922718885046332
9699,84838,0.008853225837963725
9700,46158,0.023067891906809027
9701,72932,0.013865008320330316
9702,93053,0.015233054273426694
9703,16240,0.010182306758474239
9704,57756,0.008596239268522434
9705,87445,0.018433130701896092
9706,66968,0.007808681640150687
9707,10994,0.025983657573610645
9708,96210,0.01045533281459793
9709,12732,0.009067405622968618
9710,87955,0.015481300630432213
9711,1624,0.009610646760432644
9712,72075,0.011848458512893182
9713,43579,0.029435542794579043
9714,56759,0.009972548752064199
9715,69782,0.027228926965440128
9716,52992,0.013819100161647883
9717,12045,0.020351703913005288
9718,60835,0.014275081765658757
9719,18465,0.008351613323574992
9720,30271,0.01187314560043113
9721,23175,0.013158244444268982
9722,84474,0.011099270298084968
9723,45419,0.026123501126486863
9724,88392,0.005981385535093479
9725,93209,0.019806750008230147
9726,76646,0.00858973306909228
9727,64235,0.014464353149219173
9728,28852,0.04114640682572303
9729,85873,0.015984839247674
9730,80533,0.012721970621413696
9731,3209,0.009975894618989158
9732,43359,0.013360593739439227
9733,44416,0.01108100358802653
9734,9398,0.013624495043367314
9735,15434,0.009550845590023258
9736,20146,0.02886037595755372
9737,49725,0.009853317052822488
9738,56095,0.024771907269288008
9739,71124,0.023002334857399803
9740,4455,0.0219195619122108
9741,66235,0.012389218880391972
9742,7050,0.010701806370726479
9743,1668,0.011769460903043164
9744,68114,0.011348980172273697
9745,73377,0.009362383473325868
9746,91476,0.008623513571365997
9747,56440,0.007920001536291198
9748,10685,0.014531795901832265
9749,2931,0.021071726825219995
9750,99782,0.010203642021045792
9751,24038,0.028758120389282073
9752,43544,0.012906882950673916
9753,92295,0.01315165211461507
9754,25949,0.020924335095798406
9755,47284,0.017556934281210825
9756,78812,0.019829409838712335
9757,38590,0.023448039801687474
9758,73200,0.01608767749520009
9759,78886,0.01602389961754642
9760,88051,0.03655150566016617
9761,97397,0.009624451180523415
9762,11667,0.010563792905202526
9763,91004,0.01627292769774515
9764,10220,0.010541377657446734
9765,74620,0.01113175948388959
9766,16500,0.024446015633288787
9767,48290,0.015203627784403166
9768,50495,0.00855626887429524
9769,47492,0.018168540154399594
9770,1600,0.005945721674153647
9771,83152,0.01929496185485632
9772,1508,0.01503671641206583
9773,34941,0.016522985167208907
9774,32152,0.0191446722516596
9775,38890,0.014967967704748356
9776,41091,0.020990014692242487
9777,5730,0.011160707578874326
9778,86610,0.019832631917957665
9779,65360,0.020901784767278823
9780,77170,0.008636954823443543
9781,90050,0.012255417834547845
9782,8002,0.009222504094292068
9783,8692,0.006719816578111762
9784,96407,0.009961565673702924
9785,33706,0.014249024457605328
9786,84951,0.028673336759764398
9787,41495,0.026374604846561338
9788,98361,0.015672071958621296
9789,24101,0.018656121297958468
9790,65021,0.019593236733555917
9791,51613,0.024836799192570702
9792,47255,0.018317041751214628
9793,93959,0.037005078760760465
9794,66132,0.01851522463677551
9795,62828,0.009288113203404282
9796,27068,0.017110377902252828
9797,56401,0.022607554919841996
9798,18768,0.01570470117019667
9799,54296,0.00849984045234995
9800,21456,0.010604971972731442
9801,4082,0.0084042434264745
9802,60775,0.011051508160946591
9803,87589,0.013947567560747134
9804,56706,0.009735811526836526
9805,61661,0.008449286709047944
9806,60992,0.0050924614014194415
9807,22378,0.01143491850333491
9808,26612,0.022082683994400106
9809,28913,0.01069905162591118
9810,62304,0.01128256118621613
9811,74578,0.025421652373618545
9812,69428,0.015276210942418333
9813,63635,0.02336150988801306
9814,34036,0.010725537381691021
9815,75692,0.018133689559337925
9816,64388,0.029010818710822346
9817,30387,0.011415804950662668
9818,40396,0.03032533676278912
9819,63319,0.022923243359826703
9820,26728,0.016052328468150995
9821,14918,0.014440121569814062
9822,29669,0.013853400130678196
9823,50347,0.008298438111399561
9824,56001,0.013676181281344133
9825,5066,0.01713591706690548
9826,23677,0.007475143627939239
9827,58026,0.010655832803114456
9828,17529,0.016215236004153172
9829,82637,0.02254588946396342
9830,44320,0.013295041494788693
9831,34129,0.02509383452805339
9832,54374,0.013790083070224342
9833,20945,0.030526792506591297
9834,13154,0.01050368800081935
9835,17802,0.015746260952679152
9836,36449,0.025860684548692447
9837,23876,0.023698478343040334
9838,38975,0.012456432128854238
9839,18509,0.021287574914077213
9840,88433,0.017896922173754604
9841,15585,0.007045515557739818
9842,42674,0.013016217140613554
9843,9485,0.01823872605811383
9844,82060,0.006409302318252801
9845,27270,0.008517640632214291
9846,71392,0.013544757304105762
9847,92702,0.012801214481761483
9848,11707,0.010122077688773712
9849,28021,0.00694624631665705
9850,7420,0.010306966593704647
9851,60733,0.010623698160338809
9852,76786,0.010543820324527154
9853,39254,0.010102668436571703
9854,12439,0.006986774826789318
9855,40858,0.014509265195808963
9856,64648,0.031890804935981315
9857,15509,0.01298525244362916
9858,85910,0.01094946672264717
9859,47097,0.0245852079381131
9860,320,0.012550552995653443
9861,28152,0.029975916511758134
9862,38105,0.016373472451302575
9863,32936,0.011277942811571118
9864,19203,0.017265515499313478
9865,60212,0.014511054617105557
9866,47969,0.017768101520043135
9867,73672,0.0178778704286033
9868,95793,0.0070756015082828055
9869,62788,0.01206289048947258
9870,12720,0.018709137519011806
9871,9221,0.009760368007325111
9872,19932,0.017084549944405007
9873,21782,0.009535769346209174
9874,10692,0.012389678381525248
9875,57841,0.016359405025205158
9876,7442,0.00964319135076227
9877,26221,0.011716959795406011
9878,96657,0.01200203150880913
9879,758,0.011499142669307549
9880,68496,0.008000607471279453
9881,15633,0.010440306566749418
9882,33837,0.013692147120048154
9883,19520,0.012281265869816775
9884,33801,0.028738244352136552
9885,69021,0.011250276705515561
9886,8541,0.008025694943230688
9887,13925,0.021180876952568466
9888,22840,0.011592346938992271
9889,50488,0.013952753195154459
9890,34637,0.01651504750030662
9891,24845,0.01779238006338968
9892,88235,0.02106527677046266
9893,62024,0.009963079333034603
9894,8690,0.025672017305585593
9895,55733,0.01475023043561566
9896,84351,0.015217439924711362
9897,97918,0.014156525922905203
9898,77599,0.018497711622559948
9899,47995,0.016074900300046033
9900,1163,0.00906359207441345
9901,88598,0.015092271027261824
9902,11462,0.01384610021473296
9903,96886,0.01098485583973173
9904,80028,0.010985929271150142
9905,56164,0.022679819474542715
9906,80681,0.018576306539475097
9907,5650,0.02240504283681007
9908,3240,0.012010837973107365
9909,9847,0.030140693467560774
9910,55554,0.010373508569032606
9911,34693,0.009330150884653145
9912,42716,0.00982187334873057
9913,1963,0.009620240959420122
9914,53492,0.01324143521485699
9915,64980,0.0149140439165893
9916,96092,0.010491360797283713
9917,10482,0.006996434235338821
9918,91240,0.010667293706927755
9919,80721,0.02936546128021104
9920,56862,0.02608611928396124
9921,22809,0.008623079770038513
9922,5317,0.02309390392957413
9923,58244,0.018335932317206698
9924,67572,0.013220345256269413
9925,11058,0.010582945406144493
9926,24017,0.07664801549433112
9927,93329,0.02200871675548428
9928,83070,0.019430493787629777
9929,91873,0.017273588301746964
9930,2675,0.011954700541200666
9931,53150,0.0372556723968553
9932,91008,0.026910127730601426
9933,22185,0.03283700260481381
9934,24410,0.017108692248325043
9935,64696,0.021592444907464342
9936,87826,0.01937564594024218
9937,81584,0.020431315542049855
9938,55178,0.03439551875552815
9939,32349,0.006764360066848168
9940,78152,0.015231634334186884
9941,85077,0.01693211095556974
9942,96577,0.014785151294884573
9943,95414,0.01798224244390559
9944,81481,0.010439457302393167
9945,56147,0.009368696491142034
9946,18525,0.019577693086690613
9947,39635,0.007399466101521061
9948,61137,0.013663243429005736
9949,58779,0.020584107868656866
9950,58965,0.023427071846191576
9951,14125,0.011805148128543181
9952,40350,0.011470244005865913
9953,89100,0.012234558764183598
9954,97946,0.010784535031667432
9955,30057,0.01684485994184895
9956,63020,0.014422679864464997
9957,58401,0.011257478617715776
9958,89184,0.013827444697589857
9959,99615,0.033130292507542916
9960,19540,0.009468358227245339
9961,2941,0.006721334173724687
9962,65331,0.017604276042429097
9963,37207,0.01309245543059186
9964,27151,0.015437508634652021
9965,94211,0.009982707735774574
9966,25537,0.013448535358425025
9967,53735,0.024677371926565855
9968,58173,0.013490480783866093
9969,89120,0.010166757956325793
9970,79048,0.01040748109316662
9971,93294,0.02922739704000204
9972,38304,0.01800972921726613
9973,25886,0.011921872080195463
9974,58542,0.02125494089821608
9975,98383,0.008732012064392471
9976,42156,0.005405620614974696
9977,76223,0.041964014798437616
9978,32697,0.02593472873618524
9979,9117,0.007004678234794363
9980,2747,0.021677019333137797
9981,77975,0.010198546264732915
9982,66685,0.013643209608481527
9983,17200,0.011417080009596327
9984,52530,0.010962715631059116
9985,49482,0.006324935309816297
9986,17517,0.021354560763808355
9987,3126,0.01100044158441586
9988,38500,0.017949221952484933
9989,35931,0.019770816966016905
9990,46771,0.023989800823766755
9991,32327,0.014282455917490833
9992,24012,0.009648570157332297
9993,84802,0.014878818601535053
9994,72078,0.018957549392373305
9995,33516,0.009405733727046225
9996,50908,0.02510667651373271
9997,29056,0.014287018396266235
9998,39856,0.026118553473298556
9999,4167,0.0096043135363376
