ci_idx,ai_idx,distance
0,61606,0.04386927136219167
1,33089,0.0456483829410788
2,92815,0.03399053779226794
3,39242,0.014582804441165265
4,53754,0.01935840999926104
5,86005,0.01324110399560937
6,24678,0.017176480857050196
7,70010,0.03638329981181524
8,74561,0.015006325903883152
9,40732,0.008545161925916998
10,48430,0.030664706697057856
11,69461,0.013321692330156811
12,4244,0.015879203587375094
13,47352,0.020464262083950423
14,18991,0.018876767135832525
15,45639,0.02356996376443779
16,56350,0.03159806576749331
17,30607,0.01774285170692164
18,39046,0.026300790086020404
19,97151,0.01801137870623665
20,16880,0.034328748001031625
21,3846,0.020704082995295275
22,27789,0.020693132123814847
23,86906,0.021353872010737955
24,41781,0.016680029948355407
25,74990,0.03760366860503056
26,3253,0.09616330651731703
27,62968,0.020111814699289632
28,40957,0.016638082716993276
29,54014,0.05770726309062623
30,74288,0.03447780980677988
31,96042,0.025032318958201214
32,51082,0.00976147406357085
33,97725,0.06144420121599972
34,59438,0.0321847532146506
35,48328,0.02593371726036687
36,77231,0.01748297816528153
37,38010,0.02244380003948589
38,34282,0.03074508279398841
39,54454,0.05554398482074403
40,25216,0.0238183808964354
41,13436,0.02171329230029031
42,12768,0.01081275982769977
43,40276,0.01832879424271036
44,830,0.033372014035387663
45,89759,0.023940783683883717
46,83236,0.03851665195936185
47,74343,0.020616232981293756
48,19460,0.03774889965214894
49,12969,0.009948184393684719
50,81466,0.02716744274997715
51,71458,0.02041492321886095
52,98078,0.013838474591873495
53,74505,0.054829588407871444
54,14130,0.013973817075411978
55,96321,0.06000775239995303
56,79470,0.04395874831643144
57,93847,0.02487585088222988
58,86655,0.02858423548777185
59,65824,0.06871455577978455
60,61927,0.054680418306364435
61,21419,0.0073040661676113715
62,48728,0.023196441220055944
63,5120,0.020803771714518998
64,43814,0.033464969822223474
65,78004,0.022553979401262594
66,48494,0.022288230087436557
67,15844,0.021628888757481146
68,41970,0.03710707299067577
69,39871,0.028405944643751048
70,52220,0.029358513175113517
71,5436,0.005818725603250364
72,77722,0.034586821633953185
73,45362,0.020164454626200538
74,37394,0.07402195168374576
75,93133,0.04314964278831382
76,38685,0.03366353950772376
77,76538,0.0183715066391681
78,36583,0.037524456581547815
79,64085,0.03242872089955501
80,54650,0.022529495606153655
81,86088,0.026982268633573458
82,82251,0.019969606145850808
83,58115,0.0115637688997739
84,15257,0.08656140618692879
85,35334,0.029016919180228615
86,36586,0.02163521436135918
87,45751,0.019664535664465056
88,46178,0.030405306090195063
89,10198,0.019992274145923965
90,16549,0.03199387463928241
91,65581,0.050066469769723135
92,7169,0.011584698746883478
93,75681,0.025337821102017134
94,22016,0.024841641037292063
95,29042,0.037302818671452326
96,12764,0.011967954552048235
97,1717,0.01792786508084245
98,18260,0.021374448292843986
99,71728,0.011135070461914968
100,89190,0.04040225492882447
101,297,0.01812011344259421
102,8658,0.022774606588532066
103,50796,0.06698592021153048
104,61879,0.02251292273793366
105,24410,0.017781345220601708
106,12094,0.02396647493244983
107,6313,0.012602805176774545
108,72180,0.050280151198202935
109,72509,0.017956879727494733
110,58384,0.06464168466742859
111,63803,0.014239013892181265
112,46689,0.02855738005769303
113,53265,0.014257153327629762
114,49211,0.0862887063749406
115,86975,0.025559559594815436
116,98842,0.012072989775179835
117,139,0.021028497567994513
118,1739,0.009194111370693266
119,24371,0.014819563681193585
120,59493,0.04383923867278293
121,84401,0.041638816406723095
122,9654,0.03163953763869088
123,49210,0.033683549800049
124,23017,0.012802944208030333
125,43480,0.06042795812568218
126,42607,0.01795110341260172
127,31553,0.04952546949888387
128,74617,0.028821351569591532
129,85364,0.046022971786380956
130,49367,0.022672278861354478
131,75580,0.0625513142540444
132,38748,0.05803558181603108
133,47873,0.01250286612829819
134,97108,0.04928022279054935
135,52056,0.02506614535548008
136,31368,0.04593320969113804
137,77044,0.022802461285282318
138,84080,0.03349044103287398
139,85043,0.01876370048191989
140,341,0.008855744016247079
141,1594,0.08404304631462728
142,8969,0.022698940389821
143,65817,0.042364656477030936
144,52507,0.030487243505279718
145,10698,0.01606555967905124
146,22311,0.025428400224195728
147,14738,0.04862792776108786
148,81050,0.04564518288091124
149,9661,0.017075231280432125
150,53709,0.017095961430842393
151,38160,0.029084645681749937
152,23856,0.013426181967943013
153,93989,0.027354613756611926
154,32039,0.026836116640057132
155,26343,0.018408250229967525
156,7961,0.045624649301981894
157,2168,0.01786402297197856
158,52745,0.05114507498333341
159,65285,0.010327608837771226
160,57696,0.011126207432140042
161,42347,0.019357495421620952
162,4911,0.012197689577231077
163,82358,0.030257362754784727
164,93463,0.012406973154613518
165,5318,0.044021288502808946
166,18165,0.015112654900251123
167,1984,0.03219244313574521
168,33555,0.012965565119827898
169,32335,0.06979664174060835
170,98304,0.01985386925739073
171,54694,0.056304396431545584
172,23429,0.032532968154502684
173,70822,0.06300137383381292
174,52922,0.027695580573764717
175,34984,0.019864694549625014
176,7071,0.03635657160222089
177,18551,0.05342241994278208
178,51170,0.058705092499079
179,8410,0.019418932739476646
180,35741,0.024084100784999223
181,78900,0.028046639959923923
182,13043,0.01676592000373333
183,17251,0.037675515696211276
184,93010,0.009032723452717745
185,77104,0.025651743714601927
186,56355,0.052320771775002495
187,25259,0.0174523037648998
188,14292,0.015732500470529882
189,53520,0.015752455633355655
190,83037,0.018619406927776888
191,90661,0.022044032114123986
192,33152,0.02476371084025344
193,74556,0.019250876123106362
194,41768,0.024081326167835655
195,50558,0.011901620119626963
196,15055,0.018676253410874734
197,70783,0.025992661227212693
198,76794,0.08230286983453763
199,96696,0.02835980951623402
200,89074,0.04085837308265147
201,99137,0.02302724071635583
202,97825,0.025855877495068517
203,9571,0.02038257443589653
204,14692,0.046122853340900896
205,69127,0.05258251289744807
206,28786,0.029391384077122586
207,49292,0.038047546542302614
208,5370,0.034907237129014876
209,17447,0.029137064981688644
210,61308,0.057995740965694674
211,4069,0.02979174667621935
212,77398,0.015888381881295186
213,65490,0.012602108804479982
214,67843,0.03561873302220548
215,801,0.02292417120632296
216,64485,0.025517130793498714
217,56190,0.02972000500544667
218,56630,0.0129832241957773
219,23199,0.060594117521282374
220,90942,0.014331205992918407
221,88321,0.02464678882771201
222,29732,0.03231162688590484
223,2469,0.03565221411157605
224,41245,0.030275481208264714
225,53696,0.04469617733774213
226,1412,0.02139513587501818
227,57189,0.027085177926553024
228,50668,0.029394824244274375
229,60884,0.023736973999761164
230,95413,0.0206258148624694
231,71191,0.03323187100905802
232,89159,0.032719451710708926
233,23830,0.02522560082343111
234,76068,0.026125977344544922
235,62717,0.04533339612939852
236,38814,0.02791101326780807
237,43195,0.050357843966255186
238,37772,0.029949000272461074
239,24192,0.028981803388278108
240,96167,0.03190498590487733
241,39596,0.015442054153076677
242,42041,0.01115841217826883
243,14808,0.06380252867060224
244,61533,0.012791089184879572
245,48349,0.03207869404375693
246,65663,0.049731529140091026
247,65434,0.03965672130067386
248,71450,0.020881594541805368
249,88460,0.040532232232276505
250,32665,0.06042448135095641
251,3961,0.017122252349942566
252,41148,0.03328526310372895
253,52134,0.022331267791303563
254,8997,0.04525581709574855
255,97832,0.06472311134651779
256,949,0.017200390507544988
257,65232,0.06454757884113294
258,2135,0.03930507614570064
259,27137,0.037445711056369096
260,32906,0.035622890223567
261,14235,0.032363191482177464
262,82475,0.05406787407315733
263,88733,0.01625708207200966
264,33612,0.009913923024516815
265,35714,0.024912341284226733
266,83567,0.02997481716017802
267,3735,0.03192318797722444
268,84613,0.04983191130671661
269,53488,0.049660205201510405
270,61249,0.030105988352139006
271,2149,0.043791400133326386
272,23971,0.023547759177438846
273,53216,0.025467389388789168
274,27742,0.054517958187771276
275,3710,0.010896841936376148
276,23353,0.04036307917251003
277,26937,0.02441020365453622
278,72715,0.03451730073625556
279,12865,0.014460351341729284
280,46610,0.04583360125867776
281,10376,0.02299964768887928
282,78580,0.014110321150476873
283,24942,0.04666968372979732
284,17079,0.025340299098128134
285,38646,0.02673733784761324
286,82970,0.02388435025212386
287,85517,0.04447841218730385
288,31939,0.02692673510926877
289,14676,0.03718728223868244
290,81070,0.017313360450332334
291,80486,0.03164235013950557
292,22573,0.01945665508500817
293,34042,0.021674768447355
294,53110,0.051504498962510734
295,31715,0.01618129314151769
296,84721,0.008386195756232971
297,20512,0.018991411306214623
298,31989,0.031030914439982724
299,67256,0.03572659153295501
300,85351,0.053540119287655646
301,5191,0.026152037107700938
302,33022,0.030049030653074012
303,68354,0.02309887501730983
304,76258,0.026771070291961803
305,39606,0.02708760515368841
306,55485,0.01334288510739158
307,24623,0.011875447693603994
308,84535,0.030429248625493184
309,98093,0.0461343339998476
310,34242,0.02280528483322375
311,30519,0.04705140710586947
312,3514,0.01935698319127655
313,71981,0.04344201340349568
314,96815,0.018785591478215794
315,45919,0.026534022658399877
316,57013,0.023323597003564824
317,32177,0.03590138498712306
318,58203,0.017714036624891676
319,58868,0.02270697628070644
320,25849,0.03958705233963799
321,61509,0.04297842508665631
322,76327,0.037441527351026314
323,40358,0.020219462617280172
324,7689,0.01610533522401803
325,60269,0.022855714936668232
326,40890,0.008954666852824034
327,81434,0.029557017574185412
328,36950,0.018531623686456125
329,82681,0.059061611586091134
330,21028,0.03000854554422623
331,91896,0.01590570613637031
332,91035,0.039718055453160796
333,94152,0.02252681918946489
334,97083,0.02210239199232393
335,11629,0.038779182439747796
336,66401,0.03905711608524495
337,52054,0.03653931881727142
338,94092,0.035979267472627474
339,84458,0.021030491930320278
340,80525,0.03814621858638995
341,83875,0.015308692938464912
342,78713,0.017110943148801207
343,48917,0.05976460757784923
344,24324,0.018387739781173737
345,49483,0.016557569545663155
346,49966,0.021485318498189965
347,98657,0.013404731553846073
348,21665,0.06325273975196763
349,39292,0.0313557265859864
350,32283,0.04305806278782612
351,81422,0.03506345907636309
352,10754,0.02770250253193111
353,18175,0.019943127591624914
354,42600,0.014771046847977982
355,11672,0.03637992895668741
356,3070,0.06563053486380925
357,66790,0.008879587785937136
358,99113,0.026235367756408223
359,90212,0.026641168670758275
360,62361,0.043123318223790286
361,88120,0.0414672907065172
362,43115,0.023448570625751734
363,32927,0.016347217668307282
364,91949,0.012714234286009098
365,78001,0.027147194268124453
366,19872,0.010473846978333402
367,80254,0.029939850903243716
368,6042,0.05079696981096145
369,25483,0.01712917888481429
370,94558,0.04292474434285057
371,94865,0.02843385407544352
372,59114,0.06100693737470326
373,38965,0.019522592366153415
374,41806,0.016237090924225532
375,68738,0.036064941501906235
376,35991,0.00911213537502268
377,44662,0.016893325192346688
378,8393,0.010410352711614586
379,16422,0.011035379488173869
380,62873,0.020354348108018852
381,79487,0.05464087856411243
382,54,0.02314220565020959
383,94973,0.020127337055507226
384,73003,0.02058400361814426
385,79660,0.017099899854075166
386,50642,0.009219812036912476
387,47302,0.019790629607334364
388,96260,0.02511092757618055
389,28212,0.008105638591231281
390,79420,0.018229314664195147
391,77174,0.03288650139681687
392,11291,0.02286217375042009
393,30039,0.023427449710662317
394,6973,0.01306394812597564
395,25860,0.025972591834533994
396,85759,0.027817521312253086
397,4463,0.04103825563175017
398,73429,0.011861502593309745
399,86337,0.015092018730543812
400,93887,0.038780278586209055
401,50408,0.019461287694765225
402,86601,0.014586303037429207
403,88563,0.03530169178508096
404,22188,0.04333307491593594
405,49231,0.02981544224954823
406,6803,0.023979567837827155
407,59216,0.013320620211177159
408,51643,0.023424262184522652
409,53931,0.02540874291406595
410,51073,0.02231334624120028
411,57331,0.024479854232647383
412,34392,0.01786376186858259
413,16922,0.017876249234659622
414,7973,0.02083358168037245
415,32606,0.04484923891798378
416,76713,0.06152842464975313
417,54369,0.014225714899729817
418,69075,0.020837359384116527
419,86921,0.02567584100422103
420,5346,0.01535225971381909
421,58914,0.007665872992137527
422,47504,0.01018596118108321
423,58339,0.025595679772302777
424,73106,0.047453605720814876
425,72507,0.01624228623711758
426,32051,0.013021471319989283
427,37651,0.03557338613641085
428,7683,0.014967706303140057
429,60057,0.032547166637027024
430,54895,0.028307287331345445
431,43437,0.03158567653574591
432,39016,0.021808019290251168
433,92014,0.023510951362928446
434,69689,0.01356037333768943
435,30649,0.0337303385726037
436,45531,0.0347191699703287
437,81807,0.02532325123628276
438,63489,0.02215806675726532
439,32007,0.021354926734399232
440,69128,0.024010430919680168
441,36633,0.015555819423772517
442,41883,0.03005543885824246
443,76787,0.04119981383798313
444,85203,0.03596151784755952
445,40824,0.022689257431188985
446,28363,0.052499570557263744
447,8016,0.028629454961611497
448,45516,0.02443933335147947
449,3781,0.014257598946629787
450,89731,0.027106131705478452
451,72255,0.038512393733901
452,31377,0.02629340990048733
453,15165,0.018286527949146456
454,12145,0.02190445717363309
455,36551,0.019207799213157507
456,2532,0.012360911497008601
457,72229,0.039908941719164814
458,26931,0.021385840790249452
459,27818,0.04682794697596264
460,70996,0.009350462509476508
461,67496,0.03382102860036715
462,16595,0.0628657670476777
463,58472,0.05316444177721123
464,44460,0.028143729840758004
465,5456,0.018451860889430207
466,40187,0.019622260196129435
467,87700,0.009623331843717473
468,36660,0.043092650438140256
469,68048,0.032212245132673636
470,63708,0.04271811775152243
471,36107,0.0334793616357807
472,6671,0.025106192330065995
473,21876,0.04168465269513232
474,42942,0.047421061819482815
475,13013,0.02268072839667982
476,67029,0.030678745024890364
477,1351,0.027215919080250475
478,18918,0.022189710614840836
479,24692,0.05756395115372056
480,69210,0.0248166983471418
481,43097,0.01957980606927411
482,62115,0.04513195017020677
483,83156,0.014771621873019794
484,24232,0.01943365845913765
485,49059,0.010400976341229782
486,52165,0.030303697978989623
487,59012,0.0215695668690255
488,28539,0.012174396852513944
489,58651,0.01783329201040549
490,95943,0.01715372853918449
491,8021,0.018846061119303096
492,43144,0.034766641981846896
493,6458,0.031608314903133684
494,16504,0.03556377393134872
495,83791,0.05745361477657684
496,75646,0.02667791237290954
497,8703,0.0389080692755812
498,53404,0.032877756262173416
499,16038,0.02864865449146101
500,34959,0.02779520430381838
501,99289,0.05101256501881274
502,47703,0.04234391701410948
503,55786,0.015773261679174033
504,12668,0.02713284314870036
505,90224,0.07270064345804017
506,59582,0.04070515053124151
507,21734,0.021296100170219757
508,88201,0.012066086301868999
509,79120,0.018001290362297053
510,24238,0.028377504442949862
511,56452,0.014734267631017312
512,91674,0.027139839474156664
513,53902,0.03871325035800553
514,99530,0.03004279633159291
515,30416,0.01733073566033414
516,70586,0.019970735991845324
517,40667,0.016004227931674213
518,59495,0.02184135462283737
519,90275,0.0173488377861152
520,22475,0.04210399252286439
521,58270,0.026273360087761384
522,28672,0.02366856179733326
523,55235,0.014701618918585437
524,11148,0.06512072561441891
525,58412,0.03923041319381562
526,91974,0.027736234147431763
527,77078,0.01470563180213227
528,7318,0.06732664671042612
529,32697,0.012610656212441309
530,80834,0.01537938633807454
531,36293,0.027345824940776347
532,17826,0.04702802179234566
533,21459,0.06244603299425222
534,12095,0.028851802815428557
535,98281,0.017119296520444527
536,93290,0.01962962377633924
537,17075,0.05689654067477257
538,27006,0.021849066891631755
539,10431,0.019283492090230506
540,73766,0.03139983962165907
541,19256,0.014364588700044919
542,77498,0.02393904647547828
543,40570,0.01930972035537016
544,19262,0.02023080635459467
545,42477,0.007431908813311517
546,99253,0.051479793741743884
547,23532,0.0395653688329676
548,36439,0.027510372945117458
549,20393,0.04518849151337231
550,76008,0.04949108432920429
551,691,0.017999335291621198
552,34820,0.04042610414749737
553,9980,0.028816231046086677
554,88454,0.049924992236903304
555,58033,0.012773339262447751
556,29049,0.03528113672579196
557,62182,0.006537393239301006
558,86992,0.04056741726245806
559,31669,0.01839755920629833
560,45415,0.013788343684898225
561,42631,0.03501607361369609
562,13139,0.05088759136042057
563,67736,0.039693851476789443
564,51809,0.05082947820081877
565,71499,0.015420069877501543
566,94159,0.039352228732648674
567,42882,0.018659747700388522
568,40321,0.026560892848992834
569,36529,0.009549694051342882
570,31686,0.011038075117400516
571,49690,0.02209603234853711
572,81830,0.03920193562478088
573,88698,0.03209635875565977
574,61481,0.02210731026909207
575,25180,0.024471274709673772
576,4372,0.014306910238902237
577,3934,0.03573198082589184
578,21193,0.011746253823943517
579,37187,0.037335209039278214
580,84714,0.009948553592758832
581,65288,0.006814029067614739
582,50073,0.018506524992606247
583,64799,0.054699556514644906
584,843,0.029614204160445547
585,23479,0.04769813847275974
586,3281,0.016914348940258093
587,26194,0.043290350569623666
588,46814,0.04441834216425419
589,76809,0.05562020366767917
590,96746,0.022069350366379623
591,50000,0.027455344391134787
592,97238,0.06839698277730595
593,57885,0.032833960124873746
594,71875,0.02067865197708708
595,96258,0.019530646352289648
596,20853,0.018073941810274382
597,98286,0.07549931772607062
598,99003,0.014390781050140172
599,94759,0.02286339540883444
600,20955,0.04546822399045182
601,68976,0.02449986536217186
602,55810,0.023749826836597876
603,74488,0.012847898249819236
604,80001,0.018626772167626836
605,75500,0.024225199319504738
606,70181,0.060436997621841786
607,69532,0.03395741668961129
608,35252,0.04938270918610261
609,40973,0.016723573795435216
610,55112,0.010641867435665076
611,6912,0.010309967864348261
612,45449,0.0162614595631302
613,79222,0.02792004607153803
614,93629,0.027124738388397115
615,76351,0.01522036175216558
616,79762,0.02372355599244711
617,2628,0.01370229362941364
618,59003,0.02616778348193557
619,22210,0.018136032494968594
620,81717,0.03132998468154239
621,39704,0.033796504887539866
622,811,0.04471356687093071
623,88096,0.028005257455101715
624,39873,0.028741662766677455
625,41991,0.009788089732132283
626,79016,0.024314400917536887
627,62130,0.01294644194082983
628,46699,0.014394001565295588
629,94209,0.05016951883302443
630,67278,0.013490296748643632
631,70091,0.030481218813115857
632,35514,0.03451091003565969
633,66052,0.03943395881331789
634,38480,0.013581205603986613
635,51242,0.015633583080427386
636,28436,0.033836574034603946
637,94020,0.028337743585903415
638,18472,0.014993631734132151
639,4899,0.0629703117537018
640,65604,0.02162746318432119
641,72789,0.03351537736480275
642,39520,0.046441443993810706
643,29603,0.05640825572283618
644,15651,0.06320216746338388
645,86833,0.009110513132509584
646,16853,0.009191753388268628
647,26879,0.02678646963735628
648,31551,0.04287989875113165
649,29542,0.025420085883008404
650,17608,0.026250571378578787
651,93677,0.026433325339172285
652,81214,0.01503204142916601
653,33651,0.016085211547604436
654,42581,0.02590667612706237
655,63397,0.03931836636082901
656,89842,0.00933339646773702
657,29813,0.032437878082163536
658,49531,0.018225304167487105
659,42170,0.05700147334445218
660,88198,0.015548744302966898
661,71594,0.01103423088152815
662,61447,0.01594565431322441
663,10546,0.025137514463830696
664,52364,0.020176469680812884
665,8277,0.031397571508134436
666,33269,0.0432843119299058
667,60362,0.057037053729030646
668,94133,0.09651414257394582
669,30949,0.04921258631238578
670,74167,0.025975503378958806
671,14684,0.022654082963568335
672,21979,0.026951198243058583
673,46270,0.05095943709577528
674,16625,0.054261194785155384
675,62042,0.02266574037165283
676,11968,0.04394026930997501
677,9853,0.006654074563208206
678,84486,0.008595462291230142
679,34970,0.006810011055799367
680,93247,0.05942753698820817
681,93944,0.040675685901990014
682,65844,0.041526803185401896
683,12220,0.020503928523003638
684,41455,0.03420273789170942
685,30042,0.060171625945733165
686,72431,0.024413250306105982
687,64771,0.05758893430819628
688,91992,0.02358097988898753
689,85487,0.0180347918058532
690,24026,0.037427244624417697
691,67468,0.020052865025375007
692,25931,0.03816700753199981
693,61534,0.037129848597946456
694,49232,0.0228273977050405
695,49120,0.0181197000909104
696,47790,0.02377319348164209
697,20408,0.008132390763807501
698,35075,0.025482607303645894
699,44280,0.040996359769561036
700,83611,0.007803482557384403
701,29873,0.025009448875794083
702,5511,0.015256641902223695
703,77882,0.03698699174685612
704,67845,0.03607010754678125
705,1937,0.06298461311907841
706,68463,0.04521791775273193
707,15048,0.015637336857808395
708,29647,0.02556395190032736
709,21560,0.013355242806346979
710,2876,0.009407664630293517
711,65431,0.03437736312333576
712,55329,0.014393763812433479
713,24126,0.036501905572450616
714,36179,0.07083722875410167
715,62602,0.015636072459578994
716,20753,0.016298072042587375
717,29462,0.026365965461801727
718,75381,0.03358599308757406
719,80521,0.02953665282034361
720,85449,0.011885579422330737
721,92748,0.06193654606979027
722,121,0.035945072304488
723,76298,0.008263697956839192
724,18275,0.05340774739983051
725,57108,0.03026899862164697
726,9200,0.020859554117867773
727,82455,0.07321145994909173
728,99210,0.07564772607870612
729,45707,0.017178710569407236
730,76822,0.025001995872915836
731,20505,0.03137282187454498
732,91120,0.01264946596203041
733,47665,0.03529979903447185
734,68978,0.03400970807471003
735,47628,0.03500281968309423
736,54657,0.022387682639765576
737,35963,0.022093082696656715
738,93879,0.018465045539244385
739,78484,0.009617837888327426
740,27832,0.016058364515503944
741,67217,0.026078340438027908
742,19649,0.019289709321308603
743,21975,0.012449008318145199
744,93952,0.021564267966926606
745,99214,0.01295973174795841
746,60052,0.026317866924938423
747,26806,0.022071616015509676
748,36941,0.021152004940688075
749,79327,0.020838482069831334
750,80725,0.03155480864722164
751,67237,0.017902858286670868
752,10030,0.019975856400846273
753,6710,0.022560185329357246
754,78202,0.014989890392434518
755,53471,0.012693766197988454
756,59230,0.01958501603466236
757,12991,0.01495084050391166
758,31827,0.010759597717761837
759,33213,0.020182464784771554
760,2747,0.019459479810365863
761,61539,0.01738034301761892
762,38677,0.05922869459491016
763,45172,0.026054222648815406
764,70935,0.016024805670628285
765,61032,0.017502775865170607
766,39846,0.017416295134843367
767,61781,0.0392481992373621
768,36197,0.030444213294132917
769,1255,0.030134587041866744
770,9191,0.02425174153890597
771,20181,0.050228164517263356
772,39786,0.015157515805758854
773,67820,0.016399806095201662
774,13057,0.016799695163173922
775,37935,0.027190416765862434
776,61378,0.014257673051802117
777,39312,0.019128650632747962
778,45078,0.031382234928188806
779,3613,0.0338963562158554
780,8411,0.02093858776108104
781,84908,0.01712115297669688
782,27576,0.01390606444615681
783,31401,0.009716844652045935
784,5344,0.026019732904593466
785,215,0.035299686840969874
786,77540,0.009342510513849088
787,65803,0.0426684748965693
788,48638,0.03424380499172048
789,66357,0.027896682308655885
790,80941,0.030628228438404695
791,21318,0.0658533290935189
792,88764,0.04036635377863151
793,39912,0.05105153291235394
794,24640,0.03293211391606447
795,46876,0.024484362671660143
796,2438,0.02057196490695283
797,77305,0.028515537071836926
798,92609,0.014193823065368639
799,13773,0.04148198306036775
800,32476,0.03598247164285915
801,47409,0.038639355038392
802,53987,0.028610075225412097
803,45902,0.025199570437482072
804,73151,0.0285286346550551
805,54197,0.016344062985758558
806,8892,0.02081942336307563
807,53133,0.016513464503490654
808,7143,0.04841960926855465
809,96509,0.06668159549961487
810,54229,0.013622007333377633
811,17613,0.02633047618777335
812,71676,0.02421387621770812
813,38838,0.018014137114220643
814,92553,0.019328130178707027
815,79076,0.01985297751546064
816,57370,0.025313827740876375
817,92945,0.07689480171780742
818,6211,0.087607240707675
819,80344,0.027282093556291697
820,22183,0.02991046423078253
821,97403,0.016734610113188796
822,1846,0.033943644100986096
823,35768,0.04723218125519628
824,45307,0.01376995429853681
825,80246,0.00969479225737576
826,61354,0.025846569039973975
827,44581,0.02983741789611248
828,61889,0.060554567097348605
829,10109,0.02997733126917681
830,64499,0.021827100950041846
831,9734,0.01630658573001699
832,89105,0.01489392496123958
833,58310,0.03165146365944674
834,70360,0.01944787146871029
835,39974,0.07575332806771155
836,20926,0.023923307268737964
837,93421,0.044154912604654935
838,52272,0.010530571528841043
839,52034,0.026270720894916177
840,90892,0.006469728097631698
841,5634,0.0338351069600873
842,59822,0.07031564941313792
843,77173,0.018476726308924864
844,83484,0.035447133237740715
845,48512,0.01890877875042608
846,77727,0.019682226268219888
847,60702,0.039959610271265024
848,48028,0.037436294503690855
849,5337,0.04474435265926665
850,70737,0.05387109283125506
851,35092,0.0332147935831323
852,27298,0.01311125009957761
853,71885,0.044380604125542386
854,5115,0.05324846411212161
855,25957,0.051962259133391774
856,92853,0.0082334213996513
857,37830,0.030896968289909323
858,23620,0.009620297660334304
859,32441,0.05827109671814225
860,36788,0.05651982695249419
861,73836,0.043144911358120756
862,64922,0.017403260711318713
863,75812,0.009979473982538931
864,23037,0.014068099156204111
865,87595,0.010954186328054675
866,19363,0.01810928757577804
867,24579,0.02681032390531729
868,13265,0.043626064409787835
869,19739,0.03896710334711064
870,2005,0.027940868406657833
871,64622,0.0341904330653758
872,77342,0.013641232286257021
873,64097,0.02859594763912844
874,61574,0.007216251525786516
875,52071,0.0086843653960551
876,19585,0.023553398552833907
877,74673,0.04425337358804821
878,76904,0.023607660363785393
879,82067,0.01054810337036363
880,90600,0.01463666484991449
881,92918,0.01990733177667441
882,79615,0.02113323412965964
883,49699,0.04943678501849647
884,70072,0.07390101402848348
885,47593,0.013113415888817263
886,49416,0.026116250326758694
887,2425,0.014268913704510491
888,17920,0.0408051432111863
889,64461,0.03525822071717667
890,93850,0.07217796104253447
891,86767,0.039684613942045935
892,18464,0.01378593584380651
893,34305,0.03072640550383312
894,67301,0.009631469200597138
895,57023,0.029861024137109154
896,31016,0.01879395109149886
897,15747,0.009900897842117657
898,59611,0.03841090865468273
899,71042,0.022519038308033836
900,94400,0.01754845974670437
901,9328,0.03614110034734078
902,70117,0.015027342514876293
903,42349,0.024080210145643044
904,9026,0.016497089167825326
905,56569,0.025738367924319935
906,40068,0.027032766582538677
907,46328,0.021215429519500686
908,88711,0.0273129911870288
909,95613,0.023589789026332
910,39075,0.04494571262973755
911,87584,0.00842172819024159
912,5466,0.046864615819343716
913,93874,0.012505229038667224
914,8909,0.010348324731489333
915,4301,0.027561095825797598
916,81820,0.027349356497234325
917,89658,0.019201661657248764
918,15552,0.03181828334905369
919,91437,0.0113131146699042
920,40679,0.018457570708581245
921,15683,0.012298453681005381
922,84441,0.01898917623073719
923,68932,0.024184810938780034
924,92894,0.041382269359804935
925,86,0.02829051015541502
926,76139,0.029225995870408708
927,18665,0.017610855718593818
928,62316,0.02771473022127559
929,58894,0.012943859592603626
930,75718,0.043925567959207434
931,93303,0.04382007380304907
932,42858,0.01910989932169161
933,63487,0.029133076623393324
934,97669,0.026916237610426795
935,89942,0.034356423276467644
936,17687,0.044493927576119294
937,73821,0.023573607198761094
938,70039,0.010854719719171117
939,19967,0.02994301619218618
940,98515,0.017374116971239358
941,74310,0.011304932368810035
942,33578,0.02015977538194774
943,12199,0.009814245502315203
944,8676,0.024873077953103354
945,64600,0.011151401580581779
946,4070,0.04738228577521348
947,40006,0.04209562450175963
948,96751,0.014312313221663516
949,6367,0.031133846704662516
950,41822,0.02671621837954637
951,16155,0.021258347367135326
952,34698,0.025710301991710188
953,79914,0.0259539177654044
954,9124,0.06034272013812767
955,88367,0.02729516551147352
956,97090,0.05077224965284518
957,65132,0.025576345288101807
958,53689,0.04411229721527084
959,79617,0.019323659684530477
960,66721,0.028256756173392326
961,73979,0.03792919404130732
962,77006,0.04759042688306145
963,4022,0.017910001856209293
964,93227,0.01744108523264505
965,48785,0.01778562280988878
966,67500,0.01914835749196592
967,13795,0.012451709566028448
968,61307,0.025799718276666966
969,46017,0.01943489047601034
970,39375,0.01499314801490838
971,43261,0.0156585642481026
972,17705,0.024808081529508922
973,89977,0.026063980902783515
974,70998,0.013252214381589801
975,27343,0.010652622147210184
976,86748,0.02131955927991671
977,71974,0.015808777335436515
978,53875,0.01443903784196499
979,11661,0.013278673287697001
980,22754,0.05362892832012721
981,48294,0.031058631688708115
982,63179,0.030842356912740745
983,62018,0.0225868091228396
984,32217,0.007617334779068626
985,43758,0.026673274479579963
986,88444,0.03958318751226556
987,10168,0.061873801409557436
988,23079,0.02584561963110315
989,74632,0.013664618788122623
990,87183,0.027025976571370274
991,65305,0.04387541048332761
992,11400,0.028045931840458005
993,78376,0.05578268389113875
994,37883,0.02187546947846055
995,12757,0.03838414013302911
996,7948,0.0620253029288804
997,8498,0.018473491744236657
998,18314,0.03822796092089445
999,49074,0.04083941113554257
1000,64953,0.02591013041036304
1001,54905,0.010671551603416714
1002,47382,0.010467687417471894
1003,3622,0.039723159539308994
1004,15215,0.010032711886922358
1005,29845,0.027341273252969617
1006,23446,0.01204902158713802
1007,69202,0.020499487392670906
1008,50295,0.06938794412384995
1009,15303,0.028385634575526474
1010,4002,0.022882683727596304
1011,16503,0.037653423072622524
1012,60490,0.056464696601935885
1013,71658,0.03333013882465365
1014,62850,0.009824530874356752
1015,44007,0.021226689875652488
1016,64674,0.035346944473128805
1017,57930,0.034373503816148766
1018,50520,0.03704222923832703
1019,67138,0.008019864857002899
1020,99497,0.03632593124848475
1021,69963,0.02415397797674894
1022,64592,0.03464297033208548
1023,76195,0.019603780320329334
1024,19278,0.028699962478747117
1025,68878,0.021864132722121715
1026,52043,0.013166595456596698
1027,96323,0.02149742592742053
1028,86866,0.034585566958858824
1029,31332,0.03987164717278391
1030,38887,0.011516617689178221
1031,90291,0.047673528184896195
1032,95689,0.04665713345243929
1033,27816,0.05660318206908448
1034,66284,0.018762301674192204
1035,12545,0.03459161532536529
1036,19449,0.012568081318630174
1037,24963,0.04461661377249305
1038,45828,0.031603539716293344
1039,21692,0.024479504331088014
1040,37117,0.02604637092839653
1041,52854,0.025340018130994228
1042,48517,0.011371791644094777
1043,59441,0.022313757282589237
1044,53704,0.0229608201803985
1045,54267,0.029525610425038745
1046,98411,0.024117322411715724
1047,37932,0.04527125223797045
1048,92316,0.04381506792660867
1049,32902,0.04480431947992243
1050,29032,0.020313497232811204
1051,3897,0.01367115286413267
1052,41774,0.03530432964167417
1053,37241,0.033519184551907104
1054,87314,0.01008331473473554
1055,78052,0.0117884859932906
1056,34232,0.026867539860817434
1057,68492,0.010721997878717547
1058,61821,0.022647642252324275
1059,46458,0.030588910152009135
1060,13468,0.01609625554069373
1061,24381,0.04322555102598458
1062,36245,0.025282863607083955
1063,34087,0.03264653259632025
1064,73194,0.021602443875940822
1065,52839,0.02179738873861159
1066,44617,0.013772029056343137
1067,29329,0.023969685426930964
1068,83074,0.029619904143085643
1069,38351,0.04324121419106379
1070,46233,0.015343229569519634
1071,46130,0.02001862073737389
1072,22755,0.044909236293201864
1073,60737,0.0380953360779782
1074,29641,0.03541899648936233
1075,62910,0.024505028954996746
1076,31724,0.01561431917731883
1077,70547,0.03418529716166405
1078,84356,0.02816734313399327
1079,7472,0.038160815965963546
1080,18805,0.033734558038232894
1081,34397,0.026891207461818254
1082,30434,0.02826198353342335
1083,60894,0.05192237069510753
1084,30014,0.017469770681554322
1085,20658,0.03176002792700715
1086,79955,0.034717738781910715
1087,76651,0.020413984696697585
1088,82406,0.02918230733921788
1089,53342,0.03573864189440218
1090,89248,0.03288221113372121
1091,22605,0.058522708412494205
1092,23097,0.013498100819733705
1093,5902,0.021733480336189725
1094,55606,0.03156813837072164
1095,87616,0.08589945842517856
1096,30709,0.013184626085300851
1097,6850,0.0119401800564488
1098,24258,0.010236544215459402
1099,81643,0.034735762263686
1100,55054,0.01631402288350967
1101,35036,0.03848574193987807
1102,60953,0.014942712940242622
1103,64847,0.06695701334189083
1104,89016,0.045352558169169686
1105,46061,0.046384227079658356
1106,88880,0.022109729151634366
1107,76626,0.00862473135648906
1108,71280,0.03244497270165423
1109,41445,0.011150864887289013
1110,58788,0.011800830904019248
1111,49037,0.024932143878729957
1112,68883,0.020619931607560104
1113,13521,0.0252466089694708
1114,68297,0.049101593181613536
1115,5409,0.02445185147538185
1116,28848,0.048812683322275355
1117,8372,0.050436272535655705
1118,40713,0.016407312275822074
1119,44361,0.012045051206888351
1120,9548,0.04224931225623235
1121,71990,0.06846201724052253
1122,44872,0.019370431298096222
1123,24051,0.016218726787351034
1124,59202,0.06205008765051892
1125,46169,0.027388229118455756
1126,11164,0.010620146653588432
1127,15866,0.01301093418072345
1128,16839,0.03897576630546225
1129,21365,0.021886746928329252
1130,66116,0.033013749851317144
1131,22701,0.0226724051974101
1132,26001,0.031187162776525494
1133,43161,0.013142841033388083
1134,62624,0.04049731929737314
1135,27801,0.035760274652959424
1136,91177,0.02112510521394341
1137,69690,0.015927154903366034
1138,78142,0.022958987927880117
1139,46065,0.03562427303125977
1140,5194,0.0673206803555605
1141,31448,0.01741186530958331
1142,15169,0.039199274430805925
1143,8544,0.010449466882460061
1144,57156,0.04092941194890422
1145,19671,0.023065156092347164
1146,98875,0.016894895258882683
1147,65514,0.01688691219256467
1148,77737,0.055086819920020194
1149,62828,0.015845973566656152
1150,13681,0.018117336118417864
1151,20704,0.05457017485403633
1152,49114,0.0248522267835124
1153,4327,0.023308570198277034
1154,64429,0.024921955102329328
1155,50551,0.027305447530332736
1156,2889,0.04846632162793354
1157,6116,0.07964193126339025
1158,98402,0.022671032653477773
1159,56315,0.03227411296141124
1160,2582,0.00987734906563818
1161,16872,0.021753211704710406
1162,38491,0.013404790781596568
1163,451,0.023292369115740456
1164,42089,0.026071181453137894
1165,71480,0.03547693284491233
1166,43469,0.011756399827431166
1167,51747,0.035542216083409524
1168,38974,0.03761178641834492
1169,43892,0.01028615516068277
1170,63871,0.01928660844685933
1171,58571,0.02867494560376893
1172,63734,0.016598039362829487
1173,7717,0.030025553858604913
1174,71801,0.03867495010276244
1175,41662,0.019003530900444154
1176,56939,0.007879677961270303
1177,77554,0.04063416863627733
1178,18214,0.03859530691290072
1179,49386,0.022844962187727406
1180,33788,0.01782566459108296
1181,83678,0.035830490672183364
1182,51383,0.016033273357640612
1183,65906,0.02920870233808522
1184,51565,0.011213832962792675
1185,91553,0.00642445976148484
1186,99350,0.024815099959666173
1187,48967,0.044369088070731685
1188,11701,0.058359821433951284
1189,82954,0.017696075463079566
1190,58238,0.026484544490368803
1191,83112,0.028096337197543175
1192,26745,0.021826158422624857
1193,43900,0.01498724239120174
1194,60498,0.05772765060791091
1195,35228,0.020338659947436322
1196,99094,0.03461949568932924
1197,61003,0.016395089783581424
1198,31540,0.053987698497505086
1199,13391,0.03256367753089416
1200,52053,0.03597766886388005
1201,20939,0.01727227900558949
1202,31760,0.04010795262497955
1203,22401,0.01629631533074907
1204,14333,0.017494689536869997
1205,60075,0.014809479845361233
1206,79055,0.04983797524459659
1207,93069,0.03933187435868442
1208,49958,0.019708076066743744
1209,60878,0.043079431173530885
1210,13590,0.04891818627946701
1211,22565,0.015170882246357905
1212,77295,0.025779264924343
1213,9944,0.040234744852031115
1214,44340,0.05203666248153717
1215,86480,0.029226484373641937
1216,50311,0.03460934495891243
1217,12244,0.03933067965191537
1218,1376,0.03632523585892283
1219,52526,0.038143839669272206
1220,33997,0.030446198740270887
1221,61391,0.029098162172535667
1222,66119,0.011532063680544897
1223,4356,0.0171195194163835
1224,95184,0.012499597377006972
1225,69549,0.0329899675874326
1226,80887,0.042542070779155054
1227,27365,0.01763257801574922
1228,90557,0.054035777842633755
1229,85547,0.015074823237604461
1230,82404,0.0258871507525948
1231,50141,0.043879692692772726
1232,22400,0.025243439127872913
1233,80786,0.007845933830375365
1234,1892,0.012385386142293016
1235,61541,0.023721549477398417
1236,80964,0.06513633188993315
1237,16790,0.0310036424344761
1238,28838,0.015992632881552143
1239,99632,0.052221777263697575
1240,47649,0.03708626587576333
1241,15315,0.01288296457689718
1242,97753,0.018616723348311572
1243,98674,0.012880583416227793
1244,33643,0.014162096292721502
1245,77482,0.04736752543239559
1246,12208,0.01979278379748954
1247,98638,0.07979529138374933
1248,79900,0.009421114958884976
1249,87827,0.040249087916757284
1250,94943,0.014132726226432229
1251,28817,0.028804472746842485
1252,43812,0.015921839839483372
1253,916,0.015524667754296905
1254,51561,0.013372873217616526
1255,34901,0.013923448097187876
1256,31831,0.01480514003186072
1257,89134,0.02072438832523654
1258,13929,0.03468676841752111
1259,78790,0.007593716103013499
1260,57124,0.01833017934410818
1261,58558,0.01148353370194382
1262,27570,0.012531613584665877
1263,97595,0.03135255840550667
1264,59250,0.05459154554164452
1265,18481,0.023663014699801747
1266,99152,0.015089833906003339
1267,670,0.015926253274585973
1268,2783,0.014334625954864892
1269,38737,0.018077789845030237
1270,87735,0.03166717579133296
1271,59251,0.031485590961113016
1272,33901,0.022967978540556398
1273,24484,0.022925618323029272
1274,88370,0.05397731168544545
1275,50032,0.03212156582698388
1276,29741,0.03658672262772205
1277,68955,0.024869892196668797
1278,16328,0.015712739717868907
1279,3273,0.026530010599949992
1280,27701,0.04968756300677801
1281,69873,0.012595254690070478
1282,82821,0.026246539202951613
1283,35408,0.02499127187463843
1284,70697,0.022165096542982342
1285,8145,0.02085617619248139
1286,80813,0.030812194265273832
1287,99220,0.062676142096112
1288,94888,0.010358247888036604
1289,16413,0.014082996241987679
1290,26044,0.02585505030954219
1291,31109,0.007329575637968686
1292,947,0.02412886893578623
1293,13977,0.022271011821074264
1294,45826,0.021371233427219288
1295,6011,0.011192302806371662
1296,65248,0.03674721514969989
1297,8445,0.021670660558608952
1298,77359,0.03923342761309904
1299,5655,0.030284721584439428
1300,98288,0.039348281798412335
1301,36145,0.03896450289331638
1302,76487,0.025052766159137825
1303,36554,0.012705580663865504
1304,47718,0.0076178719734855856
1305,44395,0.02024046384714215
1306,48281,0.017177648502019784
1307,14495,0.017187371602477075
1308,17549,0.03727878855402435
1309,77668,0.06306922290322886
1310,10303,0.01392168084183204
1311,4775,0.04324355107258697
1312,29208,0.01964106582527216
1313,8917,0.04597301597212712
1314,26538,0.028992384572273846
1315,13844,0.010801364208501703
1316,22250,0.037436512312889234
1317,23502,0.03870535741500039
1318,38110,0.015987956938291546
1319,24581,0.024829757910934495
1320,63513,0.012000175113577373
1321,82471,0.019782350729338143
1322,16291,0.008467089729846295
1323,93833,0.020387737855561094
1324,61786,0.055257987906943896
1325,12416,0.021749143924980067
1326,48929,0.05230903534445067
1327,10570,0.016012706610715556
1328,77899,0.010141606390878844
1329,3626,0.0357994262702908
1330,42967,0.021689596504111612
1331,29749,0.015755955861811048
1332,64906,0.05251288931052606
1333,28396,0.01958130715867682
1334,36233,0.022591497355417003
1335,60355,0.047679238976695064
1336,70638,0.018176879984182763
1337,15339,0.016657584653499487
1338,4172,0.029465656115603627
1339,1372,0.049607044096508124
1340,62675,0.03720694525481875
1341,10958,0.019883847992415757
1342,86164,0.056709997959567465
1343,74471,0.026190579613438247
1344,8312,0.03655954262655626
1345,46709,0.027124812444366795
1346,88126,0.03714292286127624
1347,49426,0.025211974137827206
1348,26825,0.03157267252630935
1349,44487,0.016780985350411438
1350,80814,0.049531586486931775
1351,4233,0.032121763091466235
1352,88903,0.02879001544687791
1353,73466,0.024356370215396956
1354,84718,0.014982699194792733
1355,46374,0.013920350477640139
1356,14612,0.0142195308447394
1357,16761,0.018285473702345068
1358,27044,0.05041667005214981
1359,60610,0.045062523811610064
1360,87461,0.010337060462780975
1361,62817,0.0206345496050912
1362,51490,0.015806459879791967
1363,37616,0.06581081706652801
1364,66687,0.026215173484793016
1365,83653,0.00916141136234963
1366,31616,0.04581423786896392
1367,1727,0.021931368667203716
1368,84061,0.018652753649535204
1369,24001,0.03297663269200216
1370,13165,0.015277454366800204
1371,41704,0.03293765426123716
1372,17212,0.02978622155710373
1373,46241,0.02954721596598575
1374,92382,0.01351100436032724
1375,16302,0.01971241420846058
1376,10137,0.0074071184419339554
1377,56591,0.01863303553496325
1378,27409,0.016189784060397432
1379,50085,0.025329022005669246
1380,77493,0.06659760142971997
1381,47003,0.04422606270170174
1382,72340,0.06180885462096267
1383,99462,0.02619714564940263
1384,3066,0.03088781493719786
1385,9143,0.03863562353477475
1386,30333,0.0164486895350185
1387,9413,0.017881030414422818
1388,87734,0.04181658421587948
1389,29638,0.020728874297721144
1390,17509,0.014179293234578614
1391,68033,0.03058572475719998
1392,34593,0.03483699666568905
1393,36770,0.03238434982469441
1394,75080,0.013202465801126856
1395,35848,0.023433805824825796
1396,51372,0.021954849543440368
1397,85185,0.030896269421758812
1398,46247,0.012255780103984969
1399,93087,0.01379682010583851
1400,65000,0.019376002140001663
1401,32685,0.03263673265510821
1402,4266,0.015608774713482132
1403,65771,0.007878370316283915
1404,56552,0.01653543177786393
1405,71559,0.022566806243301825
1406,36825,0.019265506551116304
1407,59803,0.03998231785070856
1408,7988,0.03763478670692784
1409,40987,0.03692251380585044
1410,3373,0.06858014275586498
1411,23282,0.02712976586015177
1412,90082,0.01922308160550049
1413,75154,0.016570525498010098
1414,18600,0.015425254665816963
1415,79377,0.016084318168363948
1416,75495,0.027635386207006965
1417,33299,0.06203721361425452
1418,21955,0.027205365320820338
1419,85739,0.03621723045945429
1420,27104,0.029640829932375608
1421,665,0.03943371528828672
1422,94201,0.008954136488561948
1423,74563,0.02656434288996657
1424,23274,0.018102509502955503
1425,4164,0.013099216849680849
1426,32622,0.04324692294473754
1427,6434,0.01553399849451706
1428,90192,0.009817795218351199
1429,7943,0.017230105885835664
1430,73373,0.0353089510892444
1431,71100,0.020782740329950672
1432,87905,0.03231342127282336
1433,43128,0.017558894115619245
1434,73210,0.059735332373772605
1435,84795,0.04837788607787
1436,86048,0.059146448601083534
1437,3160,0.04263752875582509
1438,79428,0.015949201020602297
1439,86561,0.027698346855305117
1440,9273,0.05261374403161716
1441,49948,0.013966734605036848
1442,54391,0.028983120370889452
1443,7185,0.041488864713822134
1444,62572,0.03800503305575877
1445,8558,0.020148631329145822
1446,27751,0.023626548243639092
1447,3348,0.014034587805921437
1448,76163,0.014243155122823948
1449,14739,0.046800774277158265
1450,57926,0.016593067776215414
1451,94695,0.03605385839889952
1452,19028,0.008924180412699555
1453,94935,0.027787655877541523
1454,70657,0.03096655343395717
1455,73839,0.010550476353509688
1456,98171,0.013931595951537675
1457,22265,0.012094332041634116
1458,46666,0.043521444408059676
1459,35634,0.018675960802833406
1460,86984,0.023353017382533255
1461,298,0.05418106422631421
1462,53528,0.012208897414369639
1463,78076,0.04172065353892097
1464,73722,0.01226746259568745
1465,7177,0.02106547705838177
1466,87588,0.05581342977642211
1467,37279,0.01763450752539996
1468,4926,0.022278802307406722
1469,15034,0.022014452543753817
1470,60706,0.026838954019830625
1471,91903,0.0302807187893585
1472,51134,0.01904740356822271
1473,78355,0.0303087739483701
1474,91911,0.019636903876839668
1475,7977,0.019778754672480775
1476,73276,0.028084529597239335
1477,84705,0.054070532871485104
1478,26228,0.01567963895984
1479,93891,0.017690776755854523
1480,44346,0.026134723729802516
1481,70383,0.037408719833211826
1482,99596,0.02770710613351357
1483,77622,0.019938085743813755
1484,42172,0.0291514019005529
1485,10834,0.02851812762112485
1486,70199,0.0412690667400225
1487,31516,0.035817951818497736
1488,6336,0.021145313989027605
1489,34074,0.013669753175905509
1490,71585,0.018343974702016128
1491,73859,0.017132159012909078
1492,13284,0.03416993461523135
1493,65524,0.021543081105168005
1494,23350,0.06010594517020222
1495,99240,0.016203332252124805
1496,44908,0.027618007483303668
1497,65139,0.03150928012143782
1498,64246,0.018428238968609595
1499,9813,0.05381873588588442
1500,53024,0.025689185072334045
1501,23731,0.017267693063865924
1502,23674,0.0349571764322947
1503,37982,0.0397814290399877
1504,79003,0.010497023745330097
1505,85506,0.017916125548624342
1506,47236,0.016974295406351793
1507,75186,0.02195468767449822
1508,77471,0.04193283231784157
1509,13358,0.02027230408161887
1510,33159,0.027508804399538116
1511,7880,0.011203826713240357
1512,13865,0.03705005419817862
1513,8355,0.042453901838519215
1514,8879,0.015638957231491498
1515,63178,0.0376162933756718
1516,50561,0.034199732803061274
1517,17763,0.02510334641261268
1518,35052,0.01334223159657282
1519,83011,0.06016699813675827
1520,16974,0.017227449607000032
1521,43049,0.032561870608588186
1522,81158,0.02431982532102833
1523,33226,0.01945012050589805
1524,89280,0.03119235699997448
1525,13154,0.013837743877628775
1526,69414,0.04271142419862581
1527,54862,0.04471453883738146
1528,95125,0.010989164171110632
1529,93925,0.0157083340698337
1530,83475,0.01755793815402094
1531,57166,0.021132404768180433
1532,47403,0.019017483030804225
1533,76634,0.033437888530310204
1534,45780,0.047753108635354743
1535,92002,0.02720950737547636
1536,9628,0.02562438255106055
1537,59412,0.031035051746012468
1538,63251,0.018017401255002577
1539,76194,0.02551918902338117
1540,85275,0.05251556540084332
1541,63015,0.022548917739056058
1542,62577,0.007866722214252605
1543,82168,0.053187843375391806
1544,48733,0.03966806474107773
1545,78916,0.021204798478150995
1546,37386,0.018929386869022603
1547,71406,0.02166313521180381
1548,36158,0.020251150464280325
1549,32519,0.011536662403522416
1550,37158,0.019251679926803423
1551,63910,0.03944418722892834
1552,47163,0.017669398859314726
1553,91048,0.027984098831126288
1554,17117,0.03639966551624965
1555,9959,0.016141883610417077
1556,63812,0.008416744231719606
1557,46569,0.024784491742610968
1558,44770,0.018553684132621456
1559,55014,0.021769859285548452
1560,46615,0.027648040052673472
1561,24193,0.017516036535838886
1562,95874,0.021602733307379347
1563,25074,0.041233212913476244
1564,99159,0.037730948614008344
1565,80022,0.03572613884204667
1566,20171,0.025174229626106548
1567,63555,0.03452685765564221
1568,68917,0.011440561950087188
1569,53663,0.03985114938135424
1570,84683,0.02069813063244708
1571,282,0.044260987396398596
1572,10051,0.04027052218654058
1573,45096,0.022298406100850893
1574,80385,0.05269650368769865
1575,36720,0.014304569219022914
1576,89704,0.02314522034957859
1577,23871,0.04566623764238665
1578,32671,0.013518271810117416
1579,46097,0.030219039404914813
1580,93306,0.03454411599031623
1581,29061,0.018127503505716576
1582,79311,0.06415441231954197
1583,49165,0.02411904749097006
1584,34119,0.023749080002249658
1585,39967,0.023218091825080923
1586,25154,0.027053346431281877
1587,12363,0.007857711993944073
1588,75877,0.04320701468706545
1589,89222,0.06714606730075628
1590,9925,0.020697532027674527
1591,18847,0.026197433320862155
1592,17372,0.017523915384875757
1593,44257,0.017599347470533266
1594,99393,0.02899898806242925
1595,24214,0.04388030926648557
1596,98369,0.05900869949030099
1597,38398,0.051243890534961506
1598,55312,0.007216371320129611
1599,71040,0.019744450569841976
1600,24947,0.05429183141368542
1601,89323,0.02027857695973211
1602,47309,0.013193715244138959
1603,79934,0.03854164715389628
1604,20257,0.015469562222784476
1605,69929,0.02249852957813699
1606,62247,0.038043241999732975
1607,45917,0.061462009018754794
1608,32060,0.04173943233956605
1609,15019,0.018732640692678444
1610,16020,0.01778169577751974
1611,88344,0.024622674458356145
1612,54156,0.04770924921725164
1613,76226,0.03253453721787467
1614,42509,0.027209556939622764
1615,62661,0.02463586166737682
1616,55625,0.011352498057258754
1617,60360,0.04891492163150371
1618,34601,0.048303112784086645
1619,62703,0.01538016094436868
1620,85932,0.0182034067199025
1621,92973,0.09682130772707341
1622,99637,0.0643286033774001
1623,3874,0.022064971326503455
1624,14089,0.01614277365229213
1625,23335,0.023954829723142834
1626,72061,0.028396009432448206
1627,79056,0.020611262876599437
1628,89689,0.006086726832315519
1629,26253,0.03437433288872317
1630,24898,0.014927002726394474
1631,82503,0.057354158886898474
1632,62202,0.0439329245600488
1633,83931,0.0424511476919535
1634,36904,0.03471217228249086
1635,79271,0.019156776346095153
1636,31174,0.037524811700434965
1637,63366,0.03267996069755965
1638,18957,0.032919882068444775
1639,50460,0.04801266752977392
1640,93045,0.021579069440239906
1641,88884,0.018552300981061882
1642,84568,0.054989279669477704
1643,8523,0.01936110745229232
1644,16143,0.025065436496918194
1645,78428,0.041543193464179624
1646,93041,0.02266589728304066
1647,54935,0.020151334537884886
1648,91872,0.02463826960423272
1649,25684,0.03298674795306806
1650,88219,0.017350380903722828
1651,16282,0.042684635236788816
1652,55912,0.01257924226243987
1653,25896,0.007029093108274199
1654,40312,0.018891201875656845
1655,95763,0.04836026514628273
1656,61042,0.04699391713190426
1657,4081,0.031187250188775294
1658,5564,0.02247085445667344
1659,71479,0.006928454076176815
1660,87981,0.018280850109463082
1661,19073,0.05278844241085124
1662,8194,0.023929910431270615
1663,14851,0.023093228437171456
1664,12357,0.020850765718432956
1665,5679,0.03529828388977561
1666,25920,0.027554238405508295
1667,37864,0.011403803329079889
1668,170,0.015800742894900376
1669,95966,0.03060687480857468
1670,33674,0.03386409015414797
1671,10102,0.024831766932647756
1672,83773,0.0368656304689842
1673,42351,0.011360243982316666
1674,17,0.017738170666019515
1675,36982,0.06784485875898917
1676,90798,0.028180203987300645
1677,35728,0.019851554219656294
1678,78706,0.03446932826431143
1679,55249,0.019603099236765308
1680,95573,0.028401786302380497
1681,95409,0.04078712246566479
1682,72089,0.045489994536092516
1683,78119,0.018847411349465947
1684,24171,0.014512360573036764
1685,23927,0.059111024071208364
1686,57795,0.01908287431181135
1687,59981,0.019600680627264676
1688,57587,0.027120992681984996
1689,40392,0.05193136176143593
1690,15864,0.028103061812277126
1691,35819,0.04741490713040729
1692,80802,0.023385753719447136
1693,87309,0.045172204659643125
1694,63347,0.02102983097869498
1695,2750,0.020044621565841986
1696,59588,0.065550376727248
1697,22603,0.02779318075895334
1698,95987,0.01396806572069613
1699,38770,0.036238181055312166
1700,81692,0.02907453199301955
1701,30902,0.06062609815268613
1702,3393,0.013088768880846114
1703,13903,0.03569259889922638
1704,5736,0.044968189148957935
1705,82009,0.023574044523462536
1706,74159,0.02175688785141484
1707,65244,0.020790117698663877
1708,39219,0.01703698836519716
1709,67930,0.01885921739307185
1710,33285,0.011386995605739709
1711,36915,0.025757646846329155
1712,96453,0.010396326580084594
1713,52832,0.022084067387082136
1714,25999,0.027775794404145196
1715,57438,0.021645161733227787
1716,28361,0.012457079593290595
1717,61130,0.018632952037300123
1718,8922,0.0666160553628599
1719,22023,0.019839044098875307
1720,37795,0.018357849890593442
1721,74510,0.03584160770858089
1722,93365,0.026322862067682386
1723,7107,0.033959521621565084
1724,69586,0.029859155043559172
1725,62524,0.019489568626848378
1726,53042,0.0373824996484622
1727,43021,0.051991995871824535
1728,21336,0.02734757709562319
1729,6148,0.013115613554511072
1730,64468,0.016153394870052257
1731,76913,0.024803385763128422
1732,52447,0.045610514360594115
1733,64063,0.018919777120412096
1734,37321,0.043146994028126565
1735,7473,0.04710535459688507
1736,72057,0.041860162669894466
1737,49507,0.033961444363972755
1738,90910,0.04524395246279589
1739,37889,0.015241738750093542
1740,96600,0.051971294343193516
1741,72037,0.06613947239697646
1742,58554,0.019823526411860797
1743,51037,0.026217452777732443
1744,95339,0.014393152726795744
1745,60928,0.034458402486459774
1746,57739,0.036851222480413864
1747,64587,0.029538947595902663
1748,39819,0.025232950614048483
1749,83840,0.03596362267817798
1750,76306,0.06258562621717588
1751,90649,0.011899103182302969
1752,10125,0.020318971207886196
1753,14853,0.04347791227734047
1754,73625,0.014497191976383283
1755,42187,0.009388327282854669
1756,76632,0.02346046736285896
1757,33450,0.012987705283462443
1758,25805,0.014033799731970359
1759,58584,0.05203763985501675
1760,31203,0.021101976285133182
1761,67164,0.025768304501741043
1762,34923,0.03818745536337717
1763,83015,0.012375248413081096
1764,11483,0.05587054977907649
1765,84060,0.009029945410951017
1766,29026,0.028195069639825283
1767,12596,0.02245646682995862
1768,9541,0.032469932360257234
1769,4673,0.04428633572178343
1770,75014,0.023794464892444134
1771,88757,0.008438517694033344
1772,75644,0.020154862178582925
1773,35698,0.03117421072052842
1774,78590,0.016869781886981704
1775,20425,0.04302881664525626
1776,21978,0.018031380225126608
1777,23898,0.02135033769385642
1778,74236,0.03129646152253351
1779,27060,0.02060468001411407
1780,48405,0.010945561971474577
1781,19249,0.0185596919655859
1782,88833,0.04179426693482076
1783,78573,0.03721306311315167
1784,94189,0.03968796971684283
1785,91540,0.015731460395860382
1786,9970,0.028166101384337464
1787,33639,0.015822319760322532
1788,76935,0.030775854918654595
1789,96982,0.032339618634557865
1790,38939,0.01940564727711765
1791,27243,0.016966907052840825
1792,17753,0.025444845366668245
1793,31598,0.04629270461585559
1794,92859,0.012587963774700405
1795,38714,0.01897961109125687
1796,95859,0.019747735417262165
1797,23422,0.015670145559881627
1798,17612,0.043775009372294414
1799,18087,0.051505178470034406
1800,57212,0.03866767179584417
1801,96256,0.031327417316895215
1802,69924,0.03987947773605572
1803,5083,0.019597367747125123
1804,36958,0.006636061666011072
1805,80809,0.02462486915090427
1806,18508,0.04596181013521504
1807,39998,0.013311407954923362
1808,80576,0.022872492650615032
1809,39710,0.03517736238598611
1810,76591,0.040533989380776285
1811,11435,0.023824950161532417
1812,4001,0.03642790060306388
1813,6923,0.012936132052576333
1814,66145,0.047371796963690385
1815,72344,0.02338802619517242
1816,43151,0.043706985687014505
1817,18292,0.025745749506310266
1818,56849,0.01249392048085956
1819,50694,0.02035428803432369
1820,33726,0.040772396366070766
1821,73708,0.06433072512128628
1822,28600,0.01918612069026853
1823,43716,0.02029233893053827
1824,80445,0.05154149214613002
1825,92761,0.019081062787907832
1826,14344,0.02470652280844556
1827,67310,0.014575081974556897
1828,2292,0.04632674885420564
1829,54341,0.04909011234657869
1830,97932,0.01289984852679636
1831,5325,0.03678651595941995
1832,6266,0.0216010106559544
1833,96824,0.021468505353233462
1834,89136,0.02332793072042812
1835,4702,0.042217372369598015
1836,1089,0.02265621780973984
1837,95952,0.009201729727696164
1838,95029,0.02962195275101663
1839,26475,0.015604109881498945
1840,48108,0.01952877603859362
1841,85280,0.028379384571426743
1842,12275,0.03738047402945811
1843,56787,0.019395610843213146
1844,83924,0.021035604505118217
1845,46844,0.02290622056197224
1846,38584,0.03522690569264346
1847,93138,0.014701838890931518
1848,56803,0.011223841140889618
1849,531,0.028890296836226712
1850,85817,0.032930215302926336
1851,70279,0.029585331864421832
1852,61593,0.06556700397547449
1853,73252,0.022506377911229704
1854,2937,0.012829777960207999
1855,16970,0.022475616231405086
1856,40012,0.024314710669241922
1857,79389,0.014755170504579689
1858,17900,0.014100782921436197
1859,94923,0.010116212992791977
1860,73991,0.03260675221730354
1861,82669,0.03584842330951302
1862,92586,0.020258247744099515
1863,4275,0.015756069024004785
1864,33922,0.045522869622704895
1865,4286,0.047213743320840613
1866,71192,0.01958046079031047
1867,46642,0.019544178929489005
1868,77391,0.02156248770842423
1869,42920,0.022910410189753844
1870,72373,0.014597862252726102
1871,56573,0.022325011575918135
1872,19614,0.026923533356250792
1873,76022,0.04081829771982584
1874,47194,0.03730099380402115
1875,18817,0.0155731322750254
1876,5708,0.02452631294594625
1877,973,0.01146314689634682
1878,9218,0.0335707647935911
1879,32531,0.03660457078950336
1880,38032,0.060079656939270865
1881,78181,0.045587113687902026
1882,64660,0.02591375659849902
1883,43616,0.012503723579735358
1884,30821,0.01710155179211819
1885,41023,0.011691793438174268
1886,15328,0.01923380369490191
1887,2834,0.012177705709170396
1888,42465,0.018713732906815463
1889,31558,0.023600854964892004
1890,7834,0.021540219045060156
1891,53410,0.029742405086818906
1892,95672,0.01730937693131946
1893,63688,0.017662248536155993
1894,58826,0.034046629457086294
1895,37042,0.020105017556974237
1896,88315,0.016566319032184054
1897,21994,0.01738281360932548
1898,62308,0.01642720055018549
1899,93728,0.025064814409342193
1900,17482,0.0325518599105535
1901,96389,0.025838689252823226
1902,37788,0.015422546773528223
1903,6158,0.010178323445100548
1904,88091,0.036939871884328096
1905,14638,0.02296881903743324
1906,49126,0.018286232967318815
1907,54368,0.02218840314922571
1908,65057,0.036091828462949574
1909,2342,0.04198413635872583
1910,3053,0.0158437880494807
1911,81892,0.05427754794338898
1912,36909,0.028640341112067945
1913,91665,0.01249427224905137
1914,10631,0.015662863381808473
1915,42826,0.015656371365691035
1916,44639,0.011822146789781336
1917,9319,0.01197493004011485
1918,51334,0.017163320874560177
1919,25857,0.020062855868645785
1920,1345,0.020375854734529856
1921,97134,0.028411851423083893
1922,92030,0.031090500490264433
1923,66240,0.015544978673770426
1924,25898,0.026408552036622984
1925,72288,0.026540228774853094
1926,19897,0.03058718286359902
1927,98756,0.03325032597259145
1928,40011,0.025136446859727445
1929,7497,0.013836505526703085
1930,60438,0.03794718011492462
1931,82752,0.019645097456824582
1932,39388,0.010653391723005744
1933,6330,0.03829474875965178
1934,21946,0.03438568381144557
1935,55887,0.027519944140737926
1936,72121,0.04860123524430364
1937,17844,0.011396618118151602
1938,58193,0.0196039230215461
1939,94536,0.05425997930252067
1940,7375,0.030801440055258627
1941,58890,0.020556020010919
1942,87098,0.018430220134843522
1943,66958,0.026484553739465993
1944,8024,0.029554151879140365
1945,34047,0.01666420133264164
1946,278,0.020762660552771386
1947,8266,0.025348190858763577
1948,32405,0.008688899702767022
1949,46758,0.029834938443546462
1950,8712,0.0698722828169204
1951,51604,0.03314712033205989
1952,80571,0.052564422721799835
1953,75700,0.01144994703191538
1954,3061,0.021261605069630117
1955,30713,0.027918398342529932
1956,59902,0.04152491409613221
1957,19085,0.015067869231151259
1958,81766,0.0304289398589458
1959,37554,0.026878591603992537
1960,99724,0.032984680485850175
1961,62845,0.020470714061486227
1962,13669,0.017701775121213542
1963,31137,0.014466992237575454
1964,93542,0.03763887532637858
1965,48112,0.0086582252880672
1966,29613,0.02205736102914964
1967,1441,0.007662702075266275
1968,52563,0.00923538599286626
1969,88905,0.04850590031244362
1970,91648,0.034170481088582845
1971,99365,0.03409392707059502
1972,71632,0.013242554246579108
1973,26638,0.06418129806322594
1974,922,0.018773441558189385
1975,65066,0.013845312134798279
1976,65862,0.03141261569606679
1977,59613,0.0074304347807651406
1978,22336,0.015225169497651986
1979,39760,0.02386800245673337
1980,84759,0.018833035917169543
1981,10390,0.03829515936585938
1982,22161,0.04861713199696546
1983,1976,0.04656538621672217
1984,18321,0.01760977965586654
1985,51196,0.013071611761314054
1986,29467,0.012214381161568817
1987,64117,0.020342182601035975
1988,95075,0.04736159141881227
1989,24388,0.07696932410632491
1990,88940,0.007951132201261089
1991,84257,0.021385406593766084
1992,22540,0.020688461689798137
1993,80274,0.06881406055799616
1994,76481,0.040115485802147126
1995,10719,0.02487308964496689
1996,79475,0.04411859946782584
1997,3411,0.027189072870390445
1998,96782,0.013226306845050639
1999,27563,0.02960456005857658
2000,27418,0.02348785185279207
2001,86589,0.021360501012631043
2002,99362,0.018680652030198273
2003,74079,0.034576124471315174
2004,24965,0.03636637377030837
2005,1053,0.02062506723365997
2006,18348,0.029927340389169717
2007,46014,0.022316976522382577
2008,90857,0.017904436642892943
2009,55572,0.02926773803809509
2010,46318,0.008532833933539187
2011,31979,0.016038367594047587
2012,26394,0.02671946834529094
2013,95749,0.012555868309961866
2014,63885,0.025878596324707834
2015,60849,0.03314018453832276
2016,59595,0.02292594155320439
2017,59732,0.017822889106607273
2018,48634,0.035821417500573355
2019,25438,0.007272810733601155
2020,93504,0.011420712104997337
2021,29833,0.010372019836640784
2022,83728,0.04789044445362301
2023,93621,0.015334712779349014
2024,49026,0.03869748759084074
2025,27187,0.051454392725909966
2026,99126,0.031178148982457424
2027,91134,0.008745105862575408
2028,96334,0.02657828329744586
2029,50766,0.022264185251824956
2030,23732,0.013234548155742586
2031,63707,0.0464390344817789
2032,49724,0.02945800980252663
2033,44896,0.014622992526992885
2034,29558,0.029731040474166102
2035,79849,0.026207756992638137
2036,8903,0.01126826015938248
2037,70290,0.04835093673537122
2038,98548,0.012518969710036708
2039,67556,0.03770036809997647
2040,41679,0.031343823961415065
2041,22494,0.03296909112068554
2042,86301,0.0466068883353556
2043,27121,0.016475660928077056
2044,2500,0.03211748206002252
2045,17401,0.020077964333027797
2046,28770,0.01442203936795216
2047,14790,0.029264358994810575
2048,16384,0.033317597070009836
2049,70430,0.023815435326972723
2050,18751,0.017926236460590234
2051,24191,0.03711399743023446
2052,44777,0.02521919312160853
2053,94913,0.027610494033294915
2054,37560,0.02606318096320993
2055,85090,0.03127377478527342
2056,64318,0.02850981743208579
2057,29963,0.05364088684536181
2058,74418,0.08121037924607899
2059,34332,0.019214211497056096
2060,25120,0.024829508542774065
2061,38632,0.020446180785281765
2062,31684,0.033599746749268584
2063,58158,0.02552415773454729
2064,69999,0.02144448695351551
2065,79737,0.018594857326802394
2066,70720,0.015308834346435853
2067,21904,0.056625264413447146
2068,36780,0.025482102517301045
2069,63816,0.0209901839316899
2070,54638,0.018745155396332095
2071,69946,0.02876932632746245
2072,45196,0.009839322668132118
2073,31824,0.02512732061389126
2074,99022,0.016224975965629142
2075,70122,0.03370752777653452
2076,25702,0.03355526925583058
2077,94367,0.017903038617822956
2078,40492,0.049277431806459764
2079,80029,0.01637460464026833
2080,29145,0.05313173266313905
2081,63219,0.028565237658430172
2082,84858,0.022647457800489323
2083,33430,0.045525687723332396
2084,92870,0.019421589034264435
2085,54917,0.035566597978957545
2086,4215,0.027213390293960336
2087,32923,0.019276497720849013
2088,62477,0.05166202262797685
2089,91841,0.042777640140519754
2090,65582,0.026882593584553728
2091,1059,0.00956026029174178
2092,68573,0.04265685897015374
2093,26388,0.01100666429073879
2094,33932,0.020543937179036895
2095,42992,0.03827988984514087
2096,12513,0.028101014655970556
2097,78610,0.012904803121591271
2098,9724,0.05952069252883365
2099,38554,0.018066466707549453
2100,24060,0.022911227831198668
2101,22638,0.03269936377848334
2102,86046,0.018317914842296276
2103,63102,0.014806923597752384
2104,54609,0.022740308692220115
2105,86889,0.01653314199005209
2106,80076,0.02846876881119891
2107,13875,0.019121289844670847
2108,88541,0.024051346411435737
2109,70970,0.03604305351912307
2110,91551,0.07424575949389413
2111,30933,0.019048657019765693
2112,19786,0.04278868036016484
2113,74333,0.03814464521907705
2114,70658,0.024949831704602767
2115,13543,0.037290078618076025
2116,13976,0.01654538398124547
2117,43547,0.020385560703972475
2118,22383,0.04342400706987492
2119,27114,0.022808932547263613
2120,20861,0.007611626763190183
2121,27734,0.030510423175731653
2122,33455,0.06482813823879228
2123,26912,0.03105210391226682
2124,60133,0.03867365587434759
2125,16232,0.013354661878857088
2126,26647,0.01779011634178007
2127,7326,0.02039413398000592
2128,80185,0.04190115022882857
2129,99598,0.048243291957316796
2130,2079,0.022401286199658657
2131,98134,0.010175000738028283
2132,91294,0.06350458385574576
2133,55403,0.05893036762841421
2134,3149,0.05277826720495531
2135,75759,0.08777791710501111
2136,35410,0.018177453182358774
2137,82788,0.016690870938573237
2138,64205,0.03351651511689899
2139,16270,0.029543798132374073
2140,19569,0.03048609358093677
2141,76190,0.010903240030736464
2142,63414,0.017778659538321466
2143,64919,0.023794807469468993
2144,77618,0.03309899185115289
2145,72883,0.0438494867212571
2146,37630,0.06334466389973376
2147,84236,0.018040684283263275
2148,32526,0.0496784041219435
2149,73491,0.04427762594169937
2150,3252,0.03541746376855804
2151,4588,0.01697027380695764
2152,3525,0.03742945366786617
2153,28836,0.051304127069993634
2154,77816,0.05230727549639183
2155,3155,0.028505381929825598
2156,35857,0.032362652147705645
2157,22189,0.03485244817273579
2158,687,0.008897159882223523
2159,81067,0.023187223351196752
2160,92884,0.01590200096962766
2161,57858,0.03524319993268398
2162,73653,0.01205819834184468
2163,21175,0.026082856784989315
2164,44945,0.08212466498392718
2165,28226,0.01812109152094865
2166,21455,0.014822527763927788
2167,61535,0.013808062202384317
2168,94623,0.018462098918607735
2169,53079,0.015291601785376037
2170,68699,0.0323966578498891
2171,77086,0.00812967013735419
2172,62579,0.029644229785800256
2173,17374,0.012626612898984028
2174,32472,0.03587957950781891
2175,64967,0.014203789229552063
2176,90228,0.021940523889935965
2177,19343,0.06759498902563672
2178,16841,0.0326725650912982
2179,12125,0.023254276946837953
2180,73305,0.045359335290711573
2181,15510,0.029626018334607634
2182,27437,0.04586833526845532
2183,50941,0.01697152213129596
2184,39915,0.05376964990624456
2185,45904,0.043757086616395754
2186,17172,0.0076057593362036735
2187,92034,0.03198968923023779
2188,61294,0.02255503867638063
2189,3584,0.02135829892142623
2190,93815,0.03339400258006854
2191,44174,0.06581254225664118
2192,29602,0.017934297381826197
2193,77224,0.035783255901592995
2194,78671,0.04569391438100858
2195,29135,0.04175158576146195
2196,14058,0.022662226681442244
2197,77912,0.028272248878107434
2198,79539,0.016828706748402963
2199,58189,0.04689587571308748
2200,98002,0.03709140005841337
2201,27234,0.048075689561621705
2202,6798,0.02724249946462393
2203,17065,0.025093545877792157
2204,37081,0.039099235170037314
2205,77435,0.02389380573075828
2206,15890,0.019994829638698107
2207,48557,0.045472628797172045
2208,62453,0.03093025229878394
2209,55824,0.019188086963767996
2210,50258,0.0365944851868386
2211,7641,0.010520474992958502
2212,33228,0.03345773749789842
2213,64147,0.044910306955645025
2214,65965,0.013674817378359759
2215,44096,0.018173021930303027
2216,20346,0.031905795937396814
2217,74740,0.03231447051143807
2218,48861,0.01175763064464683
2219,98495,0.0356942064604891
2220,34814,0.024934403550451813
2221,29716,0.034673389500084646
2222,84488,0.02643888011295257
2223,19235,0.015996750499953572
2224,17459,0.03488310424987468
2225,36335,0.017746580801275058
2226,48833,0.016508650967413087
2227,25962,0.03181779522625981
2228,17044,0.02634903679549027
2229,991,0.02290655842300248
2230,83516,0.05986570706661674
2231,50288,0.05664332822855603
2232,93358,0.015515927963983234
2233,90227,0.04491014599713846
2234,54757,0.03130353025013031
2235,3536,0.04323274839018189
2236,24792,0.02035343068102843
2237,3981,0.013244265330070296
2238,17921,0.03783459764782351
2239,43483,0.02309755655781643
2240,57359,0.017321999303267263
2241,544,0.023416507460067706
2242,91091,0.03041182313802164
2243,60972,0.01603181701514115
2244,90879,0.03646050719801138
2245,84515,0.017237530191809854
2246,80173,0.010623192536097458
2247,82345,0.027021871115807575
2248,99997,0.06348800447255257
2249,31378,0.039919809788999346
2250,47869,0.016481995881117394
2251,96216,0.03340496749621073
2252,60201,0.0337704489050564
2253,99616,0.02480563338574405
2254,85214,0.03266673092098654
2255,90673,0.018145292018199165
2256,51518,0.024227688789861077
2257,92049,0.02922788727462427
2258,88984,0.014072269966347474
2259,75855,0.016994353547358322
2260,51062,0.07787521601596001
2261,76111,0.025490576985382277
2262,69935,0.022007965357778245
2263,80100,0.012508148866261856
2264,22042,0.06913517155484003
2265,50724,0.054163886765559964
2266,64645,0.03532526985893824
2267,40349,0.011868991471763624
2268,43454,0.018688880591141606
2269,26007,0.02720335318559051
2270,30774,0.012300354282044757
2271,97006,0.07991716939389615
2272,60472,0.02092955470338235
2273,19057,0.022903314358170463
2274,59231,0.01242506420357257
2275,93660,0.029707006776128007
2276,99084,0.020865969090549174
2277,50751,0.02278277154018652
2278,69773,0.034597911934872584
2279,18004,0.027008586156726026
2280,44738,0.03659519854792198
2281,45614,0.033697849647521455
2282,48334,0.03876723098735547
2283,74337,0.029260275484216242
2284,43473,0.019806239722182314
2285,6818,0.05500304961742655
2286,20248,0.014444829470245724
2287,22600,0.023682085958986347
2288,96434,0.035558768378651295
2289,12723,0.01189491069847454
2290,73651,0.016487164409445126
2291,32103,0.014886554839798838
2292,27738,0.03170896507938068
2293,8331,0.012184549766991655
2294,2845,0.02105446377140257
2295,75335,0.029777879511983952
2296,69482,0.04889683718416816
2297,9603,0.01912522247063308
2298,61392,0.05343451118621482
2299,68272,0.030586485317332605
2300,24964,0.02025248885758109
2301,88398,0.027767663621618904
2302,63040,0.012170184365748703
2303,52782,0.06596395731232241
2304,22326,0.016459941612629307
2305,61669,0.031682132207289465
2306,19204,0.009273527030111636
2307,55507,0.055640827208280834
2308,59605,0.01915351656677309
2309,67365,0.02170099032950878
2310,40218,0.032048604543470804
2311,92734,0.029120215600012468
2312,87915,0.022235933432098308
2313,1836,0.012351741858884343
2314,22324,0.023489173372941898
2315,28382,0.02795913962356925
2316,32593,0.014879437640660229
2317,62559,0.017970995406027517
2318,30547,0.017457167731704915
2319,82631,0.019807034056859532
2320,88535,0.060900675974476425
2321,68999,0.02259992134130082
2322,63869,0.05705201507758757
2323,66470,0.013692891224736783
2324,17411,0.021083729730584935
2325,8338,0.024469675666133672
2326,85443,0.016160484691770463
2327,11912,0.016607558800480128
2328,36074,0.01905630819966577
2329,93645,0.016082235699724775
2330,91721,0.05109573528386746
2331,70516,0.0181849504853807
2332,8330,0.046198196846681534
2333,69620,0.07099826476920221
2334,41639,0.015140379671483604
2335,17681,0.05238132277221685
2336,6962,0.04164438883855125
2337,25868,0.0206097896764399
2338,42961,0.021558885402758028
2339,27484,0.015087747540758055
2340,70377,0.017388534589895383
2341,64737,0.017318698763101582
2342,8097,0.07589939959339456
2343,76348,0.0454801063541557
2344,96950,0.015374945604612448
2345,96295,0.025766597861497195
2346,74807,0.01971536409815951
2347,44080,0.025563044881278484
2348,96899,0.022455984229727922
2349,23162,0.019907581817302157
2350,79180,0.011545620898783904
2351,59268,0.023947523418638875
2352,23834,0.02321651836407008
2353,28538,0.04695406184687119
2354,14409,0.023751075671632486
2355,96096,0.05941662584968581
2356,34624,0.02729256678104772
2357,31326,0.018182083966512542
2358,73233,0.03602443909050441
2359,92686,0.035384269585926484
2360,39549,0.022972839913767345
2361,66950,0.013896091007471186
2362,57635,0.01262623167391953
2363,30671,0.014634864306852739
2364,39025,0.01815930313181888
2365,1369,0.01860471517137364
2366,44747,0.02845479169477167
2367,20297,0.02659244634572716
2368,88232,0.04098902843328831
2369,54434,0.025952459745673416
2370,80806,0.037119257918746956
2371,86009,0.031024545340411793
2372,1889,0.026094645224145945
2373,59036,0.044194610929574274
2374,85855,0.02290137640857786
2375,81118,0.014458739269521726
2376,2334,0.021317337406431193
2377,13656,0.031886772815343994
2378,42554,0.02703065557763956
2379,57874,0.01525267623344275
2380,94453,0.012530614666349922
2381,90209,0.04475220253790639
2382,85929,0.009609455176252382
2383,29053,0.02620402233067376
2384,56357,0.04268286564020228
2385,53156,0.01721834971717752
2386,46012,0.028214029655046984
2387,66051,0.023357543784528548
2388,21483,0.04576175720179096
2389,14540,0.04478783633487092
2390,96249,0.010923139625874177
2391,43873,0.018797069667801484
2392,36891,0.028834831009201038
2393,29914,0.026940243642820008
2394,73938,0.014332192828048675
2395,68496,0.023528581049499134
2396,75995,0.04896014913547799
2397,92942,0.043005523623305265
2398,74502,0.02677835250438706
2399,50036,0.021141656590965088
2400,20074,0.017459708798244104
2401,48224,0.029431536170656677
2402,41307,0.02453948178088923
2403,97214,0.038304244847745805
2404,86613,0.0041258618794323115
2405,84294,0.012919161266108679
2406,5006,0.041069398916735556
2407,66475,0.020498943795794068
2408,38460,0.015679352879595557
2409,99766,0.025599247488675987
2410,60361,0.023033372030918296
2411,43835,0.022587104469405483
2412,50162,0.021062381940772187
2413,24304,0.045236317089363584
2414,54808,0.021516168626784002
2415,70144,0.05302167574262058
2416,98785,0.01536222463537437
2417,64211,0.014624379578112518
2418,12652,0.03075134401662378
2419,17973,0.036000843869545704
2420,89213,0.014572456747400405
2421,30385,0.011571830495506547
2422,69606,0.018022608066232994
2423,16712,0.02611509257880404
2424,6411,0.010138685363160559
2425,69284,0.038683166351028725
2426,85993,0.01096639851295759
2427,92740,0.043032898703631056
2428,23525,0.02761912212189362
2429,60025,0.049773775042522415
2430,82706,0.03323372052941559
2431,63744,0.028920451722923717
2432,7423,0.029785154886681098
2433,10798,0.012323794785238144
2434,32236,0.02448406610790915
2435,89062,0.027131067986290745
2436,39691,0.006058412676355453
2437,62776,0.04507695319287138
2438,20034,0.07563339578159525
2439,22247,0.03195893180059914
2440,20017,0.011561191963875431
2441,65598,0.014464492291653652
2442,91101,0.0397463571254357
2443,56029,0.02351558975332505
2444,84580,0.015911675880210772
2445,84243,0.018922184056565247
2446,79335,0.04145270782592243
2447,97771,0.016056870974648633
2448,28099,0.046998204278803524
2449,84748,0.019378956779536754
2450,82090,0.013566870981685804
2451,60621,0.03374193407962449
2452,1478,0.023750353079769387
2453,90518,0.018677972778953958
2454,76150,0.03274417386973675
2455,14917,0.03352305627425692
2456,86425,0.0387441573386533
2457,19338,0.030581744035303865
2458,56536,0.030241567441384974
2459,95052,0.031122357184248446
2460,1611,0.02779658032212482
2461,68271,0.021203923667056167
2462,97685,0.029727562356781586
2463,65970,0.00959575348362057
2464,54790,0.05223228765507802
2465,97784,0.03629489125262011
2466,53631,0.01574613502809858
2467,20481,0.01707957821800202
2468,13479,0.02008159732771688
2469,32735,0.03253421482926684
2470,36792,0.03663607026849319
2471,31402,0.02363987396088695
2472,73725,0.0960218734341214
2473,37617,0.01767989631469114
2474,86690,0.025312686306108844
2475,87511,0.03765665837736242
2476,66680,0.023383927078038488
2477,48125,0.03561155779962861
2478,16487,0.02386841124525832
2479,66264,0.03823675817622535
2480,27434,0.012002538090113077
2481,47847,0.018927398544559805
2482,22732,0.053294329295310104
2483,33898,0.03893498825943095
2484,72955,0.038326267340389825
2485,1725,0.018366976672156483
2486,35978,0.029642277534349632
2487,51480,0.038739093395966505
2488,35701,0.021070024544391858
2489,41798,0.01390076920925941
2490,10041,0.04054566987541148
2491,55220,0.0617980177862107
2492,31805,0.008652210127663075
2493,19468,0.0347128213737371
2494,93191,0.015192472974688679
2495,37228,0.020395953354495993
2496,77423,0.016439577083137275
2497,1838,0.051652273342837125
2498,80757,0.020578710317072237
2499,84847,0.05852185250088746
2500,58531,0.024532641863971492
2501,10112,0.0385992614201771
2502,11570,0.06297400597471849
2503,93706,0.01738188591043117
2504,5345,0.06430258431448599
2505,56843,0.025187495735990034
2506,1740,0.023314367115152456
2507,16864,0.06212163592156236
2508,6659,0.03548631970789821
2509,70002,0.010192222698375447
2510,22301,0.016986454813956633
2511,63003,0.04950924120532388
2512,65852,0.015127277343057736
2513,58746,0.04332695340859609
2514,64371,0.062079630254064135
2515,39142,0.02549157066988413
2516,24586,0.04034397502479597
2517,83936,0.019151714591261037
2518,79975,0.036929797512189264
2519,46476,0.02882802787829154
2520,2791,0.03198727296724974
2521,95190,0.038655268958740906
2522,23149,0.015544367226537164
2523,1265,0.03347676656023565
2524,36516,0.024651655421630524
2525,91756,0.022735754110130034
2526,70060,0.015674861557889823
2527,55495,0.017355721760032118
2528,30133,0.018036694189033878
2529,88449,0.025769374803741658
2530,83070,0.03946336630269249
2531,66494,0.027239660554609146
2532,72845,0.02428234572618503
2533,92877,0.012809147405652392
2534,52521,0.043818093561016125
2535,35722,0.04960243587348791
2536,25737,0.05309403871531548
2537,12014,0.04084582343987135
2538,90115,0.050301955660889124
2539,2752,0.06750063155865234
2540,98198,0.024669761451652433
2541,60619,0.03263714516043231
2542,9702,0.032743361644179
2543,48996,0.03290019075555236
2544,79129,0.020872989748481157
2545,81460,0.033889739677851256
2546,67103,0.028039636295366988
2547,42390,0.014387436161882573
2548,28460,0.022745752547163732
2549,45906,0.0658802374004016
2550,12358,0.037562513740763755
2551,65968,0.010002082347026138
2552,72977,0.02231662443199646
2553,48144,0.02939669124588985
2554,41047,0.013634708421944673
2555,13912,0.015487501728073994
2556,94832,0.037644802544394396
2557,99938,0.008211978206590101
2558,10323,0.013779658313176823
2559,31738,0.02767097575642658
2560,89734,0.02543252138031526
2561,24244,0.02190116899788067
2562,20120,0.02878621104736103
2563,4877,0.02241466540820135
2564,98311,0.01420296175777606
2565,46849,0.02251567411470726
2566,51347,0.022570884638682804
2567,92783,0.038283945656381546
2568,72979,0.04693553166290825
2569,33348,0.01602917483993614
2570,63217,0.02064277779868799
2571,64105,0.047367812165038305
2572,46090,0.02946750108496827
2573,81586,0.03448955316141579
2574,23305,0.033919690687386664
2575,87917,0.055138587473083485
2576,84805,0.015366886747174093
2577,17442,0.03763984581350348
2578,88410,0.013811745106753308
2579,49240,0.0184080783113279
2580,19289,0.011803259235567118
2581,22674,0.030935437009152182
2582,58051,0.007331239946215373
2583,52905,0.01674874238183717
2584,38512,0.031575368248397934
2585,254,0.029283392498785525
2586,63689,0.03622221118102539
2587,74692,0.028987934751196695
2588,95793,0.01677096287187931
2589,90433,0.009310025244528598
2590,57280,0.025865019883569183
2591,85771,0.04042699095319953
2592,48738,0.02129752350563441
2593,54948,0.02074089297577808
2594,83447,0.025793283508265475
2595,22456,0.011475182957010086
2596,18119,0.012486147279075953
2597,27629,0.03579440047348136
2598,62654,0.055862768330550594
2599,8212,0.008773931605237402
2600,77896,0.02451646393497102
2601,39314,0.0351826791048187
2602,79532,0.02673721728097747
2603,99230,0.06784990022583247
2604,4154,0.021956707039384273
2605,94447,0.03515869212750676
2606,14220,0.01185911883529778
2607,81720,0.03848310770936792
2608,60501,0.02943157563630861
2609,39764,0.02593853637614533
2610,28940,0.051882221892629955
2611,10762,0.07234035999658586
2612,49664,0.028661813148927393
2613,25617,0.030463105014420094
2614,40171,0.0343195775653687
2615,87808,0.01620632849430114
2616,12036,0.011978141529264918
2617,75929,0.007977126275959232
2618,70480,0.01604805141732237
2619,68168,0.023489521750057318
2620,23206,0.02530893133423584
2621,30283,0.023224535569373816
2622,99225,0.016751924483381028
2623,48531,0.018014826067126732
2624,59303,0.03870293173378961
2625,21739,0.018639139439778973
2626,64145,0.018517626153433796
2627,62503,0.028898060631056197
2628,94787,0.01417614316600405
2629,44755,0.02061349238241712
2630,75443,0.015229975679432586
2631,21305,0.03217607269221375
2632,52069,0.029779933377427424
2633,96537,0.03545877865101935
2634,40446,0.01454832060978775
2635,10873,0.00779536126293775
2636,38644,0.05648861820229498
2637,48628,0.039381423894364276
2638,82529,0.023523193049692304
2639,23663,0.020584642622951673
2640,42640,0.024121184001502937
2641,18130,0.006373050605640124
2642,36374,0.022676965149959323
2643,1668,0.049468915578631464
2644,5483,0.023922122770714312
2645,6258,0.022840806190196766
2646,16898,0.026770790457421416
2647,78832,0.014827964378914961
2648,13531,0.026002328634439784
2649,48942,0.019956004818663334
2650,91645,0.02657798409577387
2651,76173,0.024906242416288905
2652,74254,0.01232751898090149
2653,33114,0.010718769325897957
2654,35886,0.02102648954157764
2655,11277,0.03956806968707704
2656,4368,0.014486204826369461
2657,66558,0.03327144797237305
2658,27198,0.021784782867517786
2659,54904,0.07133672062485721
2660,79345,0.023570679195598323
2661,76061,0.017652876263456744
2662,18252,0.04238503229309852
2663,26433,0.014227181560128593
2664,9658,0.01171667719483558
2665,92823,0.017275948393439468
2666,88774,0.024699589408931633
2667,79315,0.008969082463993087
2668,74760,0.01717797810560067
2669,61939,0.037800493523969636
2670,16259,0.03149691989557417
2671,56510,0.013850024599750866
2672,87198,0.029629474051676215
2673,90362,0.017032557263403435
2674,48184,0.020313563101725655
2675,83091,0.031916505781398874
2676,21256,0.03664124252074609
2677,29495,0.03257177726644088
2678,23590,0.03433267718076055
2679,16500,0.01472231089366312
2680,18955,0.01190560776537634
2681,15428,0.018326826041252083
2682,88397,0.011419713638270351
2683,57578,0.01795956970725479
2684,83819,0.045556975141372795
2685,94634,0.008952689022954832
2686,56497,0.012087878272090395
2687,72022,0.02048689963165807
2688,22693,0.02953336612292416
2689,65716,0.02187256082704181
2690,71490,0.01850502676974148
2691,15031,0.04397583934779838
2692,48305,0.038199085255573
2693,62164,0.008763911820950716
2694,42558,0.01985308660479732
2695,75399,0.059483593447688214
2696,68720,0.031437211411522524
2697,80101,0.039001996464713445
2698,40038,0.036221448533111
2699,66267,0.029013407683149472
2700,20168,0.03308594846757884
2701,59443,0.02682311400331857
2702,13409,0.01582191183193573
2703,95242,0.023826308541941753
2704,28497,0.012799609406054463
2705,85432,0.010224534638459157
2706,95620,0.016304910089336856
2707,8460,0.015944842096658713
2708,4898,0.039588136278212095
2709,56758,0.04501357104449166
2710,12888,0.013333542874273133
2711,18456,0.02394765793174716
2712,51007,0.010234545384190219
2713,96900,0.014646128854679129
2714,77063,0.019983979651731813
2715,9486,0.033965991956010404
2716,8412,0.04642078778824974
2717,66586,0.06328560271625133
2718,99312,0.022002800226693753
2719,17569,0.013944714855815622
2720,82473,0.013022776402059363
2721,96949,0.029465781558446227
2722,53387,0.052470958154417324
2723,42164,0.0376334816510946
2724,11490,0.024905371184539532
2725,1828,0.030214724863121267
2726,84091,0.02443807519915936
2727,1771,0.024178769099745544
2728,88974,0.06790034972055511
2729,57474,0.0073860134058273495
2730,29400,0.03919387527087816
2731,67120,0.028279429758391372
2732,2498,0.013843623525061948
2733,68430,0.025199176525863978
2734,42471,0.010820473460512774
2735,38570,0.022606845812558916
2736,16608,0.043553281980533716
2737,64156,0.00742505841909685
2738,17217,0.052426608692352474
2739,85140,0.039148474354306004
2740,27513,0.013683415795957695
2741,77214,0.06951930636160925
2742,1251,0.02334772501114862
2743,48287,0.025798959659912888
2744,747,0.02577408709348012
2745,59291,0.052930966736326746
2746,13845,0.013169106848796271
2747,65576,0.04069948581884454
2748,94305,0.031216368780165395
2749,81633,0.02710424835644627
2750,56267,0.02939056517226588
2751,48774,0.04673823250293141
2752,61251,0.015093184823915898
2753,33406,0.02881935948247944
2754,53571,0.018256208242100905
2755,34828,0.01866577270397886
2756,34455,0.02202707565445254
2757,72467,0.06932783788840689
2758,60141,0.06394803722646683
2759,76878,0.008760129305054041
2760,82256,0.022055114507456036
2761,95021,0.01792189611554941
2762,53517,0.02498359556585044
2763,41294,0.02642993784786396
2764,60598,0.01355195767955818
2765,67628,0.032506555268810675
2766,82839,0.02204698526973544
2767,11029,0.06073831070933887
2768,15643,0.03564392189724127
2769,73920,0.06653199527357873
2770,90648,0.05481811178642548
2771,77083,0.01837604504519919
2772,39837,0.01074804985460098
2773,85634,0.017144632340455556
2774,68904,0.05107392436169694
2775,78946,0.027890089628214137
2776,49728,0.02081436001294404
2777,39301,0.01667584678644612
2778,597,0.031399379035055075
2779,97500,0.026308261873796555
2780,33358,0.042000238903951166
2781,58306,0.03994392631882944
2782,85390,0.03373708012822915
2783,89758,0.02532063467935182
2784,3433,0.03253775841563169
2785,28985,0.05738971685086457
2786,27014,0.021930267832844637
2787,96289,0.018148524792628774
2788,30429,0.012139998471280387
2789,75165,0.021000609896959833
2790,52565,0.028691745166115123
2791,68320,0.01980166576382398
2792,21998,0.014109720826259912
2793,49494,0.030616245172612
2794,27030,0.03536470665559194
2795,94456,0.02895776675947921
2796,68746,0.017540192113598998
2797,69565,0.01352407263640367
2798,8389,0.016935726943824985
2799,94170,0.03544324656025791
2800,12018,0.02549270744438726
2801,64814,0.025829246200338832
2802,44727,0.023466353540418067
2803,41830,0.027299253710705646
2804,80329,0.02032949045321894
2805,55532,0.018733335923818643
2806,50572,0.02522982761242809
2807,86102,0.009649191001523623
2808,15847,0.01858930345109883
2809,67800,0.025827754555732756
2810,58134,0.026747484436858846
2811,12426,0.02553603835385338
2812,26921,0.05358463959628912
2813,27907,0.035237189654807904
2814,75911,0.011370772056809447
2815,85665,0.02413398739759008
2816,74968,0.029044994314369212
2817,57361,0.024282138781064434
2818,32486,0.02398911787868341
2819,11380,0.03283320058920727
2820,42926,0.029385309848330054
2821,52680,0.05303130005328812
2822,58817,0.04639907353514209
2823,30617,0.02541575683609798
2824,18237,0.017700892289569416
2825,73640,0.03258321503101937
2826,28609,0.028651490725889128
2827,72358,0.038432597941402774
2828,61167,0.03559735234119102
2829,56577,0.01868467026844436
2830,28563,0.032760608844589055
2831,40500,0.061463084077126945
2832,82414,0.035295663102796485
2833,93671,0.01304876996189147
2834,21743,0.02579630477787881
2835,60436,0.030510284753335455
2836,15927,0.013403124447020168
2837,45921,0.05911552491969474
2838,70281,0.031206393705291983
2839,68742,0.024119230014336256
2840,28437,0.014973930425862599
2841,79140,0.012684940060877312
2842,78587,0.04742730352942595
2843,55278,0.017736883554580408
2844,34694,0.049016616324136994
2845,86114,0.0069168064422675144
2846,11295,0.010371414849456008
2847,66763,0.036569083711826246
2848,65344,0.04270534550053379
2849,21594,0.014285665192564639
2850,46923,0.016301627164946306
2851,51575,0.017621622160089598
2852,67362,0.01436328741166589
2853,50117,0.018828719332633984
2854,67201,0.013905319631742621
2855,21395,0.03129283238661136
2856,98157,0.05007614650927609
2857,27438,0.06039168155028849
2858,18884,0.03839513291628839
2859,46751,0.018264492329091636
2860,30806,0.017698190692112235
2861,46901,0.021122619526009218
2862,14731,0.013695444228428437
2863,95263,0.03372513836172599
2864,6757,0.06448643141764393
2865,59383,0.05867436464839928
2866,58652,0.015821831329473214
2867,54109,0.02650086600457943
2868,67341,0.020547196433703174
2869,45387,0.04341424735788477
2870,16441,0.030234657156550805
2871,44189,0.013234967201053756
2872,1232,0.05704132013921132
2873,18279,0.019295785789351302
2874,82106,0.028791122699074433
2875,34427,0.011567809890340917
2876,25952,0.02268775644238233
2877,41522,0.018292713242335206
2878,31925,0.006051977167691061
2879,62321,0.022811365923315046
2880,22557,0.07473015419518006
2881,34013,0.014550578383486697
2882,15175,0.039422085089520734
2883,21796,0.01870581453150854
2884,6829,0.01655632108364987
2885,11027,0.03601300080444757
2886,2622,0.045789250997275946
2887,21456,0.01666829167250465
2888,91203,0.02778207384565506
2889,29696,0.039944758508109135
2890,55205,0.017030439564760726
2891,62195,0.03435257727952149
2892,97405,0.007491601455575555
2893,45812,0.01665451977077055
2894,69208,0.0051599275494186355
2895,55266,0.013385186050252636
2896,78061,0.0537750912980966
2897,69230,0.02476034393393211
2898,86006,0.026618129045302863
2899,23421,0.04994561417087678
2900,58392,0.045208156280864574
2901,45773,0.04344234152085305
2902,84258,0.010214829114859197
2903,245,0.04074157859319692
2904,83158,0.017830752813106976
2905,47161,0.01848740262649689
2906,75968,0.027944189353114504
2907,65487,0.018458555835346186
2908,37925,0.02213142699912446
2909,10978,0.09909751770187869
2910,17593,0.016129344234941265
2911,83386,0.0175526995802857
2912,54702,0.02172205900852176
2913,72927,0.017611696037375172
2914,35149,0.022889690894176144
2915,77580,0.03631736530036515
2916,62781,0.014190716121716717
2917,392,0.014681575945303931
2918,30862,0.043455311108076725
2919,86533,0.03716037701181406
2920,18502,0.023279188418463707
2921,4033,0.012276719497239696
2922,29831,0.03250401128223406
2923,8324,0.04331294766656536
2924,56967,0.027063221179359727
2925,525,0.03537218552744989
2926,445,0.016739379110348326
2927,87719,0.021263578121415334
2928,40509,0.06704020064406038
2929,68392,0.01659358093947739
2930,69072,0.012531228988656488
2931,13738,0.02302389244879432
2932,91465,0.027317213213082978
2933,84397,0.024254222776950912
2934,81701,0.04092427718728638
2935,88089,0.02785314968315049
2936,9263,0.025922336846298875
2937,55919,0.04498342882090898
2938,81006,0.01775536260873735
2939,81999,0.03159185393331544
2940,47563,0.019710762184419438
2941,31879,0.06448020575417651
2942,69369,0.016676340489941908
2943,99503,0.015039229673119452
2944,87599,0.036229670609098714
2945,79383,0.019084653683287066
2946,90250,0.10339331449392977
2947,53859,0.0290856357309234
2948,52966,0.02200746206391327
2949,34640,0.024055545918268466
2950,45238,0.012600312450384494
2951,1128,0.04510229175992823
2952,2554,0.017305052490886756
2953,73177,0.04502196544493974
2954,82304,0.013551321371282284
2955,91417,0.035489599474037084
2956,7828,0.010435915049300358
2957,99919,0.014656598395243888
2958,21362,0.030492617047697516
2959,46937,0.050748923141351404
2960,79734,0.02678168177158531
2961,52317,0.02705888549953521
2962,40640,0.024510203782842736
2963,70942,0.03143733339256005
2964,45982,0.021585255413098362
2965,82120,0.03509568828294856
2966,47243,0.03375554249606563
2967,82349,0.027737257363293074
2968,85218,0.013109951388577831
2969,66186,0.016787718681164354
2970,84250,0.051911286568140064
2971,41342,0.02408715362966338
2972,52611,0.03394541726478437
2973,2247,0.014657417444833992
2974,41082,0.019682316467525433
2975,84215,0.022883181851657847
2976,49618,0.04300633854173836
2977,5308,0.025052733576782102
2978,89363,0.018880066829287334
2979,22692,0.03290071948230079
2980,86809,0.039864693059608304
2981,53362,0.014441218946127104
2982,51376,0.025106695252166286
2983,8657,0.02961814029974511
2984,45899,0.023409471889686014
2985,64996,0.01779490738898653
2986,72374,0.0412106972331126
2987,3484,0.06226086833714279
2988,14087,0.026271917841316373
2989,31788,0.022273640784260466
2990,70831,0.02057432154129986
2991,42221,0.026121045036156046
2992,75324,0.047191998815575086
2993,39623,0.022313048318277958
2994,6874,0.014013436558284888
2995,54258,0.052343295325021764
2996,12408,0.03437879850466411
2997,9274,0.07317608202025352
2998,70425,0.03335535479642796
2999,68584,0.040813154055604074
3000,69889,0.055338395864090596
3001,33894,0.029535514035803356
3002,99568,0.019587531651064635
3003,37799,0.026333973066468522
3004,98122,0.010882834705032679
3005,6171,0.022538791134111683
3006,49069,0.010261931056598568
3007,28852,0.013582027522593423
3008,42735,0.008285882174242481
3009,13383,0.04633538892479854
3010,8758,0.022256277770463077
3011,38061,0.044759343050447466
3012,76202,0.046291475027119326
3013,94703,0.0252497466062086
3014,11896,0.022390604633524745
3015,54983,0.06329067853668796
3016,59996,0.01850457048567853
3017,64723,0.01994461662312172
3018,15627,0.023755236858089578
3019,43732,0.01479967945662835
3020,7485,0.052623983902296535
3021,17130,0.03004758298619463
3022,30935,0.012250733651537326
3023,28883,0.028839118023987087
3024,35443,0.03511777710829653
3025,59514,0.0435088484060644
3026,18830,0.03978524248176521
3027,92720,0.00842133095856434
3028,54512,0.01742123671293695
3029,71218,0.03112054335326382
3030,20686,0.020074024510242622
3031,92408,0.01936780454870833
3032,77631,0.06833357565831732
3033,80552,0.031337567916099776
3034,49747,0.03443405423873075
3035,15221,0.044586343561535347
3036,38891,0.04700554861890602
3037,88524,0.024313184585889117
3038,70252,0.04552693612796901
3039,15193,0.01775237466655534
3040,46029,0.021955710317415403
3041,86448,0.011205097235331212
3042,4850,0.03594811820147125
3043,96875,0.02938810025194184
3044,17140,0.02771956607046858
3045,66282,0.022054581959521723
3046,81298,0.01968468897092357
3047,24689,0.03269398116824776
3048,7538,0.03315221154162577
3049,45763,0.04086539457217928
3050,1364,0.03397464381796795
3051,46276,0.033448341551551235
3052,76025,0.016097330556565006
3053,3276,0.03366492975465749
3054,43135,0.07741228625762124
3055,72111,0.020810871417949586
3056,69543,0.015353464311174653
3057,91647,0.03559665314298664
3058,47486,0.02578866434212902
3059,19624,0.017673736437987538
3060,33259,0.007463742821455883
3061,85132,0.034196888218777796
3062,88181,0.012878736475123224
3063,27780,0.02257441009744285
3064,68150,0.016479304239725594
3065,96470,0.02877493631532214
3066,84523,0.01781350080845411
3067,55766,0.024552999286083524
3068,32336,0.02882540312915443
3069,50241,0.012795401961089546
3070,4892,0.011720113624655172
3071,33265,0.022254444046527003
3072,57192,0.017163715512984595
3073,17872,0.017141826015966158
3074,70744,0.04658503029892377
3075,18356,0.041583775034255824
3076,80441,0.027304606669154793
3077,43256,0.04303193892985783
3078,64553,0.01289600690359771
3079,52465,0.00833021333659626
3080,98693,0.028066221868063936
3081,73202,0.030477726633050452
3082,76937,0.017904617591222922
3083,89516,0.01789283593809548
3084,86893,0.060873690505429394
3085,60197,0.08036587170657142
3086,3394,0.048952749121196515
3087,39209,0.018106070439273137
3088,26737,0.0173709955142133
3089,57019,0.015885884030419066
3090,78138,0.02381077396028599
3091,61233,0.013911423272373779
3092,13474,0.02241833398492045
3093,75579,0.015913062706621073
3094,97095,0.02531467010804812
3095,32707,0.015402426737238859
3096,6887,0.0377722362038415
3097,76236,0.012420135340663514
3098,35527,0.019252526198439254
3099,99204,0.008325634111925787
3100,23156,0.023815385150027873
3101,7714,0.056551949532256236
3102,35738,0.03334392726694672
3103,16917,0.016859465398884096
3104,2401,0.01761839076300916
3105,62701,0.04141943632950675
3106,62461,0.052354544975709315
3107,82730,0.03902260590561449
3108,60370,0.028854887274818344
3109,49287,0.015854938258636615
3110,76759,0.04803763180772347
3111,61009,0.07075103967177453
3112,69723,0.05489687301093585
3113,50856,0.00944518754020485
3114,8160,0.02720120587547021
3115,90740,0.014261081528657031
3116,42291,0.026786280111974203
3117,43343,0.021738704640474674
3118,65149,0.021156509914909142
3119,72771,0.02309719135610931
3120,3617,0.013846847606772367
3121,42114,0.04409309959152858
3122,36844,0.03327598273394204
3123,69043,0.027471805046668248
3124,55557,0.03553248358391791
3125,10852,0.021636640569894828
3126,85107,0.015712722911350313
3127,12388,0.07222723251076757
3128,63208,0.03115230374022692
3129,88436,0.010727411211656643
3130,61848,0.0574003837020942
3131,95482,0.012517374930347045
3132,49935,0.013013650783444464
3133,98347,0.05160783058681159
3134,67651,0.03859891528377054
3135,5221,0.031179180917431056
3136,54749,0.016452157871835398
3137,9738,0.022851936771173642
3138,27549,0.025985188141842523
3139,84882,0.01384385512869129
3140,5933,0.03489501099753988
3141,95372,0.04895937648009631
3142,78645,0.0213090165668749
3143,87961,0.021095571743189004
3144,53070,0.02259541138172821
3145,53401,0.020441936498488477
3146,96458,0.04503755133625565
3147,97379,0.028766971182483708
3148,36200,0.05268723299055938
3149,97120,0.06933437524180011
3150,81877,0.027572293382445736
3151,95233,0.05048148675502713
3152,12931,0.023642691131305998
3153,39066,0.014130146050537657
3154,27251,0.023041051807824873
3155,84800,0.04918020153035705
3156,5702,0.016616808916821397
3157,94102,0.055154942939486695
3158,81695,0.013800187229893167
3159,31106,0.01782230149082066
3160,8120,0.03039724560696288
3161,23343,0.01355959427498505
3162,45342,0.010187205955335184
3163,33597,0.0561863311980238
3164,96813,0.02128451269395897
3165,96561,0.016833281825815727
3166,45874,0.0876413069286919
3167,83889,0.031037463603572492
3168,27487,0.04198882283501616
3169,79367,0.014682478517028065
3170,24797,0.03807167215199344
3171,11780,0.02202174474339845
3172,47250,0.04271904776698364
3173,22123,0.02823915810373438
3174,2935,0.01655006332579807
3175,93754,0.017862507898744766
3176,77512,0.034620897657094384
3177,20958,0.009128062482881743
3178,68287,0.021968217119990918
3179,49219,0.07538985534906598
3180,93412,0.01945131421126943
3181,50831,0.02325509422414448
3182,44857,0.017103858916215006
3183,31352,0.0498022772436436
3184,96918,0.06931965915275864
3185,1945,0.052355890182363383
3186,66638,0.03136740446688871
3187,95960,0.054448147240309476
3188,92739,0.017068349208171005
3189,12290,0.03161413024535683
3190,17431,0.05414257796967762
3191,97494,0.01734007646967936
3192,8288,0.02547953671539044
3193,90370,0.037633847447950335
3194,2262,0.013891010953830928
3195,60885,0.0185212528708082
3196,65548,0.048177615775399384
3197,808,0.020560592200270105
3198,6742,0.05645446256071836
3199,82776,0.018783581721804356
3200,54418,0.07599726400891119
3201,81716,0.0063979950832935804
3202,43592,0.02400235484725451
3203,19228,0.074500280968191
3204,87236,0.011661696075716496
3205,61767,0.030940888591030502
3206,41730,0.040214462063219915
3207,2480,0.00723162983372878
3208,60923,0.053275668843534234
3209,80727,0.03571008484304725
3210,90430,0.026357973312212932
3211,31962,0.0121255325973961
3212,53581,0.01620820508816037
3213,63976,0.021807042827353774
3214,74866,0.01698039623574113
3215,11586,0.020606764212401943
3216,98088,0.029206737725440836
3217,90837,0.03874196991546108
3218,40710,0.025910589809166138
3219,64703,0.012092729510010785
3220,93394,0.019292097373176116
3221,48697,0.028205213369561038
3222,60573,0.02609610956522339
3223,55276,0.025886150911623395
3224,29031,0.03332229946700907
3225,25175,0.012825634475796443
3226,56589,0.020708907584091128
3227,3739,0.04574463671407215
3228,5793,0.017209156138893345
3229,54423,0.04088217989059512
3230,54116,0.009413625625476908
3231,48702,0.030921934659786994
3232,82156,0.037752548852515916
3233,73442,0.011915653038904777
3234,25368,0.04800225565729301
3235,7150,0.053589799714500064
3236,6919,0.05489551649658499
3237,21273,0.021162978202118647
3238,4720,0.013654286125314968
3239,97705,0.012356645185188364
3240,47779,0.030298849796165893
3241,21279,0.01872124694322358
3242,67823,0.05754948173750912
3243,30618,0.012598451893486708
3244,64791,0.018392274304000044
3245,76608,0.025661891813935838
3246,61618,0.01420125524039835
3247,75315,0.016421867192643137
3248,15841,0.04113141310037424
3249,45526,0.014076661549878241
3250,21902,0.02145656269949128
3251,74809,0.021726347040019568
3252,5853,0.018366147861236484
3253,98315,0.02708724608237722
3254,36977,0.021097842099062576
3255,31225,0.035393440289202674
3256,61408,0.01312515806051533
3257,943,0.022343078183511236
3258,28380,0.07931049846359658
3259,27793,0.01811097985019746
3260,33755,0.01488192721340215
3261,8842,0.01424233012064691
3262,27615,0.05354178809595179
3263,19702,0.030284656077938742
3264,94282,0.04331171142550033
3265,18120,0.0463719501668483
3266,31634,0.020990468362794296
3267,26788,0.037003331266506366
3268,75725,0.024409705315738918
3269,28511,0.05733403061397359
3270,7573,0.04247537256877535
3271,59498,0.03538419526569954
3272,67855,0.03050068365250978
3273,17481,0.025712857232100907
3274,97096,0.04431235380645471
3275,61572,0.03880856031882373
3276,13458,0.02687724281203161
3277,41271,0.03278803710320639
3278,43087,0.0290515255323198
3279,33826,0.0174926667222055
3280,11216,0.03331870166324021
3281,22876,0.03952638779987156
3282,51243,0.03978953972263794
3283,905,0.017361115682749347
3284,49862,0.01992836085391668
3285,17793,0.01788720784581985
3286,3052,0.014033953355560838
3287,66194,0.014838975213420272
3288,44952,0.013049049110137862
3289,95325,0.06562465464404506
3290,57758,0.041880507428951705
3291,41147,0.015606911643275798
3292,51550,0.027944721882186437
3293,53184,0.022869562939482897
3294,59637,0.03174935610966462
3295,65625,0.05210036941911103
3296,25475,0.02005264783187624
3297,81100,0.026945528122477455
3298,21792,0.01310120954705771
3299,77996,0.010203752275818028
3300,50204,0.035599096382968494
3301,78753,0.03178691704419952
3302,67818,0.04261308869145055
3303,39608,0.016226242686516023
3304,28778,0.06672745467415647
3305,9161,0.0727176474749501
3306,23480,0.03871477907251536
3307,68139,0.014069667220271646
3308,52721,0.012525168866154146
3309,69716,0.018640887441286363
3310,49703,0.012861370720896891
3311,97181,0.03799198969151195
3312,35392,0.04039543385669204
3313,40896,0.018471230675304706
3314,63679,0.03903073131493785
3315,34714,0.04597892402478683
3316,46858,0.014719202686116076
3317,51875,0.04143364288602608
3318,23616,0.03205284522631351
3319,65215,0.028935690393942518
3320,69564,0.05178617565161406
3321,20803,0.03331855208820912
3322,81184,0.01262270358643381
3323,33820,0.015077701166736655
3324,91169,0.030298034987283434
3325,1552,0.02195061941528044
3326,91750,0.011869505142896366
3327,47938,0.027785944773448003
3328,69237,0.029239718856725442
3329,9578,0.03856847534935307
3330,54210,0.03173271020320785
3331,91702,0.026470505512084932
3332,67617,0.019944429380417586
3333,71361,0.026466819927115377
3334,93565,0.039178624418692916
3335,9848,0.014844687697686827
3336,11695,0.030039799645613
3337,50974,0.02043279510573013
3338,16427,0.026019943852000058
3339,49168,0.060550514665812766
3340,47867,0.03173434528007482
3341,58328,0.03762854089640699
3342,102,0.04131087165423537
3343,12331,0.027833917722888773
3344,28105,0.011545332419324615
3345,26969,0.032176657980614656
3346,16465,0.01828087730361393
3347,16657,0.029351505872673173
3348,40140,0.033467209560487515
3349,34610,0.01593914763424335
3350,80621,0.04852543148209371
3351,23081,0.011438301272888364
3352,19067,0.04004521595346841
3353,30226,0.018098047130577704
3354,22451,0.014060660913640635
3355,1195,0.007134280336543535
3356,35600,0.026696895387268875
3357,32015,0.014521998139585941
3358,22,0.014974448873467883
3359,16140,0.03164901484443018
3360,76435,0.03498838327835552
3361,38014,0.02648261586087757
3362,1953,0.033263671849030604
3363,337,0.023690911292806614
3364,93845,0.03752141799462558
3365,58359,0.03135342274437259
3366,22064,0.01663461440065879
3367,86243,0.03882206047812278
3368,19156,0.03358983405409595
3369,40735,0.014385110587914248
3370,78220,0.01273815929197444
3371,79479,0.010618651870865593
3372,59278,0.009547073494460963
3373,95364,0.019841389846633212
3374,17640,0.037993196830679477
3375,70323,0.06135827522211719
3376,22310,0.03936824600014564
3377,21119,0.007842129259181168
3378,32683,0.029970354882062778
3379,87757,0.03246595976776482
3380,68217,0.02508083045164152
3381,55354,0.03712532878019126
3382,82973,0.021067003630090456
3383,98671,0.02169454453899472
3384,22452,0.028570948328531347
3385,25992,0.045591548525836384
3386,97667,0.0676349219297352
3387,75985,0.041467693022307045
3388,72638,0.022579426451500142
3389,16545,0.020813931017561113
3390,85762,0.016531854762723352
3391,72207,0.024341559920101907
3392,47547,0.033054952303660456
3393,68753,0.016637267277069274
3394,46110,0.018432717108501712
3395,11250,0.059749439911385135
3396,32033,0.043635366176683246
3397,30951,0.015545220638390027
3398,60109,0.018800048139607423
3399,572,0.014124534104746692
3400,72612,0.015714289712504288
3401,87340,0.05510095259492091
3402,62067,0.011600086041656283
3403,91411,0.0533689663010223
3404,22328,0.030523507409809136
3405,27676,0.03157053198942818
3406,13711,0.054816048194549175
3407,99951,0.015563982592711037
3408,72194,0.009964556297358441
3409,52654,0.015066052781403348
3410,54450,0.025928009953673874
3411,36375,0.023616246390724734
3412,97440,0.04074834802713676
3413,80277,0.01434711157598743
3414,84088,0.02534137461901648
3415,30112,0.050050061981894815
3416,44416,0.021121425842835093
3417,159,0.059965080835047445
3418,96238,0.0400151817893136
3419,69146,0.013640494645488888
3420,22954,0.013186168048713306
3421,26640,0.016170998474140698
3422,33433,0.022468323309809975
3423,50270,0.021110033262502173
3424,37581,0.01784292382189793
3425,70842,0.019608266796548795
3426,70569,0.061268491950603174
3427,14796,0.02558081377974481
3428,28427,0.017317915815263797
3429,7587,0.03384429509416515
3430,31670,0.030684523632279116
3431,566,0.02177644671489712
3432,14049,0.028824359373620396
3433,53447,0.020325046612351388
3434,14342,0.025267676994344495
3435,85265,0.02995919431214165
3436,81189,0.018452019566631072
3437,14693,0.03474298092756687
3438,44805,0.01388704558405003
3439,51182,0.009654486292069414
3440,82890,0.013323887721729013
3441,29102,0.02235210429058851
3442,20770,0.011197736503062803
3443,34677,0.023678831807037237
3444,49566,0.023304485435372335
3445,66955,0.05688086902431132
3446,4771,0.022077942811358678
3447,97204,0.057929003373994065
3448,23951,0.0656457308179895
3449,73595,0.018668519148019754
3450,48318,0.03283508341312199
3451,26225,0.04570164672356722
3452,95417,0.06028335495083283
3453,95696,0.03747032562599619
3454,83042,0.01588073573768206
3455,97508,0.020426636474322975
3456,50028,0.031339966615757164
3457,92075,0.03872684596496997
3458,2348,0.04999482986762878
3459,36873,0.010609006545929382
3460,71708,0.03730494696539253
3461,58217,0.018772322940856775
3462,50568,0.021036930531405165
3463,47311,0.01511389335669551
3464,38910,0.03346513326298985
3465,21356,0.06249550480339725
3466,46905,0.007874962084252857
3467,10885,0.018563405908925336
3468,13103,0.04244359936118905
3469,24010,0.02977720352876295
3470,23450,0.04233242712253281
3471,10346,0.035627475811157404
3472,66446,0.011009805567106262
3473,45745,0.041080843970910996
3474,48272,0.03665860579954379
3475,16461,0.06997814298250536
3476,68206,0.01902905303389212
3477,55626,0.028713511126807742
3478,4723,0.024099402052283784
3479,78396,0.015815390193172782
3480,16779,0.016995819409175328
3481,11510,0.022351408753823652
3482,25261,0.02607493141503504
3483,63989,0.03609109842300929
3484,54397,0.016072154640493396
3485,47849,0.020856497059775776
3486,61243,0.02980676192809502
3487,30361,0.026109453904668373
3488,98105,0.05415822165938885
3489,12277,0.020839974537753634
3490,97995,0.013856447052307758
3491,54261,0.04355791563265106
3492,50294,0.022778391279029732
3493,81734,0.011363925318626058
3494,10620,0.02632477695709708
3495,48104,0.02650047210483162
3496,24325,0.022259573968440787
3497,14303,0.0374373087717436
3498,70492,0.04489478345256961
3499,4061,0.028879323751529955
3500,39033,0.03405899426778642
3501,70674,0.017714683450813916
3502,17929,0.03686524595059188
3503,90725,0.032459571057561934
3504,13843,0.01959028517995823
3505,50493,0.0668741711369277
3506,48147,0.04077287636183429
3507,35830,0.03658955165442595
3508,8074,0.017109613681177277
3509,88081,0.011627679204458743
3510,26340,0.015679009378308666
3511,93863,0.0293563510661355
3512,23611,0.010842387646742599
3513,20531,0.03690450470706483
3514,14289,0.015968643326836
3515,7356,0.024700077670197863
3516,56669,0.014385496966840527
3517,90184,0.017204893210923604
3518,45847,0.03601700753166266
3519,58815,0.019333208786866375
3520,19869,0.06830890442699959
3521,41434,0.04280151262383558
3522,92124,0.05611086745751796
3523,84491,0.015368302994486164
3524,26018,0.015598408938992735
3525,55934,0.03642906240325427
3526,11639,0.03285913264440364
3527,97261,0.017107318934389354
3528,86209,0.02499333662740561
3529,29286,0.015602145342790752
3530,38052,0.01835121874181705
3531,71325,0.01470882675707723
3532,31253,0.02854734519163123
3533,83832,0.03900704598987256
3534,62049,0.04426661455145569
3535,89407,0.014273557408602722
3536,85786,0.012883755808917395
3537,72297,0.05430749675872013
3538,21343,0.01807918054665743
3539,43189,0.02347874852365219
3540,39684,0.019273507616852464
3541,21277,0.016888363012066636
3542,31094,0.029049096603168255
3543,19903,0.03138400293415752
3544,2042,0.01617967131616726
3545,87919,0.02323403039506056
3546,89804,0.02691343367546581
3547,58492,0.019313773278193478
3548,59939,0.08272080512621657
3549,62029,0.01098089724641753
3550,96650,0.011682478476962169
3551,58858,0.067534736301693
3552,71098,0.022557223561622777
3553,54136,0.035113376844913
3554,17013,0.014768990503392495
3555,97713,0.03182116529937818
3556,30676,0.0647675813949996
3557,25668,0.035543308189757435
3558,37045,0.028215852859798867
3559,74053,0.05632015134934386
3560,39768,0.022562477229822214
3561,25770,0.04885625996652327
3562,21584,0.02892382126031971
3563,5321,0.05979233536231928
3564,27099,0.03730929969134088
3565,39385,0.044694552455433634
3566,16976,0.01913551080985472
3567,5117,0.012378087095475391
3568,73460,0.04823527364553802
3569,91288,0.03442994997386101
3570,98446,0.0782485244301187
3571,33254,0.03878631238316395
3572,9404,0.05582257937140167
3573,78482,0.036920955921928546
3574,122,0.02881046668512474
3575,31212,0.011342171838099222
3576,84377,0.015311502360675163
3577,11485,0.04154887874760507
3578,40200,0.06955574288333503
3579,12852,0.0381717690290667
3580,75438,0.013033709663093888
3581,95708,0.018581227889138838
3582,80651,0.011272719904329404
3583,48418,0.020978484775015613
3584,67048,0.052728945956787995
3585,2044,0.03250351119009241
3586,33172,0.02472503057905061
3587,50589,0.009902609805386117
3588,11582,0.01655665353824097
3589,60692,0.021999440598503766
3590,41811,0.0585284985549943
3591,78303,0.021463426084259246
3592,6952,0.025703499952368182
3593,15652,0.023555650521774066
3594,90374,0.015814862124785417
3595,75917,0.018179573460466808
3596,74797,0.029113724645777078
3597,11292,0.024399095433060382
3598,2516,0.0488237120025083
3599,78867,0.009131300372740537
3600,18169,0.04375783379036646
3601,84955,0.03684859759839679
3602,72074,0.03722423075093983
3603,25401,0.026411751290444697
3604,89188,0.027660481839963356
3605,50703,0.021542809341541548
3606,1423,0.03329390220749129
3607,90123,0.01447770274795368
3608,94668,0.02467030109447462
3609,45253,0.058777228938092396
3610,62499,0.06405714513631292
3611,16395,0.027776333764405595
3612,70787,0.02274408617616639
3613,82268,0.04089839733126572
3614,48945,0.03167049827477208
3615,76577,0.04495678030569326
3616,41913,0.023107093496344662
3617,76810,0.026590851747143568
3618,75854,0.020907666747586106
3619,52634,0.048213352845597406
3620,55377,0.03514176524847664
3621,54600,0.012297791745208174
3622,56283,0.03583416631027441
3623,92632,0.013715324784531012
3624,1647,0.033197734284909367
3625,85686,0.01881263722397013
3626,28017,0.09997590066124795
3627,15261,0.019679628638534417
3628,78582,0.013843749939205278
3629,12349,0.016258399783837627
3630,98794,0.010418273980489381
3631,90690,0.02012693967661937
3632,33214,0.011876925575965085
3633,91931,0.01376227893615364
3634,64954,0.016230841817620002
3635,58534,0.02421771018657763
3636,12238,0.06270998863469616
3637,67675,0.028769845880421276
3638,15329,0.025422120488936613
3639,19269,0.018400879380837627
3640,94844,0.029962498040995558
3641,16550,0.011512540497328468
3642,52706,0.013049071320053621
3643,21937,0.01429523498650554
3644,49700,0.027196545260095645
3645,80007,0.027770716435995484
3646,7408,0.045772840495206156
3647,38179,0.0708627695882868
3648,50219,0.03213449017099657
3649,82718,0.0411550490523596
3650,99950,0.033394516106885846
3651,63114,0.01944421926927315
3652,4599,0.01800949090558528
3653,19742,0.017990430304625635
3654,64102,0.03010113463076172
3655,74892,0.04251932490279303
3656,51483,0.014975809474325813
3657,51880,0.01845687999066359
3658,26449,0.027301454731289303
3659,74974,0.020016349958378067
3660,76210,0.05041616104116605
3661,39507,0.021786461155469405
3662,90484,0.036465773197072227
3663,11589,0.015538046523324564
3664,12043,0.01353825755230631
3665,10875,0.0355929132004915
3666,88387,0.01575052964735687
3667,86822,0.02911537891797212
3668,89757,0.021198618280149246
3669,91806,0.022910371125787504
3670,22142,0.012607604142099771
3671,79574,0.03775850188376238
3672,60589,0.024723421475511577
3673,80335,0.012548260358108188
3674,75702,0.014625641992479933
3675,7729,0.03107276825173649
3676,57693,0.00763568266866068
3677,1919,0.022037899452824174
3678,13182,0.03719171660821867
3679,22635,0.014121647226980514
3680,25533,0.0230267182900477
3681,36691,0.020897311682986714
3682,14643,0.026759026395654167
3683,72923,0.00816058323737811
3684,45055,0.09272087531389434
3685,83099,0.02344807194377519
3686,22306,0.022687559606857442
3687,2952,0.048953091313083515
3688,34417,0.032424674048219776
3689,38665,0.020705463679714046
3690,16229,0.02571441224958553
3691,28528,0.02522731913590828
3692,23493,0.04109006430651985
3693,48175,0.024996061073513733
3694,86384,0.049739565768206845
3695,5792,0.021962897245518413
3696,34296,0.019551041687838284
3697,75919,0.06686481515103737
3698,22351,0.01209585901453286
3699,54425,0.013935362753736956
3700,13588,0.01323075403111455
3701,84227,0.04186951457361196
3702,49560,0.02492666624041232
3703,61166,0.020690830431309825
3704,20651,0.03709554575549727
3705,80202,0.013084288958542283
3706,23316,0.01868337673207201
3707,63450,0.0705853787972035
3708,64482,0.014895204918868865
3709,2814,0.026456581433360125
3710,80763,0.037598599191434066
3711,59327,0.016362691221153358
3712,47197,0.017882366433588485
3713,18182,0.0663792268263895
3714,85411,0.041043450304360754
3715,16716,0.05577486161198027
3716,84933,0.030487776709306098
3717,1572,0.014993474978550346
3718,40989,0.04385952322571341
3719,76572,0.0363350794812672
3720,52117,0.021022968266147184
3721,79257,0.03206224910529579
3722,19828,0.08036148436422606
3723,35523,0.05652434474119965
3724,28723,0.01533777385961552
3725,27084,0.035306868262214505
3726,95910,0.01239835010366999
3727,23867,0.05407845019317612
3728,16335,0.018392965436515817
3729,40192,0.015200956637922907
3730,58756,0.044171259333432834
3731,30394,0.020921663142055114
3732,40587,0.014691076271303949
3733,65913,0.031404989786294094
3734,46882,0.01902624872524022
3735,94561,0.020424353623185485
3736,55085,0.04826435380588092
3737,38519,0.05862013697714541
3738,35551,0.01648916150165684
3739,81264,0.034665539865945574
3740,80991,0.024358238276714485
3741,51031,0.0294469478408385
3742,73803,0.013614064074484329
3743,67432,0.037025036702841116
3744,78273,0.06367971891167115
3745,48943,0.015950065571122274
3746,44989,0.016419169693771826
3747,22601,0.02350609132994553
3748,36809,0.04239337197508783
3749,48043,0.020857086879472485
3750,91688,0.04681252900425428
3751,89950,0.021379341535128448
3752,4883,0.021939775459884604
3753,92608,0.04149763010278498
3754,2308,0.036744447263542195
3755,34722,0.008344647157418726
3756,35267,0.011924293994556653
3757,93512,0.01803301684947361
3758,61758,0.03312333865425896
3759,25902,0.0067099350911296145
3760,16706,0.009543519470847037
3761,75858,0.03144511217422971
3762,98424,0.045319162947476885
3763,19796,0.024014419486658393
3764,71901,0.012888532927543352
3765,97650,0.00996387207699518
3766,85131,0.03603374797121637
3767,14004,0.017949448678678367
3768,42415,0.058626971514953996
3769,75767,0.02643007794398141
3770,94647,0.07593623063969987
3771,35529,0.012901256146505021
3772,16401,0.040636357587019306
3773,70041,0.03626060780748234
3774,37514,0.013207379386131472
3775,53242,0.04039951449598951
3776,44459,0.04533657176660423
3777,71589,0.015321486499470826
3778,3222,0.029749663658517125
3779,28154,0.015591110683906912
3780,64148,0.04080520797560197
3781,53761,0.03940752668551909
3782,18114,0.01079312183629989
3783,13225,0.045838654153198294
3784,45747,0.06621434654446556
3785,16220,0.021502919605281515
3786,56216,0.04451334383946752
3787,25585,0.03872681116908372
3788,45530,0.05786841867859316
3789,95264,0.028710102016602117
3790,20912,0.028316703401656842
3791,21868,0.06625021623812805
3792,16201,0.016489706436515608
3793,46312,0.013242749169736263
3794,58281,0.04451967246114044
3795,70861,0.011087934966809612
3796,13289,0.03430396302021976
3797,16812,0.0212610013526261
3798,1013,0.04340938589093707
3799,53968,0.047062317307696805
3800,99461,0.0102199719763877
3801,37488,0.01666339772839934
3802,33934,0.03597509836498725
3803,47128,0.010259896163028047
3804,58723,0.01218679876826019
3805,79233,0.02348007136777198
3806,2993,0.03563860251574489
3807,16825,0.022477457614155042
3808,48545,0.06233992659863476
3809,47951,0.037882079878753874
3810,40686,0.01601409960355068
3811,53111,0.019566383554497597
3812,66565,0.008176342640619545
3813,44736,0.027998415553554975
3814,32150,0.02440933304996219
3815,48958,0.01846213623849295
3816,24679,0.03493915904955789
3817,78370,0.05454179241806009
3818,5889,0.021943982334125915
3819,9043,0.015285945175321268
3820,44943,0.0317172823665093
3821,13194,0.024254083033063298
3822,94341,0.03038873757443866
3823,98148,0.012545027096825152
3824,75001,0.016003081533391757
3825,69981,0.021020749002280414
3826,41512,0.03102433470824334
3827,10410,0.0189537414262679
3828,51752,0.020580497000422842
3829,42576,0.0344818087720531
3830,70911,0.018261632071771953
3831,46811,0.025013770243889823
3832,63573,0.04097647238413164
3833,83849,0.012198756767459563
3834,6379,0.012239265299478224
3835,12943,0.021754981622128265
3836,96200,0.016491908718512208
3837,7965,0.016999794339751968
3838,18172,0.016697653385501183
3839,96591,0.03823626602633757
3840,68009,0.0417898786538302
3841,9489,0.0086641245744203
3842,25593,0.01773444153208985
3843,66894,0.07190557383468456
3844,74680,0.0309863263966227
3845,82438,0.0506680005640764
3846,11507,0.04738350431932111
3847,92192,0.03699414181329739
3848,7650,0.010187713715654634
3849,58508,0.02449679832276863
3850,86843,0.09793710994021942
3851,72676,0.03742216926439746
3852,64260,0.013622930718935502
3853,40975,0.0410729351445392
3854,96835,0.020506353733688452
3855,44983,0.008639681856835316
3856,59583,0.013390935413882305
3857,6693,0.039531064383586646
3858,57543,0.05965632989176349
3859,75731,0.024661176345437925
3860,84538,0.05103742226259454
3861,24610,0.023374408278366773
3862,43086,0.03289062395326116
3863,90808,0.013887323606024859
3864,95833,0.0057139982144467
3865,91977,0.020195425440635673
3866,55407,0.053957816104847706
3867,70362,0.028587242707426855
3868,43358,0.03383529218120676
3869,65651,0.016239452514194234
3870,1538,0.020510751565861067
3871,39798,0.04309674357577617
3872,76633,0.030430528865878187
3873,24471,0.024805657564374025
3874,41228,0.044437320989484407
3875,17120,0.036984202687640376
3876,28425,0.02118062840875113
3877,47984,0.02595931709404346
3878,36574,0.024866335452800783
3879,68000,0.030766225191383743
3880,17073,0.03918533887086456
3881,87414,0.018110882860913242
3882,67566,0.04585096895013477
3883,98184,0.03666218923709451
3884,53594,0.027377272509784365
3885,77384,0.020692572247793882
3886,41205,0.013384231502803684
3887,35311,0.006985316678716118
3888,56335,0.013497535070019093
3889,79218,0.048598126337701913
3890,7349,0.01262407380484061
3891,3128,0.012548568439872893
3892,10160,0.029899426159751902
3893,54111,0.02063557718846046
3894,59721,0.011065911157394762
3895,51223,0.04307407851580094
3896,14356,0.06333176048127162
3897,36866,0.02638356767798718
3898,79199,0.034133118293438576
3899,70081,0.047715679058704843
3900,39538,0.01898292360331393
3901,62987,0.00909863692609114
3902,37154,0.029808319746991028
3903,31019,0.017901354134726766
3904,90687,0.02901343713122026
3905,47239,0.037517064091235175
3906,47863,0.029309262007921333
3907,83488,0.030747355312666154
3908,43426,0.024745656582353844
3909,60462,0.02058810583754623
3910,35797,0.04125517712128978
3911,95900,0.023684052449809714
3912,7331,0.05068886952357724
3913,67666,0.016840411085514557
3914,57117,0.03471577728426166
3915,9284,0.026733826998915855
3916,17294,0.0461148528559457
3917,84887,0.03912923334210263
3918,86976,0.03964680762958346
3919,23210,0.0161419170514295
3920,71222,0.019555877927467637
3921,36722,0.01697687809659397
3922,60941,0.04361291502707637
3923,68181,0.014071971997110027
3924,94289,0.02095660014014192
3925,3386,0.011294382186483314
3926,10694,0.028875263448169798
3927,36443,0.02356727014850527
3928,32026,0.010918603317116334
3929,50360,0.008111253232165794
3930,744,0.017305920529802666
3931,51568,0.016364440463397942
3932,80487,0.0435307295177064
3933,13627,0.05764625693655715
3934,75964,0.025370398615639146
3935,23168,0.020593683894229428
3936,37328,0.023328177016775944
3937,26099,0.0251067820247239
3938,11281,0.031646171046426835
3939,50518,0.0479392362127834
3940,60267,0.02357004814930279
3941,34509,0.014167989257807115
3942,85409,0.024444913650475898
3943,52223,0.017585841125083143
3944,86263,0.02085164074093459
3945,62894,0.008744381222384395
3946,98330,0.03201597093444532
3947,76086,0.02545951826637893
3948,78244,0.050937794692502224
3949,9119,0.023204232793632373
3950,60077,0.014865577305922636
3951,83145,0.02710632090301502
3952,89929,0.030604630622324536
3953,1285,0.05420298785919593
3954,51126,0.05781916020575647
3955,4219,0.01941591779631541
3956,55465,0.03123075847832623
3957,95371,0.047880473460937885
3958,23612,0.05250502767865191
3959,38672,0.028445302833411484
3960,92904,0.03789589299342615
3961,43582,0.029473973587302367
3962,10794,0.020416300630951015
3963,82567,0.03269923911028632
3964,29045,0.026941348644117468
3965,64667,0.01374261696347431
3966,28078,0.034388503421150816
3967,4960,0.022230345541294404
3968,13905,0.031820409585016474
3969,99639,0.06804623187641767
3970,29783,0.016618686373956887
3971,551,0.008705143622164735
3972,44758,0.01990374497304574
3973,72609,0.016958403146012883
3974,18210,0.02000982958678625
3975,61363,0.05488659507181807
3976,21276,0.028660740374254805
3977,31745,0.025942166504170746
3978,42632,0.03971475284012177
3979,37815,0.04141405565013257
3980,10687,0.044687817359173695
3981,1000,0.04547117322815704
3982,52814,0.011546090649487082
3983,74783,0.024681774304368066
3984,82488,0.028297681986801524
3985,38476,0.03282983565872348
3986,97208,0.011521489921527942
3987,69067,0.01204895153059464
3988,49347,0.02213869154777343
3989,71526,0.03812441975980841
3990,31298,0.021277153894415715
3991,43522,0.033575824280278846
3992,39611,0.02450693729001714
3993,38262,0.015038327466152867
3994,145,0.06536173115059124
3995,86189,0.025738859896368437
3996,75533,0.01575025489450127
3997,56354,0.0171045401249786
3998,91996,0.016410219319889428
3999,73467,0.03362131713547191
4000,26878,0.01296364565770414
4001,89464,0.022356180758220365
4002,71517,0.03552458600960852
4003,87184,0.017238655123529012
4004,21683,0.013673162940372147
4005,80439,0.01796602681189771
4006,18012,0.015332982777911393
4007,51819,0.05349210861538554
4008,98063,0.018922400515463567
4009,99719,0.01894415650887583
4010,10711,0.027359760418501834
4011,46189,0.01713269378371465
4012,735,0.05472625033825488
4013,56209,0.03755428026695208
4014,70374,0.057191591204708125
4015,49713,0.03477487599120649
4016,26547,0.017686152954530077
4017,33498,0.014348706083053808
4018,53510,0.02330584850610122
4019,75694,0.014216620572938467
4020,7805,0.014942976001521936
4021,11351,0.023382791455748658
4022,47773,0.014318459187903431
4023,85048,0.07340205483493928
4024,23072,0.05259084760635454
4025,17530,0.01453433500656701
4026,49189,0.01359881836206209
4027,75981,0.05624993581343533
4028,10386,0.01687905905461274
4029,73286,0.033503560266226744
4030,68743,0.0398041327289058
4031,48854,0.0376222517653004
4032,62620,0.05019609303138252
4033,18040,0.01383815268404414
4034,91023,0.04783027501949402
4035,31593,0.007676192769705728
4036,44527,0.011642762273594582
4037,64750,0.02228685727118184
4038,95785,0.05225354584317471
4039,60026,0.04331069134010761
4040,71153,0.026071683404994887
4041,33991,0.015350384113273897
4042,71110,0.038046888820540754
4043,3344,0.02689966031357269
4044,38340,0.02311211424008434
4045,95724,0.019208618956530945
4046,82637,0.01205053752410662
4047,36557,0.018724424993205466
4048,63924,0.053806574181084636
4049,67539,0.04278059868909081
4050,82155,0.021013445897069636
4051,33982,0.01793063838995667
4052,33985,0.03316188469425588
4053,37504,0.011519513101828
4054,10832,0.01577601532071332
4055,15199,0.020569820461265313
4056,63119,0.04172787388550267
4057,96920,0.0525612345141117
4058,79538,0.03358697887308162
4059,65515,0.040248484166928125
4060,92063,0.014521272588732823
4061,95812,0.015015749088858592
4062,20116,0.013337387752104322
4063,57185,0.024895211311960017
4064,56664,0.0346236388874441
4065,96772,0.033283595847989594
4066,25360,0.01937041794561232
4067,43881,0.02576671711890811
4068,81233,0.02128630641595442
4069,78187,0.025731029859751186
4070,59247,0.013932929071556245
4071,50147,0.025825471735478833
4072,68606,0.00736782544184747
4073,21245,0.028308268429378995
4074,30054,0.011029178447922028
4075,9411,0.07302457078426036
4076,97653,0.04179471281937118
4077,35693,0.0171540920154803
4078,16662,0.013291605662826118
4079,9982,0.038138069196701575
4080,63047,0.048149117630534186
4081,81694,0.020235617228877942
4082,15924,0.05438302501071424
4083,57933,0.012717390168159487
4084,70050,0.01941215756911676
4085,49266,0.037743906283238815
4086,92722,0.0432272314617089
4087,91475,0.023274792284561873
4088,3288,0.032822667112048634
4089,61651,0.027377807535415823
4090,68025,0.026634399256874827
4091,46281,0.05360106728833835
4092,10752,0.05908646923713886
4093,8217,0.015813683204675244
4094,65345,0.020424555108441694
4095,92711,0.04308984527160265
4096,26798,0.028228555181159975
4097,86299,0.03342809045239469
4098,81527,0.017806809812717418
4099,51896,0.018245922601710415
4100,59768,0.011639433048388348
4101,9006,0.015142448745794249
4102,67796,0.06803935979761036
4103,6206,0.026665455984305222
4104,85523,0.03895706041205076
4105,88419,0.012734505150221911
4106,30176,0.02234961735086947
4107,97495,0.02599366405541228
4108,11064,0.015143238677687906
4109,21372,0.023992318409421894
4110,32118,0.027361887034825966
4111,76899,0.031207977288497484
4112,68471,0.027489387448309578
4113,83458,0.027460879325320854
4114,38050,0.019495737029164475
4115,42250,0.02185376636145039
4116,93490,0.049473806787178956
4117,82534,0.014521199902039744
4118,1738,0.03173514274906815
4119,14707,0.04588658794953003
4120,35393,0.030393478865088315
4121,28569,0.030695793823837532
4122,87842,0.008682579293010834
4123,60798,0.022204445028240923
4124,88451,0.020253323734880622
4125,60723,0.012367805778327455
4126,63250,0.022029904512921243
4127,56470,0.017127490990876012
4128,56013,0.05485375706083781
4129,80797,0.015547978560500667
4130,19802,0.04018147887295669
4131,71423,0.03262367568900605
4132,75757,0.030036202204598333
4133,82798,0.012522556306028531
4134,31570,0.0232877608177829
4135,54510,0.009584675760050102
4136,44561,0.02317978263672852
4137,14619,0.027020069584111166
4138,90229,0.019046115539198317
4139,51887,0.020714328324787222
4140,55419,0.02098047219946709
4141,93584,0.045569596319367224
4142,39553,0.03429089070273253
4143,53500,0.042663674154570855
4144,55741,0.018963583639111527
4145,20649,0.02471653672632151
4146,4806,0.025352675527639035
4147,29417,0.03247850986920718
4148,63287,0.04972340894379204
4149,35141,0.04060549433668239
4150,81597,0.020179157396182194
4151,89173,0.032061596711354536
4152,44634,0.008328031447727759
4153,5602,0.050989007441615074
4154,52308,0.017086457974439466
4155,1875,0.011965276689014715
4156,88127,0.01957751172998635
4157,93034,0.042966923359295514
4158,56417,0.04839336754747008
4159,47059,0.014976730297000786
4160,38849,0.033773645257905965
4161,7527,0.045665586856216904
4162,59398,0.024605100222829475
4163,30622,0.01928544575510318
4164,42991,0.011018988892757467
4165,67480,0.033374654405530516
4166,90452,0.028915310360298558
4167,69849,0.02994902935662805
4168,51863,0.00834492437365775
4169,3977,0.022517764249920413
4170,57091,0.018678889655597636
4171,69828,0.03186971096925177
4172,43409,0.054039255157863154
4173,54468,0.013518773649643717
4174,80774,0.01755508459006106
4175,19581,0.014792905875300195
4176,4218,0.014023030022468129
4177,82707,0.011799620677497099
4178,3377,0.02454065602296248
4179,60125,0.024921415354426858
4180,33409,0.04416648791949596
4181,88319,0.023596898223751463
4182,98238,0.02207932306418138
4183,4572,0.027268005155677247
4184,27954,0.0102039646475592
4185,81506,0.03777410209411669
4186,55302,0.0412071199749617
4187,46955,0.01724189897975146
4188,10218,0.019178266523252697
4189,55217,0.02518438659025429
4190,36617,0.021310496844765776
4191,96184,0.029365938727545286
4192,89952,0.03357413411525633
4193,86109,0.048190231324942476
4194,68998,0.045527975969358085
4195,95229,0.012582377340479222
4196,43117,0.027590429439905646
4197,96345,0.021947382834649275
4198,39921,0.019333055451145973
4199,65537,0.024164998085745445
4200,97115,0.011849030510629667
4201,64305,0.0499948606988766
4202,63249,0.03572756620171611
4203,21639,0.08808917885433373
4204,85402,0.05033145907112134
4205,80059,0.016245044932253504
4206,90157,0.020825181436373387
4207,87465,0.022446181084260344
4208,72491,0.012894081599353267
4209,97739,0.016958163859131185
4210,45638,0.02156676771405073
4211,48324,0.023689338874147533
4212,49626,0.03754070600239736
4213,59015,0.026517022371638152
4214,60802,0.021459287638534375
4215,97536,0.014574373720884149
4216,258,0.01634845660636001
4217,5238,0.02227967486446891
4218,13019,0.031726696071742985
4219,47696,0.033471186748777
4220,44603,0.015544863942972633
4221,98269,0.024762070416687057
4222,37730,0.012863732454394072
4223,44601,0.0277882544615423
4224,47398,0.0281796301111931
4225,62173,0.02248848343722916
4226,3944,0.021346896020567396
4227,30647,0.01594633981720429
4228,48095,0.013776751650691008
4229,60588,0.015604640258535668
4230,48247,0.03668695893908393
4231,54066,0.02797547338827472
4232,64986,0.012139121109778935
4233,96519,0.018627740036695387
4234,5636,0.021721582085819445
4235,40943,0.02724485617909603
4236,49870,0.010842141161078782
4237,3578,0.021951270645744037
4238,62122,0.012945658462714763
4239,30903,0.02220885588815653
4240,14,0.04756998807189593
4241,4553,0.049921633482593104
4242,31909,0.020014501937261765
4243,65400,0.029408684603562905
4244,81865,0.030316817336864595
4245,94188,0.018908945982429377
4246,3841,0.021302237214108927
4247,88964,0.013193098286416571
4248,7126,0.05114063110835283
4249,94921,0.019808554849637484
4250,41288,0.015839587098804474
4251,97070,0.011881560334434962
4252,50960,0.021193002869885028
4253,54800,0.02329753346766051
4254,12586,0.02371266723853083
4255,63483,0.0831899840310911
4256,28674,0.01912863530854176
4257,40757,0.012787465711149169
4258,44620,0.028669225380519456
4259,80917,0.03493561358931257
4260,44331,0.03081240381983847
4261,9198,0.01446542216007367
4262,41442,0.04780178648993867
4263,40514,0.02923483253155889
4264,29971,0.016164175046625706
4265,92248,0.015449704694808466
4266,89920,0.045867376693642756
4267,90888,0.01553980608124815
4268,57461,0.05641403534747447
4269,94784,0.054572052576699545
4270,44629,0.02864237792468907
4271,46545,0.0449668195766558
4272,95755,0.01710479560889097
4273,33759,0.010398963047985462
4274,92157,0.014548642877764471
4275,74276,0.020729924723867452
4276,76476,0.009017892763159598
4277,12303,0.023739235588914945
4278,54191,0.02440301157631647
4279,94630,0.02679859517148299
4280,20783,0.03338624574246704
4281,95641,0.04374956204898128
4282,87197,0.03547468179806285
4283,11156,0.022767033553608342
4284,17813,0.02505175175668336
4285,68494,0.06009731863186034
4286,53472,0.023875365483812604
4287,30548,0.012793930624604665
4288,4736,0.03619614572834982
4289,46879,0.03644509560491231
4290,88860,0.05138344024633805
4291,89629,0.030675296771599983
4292,25371,0.013297378819000616
4293,88099,0.01252873047224558
4294,34375,0.029902163705116037
4295,66444,0.011317508365210067
4296,10678,0.01374761810484842
4297,85173,0.022091967290456014
4298,20244,0.03375753715434257
4299,20917,0.02976689155802261
4300,59890,0.03606433162339129
4301,26240,0.015195208347548785
4302,43714,0.038274624857598395
4303,77962,0.01619379659405814
4304,72897,0.014266464276156347
4305,71295,0.03339888717656314
4306,89485,0.02545418811282937
4307,21658,0.022680627770115647
4308,2661,0.03839714398699014
4309,9184,0.03156750249904136
4310,41180,0.03105019303882804
4311,16494,0.023433555723799057
4312,95050,0.04194287184505166
4313,66454,0.024558451536137837
4314,72751,0.025305274039703098
4315,60499,0.05029133776806482
4316,12483,0.02898999850873358
4317,33418,0.029760977271098558
4318,30534,0.023153276252414423
4319,83265,0.02041479857101501
4320,21214,0.025112733530844325
4321,42935,0.016795085435431685
4322,92920,0.04618714809277684
4323,74983,0.006463574023092242
4324,56870,0.04487373660248918
4325,52617,0.037687502080423055
4326,80838,0.01765118155150897
4327,63881,0.0660401744622359
4328,47652,0.03212764714871008
4329,96436,0.01350408966494468
4330,47666,0.02098242028350713
4331,78476,0.046107520775699955
4332,19705,0.05038613737469393
4333,42098,0.050020667273966694
4334,32137,0.02017373421845195
4335,40267,0.03441843290224665
4336,17885,0.01682566963981216
4337,15384,0.04336590684968156
4338,9381,0.017244354823314025
4339,22449,0.06319278004142807
4340,38044,0.03833985758433423
4341,59747,0.04707325196541257
4342,13546,0.05770909430076653
4343,4923,0.017845648216830885
4344,30010,0.015948725199633074
4345,64075,0.017907559282486697
4346,35470,0.007808949488652731
4347,57622,0.019091165274632005
4348,20061,0.017059443210873295
4349,98766,0.026389061555986193
4350,28526,0.014563388745862087
4351,19368,0.04564482748126125
4352,12174,0.06830487981586092
4353,42231,0.018805500478225847
4354,46648,0.00910526432494085
4355,49144,0.0108399443065227
4356,85040,0.006466674866938956
4357,96106,0.028673199510773895
4358,98019,0.02311423043730912
4359,98496,0.02581848593434522
4360,1860,0.021357341176187563
4361,55850,0.013641683234468346
4362,74721,0.06466890387211235
4363,9405,0.038693180631857456
4364,16511,0.02581087265269981
4365,43851,0.02675932315251603
4366,21839,0.019954862372559848
4367,19564,0.01097818386614962
4368,89397,0.03786985664039185
4369,95289,0.026521864002513038
4370,4446,0.033435371207139165
4371,75362,0.032383443406888944
4372,30346,0.06664044611073185
4373,97334,0.034745552948989164
4374,93630,0.012445412121775811
4375,71213,0.016094831803797012
4376,55042,0.02686113718436633
4377,95685,0.028501945329896413
4378,4888,0.04263272163098938
4379,25178,0.009870996055157965
4380,92547,0.07981173184571502
4381,3455,0.019362239225433578
4382,60488,0.0211628609156765
4383,5478,0.012186411682404981
4384,83002,0.05222146421220742
4385,24559,0.03037250477826389
4386,77754,0.041833910253474105
4387,23427,0.015988480537397338
4388,49521,0.0228940327702274
4389,96475,0.04202063677636644
4390,94625,0.06748437004412895
4391,39492,0.044483475359763006
4392,40322,0.02213224989009114
4393,13067,0.016103354932379348
4394,64523,0.013115363708619595
4395,82871,0.017988465135086045
4396,8017,0.03235939564800684
4397,20563,0.0443204121212302
4398,80167,0.040543631480258226
4399,55501,0.006144547773255479
4400,20570,0.02624699731164143
4401,7446,0.029885595418078288
4402,53790,0.04754970684573389
4403,75627,0.016343986254255958
4404,88399,0.01914523668236363
4405,43181,0.03947196665811032
4406,66135,0.05451540258083933
4407,69954,0.010683075509823586
4408,3698,0.014659390930166216
4409,18208,0.02159614079393747
4410,2328,0.05521162548586692
4411,30879,0.014191630720208463
4412,2069,0.0570622198728324
4413,56132,0.01497350091175306
4414,80485,0.07236342269566345
4415,89827,0.028918806881080665
4416,67655,0.034524838915786095
4417,26328,0.031102877225846922
4418,84769,0.05055842452260208
4419,79953,0.039175145084726457
4420,15433,0.05377071433206691
4421,73943,0.032849928496791525
4422,26869,0.020411274196757003
4423,26792,0.032566072445302505
4424,23623,0.026930348835942804
4425,89388,0.023641706516198763
4426,8099,0.05689834231046234
4427,22049,0.043336822072124186
4428,760,0.03227770700301261
4429,47716,0.03417430002517415
4430,92810,0.014403820040834278
4431,86238,0.016539590496542057
4432,7093,0.011790898857346816
4433,16909,0.01562635550313156
4434,38546,0.020876145713215666
4435,30392,0.02126211017838344
4436,29109,0.018690993011743186
4437,17106,0.015235209828884376
4438,77378,0.01597754601857829
4439,29936,0.05609070273814314
4440,12839,0.024951349204284563
4441,30853,0.01427538759904173
4442,29508,0.023735362069414925
4443,11360,0.01912741786836003
4444,86702,0.018018456044127103
4445,39221,0.025184471638285667
4446,56720,0.04154265598623256
4447,16012,0.022726420085345794
4448,38420,0.015433416916462621
4449,65477,0.036917814892347633
4450,50736,0.030814813969045812
4451,90681,0.009691375018524632
4452,19400,0.02528556788123995
4453,6797,0.03943685757819478
4454,72151,0.013877516324717596
4455,96840,0.021883667463533586
4456,62586,0.10508153678445839
4457,47974,0.03229542762338157
4458,72951,0.013288890012620732
4459,90865,0.017938478461845722
4460,30804,0.011660247886780304
4461,99732,0.012708552143778699
4462,59305,0.021630272176120287
4463,7120,0.020749523435828185
4464,77101,0.0379456124817007
4465,80788,0.02715000597775797
4466,18620,0.01677359127986879
4467,87825,0.030494730760887937
4468,45877,0.0471977714428053
4469,88186,0.014212478205219682
4470,5063,0.05019229362387087
4471,40364,0.02584426443112267
4472,68006,0.06876639017251851
4473,90586,0.01637403238546877
4474,99106,0.029836864492481373
4475,71906,0.015214887549204689
4476,52082,0.057357182998196324
4477,13936,0.014423658222372227
4478,60240,0.021167030695131192
4479,10882,0.010373849824558745
4480,53730,0.030078129946446805
4481,48269,0.020026137173125076
4482,86043,0.005413976166933866
4483,66238,0.030532609138017256
4484,78798,0.020273727576126777
4485,41444,0.046798645480120415
4486,36111,0.030768983409567338
4487,16207,0.012059293620227084
4488,22286,0.02365323830745124
4489,21304,0.013753926824097736
4490,16689,0.05271106132184366
4491,86761,0.04869121869960123
4492,96793,0.025061099375533212
4493,20759,0.030871074755431393
4494,92054,0.01234957301392316
4495,99284,0.01768494152497946
4496,2619,0.008821903612146062
4497,69155,0.022090824534751655
4498,63854,0.01152681964494831
4499,25377,0.022712155396630802
4500,17271,0.03679104677719577
4501,10623,0.05454219328106097
4502,28747,0.023003161664376374
4503,31475,0.02803337266666977
4504,70044,0.02990523124038844
4505,33837,0.02890023331147802
4506,50666,0.07097273900868052
4507,17531,0.02845645251245889
4508,46809,0.014069759210024395
4509,77448,0.05131201759122684
4510,25700,0.013660667497484508
4511,14232,0.015945833601214043
4512,22991,0.02740847913899858
4513,74681,0.017047646975216137
4514,24854,0.023134112779537586
4515,35617,0.031774526092757154
4516,80700,0.053399625938484976
4517,54235,0.01697190515516786
4518,83871,0.024680192775655613
4519,41447,0.015469581730003854
4520,64965,0.0160335011789621
4521,22135,0.02884271905921467
4522,43735,0.022717635835423033
4523,26272,0.017795700708754622
4524,9136,0.020490393207604398
4525,4331,0.025013153812204026
4526,87697,0.017332437604248237
4527,44314,0.01694472527308852
4528,18546,0.06507295317430918
4529,61053,0.03219711753911551
4530,91793,0.014186168358615948
4531,8379,0.040495548940043126
4532,98958,0.011729694000832474
4533,52908,0.016916263219367077
4534,66445,0.04438476596973204
4535,81562,0.011780554400231498
4536,72547,0.035756704883922436
4537,23359,0.019039907384140346
4538,67787,0.01217469510341503
4539,97356,0.024545917073074026
4540,72929,0.018552906762786023
4541,25850,0.04513014324056805
4542,40255,0.045794945676947356
4543,27688,0.018259883248994913
4544,31461,0.007140323449497218
4545,31097,0.023485401025538623
4546,81139,0.028129174505686926
4547,46925,0.032209414673742026
4548,7438,0.02255064550686293
4549,52290,0.018142127319027583
4550,56566,0.03437556839434898
4551,2384,0.0354418424818453
4552,34244,0.025793192805838062
4553,10701,0.029698273986697457
4554,81832,0.010988811809473257
4555,85187,0.010008130483934338
4556,59168,0.037039547596158906
4557,10950,0.01967118460215941
4558,5395,0.03894793917545415
4559,62950,0.011244075881312108
4560,25628,0.020225884559637777
4561,15993,0.039681389872571006
4562,13836,0.008813356821020236
4563,13796,0.018498752532578065
4564,65566,0.03795186316053632
4565,29553,0.017790294312514502
4566,99915,0.04818524209160172
4567,76307,0.016872874967809925
4568,91862,0.05053895837399899
4569,91995,0.022149717102412245
4570,64628,0.02957765273716974
4571,70599,0.01171647905394589
4572,67894,0.02878468297309917
4573,12250,0.029528683502043202
4574,20318,0.035898253205697776
4575,50789,0.014804524899534445
4576,74758,0.019468269238848993
4577,7807,0.012766635456162669
4578,97512,0.009071312696187897
4579,68120,0.026591401765769143
4580,81456,0.018488262680421003
4581,33049,0.05134625424719175
4582,87052,0.016808864416113206
4583,69893,0.007009387037119008
4584,89098,0.053615709399983086
4585,35729,0.01022013175920949
4586,55595,0.026853044994922977
4587,56374,0.011999393770885517
4588,86415,0.023248533958313437
4589,51922,0.014892976069311495
4590,78923,0.022950947912195194
4591,42984,0.026020225518381856
4592,31177,0.02265683437284234
4593,3695,0.013845272518429437
4594,64768,0.025159097506659338
4595,90899,0.012680062100946342
4596,91487,0.013846973607829176
4597,42628,0.01909013533519226
4598,18868,0.039865859586307575
4599,96937,0.032384938773916946
4600,21019,0.01336226726937469
4601,41313,0.04999055744135823
4602,37895,0.04012413607282427
4603,67685,0.03241257209120877
4604,21137,0.031095921644136576
4605,26688,0.03238273503119783
4606,56093,0.01316572251898972
4607,5505,0.014265917797104259
4608,80989,0.011007333203038339
4609,33843,0.026565838923844374
4610,95678,0.03869165970903736
4611,58068,0.053159432578048976
4612,88890,0.029590776745778955
4613,30981,0.01770843996547792
4614,85914,0.03455128245752019
4615,66504,0.022393685750965786
4616,28610,0.018168189859541002
4617,75924,0.035259190170618106
4618,32365,0.018705055851350343
4619,78372,0.04079447414130944
4620,18909,0.01880022511932056
4621,63810,0.01634078413536516
4622,42529,0.014775607875803844
4623,98287,0.009184365095047338
4624,60835,0.045343925295833386
4625,4336,0.0394327866710689
4626,76620,0.025817448954031236
4627,80403,0.033332336534885876
4628,4298,0.01735644869510653
4629,81777,0.016747889023173482
4630,4448,0.020974060629300267
4631,34129,0.011310104266936016
4632,39474,0.0208868913830727
4633,47997,0.017213308734539252
4634,15647,0.044961496863336566
4635,24029,0.013466426037061791
4636,34953,0.03192122254390903
4637,16345,0.017156350506628643
4638,47195,0.056543965967862576
4639,42123,0.04073385439490136
4640,16834,0.022925326570550502
4641,12564,0.02004753241870966
4642,81574,0.011026569486965093
4643,35906,0.017081271452893267
4644,10339,0.009951465057206153
4645,28486,0.02294376869034659
4646,73030,0.019461800457137683
4647,70112,0.02491484815374689
4648,87951,0.011500278810326888
4649,25034,0.022227895785701925
4650,17663,0.04048979413187778
4651,69571,0.014159140421145246
4652,26320,0.01603857732930245
4653,45788,0.008436224610341318
4654,48493,0.041987928266947014
4655,28512,0.019550348901529145
4656,3224,0.02059311904568328
4657,73190,0.017896707806126844
4658,48736,0.010942058685480852
4659,94279,0.035695378510706845
4660,45142,0.03619176686445695
4661,11909,0.012767307247794242
4662,55259,0.01850495284280334
4663,58705,0.05609303226181339
4664,7578,0.03741038418544483
4665,4879,0.01514885741909076
4666,74184,0.02735677251435119
4667,49909,0.012778487455781784
4668,47048,0.01893882737184735
4669,11604,0.01917512397402922
4670,17200,0.020132008368086242
4671,74886,0.028557691689455437
4672,28198,0.011813424771320923
4673,4509,0.04571381491007218
4674,24663,0.02367868034025788
4675,73632,0.044877341066066764
4676,88364,0.016037144399045012
4677,67999,0.009532899531064329
4678,94114,0.014891178867739115
4679,46216,0.017715740183058208
4680,95601,0.021024593014901245
4681,15489,0.017531202118851667
4682,30605,0.02719553883945406
4683,77278,0.04649332289814974
4684,5665,0.021946598255044178
4685,56124,0.038115585395549496
4686,26153,0.03263101610693754
4687,18485,0.013186524832282383
4688,96027,0.03682698507474385
4689,67735,0.01922466438814064
4690,64673,0.02880915444055053
4691,84553,0.009269827663265073
4692,5286,0.013382695288299981
4693,30920,0.04775961670593806
4694,52058,0.013906770287232906
4695,602,0.05297135263872569
4696,48446,0.018470918775254502
4697,36934,0.049142517018285675
4698,74554,0.013072985051531696
4699,12300,0.023546096041939017
4700,82037,0.012535622427118417
4701,57735,0.0426343268928863
4702,22895,0.04089044393816645
4703,6165,0.04326882189537369
4704,24988,0.019252397968463557
4705,85598,0.04812142451268409
4706,31283,0.0168825126855293
4707,55960,0.04257189746228415
4708,72235,0.01948693418275245
4709,56154,0.027096337701515687
4710,60200,0.06049100954998278
4711,6843,0.05092006591128294
4712,66766,0.01379382210716651
4713,22670,0.022530715329908874
4714,2678,0.024502987190301133
4715,89139,0.043487962570989615
4716,38733,0.012761505221594308
4717,85142,0.0030733317729936403
4718,46894,0.021539295615759492
4719,45756,0.031302008728383554
4720,81813,0.011872930297496236
4721,15274,0.04317084106301239
4722,16075,0.04474032872222207
4723,16552,0.021879222709720512
4724,72449,0.03429656368659387
4725,37546,0.012515493692264078
4726,62094,0.05015049345282545
4727,73994,0.02789479810071499
4728,8443,0.05891821489483633
4729,47172,0.050468872823658674
4730,67387,0.021054370479759964
4731,73908,0.019922706825068894
4732,8637,0.06073497886838884
4733,66835,0.04293486318540897
4734,545,0.020185365941024075
4735,91732,0.06297332375926627
4736,33148,0.01707070202824547
4737,54803,0.02003822702572635
4738,54794,0.02941978270972538
4739,57160,0.027453681490852345
4740,80551,0.009579195531618862
4741,44406,0.051730469764533
4742,79530,0.022786046904595042
4743,57951,0.0074189612273894015
4744,64479,0.018743639929108474
4745,95024,0.03693196326409921
4746,36451,0.023205101435608298
4747,71216,0.037853349077975405
4748,38871,0.014872118190240447
4749,94550,0.04320851007956419
4750,54280,0.03233394558894821
4751,58966,0.020696445720855047
4752,66911,0.013498201704551613
4753,1512,0.031029124104480554
4754,8601,0.02440317886598813
4755,94598,0.017111225171135853
4756,6967,0.03809606090726105
4757,54767,0.0542135792887624
4758,85541,0.021270826652350285
4759,88027,0.03444568916946676
4760,92716,0.022608597671673565
4761,42437,0.026805645253373908
4762,7947,0.012513715940001283
4763,62267,0.019381059122633906
4764,88157,0.01810076360605046
4765,94933,0.04417752156906185
4766,93801,0.04032418022857788
4767,45233,0.017616444547896553
4768,21361,0.022671852620971947
4769,42538,0.04186022212741392
4770,4634,0.016474376582096
4771,64671,0.011584308962477084
4772,30565,0.026740429608448375
4773,38497,0.02500312314901781
4774,68251,0.026251195620595056
4775,34451,0.038364675807422054
4776,36255,0.054960264977103504
4777,16486,0.046636832335408517
4778,9178,0.02317398290408677
4779,25908,0.02951534879277685
4780,70612,0.008791160693742734
4781,53812,0.023470662247763226
4782,46297,0.09431946385159232
4783,65153,0.034702398042191815
4784,7540,0.022536692868829387
4785,70788,0.031831996954105324
4786,24887,0.00930613328304224
4787,40000,0.022475769723861987
4788,99676,0.01813103389077699
4789,84427,0.014229146654924259
4790,38893,0.014203602013192736
4791,14813,0.03531599630724037
4792,20644,0.03837920731299916
4793,28256,0.04123926544332275
4794,9123,0.02729966409502135
4795,78327,0.014647929556506926
4796,14320,0.0498286353495398
4797,13508,0.05744754668912999
4798,56570,0.027915572253750923
4799,35771,0.0162222847754996
4800,45166,0.017971881916303084
4801,92852,0.034647415522912624
4802,1946,0.06591244568398227
4803,24464,0.060490594285253954
4804,45344,0.04505973586025781
4805,57322,0.029729136563987398
4806,76003,0.01841538988237063
4807,24435,0.029408342463203133
4808,30654,0.007533633605784037
4809,53061,0.012450555219660216
4810,81710,0.04966577104608269
4811,54482,0.02418973276270369
4812,69802,0.0419345780635755
4813,61756,0.027816721712993743
4814,12617,0.018937186263785488
4815,98433,0.050206910825669755
4816,92950,0.01974381541358451
4817,11482,0.0109323338275399
4818,76345,0.05157509135180965
4819,92759,0.02407332496262726
4820,85830,0.026369591419665387
4821,40350,0.020710636685132962
4822,1385,0.028525493497480424
4823,97827,0.01657768762597364
4824,53501,0.016930173791636378
4825,79976,0.023601747118077738
4826,41917,0.017601238150182708
4827,55417,0.04426917177637625
4828,34995,0.02344587653900848
4829,26989,0.021597316857087552
4830,21471,0.05547895359424099
4831,92146,0.026402457832972202
4832,75236,0.05527414048817621
4833,14080,0.031718335064530416
4834,69697,0.04356380844953218
4835,92109,0.017171201691856156
4836,3969,0.009595032024920406
4837,98371,0.013026876012331566
4838,76411,0.010651163553634414
4839,73256,0.047899772384056384
4840,16192,0.033217934841182045
4841,30738,0.06273895519232596
4842,20791,0.022301075833144814
4843,820,0.0214991197187112
4844,91005,0.05781845323555854
4845,33562,0.06849273875535547
4846,60304,0.01923551003330366
4847,8013,0.03310434715638154
4848,75424,0.01749359369823047
4849,7664,0.01465479021537474
4850,72266,0.02351192374633053
4851,20937,0.01552337333662015
4852,96411,0.012515891353036558
4853,4247,0.0202857665162723
4854,73643,0.039958172284038806
4855,44073,0.017952811494888914
4856,16642,0.0204412360633173
4857,10444,0.024656746931753543
4858,46301,0.06397224113510083
4859,54432,0.02618119154274954
4860,10747,0.08757265221481186
4861,97105,0.04868411607865558
4862,52937,0.013006567848169424
4863,88130,0.026755157879609394
4864,1993,0.03762366548304044
4865,99567,0.03254669181195936
4866,95039,0.038657324519941756
4867,64695,0.008554042860116948
4868,56369,0.0420712355982276
4869,91635,0.03185878215227464
4870,67128,0.04950596566974658
4871,99155,0.032121861258030064
4872,93072,0.04278525515048196
4873,52360,0.011206469408645836
4874,51016,0.034728647031609224
4875,7702,0.028170746158401216
4876,94332,0.020298675047724053
4877,53288,0.033210492635200296
4878,68227,0.021283195012920288
4879,47029,0.052246880267624224
4880,87922,0.020579252549678694
4881,95167,0.011565154755517325
4882,71528,0.019436722829682555
4883,34098,0.02033555932694574
4884,67206,0.033256470972163596
4885,40249,0.036477653460411805
4886,95550,0.020700364499762064
4887,31189,0.02538939625211899
4888,80831,0.014550284436194112
4889,52262,0.033817663035682795
4890,64390,0.05514938910306992
4891,55250,0.024714016442990632
4892,19849,0.02937102192608524
4893,14800,0.013230185017407936
4894,28824,0.009512212964693859
4895,92487,0.019459683217818245
4896,81412,0.024505538502544628
4897,83769,0.02154656890144176
4898,28349,0.03346467760704215
4899,70553,0.07764329972629823
4900,80079,0.03919566430201753
4901,71237,0.00785932461427076
4902,16727,0.01785390804602209
4903,91713,0.02671169525089167
4904,46509,0.019798588667245296
4905,21932,0.04243219595948553
4906,40999,0.0620435922322359
4907,18086,0.027536978937502135
4908,17439,0.012820701903545288
4909,75040,0.01528523306086131
4910,82709,0.018053017325757034
4911,97175,0.02536637673045133
4912,59226,0.027589055446428846
4913,39149,0.03302642350713397
4914,73072,0.03488660308246959
4915,13631,0.02441929887426894
4916,49797,0.02094349170743979
4917,39238,0.0207941251933659
4918,67160,0.0316327321694148
4919,69675,0.024443436819260936
4920,20071,0.03247460328275402
4921,70287,0.03174543838946245
4922,10251,0.017619705165356984
4923,25378,0.03339663357115556
4924,38449,0.016399602081663266
4925,93613,0.03037320865816441
4926,89164,0.03175580941839071
4927,55945,0.012392190463355818
4928,82210,0.04188808464985731
4929,12291,0.024727390785965808
4930,73609,0.018877439254393988
4931,56763,0.019446554479677493
4932,74857,0.03757815949397457
4933,88218,0.02872607768006099
4934,74543,0.02571619209149648
4935,33420,0.03168387723116635
4936,60236,0.02867282196676902
4937,72416,0.02043005522850365
4938,53238,0.08035012865313124
4939,2689,0.0845611879721956
4940,55556,0.04334934736217846
4941,49405,0.01649841134052952
4942,36750,0.03830480819507327
4943,90742,0.024922998930216402
4944,28456,0.016805707854526626
4945,10704,0.05364364472805533
4946,7072,0.02588073608331585
4947,93288,0.01274217034321535
4948,8890,0.023861928421678686
4949,80660,0.02586675526372976
4950,67934,0.04738033976957181
4951,57854,0.019324605440090195
4952,97687,0.014488016749214462
4953,58767,0.007782324439110935
4954,86250,0.03153365354325196
4955,24116,0.019703301542339985
4956,59580,0.055845051202594136
4957,59843,0.06256681386484157
4958,56657,0.021831754971689352
4959,25284,0.028944743347273375
4960,59713,0.014477109588642872
4961,85857,0.01807073066657685
4962,78955,0.031074718752063763
4963,44734,0.01977324294255454
4964,88576,0.019022485061199374
4965,47269,0.021095287737656412
4966,92300,0.025960448347158237
4967,61145,0.0374068340604262
4968,49777,0.03319571550852013
4969,24901,0.03837927213347832
4970,7547,0.02580637712929901
4971,84245,0.02750869571767304
4972,4500,0.03199528677480824
4973,70001,0.026930596570253578
4974,79434,0.04902110230869457
4975,63628,0.03775781922116122
4976,77914,0.015167717478464056
4977,9653,0.025950701020620977
4978,65812,0.039985166526927074
4979,38495,0.03098645444433626
4980,40008,0.04391662117044322
4981,70777,0.015197936905025761
4982,74231,0.03273945171092557
4983,15338,0.024916577531917165
4984,37848,0.061871470150643634
4985,39432,0.03210280363037594
4986,68873,0.009872281111421697
4987,57209,0.04088694896352437
4988,42247,0.02827855542667081
4989,62144,0.015844213087153846
4990,94255,0.0319098901390646
4991,14105,0.016680644822265653
4992,90862,0.03552129815625661
4993,21391,0.013832134581439854
4994,62045,0.019859059360527932
4995,12781,0.03105071247381367
4996,45318,0.014173513342787571
4997,43441,0.06461496920394061
4998,17686,0.05631677616459781
4999,66410,0.0588997594150342
5000,25711,0.05417480262486271
5001,40497,0.017031921959819892
5002,93061,0.04503616865253769
5003,62343,0.037405090901004176
5004,24607,0.04835790398949907
5005,68263,0.04339815811103509
5006,86485,0.06488903846596651
5007,51682,0.008952140803135614
5008,20011,0.02113889246191448
5009,30378,0.02184787977106565
5010,23124,0.029722271698181764
5011,55500,0.007878675342994992
5012,23593,0.022238162773091655
5013,98915,0.013781804331348024
5014,38482,0.019249077953142745
5015,22514,0.02834768244478138
5016,74031,0.018839310618008073
5017,66684,0.01967533549415687
5018,5575,0.009497702114798157
5019,4278,0.015667147841641867
5020,72222,0.015961053854707325
5021,56689,0.01743596758151293
5022,23070,0.014715838187138076
5023,79568,0.034109850573297365
5024,74978,0.044381820266278266
5025,62077,0.02152879213384838
5026,22775,0.017674271282414736
5027,22414,0.016160237292052446
5028,83413,0.017248607265310408
5029,29661,0.017213871482286945
5030,99548,0.046478022727815246
5031,24926,0.03306512744770466
5032,59059,0.04251684601489703
5033,21724,0.04251956768997491
5034,51976,0.0492279090365592
5035,79908,0.02753287227531264
5036,58976,0.006307505220094555
5037,22258,0.026822429720766955
5038,44356,0.046326512604253633
5039,9943,0.06307022504412804
5040,19639,0.01835267585261898
5041,59280,0.0123095860490114
5042,17891,0.029336792878134295
5043,38012,0.01255055272165443
5044,63962,0.005479502945392609
5045,46341,0.0831026875380802
5046,83680,0.030543271330798337
5047,80794,0.021382251790223187
5048,73229,0.01765839458682828
5049,3226,0.00759683874066692
5050,65796,0.0198964367685117
5051,67267,0.011712028320082524
5052,3215,0.02171144595866294
5053,93315,0.0391503093080669
5054,40507,0.013049446455017573
5055,353,0.01400787459375482
5056,63616,0.01547087921445337
5057,72070,0.06801998376892111
5058,76223,0.01802484406027978
5059,55799,0.013767163706274033
5060,41573,0.015960510466442507
5061,69881,0.05368728835003972
5062,26616,0.02667250213231801
5063,2125,0.02605553530981418
5064,62491,0.04213651636021823
5065,74045,0.05916668492627745
5066,56027,0.05622656089540451
5067,27863,0.06834734306206171
5068,26900,0.02281295539564724
5069,51630,0.015262046660049503
5070,82255,0.03777058491569113
5071,82338,0.03464213716240715
5072,92177,0.05044971108701209
5073,51722,0.010186750864611675
5074,36655,0.017803840193087533
5075,33708,0.018003601245003092
5076,13639,0.07561053481282615
5077,70251,0.04041150150731103
5078,31789,0.019139112161522732
5079,33592,0.02280643914281057
5080,48571,0.030793186157760957
5081,90405,0.010631066426797195
5082,74399,0.06770472407047642
5083,637,0.008697902022204707
5084,78153,0.0331899998588816
5085,76521,0.04586234203729842
5086,84782,0.014069231802407498
5087,61645,0.02949792736607541
5088,965,0.01762460872392406
5089,19552,0.014639563681579985
5090,23028,0.014022025323441278
5091,92023,0.03170903608399273
5092,69862,0.027149242629349365
5093,45206,0.02529466964061765
5094,26526,0.05785302321303774
5095,76924,0.006872538582611334
5096,94432,0.03156106751601363
5097,59392,0.027432918639071283
5098,95677,0.030201173553286588
5099,56817,0.014151073456578112
5100,12096,0.019784917471919624
5101,86409,0.02339020399457497
5102,66411,0.02220108144169538
5103,56767,0.04065593969990354
5104,40304,0.010404068870805524
5105,68028,0.011801871886411713
5106,92203,0.014823964678801418
5107,74189,0.015501315717836446
5108,20624,0.03932335261548914
5109,36510,0.05235949702965034
5110,53981,0.033347801576158714
5111,51220,0.022673241820656997
5112,8047,0.040289319941334646
5113,20064,0.012166918583791793
5114,10037,0.01790095183932857
5115,41039,0.02279960828800544
5116,41506,0.01538166070700919
5117,90411,0.04622479222206235
5118,60554,0.018784723869904842
5119,9680,0.011513744179842163
5120,61173,0.022646784373640316
5121,6823,0.012321648653086877
5122,9130,0.021627043820200365
5123,1336,0.03222208524830193
5124,42044,0.031195590554478382
5125,65186,0.037733939042019264
5126,75242,0.037225484129037145
5127,22659,0.050270948983155525
5128,34463,0.027247610822290765
5129,49196,0.04306300917865573
5130,80229,0.06204412826986399
5131,11576,0.01795403255704027
5132,23153,0.032154343793915456
5133,966,0.014585790356900087
5134,9737,0.042136293418013955
5135,78659,0.016322822660680473
5136,18366,0.014272578878546239
5137,58006,0.029561934559934253
5138,86394,0.026775674993519252
5139,83712,0.012090774200972569
5140,93986,0.021209805582984034
5141,2932,0.028930299195069384
5142,35590,0.028084511348679092
5143,55906,0.0490665812369111
5144,80706,0.024912958183852377
5145,70727,0.0209188894013685
5146,32911,0.014936123545369022
5147,51964,0.01975932976286401
5148,9763,0.020034888264427037
5149,41158,0.01899047444048411
5150,94981,0.022382785278290497
5151,67275,0.046866977588014
5152,10162,0.060866312438188915
5153,77422,0.04290364151318633
5154,68421,0.028178565851051215
5155,96884,0.05049349394715244
5156,93398,0.024503677861159152
5157,52244,0.0361546331034165
5158,12166,0.03238160163374984
5159,26535,0.015400660758004385
5160,17691,0.052796129403043894
5161,67411,0.03002827687322993
5162,86927,0.023513440987327678
5163,33392,0.031872314205711086
5164,75314,0.015360263777426896
5165,78385,0.01794432800254981
5166,57624,0.020371245264253213
5167,46308,0.01575048323786856
5168,55174,0.02931511479469169
5169,3133,0.019568118622835654
5170,85290,0.013522191907191242
5171,54272,0.019560291931410977
5172,25824,0.030890719449997675
5173,51556,0.03131562402763964
5174,8346,0.0527293624829326
5175,46912,0.032364424445403585
5176,89701,0.037165320551548336
5177,37707,0.030945492942165143
5178,98201,0.02271742116895948
5179,31769,0.03364722317068191
5180,40579,0.021882007358153766
5181,79363,0.0281798622971777
5182,70922,0.01848996065969031
5183,17832,0.029484347002537138
5184,89549,0.04040038284554401
5185,44683,0.034288124388066485
5186,64637,0.02899688898297819
5187,36062,0.02629301219977468
5188,7227,0.0203521624186091
5189,89245,0.02286306681266906
5190,70895,0.046341708892712996
5191,26408,0.05110591970998717
5192,43807,0.03495725924347054
5193,20115,0.009316303291221996
5194,2746,0.02643471876844658
5195,8205,0.05564505956149288
5196,91859,0.021915255035696024
5197,89003,0.05460704077025931
5198,57090,0.02913796264335319
5199,46104,0.041599940352268536
5200,36072,0.01639864882811331
5201,81307,0.060126520775363304
5202,82061,0.04384197403106774
5203,41393,0.023437657384374293
5204,97727,0.010673739635270869
5205,69469,0.020589958649622177
5206,77750,0.03416841901429819
5207,38088,0.02212710678080219
5208,39721,0.02161105420383874
5209,3279,0.05040297629075528
5210,98143,0.04066780189870027
5211,66786,0.014082721936719444
5212,57313,0.009442606110614007
5213,20908,0.027449284767951727
5214,29279,0.03571967444862843
5215,72662,0.020168741198422865
5216,80264,0.023685750982121438
5217,77150,0.02684411989050634
5218,31592,0.03955230727132557
5219,74516,0.05387759679491077
5220,65451,0.03182688076275178
5221,39362,0.027617831912273023
5222,45827,0.01634949787175563
5223,98353,0.020029159478517064
5224,22996,0.023417900950453333
5225,62145,0.022673281902359944
5226,77860,0.044941335723212385
5227,72904,0.03055447854267505
5228,60700,0.01517886887280706
5229,98310,0.023786064574569925
5230,7482,0.06897811698139478
5231,7239,0.06732290622678316
5232,40521,0.02948028314671615
5233,65075,0.05279521903912339
5234,74017,0.06690081529616057
5235,98246,0.056002613610423725
5236,90208,0.026473240056964543
5237,53082,0.03923812768496377
5238,24134,0.030476391273482638
5239,7420,0.03532381560073148
5240,26316,0.03797466397331992
5241,41276,0.030596447098007715
5242,9583,0.028971835410952485
5243,89162,0.023372346819128455
5244,60192,0.01170252636483905
5245,33429,0.03247017249570941
5246,90507,0.016417421533009884
5247,84174,0.031785154335560624
5248,8301,0.04570425728416038
5249,63787,0.03362263859298176
5250,53280,0.08162904328227746
5251,12165,0.03117672547086436
5252,51453,0.02929572985914297
5253,59813,0.0698149400997825
5254,22393,0.009991338739574356
5255,32141,0.03087427973919573
5256,23204,0.021426470402915947
5257,59509,0.03337350724682045
5258,53335,0.0338986342067865
5259,47774,0.04966467038473936
5260,17440,0.02377713269278428
5261,99998,0.024687161958606867
5262,26955,0.03248788488426685
5263,26970,0.029282108813382668
5264,98905,0.03128914818630653
5265,16815,0.018796876068479025
5266,39754,0.019160767878052008
5267,19322,0.01576619835578013
5268,3409,0.019728570835466093
5269,60580,0.03826823398604355
5270,2584,0.018208409696235352
5271,63380,0.012024334024317346
5272,20320,0.04505839574599219
5273,84983,0.010064961700313357
5274,10644,0.03654758445848899
5275,34764,0.025419835482213597
5276,4592,0.012091794347402127
5277,54217,0.01802720334106951
5278,87585,0.029408847447999036
5279,13744,0.03921993392481456
5280,54837,0.03382329478749618
5281,83204,0.03173130098737678
5282,94992,0.024232327317233918
5283,34138,0.03533868247040216
5284,64469,0.04672764591206671
5285,56535,0.03213903833360815
5286,39642,0.04028325222010957
5287,26072,0.03181159582333859
5288,7505,0.020163400774481123
5289,64297,0.02335692130584422
5290,56447,0.021527638055979063
5291,72486,0.028607616198168907
5292,85618,0.03502904282477289
5293,65590,0.05413580217732648
5294,92818,0.023186631915671982
5295,99630,0.012163458881188633
5296,84526,0.03610004115516268
5297,88664,0.016445275605275846
5298,27087,0.014202754509540318
5299,1939,0.01611893456093486
5300,68702,0.01711191712088775
5301,12364,0.02056238306254267
5302,51554,0.024435017365129857
5303,4733,0.034805388126958166
5304,64412,0.030905935012087524
5305,26571,0.018156905656061918
5306,86935,0.018825399435895958
5307,89613,0.04403214073700443
5308,19124,0.021687155782841108
5309,97376,0.0207973846939857
5310,89380,0.015281944193191755
5311,39965,0.010031624040923191
5312,50375,0.019966843549936594
5313,82825,0.03227767771277455
5314,51534,0.018515955604391218
5315,34031,0.025143764669177514
5316,41,0.013579112704653323
5317,77594,0.04639785050763249
5318,21544,0.015706768974947362
5319,32623,0.04066221116867602
5320,868,0.04656287389740278
5321,89948,0.055325555494106726
5322,81312,0.05405319668877795
5323,9838,0.013539858128688242
5324,36165,0.013173409133369693
5325,21435,0.021785197727013237
5326,77854,0.013856075503985727
5327,83470,0.02461494553523167
5328,41328,0.01991010884218987
5329,52472,0.014030956356810651
5330,29211,0.03263621847253001
5331,46627,0.018602968049084664
5332,32987,0.023624535117810222
5333,61296,0.017050174095746662
5334,53917,0.016356542996192186
5335,67207,0.01870411615056599
5336,48650,0.011109508875530583
5337,58611,0.02330023948907421
5338,32993,0.017049390334509782
5339,20326,0.020723936110284412
5340,48346,0.02364674718815012
5341,49081,0.01746243596677883
5342,72335,0.05031152891094416
5343,59612,0.010534429413174201
5344,76269,0.02046185604396595
5345,34716,0.0076936942951287765
5346,7112,0.04044303209438603
5347,12000,0.0341474346265507
5348,7719,0.03171749689470092
5349,98383,0.012676319683397446
5350,51472,0.029299046346860584
5351,10579,0.019750554649327276
5352,15796,0.02137742404140569
5353,290,0.015829910701107147
5354,36055,0.04264589308523963
5355,49669,0.02828993666279865
5356,23860,0.021996011465319133
5357,54410,0.05898372416694464
5358,33881,0.025186047803048103
5359,31237,0.013436221513772616
5360,57534,0.014736538032107735
5361,9684,0.029674920345556046
5362,87792,0.030021133233669638
5363,69494,0.03057739013303164
5364,66839,0.010974309303464573
5365,92614,0.02481792958854723
5366,88536,0.021018595687621735
5367,98819,0.009020855138576296
5368,6149,0.03561202543076608
5369,67028,0.04920781179111718
5370,69749,0.018717323242508837
5371,44325,0.03518080902664416
5372,25519,0.023322801476900454
5373,37433,0.05171032917283093
5374,63772,0.020186544203483665
5375,49335,0.031994312812016534
5376,87578,0.03450993483560098
5377,68914,0.06975131244231597
5378,26047,0.03196402885629428
5379,11470,0.022924487061289408
5380,25527,0.008179608612986897
5381,25827,0.021782991784355166
5382,65441,0.03730870057435922
5383,44128,0.030391613623724636
5384,80292,0.03410173153569573
5385,59027,0.04224828614466056
5386,64248,0.03212279861758008
5387,17059,0.00736113376917448
5388,89528,0.017934616056158065
5389,72067,0.01298339286930722
5390,57321,0.027526045176778098
5391,27763,0.03003946190497902
5392,36254,0.032675536708985486
5393,66832,0.024012069366117057
5394,81060,0.02304695399765264
5395,41416,0.021381510345785757
5396,78733,0.024927706737029848
5397,32014,0.016812307097356413
5398,25985,0.017050414522753684
5399,24205,0.03625052611211809
5400,92778,0.014451740627888413
5401,19726,0.04140452119717171
5402,81077,0.026086168709911043
5403,4150,0.012614507035968118
5404,28259,0.031249230070444948
5405,43227,0.06597548012524312
5406,94554,0.017146160414197847
5407,63931,0.028655284549728717
5408,4165,0.03300901147035257
5409,7954,0.037196810116908216
5410,58940,0.011484311428754588
5411,69432,0.05217197275474871
5412,64840,0.03304828302646149
5413,15529,0.0216231449449217
5414,77741,0.016075425849980566
5415,3539,0.035014899648324695
5416,70484,0.021101564223737004
5417,77146,0.014502788914399477
5418,81483,0.01884002347339972
5419,48179,0.031318638745940375
5420,24821,0.042320510211592645
5421,70098,0.032522857287076684
5422,56091,0.034442244404331794
5423,33475,0.06124623695170634
5424,12307,0.02075149824139133
5425,59944,0.04841599148861109
5426,9566,0.035550756544319634
5427,52911,0.07709137689212933
5428,76670,0.026507115327779017
5429,23772,0.043640344777936727
5430,19154,0.004786491798251217
5431,2835,0.012530618955375246
5432,62022,0.03307185159566474
5433,43106,0.02590404592315271
5434,47043,0.026635207876470928
5435,68840,0.020387674516795226
5436,24345,0.051561276271903746
5437,40172,0.018088492345992052
5438,9817,0.04071646215173175
5439,9570,0.07971933622948676
5440,25182,0.039162695530942024
5441,62010,0.033461861433354084
5442,49434,0.04994581803877785
5443,73980,0.010272402701964034
5444,90272,0.05620320468510819
5445,45356,0.03164469813736645
5446,53769,0.036686910057639466
5447,36931,0.03046787742046126
5448,70344,0.01878234807324928
5449,56309,0.047106471726833285
5450,47690,0.027946019649241392
5451,41160,0.018470502606889237
5452,79048,0.06358093876571375
5453,92925,0.03005617850819287
5454,23132,0.016259812286180782
5455,68822,0.014064600941039097
5456,2232,0.019270934594521165
5457,82780,0.05716654337657065
5458,27637,0.01478794750985181
5459,1888,0.030367035273606208
5460,17729,0.05069924951728985
5461,5993,0.016765511978314905
5462,52363,0.0215665163358935
5463,57142,0.01680489495898638
5464,14078,0.019022110059912736
5465,66977,0.030364702361857083
5466,25316,0.07014688116354513
5467,94458,0.04466137840101573
5468,63916,0.03811458167885724
5469,34254,0.04588323460717949
5470,15472,0.015689404400413175
5471,55686,0.040019473475432485
5472,28551,0.07826526226718787
5473,21274,0.05298489525412196
5474,28261,0.0328277411242379
5475,43320,0.050291462197926046
5476,58840,0.03667051912083904
5477,40909,0.01787078532216077
5478,94610,0.043422447671243314
5479,62360,0.00620933044797552
5480,54094,0.008093367159453555
5481,22484,0.024809027465886084
5482,47655,0.022881003173228037
5483,99311,0.021989658397225803
5484,93826,0.028070037502399454
5485,80878,0.03118993207677366
5486,82930,0.02479545494612526
5487,1316,0.012883642481297992
5488,85623,0.04214321004152351
5489,62944,0.034721035634591516
5490,831,0.018402867453999876
5491,79254,0.049692143502150975
5492,14554,0.05339063760768758
5493,30316,0.017531096839981032
5494,68928,0.03293131265273761
5495,85200,0.01389179202820601
5496,46989,0.03149718233840185
5497,54993,0.018949940094604288
5498,70816,0.03821703162798071
5499,32302,0.03424574692554899
5500,81360,0.021481739421864078
5501,97140,0.022241315124200942
5502,94186,0.043793167444307994
5503,76355,0.03175329563891424
5504,24172,0.016214547151077736
5505,38446,0.011525304191598133
5506,4993,0.018644605867116394
5507,30405,0.03207145998622984
5508,29189,0.032774203783028595
5509,52569,0.07042751973482979
5510,74546,0.022899684727337416
5511,58656,0.046409089242061656
5512,79857,0.013244834448000793
5513,24496,0.05530671882732341
5514,37412,0.011684854029979748
5515,12982,0.012351377133115262
5516,70389,0.03105331161161008
5517,95544,0.01184091775504429
5518,31617,0.042980046680043245
5519,7692,0.030076821770594557
5520,52080,0.054594027408591234
5521,71903,0.011625627940467283
5522,26855,0.027560569908418604
5523,88645,0.023266707504325055
5524,32792,0.021868254663081718
5525,52632,0.06569578605473934
5526,91650,0.025771711800305096
5527,99682,0.016929901952148503
5528,41688,0.02235818745901552
5529,67407,0.013144469735030851
5530,97235,0.04427031877277014
5531,37300,0.04816597311455653
5532,40058,0.018909135190609168
5533,79356,0.014486085904707423
5534,75112,0.054401413308837195
5535,87817,0.044022259925782035
5536,86986,0.03081767605751245
5537,94110,0.0654012221606932
5538,14520,0.02429185690283018
5539,6088,0.018123085324496635
5540,7313,0.029845304905384073
5541,62997,0.039314332156349205
5542,85683,0.07016208974102497
5543,93024,0.019715326882637926
5544,76911,0.02432971866388125
5545,94915,0.008987111079661991
5546,65171,0.06704341351434558
5547,97605,0.07259139555794569
5548,21216,0.012279405982201027
5549,68434,0.03639490807144708
5550,36369,0.02505068659580202
5551,29789,0.013583611918546219
5552,71696,0.02992041104951186
5553,64233,0.022700904892030273
5554,7215,0.021897713980753367
5555,48216,0.02096019373110998
5556,25320,0.027395527901079266
5557,90895,0.031390478203206555
5558,86570,0.01397243704333436
5559,39354,0.015894151109453455
5560,30011,0.01252705847124792
5561,77430,0.0312884719305697
5562,78179,0.01829222710516653
5563,10591,0.027539296314944738
5564,20419,0.024744122533313453
5565,523,0.02103384759182292
5566,4193,0.022723896962189488
5567,86443,0.01662203071086236
5568,85023,0.016357097836494687
5569,36906,0.02285136508680875
5570,7193,0.032712903331031766
5571,32121,0.03234422009859117
5572,44515,0.03924465051528337
5573,91968,0.04691093905107125
5574,16126,0.0156440384640212
5575,23662,0.020679301523762638
5576,81876,0.010784791778334513
5577,78578,0.016355033425426258
5578,47345,0.020546391878618342
5579,31086,0.03827320081379024
5580,17464,0.02396627313602982
5581,50142,0.015239921180828375
5582,11557,0.017530036425045754
5583,57059,0.03669097927056225
5584,37405,0.026954941199164223
5585,32679,0.07227941656899002
5586,53925,0.03893029764813702
5587,86597,0.02233585936018677
5588,67575,0.044216073895725565
5589,58714,0.03088768752333612
5590,66451,0.04611155539482783
5591,25166,0.017334435297088037
5592,53466,0.015013581001359282
5593,21146,0.023876514533665842
5594,79145,0.011483666183562011
5595,29912,0.018015679729168173
5596,31793,0.03916559814350719
5597,87823,0.012886021484456667
5598,17961,0.02813068689871674
5599,41973,0.013492728022256985
5600,32193,0.04164418432529788
5601,54030,0.031157142145237786
5602,69764,0.04866728005184411
5603,58822,0.02169399941376369
5604,26725,0.04398191564550781
5605,65235,0.058593099007273705
5606,92790,0.02476056562996085
5607,68262,0.010523925725464123
5608,75460,0.018405033555899758
5609,61362,0.014406661558694632
5610,36029,0.017905436603884457
5611,75999,0.014534860735583435
5612,50312,0.01694363509636483
5613,37933,0.010996708218457907
5614,89737,0.017809905354042043
5615,20438,0.02575409569402399
5616,89515,0.01797618600262598
5617,90339,0.022038857170692247
5618,92387,0.02301369422284716
5619,65229,0.03391963401391955
5620,88869,0.01921655702896043
5621,86559,0.045005435511361463
5622,57133,0.05001124819707324
5623,84653,0.030967412211329363
5624,37387,0.013346251431436074
5625,70678,0.009700580811684352
5626,21047,0.014476390636921507
5627,61789,0.035941570549624505
5628,86955,0.018000616607653935
5629,11781,0.01153851384439762
5630,33153,0.022199411513760616
5631,66738,0.014006505766313038
5632,12811,0.008548424632174027
5633,58253,0.03212686046015851
5634,8547,0.03723390434362784
5635,75976,0.03509352500497387
5636,22626,0.042557018268450805
5637,86419,0.01379508454423726
5638,18101,0.035478893380776
5639,15381,0.031775500347737864
5640,67997,0.03153820414889855
5641,64481,0.028499440500634132
5642,99897,0.016343080462802105
5643,28923,0.021998598054589136
5644,64556,0.03314900774972148
5645,44170,0.03513574848151081
5646,23745,0.013316105044923284
5647,28029,0.04940713314542241
5648,31277,0.011271938527908469
5649,44673,0.04199834174281094
5650,61433,0.022963221995064984
5651,42990,0.010393422788267624
5652,29864,0.042264335446156306
5653,891,0.02764379357629973
5654,69601,0.01728375105422246
5655,45129,0.02694129471131871
5656,96971,0.034451816518075024
5657,9457,0.02361658234718392
5658,5532,0.019976095537517464
5659,14141,0.03175244364541823
5660,35653,0.021564165462132377
5661,67875,0.022988972328973612
5662,76590,0.05196681656016305
5663,55584,0.020582694929889588
5664,10345,0.02641801572763648
5665,39139,0.03727406423394103
5666,87447,0.02005914860019112
5667,13299,0.010746894484305722
5668,73362,0.03442971002996987
5669,33495,0.027847559443413168
5670,91098,0.05075341965177435
5671,96990,0.024867302912226868
5672,85201,0.022188876818475492
5673,52791,0.02281327991813035
5674,45502,0.01786850391584798
5675,34799,0.029419205181587086
5676,70855,0.014925669120825725
5677,11247,0.020399915260495352
5678,37382,0.02746530574126445
5679,91382,0.042983341834407086
5680,70761,0.04892167297985462
5681,61603,0.012318489898323211
5682,71477,0.020124434680012838
5683,49213,0.03334456278782955
5684,68455,0.029501408288913046
5685,46800,0.03451019749800896
5686,86963,0.04504772368001107
5687,65914,0.021779935599098448
5688,65964,0.023236560177019368
5689,96653,0.0379148343294516
5690,18754,0.019204571385358693
5691,63907,0.015876304154484218
5692,88090,0.021758623705962668
5693,13927,0.05359952208060614
5694,18755,0.046136828039555176
5695,92026,0.04151457105290378
5696,78064,0.012929706388457515
5697,86030,0.016682804688872094
5698,29795,0.04117714821610081
5699,6065,0.01734595726808878
5700,50149,0.023268697486233697
5701,81669,0.02302328736416039
5702,62824,0.018865850533746165
5703,57977,0.044800930377768396
5704,69967,0.02814304309801502
5705,18899,0.013907315683394969
5706,39059,0.03222789309678015
5707,73216,0.026074846757071102
5708,55386,0.01911274979103879
5709,52985,0.05150063203653636
5710,18596,0.03625864958297834
5711,35326,0.08022987981575064
5712,89163,0.016000823163978245
5713,27901,0.01718329421154991
5714,31133,0.017284606201705154
5715,45856,0.034968440395455505
5716,90305,0.017534009760669697
5717,14762,0.01813846842259095
5718,67055,0.04058626045458327
5719,99436,0.02579908527788142
5720,58789,0.007584627175655891
5721,18931,0.019331538540033257
5722,90279,0.04504853809522119
5723,40736,0.02344365056266179
5724,84775,0.02833140423914925
5725,17628,0.03104876872684792
5726,62184,0.014457110332463883
5727,61642,0.012091017892002433
5728,81709,0.01863117596781933
5729,85883,0.0252615686412248
5730,51947,0.02735724514854439
5731,77706,0.012983285205948658
5732,57873,0.022687931120236534
5733,27534,0.02761946062946871
5734,53566,0.024240588924145122
5735,82554,0.019355754509878344
5736,11758,0.026254300137305668
5737,63406,0.013977975859201242
5738,7533,0.0446146346576088
5739,2207,0.028283662427819177
5740,94674,0.03132859133441965
5741,16383,0.04938493416074251
5742,16157,0.015305978860809224
5743,20974,0.018533922491188244
5744,39859,0.019590140026714803
5745,22118,0.023968456479350284
5746,15794,0.023178735598866577
5747,16515,0.019560348218123143
5748,48279,0.015892213447252158
5749,89034,0.04262094292673515
5750,72221,0.0209349737993601
5751,41832,0.02749549941580928
5752,82829,0.030632955512719624
5753,61614,0.04893614383538047
5754,89479,0.028732885205268083
5755,44710,0.014882117145597725
5756,6047,0.016565560077331093
5757,49934,0.027254888600248994
5758,11266,0.034789465125537
5759,55129,0.00876509540661197
5760,21891,0.022890391654061086
5761,59359,0.009939201935639401
5762,43816,0.030684953135435036
5763,59258,0.031225043870298105
5764,5618,0.010014800726716597
5765,9551,0.016401714890376298
5766,21935,0.014681044016275166
5767,38075,0.016864565559972386
5768,38112,0.035064000491021374
5769,50882,0.03096196217195275
5770,30529,0.04059098842654213
5771,73647,0.04600040371039542
5772,23465,0.038932060551921714
5773,85168,0.021003743166898473
5774,69677,0.024980799083557225
5775,73403,0.041492131900041175
5776,13827,0.01732230768015447
5777,48543,0.022465484517497723
5778,34309,0.02268544464962384
5779,80946,0.025279762244156352
5780,96684,0.062410722397009434
5781,44692,0.02171348750251311
5782,16883,0.04937340330425625
5783,27511,0.030646898758586852
5784,8809,0.02752472760039879
5785,98712,0.022090653557836515
5786,23425,0.0295999492974968
5787,67220,0.024171741008421233
5788,3179,0.010917176970849771
5789,84434,0.041770932297779194
5790,24239,0.013559022323676532
5791,60803,0.042768816593690105
5792,63395,0.0176241087698725
5793,80310,0.0349553210575187
5794,23071,0.04899766866456859
5795,97662,0.015373013616951123
5796,37769,0.03777895885582061
5797,42564,0.021011159867065185
5798,9269,0.025171298254241907
5799,15742,0.027865710344060147
5800,87759,0.011412834142359496
5801,59577,0.041667887457694966
5802,49142,0.013378287895612729
5803,7926,0.015084103814914599
5804,98096,0.02459628188480114
5805,79082,0.01737611379778954
5806,32208,0.024362449577181564
5807,81711,0.015228125827744571
5808,13692,0.023679234664549333
5809,12761,0.025801959705937634
5810,33264,0.019523566916145922
5811,41174,0.02882375966774008
5812,56960,0.026747651116581367
5813,24392,0.018888461955279087
5814,59802,0.015289597560465558
5815,84921,0.022636178183508257
5816,79575,0.018879404851698724
5817,32198,0.01286700206784979
5818,51128,0.02084978940929311
5819,79000,0.018089836376226985
5820,43777,0.02290202665745572
5821,86113,0.02918931970026952
5822,32479,0.06515929528678631
5823,2544,0.0482106099927836
5824,31496,0.029810480664472033
5825,72661,0.01801352158846922
5826,91357,0.02982127587215186
5827,96141,0.015257894654952635
5828,32733,0.013089121361614274
5829,17467,0.05701989667229041
5830,68049,0.03958159631995119
5831,75542,0.042559545375595094
5832,70022,0.03317024371695168
5833,15341,0.023421459882424885
5834,22408,0.0257925056112515
5835,76967,0.0341744361367077
5836,5991,0.01237297312552166
5837,94782,0.04987063839183844
5838,16459,0.021623193048365554
5839,2662,0.03805840384654867
5840,76527,0.021988689749554438
5841,50105,0.02279110677041665
5842,68719,0.023563690717071803
5843,88452,0.035978329090448506
5844,18025,0.012955702991973366
5845,90353,0.007663967522889389
5846,24560,0.016681258692595447
5847,74238,0.012714002103751301
5848,93409,0.016784422060066286
5849,25102,0.03622065267255581
5850,16694,0.08931536571503942
5851,22403,0.03608693320759326
5852,94348,0.018740037800941085
5853,10308,0.03468443275023497
5854,52665,0.019247807864196772
5855,14555,0.031527408453272815
5856,85985,0.03539763327776278
5857,13495,0.019331736909394423
5858,15029,0.016908392119629724
5859,33314,0.027792184553362912
5860,40705,0.07206973816784201
5861,2237,0.031428227990679396
5862,91989,0.010841525978576651
5863,66160,0.013673366536305805
5864,3134,0.04417272508508449
5865,77491,0.019213139194031004
5866,71251,0.07123421368008014
5867,60792,0.016150345464635243
5868,57072,0.030508085361045784
5869,55342,0.02689678683120884
5870,18970,0.03626886083119572
5871,81344,0.015117773765539808
5872,2759,0.011077303174935153
5873,9234,0.027428833912704995
5874,48456,0.020391870058037408
5875,76344,0.008312827028184427
5876,98464,0.03144051159076166
5877,44015,0.020149416930295608
5878,37178,0.013108217083120826
5879,7585,0.03735902336819564
5880,70648,0.04358087728827269
5881,60711,0.03759805133948544
5882,21166,0.03394182324973856
5883,20383,0.04472216234513181
5884,44442,0.008896421202579686
5885,97596,0.029957217480561113
5886,99090,0.044491773716387496
5887,19158,0.03619061872260031
5888,74726,0.040493337961976426
5889,66465,0.021555062436795697
5890,74798,0.04239697031935097
5891,90122,0.026216113588687875
5892,14345,0.02163919219520239
5893,97059,0.03431175443954362
5894,8814,0.025165336427280586
5895,42336,0.037210157866021706
5896,81661,0.022144722401004586
5897,81228,0.026469277350601162
5898,43789,0.029378790701614914
5899,60403,0.01952610023073584
5900,80619,0.037195136598026986
5901,11680,0.01551366815881601
5902,68536,0.03227569093612742
5903,73396,0.025472029570665893
5904,40485,0.029108207623486763
5905,46412,0.01637500771312505
5906,95862,0.03023676929801594
5907,48673,0.047618928759546326
5908,25159,0.062082732900296915
5909,92885,0.025421674408283232
5910,73641,0.020467213932965363
5911,14563,0.0223339486170569
5912,39676,0.025213641593968314
5913,96757,0.017063468341804347
5914,59131,0.012872453112944403
5915,69537,0.02922173187991869
5916,74684,0.015867732759130525
5917,96147,0.02996658768740764
5918,94542,0.04371002726061379
5919,27429,0.04282816056064934
5920,30020,0.02584874515023043
5921,4045,0.044836182071651055
5922,73282,0.010364935040265302
5923,26164,0.0133194129809383
5924,87865,0.02604275420620386
5925,25929,0.022614882392825077
5926,69159,0.026154065011898847
5927,28104,0.04531311405796964
5928,47064,0.045306736083488224
5929,32256,0.014585782361893002
5930,4181,0.04161388126356891
5931,97666,0.04959084416976862
5932,38935,0.018277094659030813
5933,79994,0.024278389887857913
5934,70165,0.04493857837734424
5935,28819,0.04204032481687762
5936,19965,0.011791037900652532
5937,6692,0.01570560837785413
5938,97419,0.012765382792961346
5939,43514,0.02645828981545873
5940,49431,0.028567530814256614
5941,60334,0.018510407586641943
5942,24260,0.025755151039743164
5943,19718,0.010929843577054475
5944,27971,0.027418476043494754
5945,63268,0.012361864712498626
5946,92589,0.05120351124026105
5947,28268,0.015741333267665
5948,84110,0.021532265021957393
5949,77720,0.016747294418465612
5950,3636,0.029332121567468786
5951,44829,0.01264364278101009
5952,95426,0.05936903016519523
5953,69119,0.03135081839244154
5954,83175,0.01922510744473848
5955,10737,0.021870123843110996
5956,49725,0.02945719547165461
5957,97185,0.026783623508457845
5958,97776,0.009418622801470267
5959,58743,0.01937840803944294
5960,77061,0.026829010035360285
5961,71579,0.031678745719629094
5962,85037,0.046367682876932534
5963,62329,0.028581164052178167
5964,93263,0.033116617604749495
5965,78723,0.057228331331949774
5966,6832,0.022444690590321857
5967,94247,0.0149573250065112
5968,55208,0.017883647897237794
5969,7566,0.010830042348765397
5970,7674,0.03338994373540231
5971,88597,0.03309809608849808
5972,29424,0.015944137975381828
5973,3352,0.011627359678523116
5974,40606,0.029684550664227972
5975,66469,0.01993882573804715
5976,53530,0.01999802105542879
5977,25028,0.02172861267523296
5978,45115,0.017616841488964627
5979,91474,0.03881443589755956
5980,22979,0.04065224096530905
5981,87212,0.009356062987658575
5982,85912,0.032828675287483275
5983,54571,0.01113001903006934
5984,46345,0.03355791890965889
5985,91110,0.017450942029128145
5986,69176,0.024877000349893822
5987,99031,0.036812189213623656
5988,38195,0.02384653886194116
5989,46775,0.02490655914764733
5990,15603,0.01212185935718732
5991,2333,0.049819798787443415
5992,86279,0.022800140477216152
5993,17997,0.023201113614892153
5994,95323,0.03576797396631204
5995,74160,0.04508090886329669
5996,52928,0.04244315639335691
5997,18591,0.04210877611849982
5998,1859,0.037446411102149295
5999,76304,0.029946011259830443
6000,75140,0.025299601935814344
6001,40751,0.024404584907732434
6002,23883,0.026696757886623276
6003,89713,0.04087571664848518
6004,30078,0.029788083564615302
6005,38198,0.04403351994521133
6006,59888,0.02052309304021328
6007,84999,0.024343294813007406
6008,395,0.025858960289177692
6009,22237,0.02103323413162799
6010,57804,0.043216341701456946
6011,82992,0.013396980989574885
6012,61215,0.016011385985677824
6013,10432,0.02433425913910888
6014,6619,0.017178737143751035
6015,24337,0.025816329296799587
6016,12532,0.07738107656496018
6017,11712,0.05147746612815698
6018,35558,0.025272370566911583
6019,51733,0.0177452039713601
6020,18149,0.02097968529800364
6021,30109,0.02198321742077443
6022,30387,0.017307472106391955
6023,77517,0.04667679912887705
6024,29412,0.00802599135501187
6025,82177,0.05351401774229776
6026,83756,0.03523915359868178
6027,33398,0.030974956276113588
6028,46474,0.010603263112462586
6029,44652,0.014643109347298493
6030,75147,0.03851047467471034
6031,94640,0.012395542481994705
6032,64142,0.02207528389126349
6033,71788,0.06517013260584198
6034,24723,0.020542946556110598
6035,53742,0.010809775180292892
6036,77881,0.03397066822733563
6037,34558,0.03160808694021189
6038,4117,0.029843441339501328
6039,96354,0.029752955541949296
6040,5844,0.03856699309298674
6041,33328,0.03560545373885455
6042,89043,0.03208138238792554
6043,37924,0.0257720750147687
6044,76821,0.04433301257484705
6045,26631,0.028175531414875218
6046,43512,0.041963129126057916
6047,58136,0.044962171595786755
6048,58197,0.038708469088881134
6049,60624,0.0387583601666664
6050,5785,0.03588304340296787
6051,41461,0.02802209219291324
6052,44925,0.031106544479011435
6053,36795,0.011438123489225448
6054,55147,0.014147705757802768
6055,72708,0.027802491969718478
6056,28129,0.015185822849694604
6057,81729,0.008191715148790515
6058,45211,0.035231741708405886
6059,87995,0.013129363625960245
6060,94287,0.02675122372536616
6061,11734,0.010475119290139133
6062,77658,0.014168785775584756
6063,99108,0.020321949169341547
6064,65082,0.06172064209323693
6065,8900,0.010622412958384526
6066,71535,0.023926486635435715
6067,46000,0.03678502179912728
6068,70554,0.011936896601789412
6069,69782,0.0227021410184852
6070,19860,0.02890805459077281
6071,3482,0.03017937529169185
6072,60763,0.05208008463739545
6073,67872,0.09787419084481941
6074,43521,0.018001760172836737
6075,63245,0.015109869545243217
6076,34425,0.031159953940115198
6077,96492,0.05415094662623923
6078,40692,0.011479171504537374
6079,41924,0.025355805151669266
6080,49137,0.019508595897092355
6081,63749,0.04015712945024214
6082,50813,0.02386053454045555
6083,78546,0.03177157011064325
6084,84182,0.03024907745521708
6085,90384,0.046671741483607324
6086,52907,0.02217201385377353
6087,88544,0.016135341352076053
6088,39416,0.014838519085841075
6089,78633,0.041117056785494134
6090,69252,0.012170283570629138
6091,36994,0.026575040526796767
6092,72879,0.030227585240443593
6093,30309,0.034246923673601375
6094,37632,0.036142427856053275
6095,94500,0.025117435653376614
6096,71640,0.019790015472721263
6097,89933,0.011174900177524845
6098,53546,0.02760286937649022
6099,58541,0.045399854507090914
6100,66691,0.0191283087763786
6101,85692,0.015810261230225345
6102,23049,0.017493740140729325
6103,43879,0.030996525224367508
6104,96457,0.04562404202227904
6105,12979,0.029768005244444912
6106,44689,0.02351175895879022
6107,9300,0.03367349691933078
6108,94377,0.021306402278257378
6109,74890,0.010655301226240746
6110,79025,0.014523494376510303
6111,39271,0.02676063875915595
6112,88780,0.025671431415463554
6113,38331,0.022814862665017383
6114,54372,0.018769626855727573
6115,45011,0.021990680196362477
6116,1311,0.01956019082247842
6117,28205,0.024432994827706868
6118,2933,0.04367243242652292
6119,96455,0.027505580478392837
6120,2604,0.053200856285490546
6121,70399,0.093783002523788
6122,41048,0.03989304722690859
6123,38031,0.039243219614839786
6124,31301,0.03132072987630789
6125,22510,0.03636641489874709
6126,86019,0.04727843158838406
6127,4963,0.02241527816443916
6128,58026,0.01793400344706827
6129,33848,0.02902011208938737
6130,54547,0.00977794745710079
6131,61641,0.018017196641611232
6132,67171,0.017271475192158634
6133,49939,0.014969953479256972
6134,27877,0.05407317625626092
6135,4747,0.017212781739481937
6136,50870,0.043485916426587834
6137,99711,0.031167982373565134
6138,90330,0.014904148635856838
6139,93030,0.03253931388118067
6140,83850,0.03151836335433951
6141,60238,0.047068287382095925
6142,95503,0.02056614851698481
6143,14006,0.05091241942031917
6144,77558,0.021225216735288467
6145,44098,0.01700404112106875
6146,62093,0.047067225544518934
6147,6970,0.046094502395380085
6148,90747,0.019834416608690807
6149,80057,0.015436096585915753
6150,78237,0.015810836625020794
6151,8901,0.014319396681021718
6152,92486,0.01727197174771853
6153,33794,0.0264860484255629
6154,70133,0.08630751223865843
6155,36115,0.04159527353876601
6156,66788,0.026138457186077102
6157,7061,0.04169213606939451
6158,90005,0.010521002757612592
6159,308,0.018599257374956036
6160,85620,0.02046086547171205
6161,99861,0.017204747762194366
6162,17856,0.012568874141492246
6163,19273,0.050971558535981724
6164,38800,0.056354349182714286
6165,88823,0.0199311617711804
6166,45322,0.04278908514691154
6167,49018,0.03104711668778505
6168,12696,0.029755654330551478
6169,59540,0.009557334126841337
6170,76986,0.019418914024724336
6171,27124,0.06662262502168052
6172,89743,0.06211800785357483
6173,78945,0.026189206909151806
6174,61558,0.03503297931087482
6175,70886,0.016487965204593055
6176,55603,0.048213345165369056
6177,37917,0.010056564480263099
6178,65466,0.024741305746255476
6179,89536,0.025267277451420884
6180,1779,0.007634611480485824
6181,8982,0.02137889929437637
6182,83466,0.024137640179307425
6183,24867,0.03555602692311801
6184,83650,0.032979813890335316
6185,94425,0.023704722773719107
6186,69831,0.03311939131016957
6187,90347,0.016895182384194213
6188,60516,0.023037556740537105
6189,54298,0.009532820290457301
6190,46661,0.042196159610525745
6191,16950,0.018122512393860576
6192,81751,0.028244965193168582
6193,45100,0.015351175586320993
6194,78570,0.011566858946051289
6195,28480,0.05279562977704445
6196,70885,0.03462808749319831
6197,70621,0.0394184685242711
6198,49456,0.008687776999878147
6199,60856,0.05465591466448359
6200,34562,0.01357023708070803
6201,12056,0.04496239094140122
6202,99839,0.030522669889977254
6203,81426,0.05335452881884567
6204,95374,0.027381393214468516
6205,77317,0.03456898029356112
6206,27523,0.08013495867955761
6207,54870,0.0180843370315521
6208,9843,0.020816391587259044
6209,50718,0.04131997517734816
6210,24455,0.04056011494474699
6211,33434,0.025345592498991196
6212,66426,0.011530422786377779
6213,10971,0.020445050523053687
6214,44039,0.0472112445300952
6215,28963,0.019756598048826964
6216,84280,0.021733027751269823
6217,79497,0.06228218024287749
6218,22886,0.01335379828257867
6219,25979,0.017963380073048648
6220,39993,0.031003943401070835
6221,69426,0.04800003854430511
6222,85458,0.03377788124252258
6223,92428,0.018040790795586046
6224,61759,0.021204897407991502
6225,23993,0.014620457492751381
6226,22620,0.01182059705666377
6227,97616,0.018321110001981375
6228,28984,0.01092711712301683
6229,31676,0.039033769191446424
6230,54318,0.016065053376675874
6231,27022,0.010319893572339688
6232,86289,0.032800469937089724
6233,19397,0.035389161239703926
6234,18073,0.022252162355948235
6235,15887,0.015499575942198127
6236,66063,0.03793209014725117
6237,92725,0.028414178080775628
6238,34269,0.04567371774859717
6239,71296,0.009685410439902413
6240,94884,0.01536670081056946
6241,1829,0.02682459934246609
6242,77486,0.04472512545344265
6243,53867,0.01794047916595717
6244,98130,0.0698745327640229
6245,22068,0.020521149616471633
6246,6448,0.027946032874534905
6247,19599,0.034463262004318276
6248,42310,0.031068085098824777
6249,98717,0.017490759245503532
6250,67620,0.017807080565986413
6251,53765,0.0398954034119966
6252,5932,0.049913070401742234
6253,20577,0.02906622396228511
6254,60562,0.034529982551133015
6255,78584,0.03376031937762233
6256,85585,0.021775393120460777
6257,403,0.016402799518198643
6258,52664,0.012531164420185854
6259,37704,0.026474387989760137
6260,29811,0.05760897366951317
6261,10963,0.014259928971818166
6262,57145,0.030879422981717
6263,47289,0.01748201276812589
6264,36487,0.015961283886521682
6265,35354,0.04083964987320851
6266,86320,0.017117275645295752
6267,88948,0.02201937353704759
6268,2434,0.02393916002107734
6269,21708,0.06405948083314608
6270,66275,0.08299852137052255
6271,2173,0.02794986030171379
6272,18368,0.05531208913938479
6273,93665,0.010061507827877233
6274,75723,0.009414565310848234
6275,71987,0.018256213459131497
6276,97271,0.008277337506971356
6277,35769,0.025178794370920618
6278,73591,0.022365046953996926
6279,38588,0.032653040449900396
6280,50495,0.02880543103281886
6281,16769,0.03546550560580141
6282,14874,0.02289494071859959
6283,73911,0.015459856233037143
6284,7976,0.019328682314116056
6285,60959,0.03530223063064785
6286,71004,0.03497102218510729
6287,51056,0.020523610815850364
6288,2454,0.021074189527778495
6289,93372,0.01812329452059168
6290,10936,0.05623905757857756
6291,26882,0.01605289330011558
6292,67708,0.018249445041110403
6293,88657,0.015615152185512748
6294,69467,0.014845921891337037
6295,12007,0.012507823459659817
6296,13297,0.02005221058425719
6297,87877,0.011760615217659535
6298,43919,0.05056859022272764
6299,57229,0.03923450071398296
6300,91066,0.036220246766121345
6301,20916,0.051051028956536085
6302,32174,0.02105080731104814
6303,73630,0.07134355496910452
6304,20183,0.0206846212359756
6305,28736,0.05183884722362535
6306,32108,0.030132769524091937
6307,33649,0.014342592684887788
6308,23490,0.06665235261208581
6309,93342,0.01587591487760192
6310,62710,0.03305635084766779
6311,93775,0.007604055857992919
6312,23933,0.01575827025884025
6313,66290,0.019926559737370387
6314,8395,0.040771612959207976
6315,62762,0.03956802853370628
6316,4359,0.041669157762237057
6317,21646,0.0396316678809519
6318,81511,0.02028921486015369
6319,63678,0.008962099561419086
6320,21968,0.021217565057803728
6321,48726,0.01112226492163558
6322,83152,0.04571847068257219
6323,46254,0.013821462690792898
6324,58345,0.048699032113686876
6325,83282,0.01938304255071103
6326,47636,0.019925529383037884
6327,41382,0.08520997006236361
6328,94524,0.014794133080160567
6329,64605,0.017335013070094503
6330,22315,0.032522642332552594
6331,19750,0.02473472391091126
6332,6005,0.05655595314858765
6333,51990,0.037243021777137855
6334,83372,0.018743381979412402
6335,37761,0.044634787726876686
6336,17156,0.03749095747148424
6337,92136,0.03125518700592683
6338,62427,0.017385375204089917
6339,86760,0.021810706014443054
6340,40931,0.03155457480742693
6341,64448,0.03154826343589589
6342,51237,0.021240417632958523
6343,86265,0.06960449321622814
6344,47943,0.020401928583636868
6345,93377,0.028382706268690945
6346,54090,0.020775747269176838
6347,22448,0.018419033879833943
6348,15111,0.030074795554533202
6349,35705,0.013214767113977009
6350,90108,0.02590310208406362
6351,58186,0.043280462412702565
6352,69498,0.025381730754451846
6353,89424,0.03652022723063858
6354,42848,0.03515344267254607
6355,29754,0.042069750887172984
6356,76776,0.028858600907762634
6357,15505,0.017129873013182934
6358,10548,0.030447006639289544
6359,32978,0.046283708501581027
6360,18205,0.025055055763080744
6361,49280,0.013345487741363371
6362,48073,0.02061800453320126
6363,30136,0.026912251371363397
6364,11317,0.02022988889020478
6365,19276,0.02301057995853337
6366,23547,0.07848350255725067
6367,18576,0.019145693987404684
6368,66468,0.019726681828424346
6369,45294,0.03393236982361762
6370,73530,0.04367059857813009
6371,47750,0.01914808514724215
6372,47092,0.01543951809198501
6373,94882,0.019607742314083253
6374,83483,0.05690150850388259
6375,41247,0.049736783492104544
6376,73231,0.010096959918937073
6377,306,0.02503283372913253
6378,12755,0.024857116423374705
6379,75087,0.035348454748168646
6380,63283,0.05803931015410471
6381,62141,0.032937381886013965
6382,84324,0.021674323522886705
6383,82435,0.018804900016177187
6384,68621,0.025293876669863914
6385,43675,0.033350449925256945
6386,12725,0.02967375751941614
6387,98059,0.014036718257705187
6388,42966,0.013737322221141591
6389,98617,0.01104616114852564
6390,10425,0.028876303825747986
6391,95040,0.022731192445346167
6392,45818,0.07713998159762303
6393,25230,0.03331285908529561
6394,332,0.020036077839329
6395,84871,0.031322948213114134
6396,70538,0.008934606266461548
6397,2772,0.009058325421984433
6398,17399,0.017885335251447535
6399,39017,0.04703474769479076
6400,94153,0.01682343904608034
6401,87576,0.027023524930377203
6402,28992,0.03993381408654258
6403,43641,0.007890169714660514
6404,6910,0.03560510513621502
6405,37940,0.029865921417251706
6406,49761,0.0104701296080724
6407,54592,0.026101839731133888
6408,1517,0.04960731891461327
6409,57240,0.014434824673242565
6410,89823,0.05879980976963711
6411,36820,0.02035008134406595
6412,70198,0.025618997922204925
6413,66755,0.027460138683289795
6414,59484,0.032441745762083835
6415,43736,0.015637084483492915
6416,24757,0.016126400479738366
6417,43385,0.06758738335535351
6418,94143,0.025535681027523936
6419,63510,0.008119799441042398
6420,16989,0.031757042431901375
6421,94651,0.021492658729510634
6422,98453,0.02336979217615924
6423,82599,0.015701391225562585
6424,42730,0.026170589445843554
6425,2963,0.01905109863746391
6426,36961,0.06123637715474786
6427,66089,0.03575004031107415
6428,67509,0.034150434298154356
6429,59857,0.025057544974125573
6430,82694,0.029321628233270176
6431,59217,0.060722106160737074
6432,13105,0.010926064731540237
6433,91653,0.03611138298968091
6434,17713,0.059722943935059086
6435,28782,0.014695489113753856
6436,45790,0.014441036941756993
6437,36532,0.013914665413046434
6438,33243,0.03946915255916371
6439,57208,0.02958178160959541
6440,91095,0.015027742957361678
6441,99734,0.03924808655740912
6442,87415,0.019888909340335385
6443,18062,0.01788276817261352
6444,45185,0.03900112798326847
6445,47350,0.039800662480891855
6446,22101,0.02563664145754345
6447,82261,0.020891802424375782
6448,32790,0.027691011259289328
6449,73215,0.06698608392538681
6450,25823,0.010966970219332076
6451,8571,0.01094447730116747
6452,58494,0.03901443647702376
6453,21093,0.034439361727494754
6454,26,0.023799478974060064
6455,73053,0.010393826743484637
6456,79021,0.038699559743902615
6457,24149,0.054939064853777475
6458,20373,0.06798348161067005
6459,67921,0.03334349595914476
6460,71394,0.030904849654544413
6461,4234,0.02283496315577148
6462,95941,0.01988443172227542
6463,78686,0.026787797834108257
6464,80466,0.04670843836008324
6465,24064,0.03862739705192498
6466,47449,0.01004218957152882
6467,81870,0.03519398474128489
6468,25769,0.03446545570134886
6469,24270,0.03097077127889679
6470,82634,0.02615046935501798
6471,48021,0.02940952004504527
6472,8161,0.01566543854218687
6473,91140,0.028007899568458325
6474,3978,0.0608066789489229
6475,49694,0.015624347104492965
6476,43370,0.0430049598403999
6477,16865,0.011427738034491578
6478,98013,0.02783915290020729
6479,17394,0.02671932199280948
6480,76273,0.05090584469681167
6481,34007,0.035019687395660325
6482,31776,0.04795612726873617
6483,31995,0.047864256989034945
6484,89542,0.027577654151764632
6485,77124,0.05526873717076221
6486,63578,0.018014299187114204
6487,38464,0.0589378893500001
6488,50423,0.05434976853005678
6489,69272,0.044662541392070494
6490,32885,0.058269788953029304
6491,51177,0.06103085251268277
6492,24409,0.03260757108442276
6493,76156,0.008066392818153714
6494,25748,0.011522894406840328
6495,77115,0.02069496894484823
6496,16435,0.05328688527724058
6497,88578,0.04926338984864671
6498,50264,0.01849642137165124
6499,82980,0.02953846984642873
6500,50390,0.052608944283948814
6501,37470,0.012663413046484672
6502,76179,0.02972496344375127
6503,49443,0.018166995695921187
6504,58925,0.03182294228447762
6505,9517,0.04059175352788901
6506,85921,0.027610612660323112
6507,41476,0.04973607055874323
6508,96466,0.054453446629964514
6509,65221,0.013574770326425251
6510,23652,0.017386456097470464
6511,70978,0.013489642395431944
6512,29713,0.03776590921554765
6513,57770,0.013152855853692936
6514,5016,0.028908141639881386
6515,4864,0.039906933587631144
6516,14686,0.02306775604879365
6517,70610,0.0213120386938317
6518,92343,0.03153007882794681
6519,28631,0.029590821605909437
6520,74302,0.03458099741793085
6521,58702,0.01823131994276443
6522,28465,0.03090125693302359
6523,59933,0.06005747764248902
6524,43466,0.019218526754584256
6525,40409,0.04601206887492416
6526,16252,0.028796403010757858
6527,42751,0.037584673605232634
6528,32184,0.02063255257379601
6529,78967,0.04835640948956446
6530,35280,0.0856107476415698
6531,71404,0.019412418445272556
6532,77543,0.0616900883084318
6533,43134,0.0328731840784998
6534,27537,0.11625183999926925
6535,12510,0.017805268294522163
6536,57669,0.024072199762149235
6537,76368,0.01753763890251973
6538,64495,0.04947680340771976
6539,66943,0.021053675891930846
6540,35778,0.04073054967807735
6541,83911,0.04183856046606345
6542,12536,0.025884837406163277
6543,21194,0.05301373370906788
6544,45789,0.020708923867105232
6545,59349,0.017754785301903414
6546,75409,0.039503378491107105
6547,59871,0.02809174597390731
6548,22491,0.01658747406450937
6549,69917,0.03043462749843064
6550,97278,0.060078795731065435
6551,7720,0.018661276939449793
6552,50894,0.01109944891128671
6553,49991,0.06146639850993817
6554,65791,0.03776440406092443
6555,50463,0.023971426078269898
6556,85117,0.05286362214195006
6557,53628,0.019951807764120123
6558,10228,0.02878295888522707
6559,24451,0.03680313095935223
6560,12376,0.02834306656013852
6561,50763,0.04743785998449565
6562,14440,0.02435683383164352
6563,81491,0.028284989390435406
6564,4314,0.01639399172333142
6565,16687,0.01378820923348796
6566,57305,0.04684334635798838
6567,39331,0.04771423472507759
6568,74896,0.01639592387896814
6569,7402,0.026728210171556317
6570,52767,0.0316650045266522
6571,29433,0.02372308128842525
6572,47821,0.032161728548928535
6573,98445,0.03683488660232049
6574,51036,0.024885039000219572
6575,31853,0.033660447015813375
6576,37008,0.01985260813784879
6577,16151,0.06764323375565354
6578,7839,0.016506142736206292
6579,7404,0.02345905365767213
6580,71825,0.03395633553550892
6581,24725,0.020526463071129892
6582,68820,0.024694653934133712
6583,81647,0.014234770079665594
6584,55411,0.03009871259132826
6585,73986,0.027882454034182887
6586,36416,0.06027269445652295
6587,17496,0.05500339332875862
6588,35604,0.04293770420611069
6589,57405,0.025409910696685415
6590,60855,0.009635873790324975
6591,28149,0.01324233021386814
6592,96265,0.01721934023414287
6593,29174,0.022307938280089833
6594,54274,0.014101761805871742
6595,73084,0.021065820705277728
6596,10956,0.007477040289662174
6597,65424,0.05839105453651865
6598,45149,0.044565022606804915
6599,42568,0.025408889584808615
6600,21051,0.018333853065065422
6601,26775,0.012096125570149139
6602,438,0.034501732413419015
6603,33817,0.01853611697557704
6604,14727,0.02205845552454288
6605,13885,0.01711066403754099
6606,33571,0.011799307936686456
6607,61340,0.025913310412764783
6608,33781,0.0673210769375871
6609,1080,0.01993795613237558
6610,74642,0.023377490945902413
6611,24139,0.009771110536424675
6612,94846,0.03357415620240928
6613,5776,0.024905026585388103
6614,80336,0.013279553759886192
6615,38307,0.0128096464153847
6616,78978,0.02186387862132267
6617,10409,0.023527889444742534
6618,20557,0.019143613866411693
6619,31992,0.01790560488247488
6620,27034,0.032282411620287846
6621,46618,0.01987254754790344
6622,6914,0.02106009600048274
6623,34271,0.02297920548921225
6624,31408,0.029021796723249813
6625,14570,0.019851943073577242
6626,12326,0.0224590634259496
6627,12367,0.07137993282982502
6628,99236,0.039371007617613224
6629,63492,0.0724297449319897
6630,54562,0.043267347250789435
6631,46748,0.04632341285697461
6632,90041,0.022999886274957436
6633,23904,0.017681708228168114
6634,77973,0.04208181707014988
6635,29889,0.03968596491257102
6636,88771,0.03699942432800758
6637,18704,0.02021100635856057
6638,71340,0.02585301475435689
6639,12588,0.053176590935963
6640,94169,0.01505525932537843
6641,24630,0.038362140979091804
6642,88665,0.06886801889607577
6643,49589,0.013703295958607089
6644,4683,0.014966064456927117
6645,82300,0.02925482023460046
6646,35664,0.0329061336053853
6647,77480,0.011792624092059036
6648,74498,0.013910854603646694
6649,40224,0.0072308706166414145
6650,36799,0.01861895471157708
6651,38960,0.023794204236896217
6652,35504,0.007897154131121947
6653,17004,0.031854740349395255
6654,79126,0.03099823266615303
6655,56486,0.027472108835976096
6656,34817,0.035631464641234345
6657,30823,0.04588823299862963
6658,2751,0.022725889179457184
6659,21917,0.030213923997210363
6660,73898,0.01045239532679398
6661,98694,0.010719077243263757
6662,2043,0.035197614131700375
6663,38850,0.036202817151714535
6664,42344,0.012728347652595524
6665,63319,0.014912618927628775
6666,74122,0.020990750344655293
6667,6722,0.026766880345073407
6668,99434,0.033600315263197345
6669,64595,0.016696526648253645
6670,3832,0.05187848013780091
6671,38984,0.022120821785059582
6672,16539,0.018022184985952056
6673,75511,0.03524329162526753
6674,26161,0.010579410544827805
6675,58124,0.043256007022100126
6676,146,0.009720046890991799
6677,80527,0.017192649255648184
6678,1434,0.01126859665130784
6679,98659,0.023798433967805
6680,31068,0.032556640595186204
6681,59572,0.021822127108285343
6682,16226,0.019513698996420643
6683,68207,0.018379043047851318
6684,73969,0.01677544326548152
6685,14606,0.02775730524910765
6686,64152,0.02271657727023856
6687,71238,0.036434178967444025
6688,75385,0.02420827652924381
6689,3866,0.01621662097153046
6690,66850,0.013763710890703945
6691,11621,0.017866215436491494
6692,24070,0.039596106983753904
6693,10221,0.02109831918041324
6694,31010,0.02552981698964742
6695,83546,0.03833692262278651
6696,73721,0.02649789644961113
6697,86557,0.009760398084689672
6698,77179,0.016408155316762194
6699,44828,0.05878510670667092
6700,96018,0.036095024476343884
6701,62775,0.043710528508780606
6702,79514,0.02680063315039061
6703,44854,0.018333138929728765
6704,14029,0.05199838053375118
6705,62970,0.018291867507593255
6706,56314,0.03491138459269963
6707,5143,0.012039875396472832
6708,92152,0.010014793814652987
6709,97829,0.017720548963065498
6710,70952,0.024171202194349557
6711,8472,0.01376881641144241
6712,11260,0.030323045098948814
6713,724,0.026157995820212908
6714,65159,0.027786715126763874
6715,68076,0.02337638207369351
6716,40782,0.06916997202783354
6717,3041,0.03010223955361585
6718,38120,0.04176869670524172
6719,55335,0.020838095793386788
6720,11788,0.02681149024189636
6721,77638,0.03603703576699595
6722,81054,0.06134094419612058
6723,50303,0.02048936652618395
6724,198,0.022724312206281762
6725,97555,0.009169678783035495
6726,85425,0.01296629037584769
6727,39117,0.01948085435356294
6728,22084,0.00976952905023465
6729,66304,0.010161235508380537
6730,79540,0.02852339299016179
6731,20303,0.036175873407131014
6732,33112,0.032421996384776136
6733,33196,0.011013512238842286
6734,17865,0.015952209469458682
6735,65562,0.02514895268694987
6736,29931,0.01998547264094791
6737,15051,0.02341214370639985
6738,18794,0.040374698843198824
6739,60675,0.016952653891285724
6740,25213,0.024049820395626573
6741,83734,0.019475936023904614
6742,20698,0.014918613266734727
6743,66555,0.026102118586974397
6744,70502,0.025374393694220287
6745,88371,0.031054614348356237
6746,97589,0.039639730820794
6747,16724,0.010148072101225305
6748,71527,0.01959502925797787
6749,56254,0.012311932210902534
6750,39587,0.017337000470399502
6751,952,0.029518429034920985
6752,77755,0.017371090302054738
6753,23478,0.026422074759082897
6754,28359,0.018963871734741754
6755,10223,0.03277159012570954
6756,27819,0.034876092225455665
6757,60782,0.0160357692259327
6758,1292,0.02724696175464116
6759,92615,0.025483103860240174
6760,98191,0.03097224126050855
6761,49308,0.010495375708372567
6762,48696,0.00905832690577522
6763,84005,0.0269256240075504
6764,64337,0.02426572518024743
6765,90454,0.030238725196888885
6766,89265,0.041845418846085024
6767,98023,0.033929653948228666
6768,63950,0.0168307158075231
6769,29957,0.010996540660031723
6770,74143,0.03477196400508762
6771,51168,0.02371467387865096
6772,21507,0.016685380634323604
6773,50307,0.015809413538057038
6774,22663,0.011736430000173843
6775,38026,0.02995691674290121
6776,50964,0.011674168685205794
6777,83994,0.013425992600330759
6778,55770,0.012168344897603763
6779,72091,0.01760803388342207
6780,47699,0.024038483369454067
6781,21400,0.015714136599392345
6782,59336,0.0200379821251565
6783,32238,0.011368826637075754
6784,31451,0.02557388163435082
6785,63008,0.013865997053268388
6786,95630,0.016742895314079055
6787,63736,0.022023459691398187
6788,15696,0.0362907041807919
6789,40789,0.02966861458452154
6790,18605,0.029351734859402262
6791,21960,0.014150595175277413
6792,89723,0.01462228711554671
6793,58205,0.013063699213175175
6794,8517,0.032816787267332885
6795,5235,0.012922856523188885
6796,35712,0.045398384555464626
6797,13216,0.016362304045605056
6798,89571,0.013733152418415868
6799,58160,0.008828122519975456
6800,53260,0.020583351030043016
6801,60604,0.032524082119214086
6802,20871,0.022572560739756276
6803,71603,0.04062453904486918
6804,54203,0.03221576167686918
6805,20901,0.033121416466501116
6806,6586,0.017723224399801167
6807,88583,0.03222971563059356
6808,76229,0.015251281063278662
6809,1073,0.030762875307805734
6810,31165,0.02061405783026975
6811,94013,0.01858700056496149
6812,77736,0.014815689186320135
6813,82516,0.03780295047746556
6814,96683,0.022884648327423856
6815,88818,0.02376773197084014
6816,75351,0.010790581280173284
6817,29341,0.035196291400011716
6818,97249,0.017088078414491316
6819,75092,0.03808567835079079
6820,30993,0.036156614545600325
6821,37374,0.035434614203709656
6822,79469,0.010997478884381467
6823,59876,0.028495494715706202
6824,18026,0.04057755213941459
6825,44760,0.042383154907035724
6826,25349,0.030134862845723278
6827,93438,0.02982910972402086
6828,11183,0.030386988178061583
6829,68385,0.014591624629503993
6830,72325,0.027070261172049852
6831,83007,0.07309430723320032
6832,43357,0.017523377256273575
6833,90876,0.055246693159139514
6834,81642,0.011050887439369581
6835,36852,0.05586080123121485
6836,36690,0.056810011971849636
6837,53832,0.0522759363148384
6838,55264,0.019890332165689487
6839,79509,0.028514861488385623
6840,14277,0.022025706854538456
6841,28706,0.04361681237761446
6842,78511,0.04391029048711131
6843,90473,0.030108262454294994
6844,80630,0.056821463178840834
6845,61483,0.014885834620401515
6846,32353,0.02501471424954124
6847,67710,0.01394628930458095
6848,66102,0.027230748507119675
6849,83958,0.026162076336961253
6850,39862,0.02023232918122083
6851,33983,0.025996837722996293
6852,6580,0.03256084440017939
6853,77608,0.02448339488752109
6854,89946,0.05111493325759922
6855,47326,0.013785137852083042
6856,67754,0.023995542208864924
6857,40040,0.018924806457639446
6858,90077,0.0276385265804543
6859,56842,0.027542946046725563
6860,97075,0.03577568000024488
6861,58596,0.022286250456873106
6862,90095,0.01954398775561431
6863,47724,0.014470824085273984
6864,27290,0.023524283166145504
6865,84913,0.02645118813489844
6866,31797,0.01946244848197022
6867,47659,0.017605600498931617
6868,59875,0.0522230052811992
6869,19482,0.022686332391663094
6870,42239,0.01703657437970916
6871,96277,0.04436707399796039
6872,16268,0.018012047794297
6873,69102,0.023666345100920007
6874,65616,0.01695494909291926
6875,7940,0.06339192952889172
6876,14196,0.02494105012905873
6877,56869,0.03753589742502397
6878,36284,0.011610904808778785
6879,34442,0.05039460118674293
6880,89900,0.04682182728001993
6881,49092,0.0347481272220189
6882,20434,0.03457096869330868
6883,24102,0.06423188609857221
6884,63036,0.024470093549630978
6885,41524,0.034520769210759916
6886,40654,0.02375088594581028
6887,22612,0.008260163448605804
6888,37100,0.04032767291854995
6889,60529,0.013991289808832453
6890,86807,0.025680094710852707
6891,41938,0.01980427300996659
6892,28474,0.01741413004949615
6893,32914,0.04830253048953192
6894,33769,0.025546078253136366
6895,12099,0.033665417839509985
6896,33295,0.011195868969924055
6897,87731,0.027085028301750063
6898,71226,0.02378484511026798
6899,66476,0.02368619726351195
6900,9678,0.014156969446198982
6901,90882,0.014249331655666289
6902,45077,0.03977256993825245
6903,36421,0.011743026342243366
6904,97672,0.06212558424172585
6905,14906,0.02957202588762607
6906,57935,0.014658054132776818
6907,80781,0.012240829650962968
6908,7029,0.02202019786038442
6909,68211,0.015100034560736497
6910,39680,0.013455727252881303
6911,22851,0.05295916626954187
6912,40488,0.04171342013884104
6913,47890,0.01964705771478968
6914,94697,0.01979637814288558
6915,66319,0.03532042678411756
6916,47998,0.025021672159795737
6917,75941,0.013107302262935563
6918,93574,0.027662677015233145
6919,53403,0.033052296178811134
6920,66851,0.024748929499138258
6921,42043,0.01600887388334114
6922,2402,0.013500156993243783
6923,31126,0.018361056232613148
6924,81699,0.023206423182433013
6925,28961,0.02753098588090285
6926,19486,0.019552122570126777
6927,11592,0.013240776593131972
6928,68729,0.05115271905564039
6929,93901,0.0511851810632711
6930,39266,0.02870036392829111
6931,18746,0.03121202922902485
6932,47609,0.06001671846312118
6933,5567,0.024309874932189036
6934,2657,0.03960089431385876
6935,11551,0.04372392497394559
6936,66059,0.020731076568513536
6937,64712,0.026015474525999508
6938,51027,0.012914091784891368
6939,31618,0.01994374837817614
6940,60177,0.02934233353133274
6941,55590,0.01763164840762672
6942,65369,0.013162449622182111
6943,30481,0.028881885654580056
6944,37611,0.010802009153249057
6945,4665,0.06635932576205761
6946,17389,0.04756025644254526
6947,31169,0.08357111742677856
6948,24425,0.03259705568446618
6949,68785,0.020566408752804938
6950,11157,0.048866365623315325
6951,40123,0.03327619901088667
6952,40420,0.035699887489193415
6953,45225,0.09125206304039349
6954,30801,0.026979162809967115
6955,2365,0.05400500170291384
6956,79026,0.02970676522976018
6957,23297,0.030499071725412896
6958,42660,0.009019062580778347
6959,93559,0.009787595611284752
6960,47051,0.022240848298977364
6961,70784,0.015700784282398506
6962,19910,0.01646345419400136
6963,74696,0.030017787820553206
6964,43045,0.02213931740685312
6965,23831,0.03436800047826975
6966,82611,0.05740546732019119
6967,7862,0.033417706833302294
6968,83441,0.011661607271071031
6969,62009,0.022812189517833543
6970,46650,0.06060101479149126
6971,15902,0.027246947109021785
6972,29382,0.05194684225559959
6973,39004,0.0256840596724588
6974,2299,0.04569851100522316
6975,52574,0.014263338284431961
6976,47114,0.012409697774762926
6977,67758,0.03157695817391013
6978,9036,0.0226001888736881
6979,34167,0.03882307582755388
6980,89896,0.02888349491451992
6981,83435,0.058024340744822836
6982,96664,0.017183447735537125
6983,13884,0.011788247775192927
6984,8457,0.039242906011561815
6985,86488,0.0345963717510913
6986,82809,0.007261828053680698
6987,80812,0.009631633493450259
6988,64383,0.028872805275345564
6989,53123,0.04687620456956795
6990,28110,0.019208434984881843
6991,53814,0.047817823736313395
6992,90258,0.034751613321331004
6993,38079,0.039011728694944264
6994,18273,0.051530569914728555
6995,68556,0.059998876894866965
6996,39670,0.04436256511854142
6997,56744,0.013821249771873247
6998,71662,0.026918603642966835
6999,2509,0.02406854569055779
7000,95119,0.007421610470593112
7001,68758,0.02433350190504679
7002,43715,0.02078659232923257
7003,73402,0.014184562727677884
7004,25762,0.05223220565981745
7005,39863,0.02996626430086996
7006,82129,0.022838948928701423
7007,99081,0.04155805588468363
7008,67067,0.023827662414444613
7009,70023,0.0193462663285197
7010,47682,0.017202837557902875
7011,52722,0.02691411614658977
7012,81671,0.0239060634316764
7013,4608,0.030513297744093566
7014,32273,0.049632367060752504
7015,88021,0.027609192709153345
7016,81061,0.03114489707788158
7017,7738,0.026369812487301032
7018,90985,0.03062037895636682
7019,5400,0.05735331179828885
7020,88498,0.01300771784390353
7021,69969,0.04963799047787056
7022,4082,0.027234329555911183
7023,10260,0.0317833418370638
7024,11947,0.01468673941165062
7025,91148,0.03041246035536666
7026,95273,0.029383394310106115
7027,32038,0.029316788369414582
7028,93683,0.036036122364466364
7029,12413,0.026489201074238758
7030,98161,0.01736440865241383
7031,9629,0.026287675216872444
7032,70263,0.03212806894112455
7033,6924,0.02023244348244832
7034,79593,0.023812125153477377
7035,2037,0.03065651085561663
7036,8869,0.009515712250627369
7037,11132,0.03299091623042579
7038,49166,0.0244970098173449
7039,39088,0.011025333534803167
7040,77756,0.013562391116568078
7041,69037,0.024160543711939417
7042,7509,0.046361450296800104
7043,59999,0.010261390519826247
7044,53750,0.053767717353192176
7045,60212,0.015496639422891312
7046,94770,0.015603983927324396
7047,82750,0.02241309302469225
7048,97898,0.03491916676570529
7049,81404,0.0171046733241869
7050,15371,0.029639865528778987
7051,72440,0.015203621493329758
7052,55874,0.011090770217237209
7053,86034,0.01669593293801215
7054,89672,0.017480255069881573
7055,98124,0.052739702843170456
7056,35563,0.015615535248812915
7057,73780,0.0700867548613631
7058,41348,0.04790011139677399
7059,29924,0.01658941153027189
7060,6796,0.05143670167361544
7061,94183,0.027506523374256183
7062,60862,0.013283283104674845
7063,92611,0.018038498295215116
7064,90270,0.013592119967118786
7065,55915,0.020892993814629945
7066,82777,0.025167818779719634
7067,53940,0.04843974969017132
7068,4178,0.024253591565337386
7069,21243,0.021243384299828756
7070,52123,0.01663304869953459
7071,29151,0.019993529727827457
7072,98696,0.0162946186350216
7073,90220,0.040629819156222755
7074,20932,0.020371869959884194
7075,37426,0.019642475276419356
7076,20056,0.03811054159514767
7077,50063,0.013196220697936214
7078,13496,0.02482856962303049
7079,1051,0.011517730415653623
7080,60479,0.022053274354936096
7081,79709,0.023458002930291436
7082,12265,0.017113638105535012
7083,92899,0.020371865076020585
7084,19667,0.06469244794262383
7085,3644,0.013415142310611772
7086,68674,0.021864576990077145
7087,55098,0.01788827152373465
7088,46828,0.021712576716386316
7089,36370,0.030669736171678022
7090,81132,0.010996530226235904
7091,73477,0.06395729462380581
7092,13582,0.020146183908417985
7093,92106,0.022967131808703238
7094,74853,0.03954274392727769
7095,43492,0.025328127920117276
7096,27439,0.018734072010774927
7097,53117,0.012768371473399888
7098,94586,0.01581693094165869
7099,2784,0.016575271148218117
7100,20885,0.02364364062433117
7101,31519,0.015610817458740201
7102,90952,0.012047610640028163
7103,2243,0.023927246990250714
7104,58931,0.05037077366337725
7105,43689,0.048237670852244355
7106,43838,0.03766746293389766
7107,30747,0.036427371743203825
7108,83673,0.02080020771090651
7109,5529,0.009531239700086371
7110,2811,0.015090549005643102
7111,83115,0.04312613212220844
7112,52733,0.012045781904066015
7113,81210,0.01052743270469838
7114,4044,0.03486446688731627
7115,70984,0.02094460541051158
7116,28730,0.021478911298658886
7117,39835,0.01717107497040873
7118,30269,0.017326983747897734
7119,38848,0.022660852803409202
7120,76256,0.023832999049167768
7121,29057,0.07529914701472974
7122,38837,0.026951552800291222
7123,49652,0.005904569523623122
7124,23691,0.043573041572610736
7125,87678,0.04806067887935902
7126,32687,0.011309550126862862
7127,33451,0.01200274235083875
7128,19056,0.031251993835289024
7129,58034,0.015472791446792606
7130,48670,0.018384121368851838
7131,7764,0.015132494033292223
7132,15524,0.014724613632863502
7133,22497,0.02628357424417154
7134,7397,0.012706582825349323
7135,3745,0.03426384343373076
7136,6632,0.019495788879057098
7137,2615,0.014459343027051576
7138,40838,0.05360387803435385
7139,75695,0.055435990103307645
7140,37105,0.03126078339101125
7141,59323,0.011185831213814106
7142,50465,0.05650484265907379
7143,30968,0.023536207224218765
7144,10990,0.018001304261459853
7145,12370,0.011895570535240083
7146,85526,0.03172251600035832
7147,84892,0.028425815483182654
7148,64851,0.01318193561895283
7149,75038,0.015011218164903719
7150,72560,0.01938976829835156
7151,17314,0.0418985852955041
7152,78647,0.01588237423517696
7153,8432,0.01193728813496088
7154,80389,0.035785456689102706
7155,48714,0.023538947339804807
7156,98624,0.020571741762967298
7157,40429,0.019086993062223417
7158,39827,0.06164329509380164
7159,90801,0.015807770079178635
7160,54046,0.01563771613513705
7161,66332,0.008012947365129842
7162,36457,0.02054091086326968
7163,45460,0.08282490954018525
7164,11783,0.031897083850275544
7165,64476,0.0227109695505023
7166,75203,0.019952455635521192
7167,91456,0.04245876744039943
7168,93495,0.015573481973711441
7169,26597,0.022077845776686266
7170,13134,0.021617928250120638
7171,17581,0.01790335438642757
7172,80646,0.03385424730008476
7173,6518,0.016252190155850107
7174,6724,0.015492415926396847
7175,25303,0.008227345578603142
7176,47421,0.015589838655190254
7177,12020,0.03155669849604638
7178,88738,0.024370505609626433
7179,85170,0.01926580443761955
7180,58047,0.01537313652672918
7181,71257,0.03553958222365299
7182,31520,0.030985079547000336
7183,3242,0.04531515895085375
7184,5272,0.013081964227274711
7185,81998,0.03771764108637181
7186,23550,0.07293024341955895
7187,36058,0.014140537127010185
7188,88693,0.01903409561922792
7189,97323,0.049105311239561876
7190,76881,0.039477872761616385
7191,21121,0.015451429336440461
7192,18271,0.04709209575024138
7193,73763,0.01837879204188004
7194,22680,0.01708846753949779
7195,65268,0.05811192394772944
7196,83476,0.05808314626614655
7197,76362,0.04157516623682196
7198,80520,0.022444773734159575
7199,37911,0.02363911179108126
7200,89026,0.035500666492427
7201,53705,0.04547830889877323
7202,84333,0.042324721750751554
7203,92537,0.10427483892893541
7204,38404,0.014230997343169044
7205,42382,0.02189215688944402
7206,56868,0.00697727725606945
7207,8019,0.02949483550096457
7208,70326,0.022080607033709176
7209,32512,0.012647769360852084
7210,90239,0.023885531412794335
7211,75637,0.024251813589879365
7212,10287,0.03503057511676626
7213,48309,0.016868559853465408
7214,76260,0.04254509191656861
7215,11045,0.009454250907507667
7216,78125,0.02300089110535429
7217,30562,0.04346974500951366
7218,6207,0.01154521440468514
7219,58247,0.014247886275286963
7220,50650,0.006763188911444928
7221,79912,0.02460825173493664
7222,26944,0.04205832406248093
7223,60381,0.026630653675422968
7224,47535,0.05229760417905188
7225,86058,0.017633567107038905
7226,80816,0.02122884939040067
7227,58113,0.022684625404509554
7228,9610,0.018440264462556054
7229,6301,0.04451677779149382
7230,4759,0.03609999017674631
7231,56845,0.04225060315164187
7232,86915,0.027158568605786096
7233,45474,0.0161834740712311
7234,14224,0.049789901887411864
7235,66217,0.0595365046308297
7236,45922,0.033351978050347786
7237,36834,0.04253478826826936
7238,81155,0.009824760180304853
7239,91241,0.01021535550369191
7240,21278,0.040091755776428685
7241,53967,0.05171518209138103
7242,33955,0.017024142167275977
7243,93472,0.025123681237088046
7244,67661,0.041767203781680265
7245,32505,0.0211291261555057
7246,6936,0.01162308511596673
7247,90679,0.03858846676017459
7248,60395,0.026026744363088994
7249,1834,0.025514165383354652
7250,72687,0.04729171027049447
7251,48004,0.02441207964753566
7252,12368,0.011558192989830001
7253,55308,0.022494884323405358
7254,17054,0.03442128560830236
7255,27875,0.03110966718375732
7256,54199,0.047326383930794906
7257,77679,0.05211155189103531
7258,33400,0.05239568246270171
7259,13839,0.05900625401442799
7260,4799,0.014421629246051056
7261,86361,0.03018671813668221
7262,78886,0.03209273961716142
7263,39767,0.02867862667803705
7264,69418,0.02314624255640149
7265,39378,0.0391939404155419
7266,56117,0.014894811720422205
7267,40862,0.014700891970360536
7268,80620,0.015812720155879853
7269,69314,0.055572638617421094
7270,16743,0.026199163283918952
7271,32146,0.011016409568884767
7272,66381,0.0230924599041384
7273,39982,0.015702352027028986
7274,67414,0.016384398735871726
7275,69384,0.05712473763329029
7276,5102,0.010582042477917046
7277,21241,0.03236993747358719
7278,47215,0.02951924055850918
7279,28517,0.018855552860894898
7280,22726,0.023161610410903304
7281,31117,0.05921587862400411
7282,40935,0.042706516154512576
7283,9277,0.008534499188382397
7284,28098,0.02629015535955831
7285,69141,0.008945192479181706
7286,615,0.03399914395918813
7287,80575,0.042615313527545294
7288,88308,0.009087256354952125
7289,41927,0.018752128851312368
7290,34421,0.04402825315673219
7291,64586,0.020944535998740854
7292,54301,0.03324891611158465
7293,64591,0.014318658080483878
7294,27041,0.029020039424687456
7295,79227,0.014535270818443021
7296,8060,0.05991910185400625
7297,8297,0.03422029420525243
7298,93194,0.014080641077412552
7299,98391,0.015269217945895851
7300,77926,0.022235379776305863
7301,82969,0.027841170264794546
7302,76432,0.0183282529855941
7303,5515,0.026875113000691557
7304,18517,0.052162406618253505
7305,78817,0.016313757096605132
7306,10151,0.0476166843806089
7307,46399,0.008384094100895228
7308,70616,0.028466433547320934
7309,65282,0.016943890618067822
7310,96105,0.05294474276961242
7311,77149,0.0280337876622234
7312,7779,0.0635045714610285
7313,40770,0.013683369245832574
7314,11955,0.02589654203784661
7315,1386,0.016850539267356204
7316,49809,0.030193761817201716
7317,62246,0.016766434969968387
7318,94192,0.025713747551453642
7319,84315,0.021756611135388834
7320,39632,0.05485919509472738
7321,93889,0.014881128444483227
7322,26491,0.03164259809486697
7323,90567,0.041628597009621474
7324,89650,0.03248911134051902
7325,21042,0.013126046318574497
7326,81900,0.032015512209298366
7327,23380,0.025118583638594986
7328,52785,0.032799028423634476
7329,68828,0.011933549777415602
7330,10219,0.01216606375418337
7331,38479,0.03476498202801784
7332,44032,0.019548394548409884
7333,71195,0.020442976612919554
7334,24018,0.019895458177621714
7335,49849,0.046758347848917775
7336,29096,0.02310783986926178
7337,51994,0.031455755566475355
7338,78167,0.01503203008239518
7339,93165,0.009371082195118978
7340,15904,0.05001346884035919
7341,31530,0.010759523748289564
7342,34801,0.01774521146998369
7343,89592,0.02380216897259889
7344,50800,0.013523435718106592
7345,47182,0.014648429873662164
7346,33021,0.013985200069568807
7347,20397,0.032287409119824556
7348,46773,0.02315667888023574
7349,51023,0.04166415518196
7350,95427,0.035011869365858136
7351,30691,0.034343768817745264
7352,99654,0.03108550744637356
7353,25660,0.03542123134622209
7354,22133,0.01753050626752735
7355,61803,0.015231945466023553
7356,8263,0.0324698578986856
7357,60525,0.011940751906024075
7358,9961,0.04602318094127607
7359,55588,0.020211110471989757
7360,66065,0.04620929734020722
7361,51936,0.03803557568624797
7362,22365,0.02117891099914208
7363,86965,0.01713118750784433
7364,599,0.021148879017239237
7365,60796,0.01402976484507765
7366,54820,0.028734176833204454
7367,32940,0.04920569091024737
7368,647,0.035373526243546255
7369,3580,0.017420470202528023
7370,35696,0.014169676956646733
7371,45909,0.0242332322439587
7372,60024,0.017062052741899272
7373,62721,0.013817103441265126
7374,8910,0.019489616863691075
7375,8724,0.04384328999349668
7376,24314,0.007993159047898995
7377,32084,0.017000956926202435
7378,13677,0.025837330188698437
7379,81847,0.015981410143319278
7380,72068,0.05123869098799956
7381,2981,0.06394109800027359
7382,59298,0.01587525217392084
7383,71502,0.015139741145795775
7384,30442,0.015524727542168167
7385,34881,0.03255376461445757
7386,71545,0.022882647787610715
7387,24597,0.015599509694235769
7388,37671,0.03640661714975076
7389,75419,0.025826694141763865
7390,35242,0.017084756944444356
7391,10366,0.0126463830992616
7392,49279,0.018310932691013415
7393,56112,0.014986281144355554
7394,33381,0.021945930302055747
7395,80380,0.038885541413447834
7396,12879,0.0269350290886232
7397,62936,0.02064170017751702
7398,84290,0.03605302894617954
7399,30714,0.023835779674672705
7400,98666,0.01322288073778759
7401,26790,0.01689643434739449
7402,50416,0.02576245235020518
7403,76319,0.061568253279572875
7404,92835,0.056692745275121324
7405,78122,0.04184446224298401
7406,88801,0.03596322484704185
7407,68972,0.019720850650144898
7408,70090,0.01406614119368574
7409,32008,0.06203647198986396
7410,52821,0.02882766014145386
7411,85562,0.047869457883901206
7412,56682,0.017813359944384967
7413,6419,0.05775569059155019
7414,52751,0.02546246519048521
7415,65017,0.028948840501443585
7416,5997,0.02702866492845477
7417,18733,0.03361120414916642
7418,66074,0.05296368892853153
7419,93651,0.024060583970870873
7420,42033,0.024632842820497332
7421,67276,0.05095659065219842
7422,38805,0.04319494058888982
7423,83867,0.04316688727514466
7424,15533,0.03844010100910403
7425,22606,0.014301053295513642
7426,63259,0.03683389109328472
7427,76062,0.0565471275912141
7428,76337,0.013704054006445825
7429,89787,0.021076535890214514
7430,90098,0.020196846851506852
7431,81356,0.013520898291404692
7432,30917,0.0192318907502042
7433,2831,0.037302117480249586
7434,36559,0.020281433568742704
7435,23406,0.020518420405528467
7436,96662,0.030261276558536807
7437,81096,0.06168539551028956
7438,57472,0.025596527947794913
7439,879,0.014712802424733178
7440,3487,0.06143358352353876
7441,5546,0.029131527592137274
7442,48483,0.02337286875283088
7443,48052,0.028477627498640863
7444,94008,0.017679495017611985
7445,97580,0.020923801759307508
7446,30753,0.05654860209927591
7447,54655,0.022054484767924307
7448,74478,0.031502617685553264
7449,78297,0.04846909010808426
7450,87352,0.07882398868341091
7451,16309,0.022119463157298624
7452,28440,0.018635177192187272
7453,38388,0.020897866654397867
7454,58590,0.01869927772806529
7455,94385,0.0767802771976547
7456,39959,0.019569723364246835
7457,95729,0.01249004166345192
7458,67466,0.017911948007352324
7459,22331,0.03987558556623834
7460,96387,0.03992634836339287
7461,24385,0.02690074588603558
7462,99270,0.01319913025183511
7463,83174,0.041830927805380544
7464,38318,0.017812242373798196
7465,73332,0.04629575183732412
7466,28483,0.01534671337230959
7467,84284,0.021044486410937823
7468,22993,0.047137349046976855
7469,6680,0.03506506885694971
7470,1042,0.05814618442181437
7471,45905,0.028323741789703292
7472,99383,0.04784505379562167
7473,93537,0.047129246894618865
7474,12855,0.04403699480720847
7475,12922,0.014183220884167217
7476,48871,0.011586099408888495
7477,80308,0.03779257284688213
7478,78744,0.05309782052889573
7479,94055,0.021761731333702513
7480,60385,0.02058977843581073
7481,35520,0.026364438288730082
7482,31507,0.022320823804758545
7483,4443,0.045789056762023474
7484,52929,0.0364489579594867
7485,58530,0.041240976773999814
7486,24166,0.011162142431811132
7487,23594,0.05037579070245886
7488,62458,0.032573058598526265
7489,20859,0.024334705237453267
7490,20756,0.031275331578960175
7491,89277,0.012202238219536046
7492,71197,0.04268646996232161
7493,70375,0.012383273860806161
7494,55431,0.01745692788541562
7495,10743,0.03088491344109748
7496,83971,0.022904531339270794
7497,75688,0.050936933385982396
7498,58889,0.026452368124691622
7499,85395,0.019733570877149435
7500,23869,0.037957358404392946
7501,1772,0.009009343505863996
7502,90988,0.04465351480954847
7503,2717,0.03396003692728902
7504,65107,0.04285626093274522
7505,94797,0.041889045420309245
7506,83927,0.03987731936845135
7507,3713,0.029298538379666894
7508,55542,0.015409221452263543
7509,82180,0.024308547681306397
7510,99547,0.02830313393811782
7511,8528,0.059604519950796325
7512,46645,0.016987454229734897
7513,48026,0.04686876006888547
7514,84199,0.011360366022052749
7515,3921,0.031018264757863644
7516,34697,0.02974900685958627
7517,8184,0.04352781412243376
7518,71684,0.015261220494344698
7519,51444,0.01539399691971191
7520,80949,0.01743019874363925
7521,38181,0.052249584717371636
7522,28695,0.07615235322210498
7523,33442,0.03991103437108931
7524,9212,0.05446599243046695
7525,16348,0.016365685235757675
7526,713,0.01603815941290545
7527,44269,0.026606701554267663
7528,22077,0.02417382367215019
7529,12704,0.029138563717661603
7530,19598,0.01966835036959596
7531,16894,0.034463324956746914
7532,47477,0.021607814216538727
7533,92073,0.07682045303026598
7534,7258,0.014027883280866196
7535,75077,0.04635897634835574
7536,91718,0.038684387805834775
7537,42970,0.013434280411766655
7538,57199,0.021112915594984082
7539,34536,0.024392101964564615
7540,62132,0.02835138352591026
7541,23102,0.023183197635025243
7542,13755,0.034462799611729766
7543,85881,0.03663367778864029
7544,90290,0.027123195320753298
7545,21387,0.025561389340548784
7546,31972,0.038448762930539324
7547,66096,0.04433958384543175
7548,56959,0.010431299175202406
7549,62812,0.034642353969579515
7550,16275,0.028129289322583045
7551,54409,0.029383082657926995
7552,19492,0.030148900772761205
7553,77813,0.04767540093265343
7554,37076,0.018042755517471806
7555,4834,0.06315216242067444
7556,49,0.06034275090239106
7557,77202,0.031089261911782094
7558,34447,0.013905260761706156
7559,4089,0.01871935852530411
7560,43631,0.03157214616319871
7561,30972,0.05303011332946378
7562,33279,0.0409846727344627
7563,4502,0.022846872399987905
7564,12433,0.014920770957674688
7565,19883,0.015858466575108473
7566,36377,0.019510534302100296
7567,34597,0.016187773577280837
7568,44982,0.05071820871445489
7569,3907,0.016899237271022452
7570,38150,0.025426212051524205
7571,22308,0.009422016680168966
7572,73225,0.0192641751968797
7573,94298,0.019618620653329397
7574,61823,0.01950006491385838
7575,29626,0.04518688044229535
7576,83954,0.03216543680218407
7577,50954,0.032564828168369406
7578,33995,0.021033716161188605
7579,66092,0.011104175474869724
7580,37310,0.07655026536317538
7581,97989,0.028714807843459596
7582,10324,0.04540626914780652
7583,42146,0.018750372853190492
7584,4755,0.0377004164009517
7585,25059,0.02217293962800664
7586,54127,0.024202626001722887
7587,15119,0.03117686158034024
7588,61949,0.028938154015848226
7589,50291,0.03754101565304058
7590,58953,0.030949267354985367
7591,15947,0.014225589237450141
7592,87294,0.04989557327214824
7593,2975,0.049297746068472384
7594,28085,0.031505710030137635
7595,18631,0.04509732368041793
7596,36070,0.016718762088665816
7597,69557,0.05576381839834249
7598,63116,0.025367125922602797
7599,21040,0.020472799743048845
7600,30973,0.04158685551234039
7601,30632,0.013084355157466882
7602,63526,0.06640145025688532
7603,6814,0.017769070430607284
7604,89715,0.046752842528586636
7605,15093,0.019448447134509245
7606,13253,0.01956334039709667
7607,78024,0.027731667852791894
7608,40593,0.0315797399284663
7609,12163,0.01787042728816007
7610,25806,0.028495059932132236
7611,99822,0.02556533625231837
7612,56601,0.0609348429880262
7613,1643,0.02197597120015657
7614,55044,0.01936541095595296
7615,25964,0.018863892832825423
7616,99746,0.03602269865170167
7617,97952,0.036557935139426526
7618,85920,0.029465297367419496
7619,85191,0.013679718902623657
7620,50758,0.008766331553574336
7621,62571,0.017404040453194825
7622,88255,0.012487027043888873
7623,94291,0.006084487547594549
7624,44214,0.01919693622357063
7625,64969,0.043088904784982
7626,60787,0.030257871470291714
7627,66003,0.016059586029007276
7628,95191,0.017841762234672154
7629,65083,0.03371018395247625
7630,26273,0.04635789511048176
7631,10190,0.033091787572988335
7632,21381,0.028797286069607877
7633,54172,0.01491392302850441
7634,85809,0.03850177148426033
7635,81406,0.012488176737566106
7636,88402,0.027290619523352006
7637,70976,0.01745174261890295
7638,20968,0.04354262811321268
7639,2416,0.02169056742498275
7640,12100,0.01965195618464721
7641,85603,0.03439087262754904
7642,48925,0.03218517671451922
7643,48048,0.03729277414958537
7644,12599,0.014272274614803545
7645,48412,0.02974708753883281
7646,29695,0.008498544859429042
7647,72311,0.043480025893509675
7648,54779,0.013862650820886582
7649,84556,0.026532981686589685
7650,92663,0.023098306560427044
7651,72382,0.05543224770641044
7652,79685,0.02449453469679896
7653,85184,0.010474572067971985
7654,85741,0.04947446108361058
7655,81833,0.027486799460618033
7656,93566,0.04088947505476099
7657,5527,0.050975836290562355
7658,39561,0.03329965058095691
7659,81082,0.023752892809742042
7660,1893,0.04924606162355498
7661,29065,0.0381149113808631
7662,78485,0.053517246971101565
7663,57748,0.021241983415443148
7664,69940,0.03233232385877405
7665,90344,0.05408139900341909
7666,97041,0.01707744881182186
7667,13256,0.06063441638406626
7668,54213,0.014693813933760189
7669,93109,0.024464148404076434
7670,61799,0.04014867135117781
7671,45209,0.027907839352164315
7672,53562,0.014934632576241192
7673,73414,0.038821332891292935
7674,49593,0.05545058531027198
7675,44984,0.033925162665540146
7676,32022,0.016498438785472087
7677,35116,0.041563341621715474
7678,22672,0.05807577514194328
7679,14358,0.009454992165420367
7680,80553,0.0345529309283672
7681,50072,0.1036082114852582
7682,63808,0.06234833213064363
7683,4381,0.043466712271276055
7684,79559,0.04539796739243985
7685,60918,0.04109199289717548
7686,91309,0.024656982661180257
7687,32030,0.014252936262421304
7688,13122,0.02433481639557973
7689,12595,0.013202350037161942
7690,20245,0.012198341446385756
7691,15665,0.04056883071870722
7692,35022,0.05042223187472814
7693,8981,0.03117419177967659
7694,3264,0.0582411572373984
7695,5381,0.06171201617048332
7696,9834,0.04607816026879218
7697,20400,0.043265891578884386
7698,29785,0.0365545728634384
7699,9336,0.05277092265106667
7700,66085,0.018445294224652867
7701,61165,0.038630002713061634
7702,22810,0.029936957151369552
7703,80677,0.029518607610480484
7704,24353,0.038466068365535115
7705,66155,0.01923180393221621
7706,84903,0.019600442974929674
7707,39739,0.0233761883703745
7708,34237,0.020248257619373655
7709,14768,0.041720212431018734
7710,80283,0.015769029871791875
7711,71243,0.009528118613281145
7712,17047,0.014451627613468946
7713,79605,0.010391564953726107
7714,52581,0.034705738297605544
7715,1847,0.027638843434607235
7716,72960,0.06274028406592154
7717,46574,0.021044051842223358
7718,99907,0.020268657419387298
7719,22508,0.021230936894980543
7720,59219,0.01416493093632473
7721,65188,0.02303144490517358
7722,27492,0.015623076068363712
7723,75872,0.03854342433904477
7724,44779,0.017301212867412458
7725,82831,0.025695479491803914
7726,90887,0.034271897825179365
7727,70412,0.025285652177586892
7728,69377,0.02021806879207638
7729,85062,0.02068590445634811
7730,67487,0.016052232434554045
7731,13805,0.015471120520133738
7732,46920,0.03658422247825276
7733,29463,0.02343659898232267
7734,12500,0.06559382195755195
7735,11811,0.03641996630161495
7736,84078,0.017000787892939767
7737,65888,0.03936270367283316
7738,77779,0.02088052138771656
7739,98147,0.015876310931503955
7740,86060,0.03042274256887576
7741,9543,0.02688993845173435
7742,58313,0.04124896512597592
7743,20985,0.023374173263122296
7744,22609,0.017365063219624374
7745,46623,0.04696332198432501
7746,13279,0.05050348044348428
7747,25891,0.022913138972586733
7748,13535,0.058634612718788406
7749,16567,0.012790347838912997
7750,35249,0.03742737655385155
7751,18907,0.026176634199347786
7752,45243,0.025383699194480084
7753,48586,0.013148215609513507
7754,83759,0.020423562391539314
7755,49681,0.0227214888094369
7756,89914,0.02007859812388566
7757,91794,0.05108537008635583
7758,79235,0.022358518885939017
7759,38467,0.012627329278257687
7760,39649,0.04176538102136432
7761,51659,0.021541604788009948
7762,43906,0.032630612218568555
7763,65621,0.0449409928035478
7764,80504,0.023869582524279592
7765,10674,0.025228407902228793
7766,36297,0.020926191807393957
7767,59661,0.026375447037452943
7768,1721,0.036675477295113744
7769,3916,0.015645746038415533
7770,75304,0.010428426649330089
7771,95109,0.03244141386413884
7772,55487,0.014328649652588352
7773,51742,0.01188170992225125
7774,74419,0.01182883195278623
7775,40817,0.04309016040961415
7776,52958,0.020928033266532597
7777,10640,0.06227689983500349
7778,88887,0.04090436719785226
7779,5315,0.02060018953029733
7780,58142,0.02146403917624532
7781,31292,0.018905310450339385
7782,88647,0.04890621286278958
7783,18667,0.02152074676583064
7784,97668,0.028626536788850528
7785,24422,0.027614039685641904
7786,95955,0.0393202685946845
7787,33304,0.04637873226143825
7788,81947,0.02028695638783467
7789,14879,0.00602280824406202
7790,65550,0.02395398719858881
7791,888,0.05231919226109971
7792,80572,0.03012787462046268
7793,79547,0.028186032576937706
7794,95128,0.060506985754734816
7795,89700,0.013934369273260493
7796,73744,0.01822823578219753
7797,10970,0.02633327206491402
7798,46942,0.03975976660949477
7799,97332,0.08773360852597675
7800,43405,0.011453458999186738
7801,54718,0.02046787911428663
7802,74417,0.020691310368149026
7803,77208,0.016720933549614278
7804,85524,0.03933744355402694
7805,67286,0.016204683285574915
7806,6878,0.05818222431649844
7807,73100,0.021949471501902518
7808,50173,0.018663440953565175
7809,64050,0.024090763941070313
7810,6020,0.008988727677971268
7811,10459,0.03117933567097304
7812,29334,0.038396442766775035
7813,42422,0.04810053930854416
7814,81978,0.01889002729501183
7815,73421,0.03913110868361825
7816,40390,0.013115853262655158
7817,14702,0.02463218805528799
7818,41257,0.019513105929318486
7819,72841,0.02356879902597439
7820,32375,0.023072648808265737
7821,69144,0.04264765020945356
7822,55951,0.027036436462399446
7823,45829,0.017575121402496775
7824,25639,0.027830449869934076
7825,7220,0.016741461183372303
7826,66010,0.025076444359958972
7827,21679,0.01920884445975538
7828,95754,0.01718162756553553
7829,73483,0.009944782014689913
7830,53264,0.04855084584975608
7831,14919,0.036355607117774844
7832,85339,0.019768732103356643
7833,42902,0.014994128130966216
7834,35037,0.030150379097240304
7835,26168,0.047664795318143605
7836,46162,0.0338995437655041
7837,37657,0.06179895205811743
7838,46780,0.02041637610239879
7839,72376,0.028492309371174803
7840,70119,0.014225539442599331
7841,10216,0.02150763461633989
7842,39159,0.04847560518637348
7843,57170,0.017966588816736663
7844,35872,0.04857689745482844
7845,4930,0.07246419005258188
7846,59963,0.0107358154514247
7847,67767,0.03147298480556839
7848,40014,0.024341558609157536
7849,56928,0.020296730220675328
7850,24554,0.013260646813985979
7851,3505,0.04743242657071083
7852,30852,0.03085784628203808
7853,53572,0.0321391996180826
7854,83474,0.021654920216121625
7855,41436,0.011655090719211038
7856,1991,0.029251165663966447
7857,9059,0.024233898672080947
7858,67018,0.012100176607965847
7859,50400,0.03840478899290513
7860,45712,0.061730537198281143
7861,11944,0.016421141172811522
7862,38835,0.008206288351772338
7863,4143,0.028989776703820927
7864,24080,0.013640057528507322
7865,10848,0.01837330268098602
7866,51798,0.016983664913916133
7867,22086,0.04728503750629478
7868,78991,0.03210093205992853
7869,98861,0.037831159442722286
7870,98944,0.02986925605287441
7871,3630,0.02600948798877419
7872,14261,0.04321134064571937
7873,34028,0.024714709280726617
7874,65303,0.01813091261995505
7875,34646,0.05168167640566208
7876,20200,0.024647107197384114
7877,44025,0.030190288343282575
7878,10447,0.017317836856830825
7879,61551,0.019877039558117905
7880,39272,0.021664201176725274
7881,51914,0.03151621082349386
7882,72590,0.014963803822008575
7883,19519,0.014821272228097118
7884,62161,0.024331902570140264
7885,90535,0.024888650648642607
7886,99457,0.014759987830169267
7887,65571,0.03379321543510248
7888,60434,0.0496855106080139
7889,46591,0.03044063530324674
7890,61372,0.04891355414950289
7891,69391,0.022713849513408095
7892,31735,0.015934324042840578
7893,95720,0.025045814976754763
7894,17911,0.015957901237628712
7895,34040,0.03830173881861889
7896,49906,0.039426834710545984
7897,53234,0.02165883739387724
7898,61875,0.021696089715574948
7899,25720,0.012474841422078234
7900,25243,0.052873085296318824
7901,13641,0.02186298820928158
7902,51240,0.033471977124822444
7903,16521,0.0532232307412071
7904,7919,0.020117989317223504
7905,60402,0.011438358651141326
7906,55528,0.04105958036643734
7907,86081,0.017974218098195643
7908,677,0.01640779579976376
7909,50632,0.018577999843404632
7910,87527,0.015605002346155795
7911,18,0.039847029502853286
7912,71773,0.02341248789549224
7913,22583,0.07529727696954286
7914,4772,0.010907490342373063
7915,15596,0.026631071659729576
7916,10843,0.010754394549957112
7917,77994,0.027109095861709464
7918,33710,0.015496736960829186
7919,11326,0.036415986464170824
7920,15289,0.03695014873751626
7921,3046,0.011547842746723517
7922,32290,0.046018319799956416
7923,85146,0.021920952303153426
7924,91987,0.037457477367412735
7925,69198,0.03795950371062678
7926,76375,0.009328045811899353
7927,14491,0.0234352001422384
7928,68172,0.01869960053273241
7929,65818,0.020480302317497014
7930,10880,0.011190469360674516
7931,67251,0.015725831615042315
7932,5726,0.022360610699130104
7933,24575,0.00973344068209366
7934,80086,0.03203143487850234
7935,93058,0.05026572235593456
7936,96053,0.04246001099902716
7937,71453,0.0348090043870036
7938,80425,0.033842828786728445
7939,34081,0.014903467873173917
7940,48679,0.027948335000699126
7941,2946,0.017319352086928134
7942,62930,0.01618033552792145
7943,38085,0.012097047569890199
7944,33371,0.041975708538898246
7945,40251,0.036490813712967356
7946,53436,0.01287748697308534
7947,86249,0.026787949398770435
7948,56215,0.0210895833412163
7949,70236,0.05568339018288845
7950,46721,0.056806699198618915
7951,12916,0.021408501682614805
7952,61707,0.028537841967575056
7953,88057,0.07035079268261671
7954,87758,0.014115893754465442
7955,6593,0.011000302657514815
7956,42372,0.02327618053171612
7957,21627,0.014443340503575498
7958,46520,0.02226999690906497
7959,69027,0.044030629273699516
7960,94739,0.015655507281200968
7961,80744,0.04057393308599489
7962,18975,0.00841395905925545
7963,87703,0.033359729085251
7964,6555,0.02652718042278158
7965,37791,0.04307608825230608
7966,53319,0.011971235134294895
7967,97962,0.009328838051329839
7968,10299,0.04044001680128637
7969,29790,0.02642360077560258
7970,82242,0.013403865917928711
7971,88582,0.02189477894245759
7972,85787,0.01949775873168124
7973,94529,0.06235102256926064
7974,91105,0.04210478377437756
7975,25109,0.01562987297933658
7976,4119,0.03913579638120465
7977,95340,0.02189090098226793
7978,76127,0.008538898577171227
7979,59060,0.0390328848272358
7980,59915,0.03961149485185071
7981,7999,0.026844855858253663
7982,11827,0.037988826921248456
7983,52876,0.02573315262060895
7984,6152,0.018060995667600756
7985,22360,0.044929940220729395
7986,65626,0.0466327107952388
7987,73693,0.02507472583721307
7988,18134,0.005953991638347726
7989,74452,0.02745741877504005
7990,78391,0.025264196927323925
7991,12900,0.05815847025779369
7992,50967,0.028936537622350045
7993,88482,0.04073376656586865
7994,78262,0.013695515348194657
7995,52631,0.014432380972868244
7996,86327,0.02013505888631346
7997,54339,0.03862321015560723
7998,84540,0.031235880525425423
7999,92813,0.026103581143643684
8000,87570,0.054472043934033404
8001,42898,0.03818610042133279
8002,47498,0.022355474981356042
8003,18225,0.0171498206185371
8004,1217,0.01676208460319282
8005,75020,0.013726711568681743
8006,79216,0.04259574741847475
8007,54492,0.012242398269125602
8008,96628,0.08219007539618439
8009,40797,0.04234439026699761
8010,21712,0.048237773799359035
8011,55571,0.038925745004946215
8012,75597,0.04808885436531425
8013,40472,0.014651407677223276
8014,4984,0.019351732761259958
8015,42121,0.05806446790390851
8016,46514,0.017331240035615147
8017,21964,0.06321028084682333
8018,74535,0.019830893399280278
8019,1442,0.015017649165470248
8020,16911,0.037321529530434314
8021,52629,0.01331354919190884
8022,85366,0.027220392433997022
8023,5165,0.026081332461956666
8024,386,0.040766565106806554
8025,17704,0.017050742283452623
8026,78388,0.020586828294450903
8027,49599,0.01773522223287724
8028,65314,0.01384731721262994
8029,82596,0.023812532461286992
8030,96665,0.030569835672019256
8031,75277,0.014942684387041848
8032,88170,0.06719964004298126
8033,82402,0.026742099719752287
8034,88875,0.045516972677807466
8035,50097,0.04995239112478734
8036,89812,0.04143132368921139
8037,50372,0.03883690053598814
8038,70578,0.014317327061849575
8039,62973,0.022513594507530172
8040,6741,0.007927822350768493
8041,43739,0.01949917971901815
8042,27948,0.013699831026400197
8043,51204,0.028653542772093234
8044,65339,0.06881985909170033
8045,9810,0.03576335805995579
8046,20914,0.022058011499822956
8047,19541,0.045567174198235236
8048,77795,0.031301003486917126
8049,48880,0.01333055220945014
8050,80795,0.021687112132805775
8051,88565,0.034683563149997945
8052,33736,0.010519428181168109
8053,64289,0.01873413164365074
8054,59332,0.015373512783994491
8055,42737,0.013773864174823444
8056,71236,0.04147507207555052
8057,69578,0.03337549976065106
8058,27419,0.03841263592317212
8059,68259,0.008939159383181905
8060,16062,0.03578829316346793
8061,64225,0.05090473610915126
8062,4053,0.021403514714946507
8063,42844,0.058623454224262864
8064,51087,0.014440094187456681
8065,69114,0.023962726174230002
8066,25749,0.014067201199211406
8067,48974,0.00936555347735777
8068,41123,0.01973433434503881
8069,19337,0.009992218554649483
8070,11424,0.019891376854042377
8071,60364,0.05892903258318237
8072,42481,0.030146568754320976
8073,17539,0.027446393980373147
8074,54499,0.018586649588681916
8075,80386,0.03865460241978445
8076,35080,0.03095186298371327
8077,37843,0.032144480745505126
8078,99706,0.06099666741636851
8079,26222,0.059556798539230044
8080,25057,0.007640506763601703
8081,12128,0.0109423491676954
8082,17370,0.01523746170937579
8083,61018,0.06660940893668857
8084,55019,0.03067179632569075
8085,50415,0.030363163409861123
8086,64498,0.01671069190960223
8087,22151,0.02713051523228213
8088,35831,0.015863809448912414
8089,34320,0.01520862937006457
8090,86237,0.028696631549768984
8091,60981,0.013271817596312208
8092,3659,0.03500784128600099
8093,8780,0.015393336781653909
8094,63958,0.01662692072047018
8095,78046,0.01861063086444885
8096,33641,0.02060602527215932
8097,79898,0.03079525195576269
8098,55708,0.01692894862114372
8099,91376,0.014664221911098764
8100,62878,0.016557726251112112
8101,43057,0.026998189727514114
8102,43119,0.023738717173478495
8103,48642,0.038066172684069824
8104,84010,0.04480767884873877
8105,98040,0.026469627334560077
8106,39393,0.011818712460840519
8107,26734,0.04026683784207016
8108,12313,0.015922746437602175
8109,21133,0.059379884811063405
8110,89997,0.02300027400479114
8111,3937,0.03507199729708541
8112,68967,0.053289641912201834
8113,42722,0.07441044135292042
8114,50680,0.036772714714813776
8115,51582,0.017965157614807076
8116,70603,0.016454408942795887
8117,67790,0.04120490619581891
8118,75395,0.026311576856194695
8119,25695,0.016351917303382573
8120,41339,0.05114279219456477
8121,56614,0.03300393413941071
8122,79722,0.03942129113244905
8123,45655,0.026296595281916364
8124,92266,0.017341340496610548
8125,71953,0.021867548840896974
8126,58172,0.055511661410196596
8127,32128,0.039223562807135716
8128,9074,0.0375475086529348
8129,26658,0.015615513900203657
8130,76102,0.026651308184262663
8131,27278,0.028736892043826963
8132,21269,0.021024507425892403
8133,9986,0.040905175537542894
8134,3563,0.02844834499908671
8135,23299,0.04137822101982313
8136,67936,0.017884976146735766
8137,79464,0.02867181474261552
8138,408,0.012853908310833752
8139,5182,0.024505351050938755
8140,90091,0.027305967522259694
8141,16112,0.017094040535195712
8142,85387,0.030187303908034518
8143,62672,0.03252160972426561
8144,60836,0.024039113005600563
8145,74607,0.06552317909284133
8146,56160,0.03324994877966916
8147,1632,0.024623822710559195
8148,44824,0.040301845036157885
8149,89897,0.014391232380478663
8150,42903,0.05260206572483965
8151,92297,0.02161061248246969
8152,20001,0.0333842795536346
8153,36272,0.020699715223719873
8154,22842,0.049681949835270973
8155,17902,0.01280697021381546
8156,42421,0.026124507877591928
8157,79901,0.01573149171658936
8158,36021,0.020763996806289754
8159,477,0.023987882129178507
8160,48121,0.05348066619893329
8161,16579,0.048173313670963946
8162,23747,0.04855528056781797
8163,84517,0.025941937284413435
8164,20128,0.018626866254176894
8165,84028,0.0330079976486398
8166,62827,0.011019688393105038
8167,34052,0.009866196927201847
8168,93156,0.022267786310453227
8169,77418,0.01796893105370071
8170,70280,0.029348332110970675
8171,35717,0.019604224418186083
8172,93878,0.026606046169697306
8173,46970,0.10287585563613416
8174,51033,0.05482535371574322
8175,32672,0.028507846789122528
8176,64713,0.012314109952281327
8177,8300,0.029872102357707916
8178,46931,0.06437647091320078
8179,41022,0.021464302204112433
8180,65013,0.04863806784114494
8181,44419,0.015167796338386764
8182,77034,0.03718224320499637
8183,5979,0.04596517955197684
8184,29259,0.011080041008446988
8185,64059,0.016714048685380536
8186,90864,0.0366085709221734
8187,29918,0.03466379175009142
8188,53882,0.011229414923797018
8189,95922,0.015410071993799387
8190,10315,0.06981014348375324
8191,52500,0.020060798615213725
8192,46404,0.04042514486130182
8193,73932,0.015512343465010178
8194,27935,0.025226100432485986
8195,9133,0.011382569979778337
8196,39488,0.022470704491416995
8197,42314,0.011552800497449544
8198,81395,0.021133921745556825
8199,1008,0.03338126569682393
8200,331,0.019738076704058166
8201,26329,0.0353918846633178
8202,35875,0.0450207259428864
8203,17917,0.048460069068352284
8204,88989,0.01721404905983482
8205,39962,0.033505252849725296
8206,67785,0.0229761854360785
8207,70825,0.035182109673492785
8208,28853,0.041993381065884385
8209,30079,0.04622686589489299
8210,29067,0.017754262814380972
8211,13064,0.02762845596608106
8212,47261,0.02779958131089646
8213,20560,0.03202134530037837
8214,77778,0.031931347083429096
8215,26654,0.06197712236191468
8216,70168,0.02563363831586666
8217,6901,0.030669056982490162
8218,42860,0.042654150829555655
8219,69770,0.03193987541056738
8220,23977,0.02968002237801478
8221,78483,0.014965397121003332
8222,77814,0.0685094267576883
8223,27199,0.035443065528678645
8224,57500,0.03603063903653832
8225,42147,0.06472076030169266
8226,86326,0.027067775416499285
8227,9851,0.012200838322218332
8228,95669,0.010450068940962978
8229,8575,0.034967573939964046
8230,39816,0.03747453150280196
8231,39125,0.010179549912941463
8232,2607,0.047764078603838994
8233,69220,0.015232890880569248
8234,8533,0.016231554151148117
8235,3385,0.03269800224617657
8236,59862,0.01884999408102719
8237,38953,0.00961333042531037
8238,89739,0.04163958911750016
8239,53603,0.024413432285077728
8240,10267,0.010667700292814724
8241,58929,0.017232663144669556
8242,6075,0.03873499361344306
8243,55649,0.0338965114719189
8244,23750,0.02118338923829439
8245,91181,0.01839369100532815
8246,89789,0.024154168709509177
8247,37146,0.02018571898692824
8248,51871,0.04049676401630214
8249,17491,0.023299444123475115
8250,20456,0.017610281044367987
8251,61634,0.02377988146035132
8252,95237,0.03755729027024585
8253,21976,0.03845017130738413
8254,35287,0.01630972638227559
8255,96006,0.024769438483502375
8256,95855,0.023769491863261202
8257,28090,0.04369628741863776
8258,92914,0.025056539094212727
8259,86676,0.010206949455711014
8260,58434,0.06608919575131167
8261,90637,0.030701161476453576
8262,89384,0.061712895408331775
8263,80897,0.030846841720150158
8264,90676,0.023991113766530223
8265,79921,0.03408900221676446
8266,90090,0.08615296220944804
8267,22828,0.032847872082536415
8268,49986,0.011705517670287246
8269,33743,0.015060566084008678
8270,6945,0.02673659789312329
8271,68732,0.02003584390441778
8272,72989,0.04496892260250231
8273,63190,0.007035467053780702
8274,43345,0.02960471058993129
8275,33541,0.011840073843685512
8276,77390,0.017458949010563565
8277,4392,0.02719215951832262
8278,87608,0.05105455056970644
8279,34188,0.06626083270385598
8280,7271,0.022915927971169286
8281,89848,0.01972381795021474
8282,41063,0.01851067784346596
8283,74365,0.03588349991412517
8284,1228,0.01556216668390161
8285,92838,0.015803373989254597
8286,97375,0.02416070813077915
8287,67951,0.031010732998790154
8288,55792,0.01845265685379913
8289,67279,0.009329229483706881
8290,96347,0.02751185997687514
8291,92256,0.010210454162627986
8292,83352,0.041364526278048194
8293,22137,0.029997735567540894
8294,9482,0.03322830105218079
8295,75581,0.02536418113050539
8296,48936,0.02068795673829204
8297,36717,0.05106723775107795
8298,99288,0.030174145812137565
8299,88418,0.05881821097720562
8300,72240,0.014850893055740663
8301,73764,0.05199358630151599
8302,56754,0.021188717855893283
8303,6425,0.025151585887306344
8304,25403,0.04411025888034335
8305,65193,0.05214660921570147
8306,98456,0.011119038386321944
8307,6756,0.026649784286737782
8308,13324,0.0387854303590016
8309,32969,0.024081834943532738
8310,73775,0.04255860848822099
8311,66242,0.02709770285522023
8312,55475,0.029867511053658927
8313,39626,0.028266740587138683
8314,89234,0.02048908015746487
8315,64253,0.016963072373413542
8316,55671,0.035772188246426445
8317,26048,0.05102948872904969
8318,12115,0.015510565743152854
8319,73006,0.05815229593313564
8320,61824,0.013424750793258689
8321,15884,0.025974744812139145
8322,42649,0.022625933347052266
8323,51808,0.006170630891644777
8324,62253,0.018023446072163888
8325,7827,0.027226474016377303
8326,90490,0.026818926412241074
8327,90589,0.011672508432369838
8328,65878,0.03935478656926132
8329,37448,0.02109094645816898
8330,57473,0.01238292359146154
8331,63798,0.03274587093163221
8332,51865,0.0302783661936485
8333,9290,0.007204481972013468
8334,18166,0.022737551223117883
8335,42647,0.03218211971447598
8336,44366,0.03303291931102991
8337,75021,0.025304534020865205
8338,58312,0.025285475587232105
8339,63567,0.013447929770513227
8340,88151,0.02213159679176479
8341,42996,0.02057599468732211
8342,99184,0.02222930293608436
8343,11867,0.017089012844358296
8344,56365,0.011481191022801611
8345,57479,0.042943065450851234
8346,48003,0.014016795564175042
8347,72169,0.07864541371793377
8348,76792,0.07220354060410433
8349,46300,0.040063212655657335
8350,15542,0.03530173442536708
8351,11370,0.040147034161747114
8352,75818,0.019983799009800008
8353,85306,0.02652111732344396
8354,47031,0.027175974115946615
8355,61830,0.03525928402990156
8356,95553,0.048794388240308
8357,65583,0.04026734994665786
8358,41749,0.02645972974399264
8359,49365,0.023392299816062334
8360,87918,0.03611583260972949
8361,2786,0.025568516589036486
8362,21599,0.03329893830621526
8363,21675,0.014644296276138263
8364,59970,0.03150395996653624
8365,93983,0.03871473077897051
8366,33491,0.04322164988112122
8367,12242,0.04520538919200926
8368,97386,0.025349453062781486
8369,22632,0.023602982333608958
8370,38858,0.01104177235342401
8371,59525,0.03480062597506266
8372,75750,0.01926201511979159
8373,79922,0.016592010660070954
8374,59904,0.0230914916976675
8375,26645,0.043602737273865495
8376,14466,0.024120782051551708
8377,87151,0.031464739446404086
8378,98643,0.04677580530571698
8379,28498,0.034264030537513014
8380,67811,0.044643383405357465
8381,1858,0.03148176883597586
8382,51388,0.04614764177563176
8383,28989,0.044054139071789705
8384,80996,0.023117557423085914
8385,20432,0.015790624784082736
8386,60789,0.02442805722770779
8387,24189,0.03985843387953648
8388,13971,0.018639115278154247
8389,50600,0.01218091140563297
8390,11176,0.01961823020504039
8391,99475,0.01712513604718695
8392,30998,0.021937918755243858
8393,67625,0.10127027634850691
8394,52070,0.015617221432578748
8395,96103,0.029259982037951535
8396,24096,0.008502557337110837
8397,17327,0.014214299869303181
8398,26859,0.011147573329247545
8399,7625,0.014623807613363092
8400,82351,0.02872215617141842
8401,76285,0.0304894877530681
8402,19021,0.029197039379111205
8403,26450,0.026217104884381257
8404,1420,0.0239549570571371
8405,94815,0.03438704506720758
8406,86787,0.010971108896703725
8407,28974,0.032652494854157194
8408,11068,0.012351371469578655
8409,66154,0.05816658679785568
8410,59225,0.028857194558948952
8411,79821,0.05495195829667232
8412,4937,0.05881444945353846
8413,16322,0.01949974237781358
8414,75677,0.046007933134824396
8415,66574,0.013913502309968084
8416,45637,0.01195916311087827
8417,27707,0.00962876827555365
8418,5347,0.010833444299763965
8419,72145,0.040710898049861007
8420,37234,0.0347667502093869
8421,74793,0.03200760843128545
8422,6760,0.05141730957620291
8423,90655,0.02178527564899214
8424,48985,0.008078950633829194
8425,71835,0.017305447820317475
8426,814,0.017719316159908755
8427,25751,0.01673455248614236
8428,21575,0.0310179410722412
8429,67701,0.037866971079985906
8430,37035,0.02218876570422684
8431,47033,0.07163840114579767
8432,49170,0.011445905393564963
8433,42938,0.01479334476886145
8434,6538,0.05853686552001674
8435,430,0.014774190990073195
8436,62985,0.02847355125287707
8437,74832,0.034023570301414216
8438,42167,0.04105597151236706
8439,61793,0.02070929896753397
8440,84151,0.019497259736664302
8441,55349,0.02947436119260076
8442,43548,0.034751248773042656
8443,79713,0.02214279288055191
8444,14755,0.03135405601829187
8445,88654,0.02839152896251406
8446,58280,0.01706761484704833
8447,36832,0.02557272693806801
8448,63389,0.023625020101984674
8449,58942,0.009566749800820874
8450,60936,0.008047535239670252
8451,70894,0.04560396057177285
8452,70595,0.046375935270696236
8453,81266,0.0464731486232383
8454,61811,0.019576964419243694
8455,22711,0.03422515388781685
8456,40727,0.013650805292656245
8457,85137,0.012845662178511965
8458,2540,0.05446126890812348
8459,94047,0.019183668970755508
8460,8,0.06203722172184347
8461,39756,0.025205008873548068
8462,83444,0.027426788186859064
8463,18996,0.03986065665930484
8464,20776,0.019265127666693235
8465,568,0.025958493949219424
8466,97009,0.02434727339793631
8467,10463,0.01820157231733724
8468,34389,0.03798499472790978
8469,18651,0.007751818750440792
8470,93203,0.06016357941188205
8471,38565,0.04319459288964234
8472,16934,0.01725969692616846
8473,23861,0.025922404031133023
8474,33763,0.04604392554759236
8475,90199,0.0493754288893879
8476,56057,0.022046516075039498
8477,41602,0.02589762636810249
8478,62291,0.008350034826984706
8479,16356,0.019831802357375698
8480,99439,0.07394168533027873
8481,94829,0.017074832708737345
8482,65421,0.015774267643642353
8483,37044,0.03722195886705582
8484,6357,0.029697900254315256
8485,54019,0.039574422846195896
8486,49516,0.036427373479162486
8487,60732,0.025846758618120275
8488,2176,0.009291019380258789
8489,68175,0.043599549229589904
8490,73263,0.009523268718322772
8491,59508,0.017088703804062164
8492,58251,0.013126195940603245
8493,57777,0.03282680231935952
8494,24751,0.013146140610663588
8495,46460,0.07357416102888878
8496,28531,0.042537914961942376
8497,20947,0.025313125492138655
8498,72780,0.02740147181903346
8499,10859,0.03751483715051657
8500,85480,0.06542172052571106
8501,55615,0.046515830350592056
8502,96810,0.049177618568691364
8503,28404,0.04486033497474825
8504,47517,0.03272423304089343
8505,81079,0.020251030453871735
8506,46679,0.03539856230641856
8507,89347,0.016475939678964935
8508,77018,0.020043832035483745
8509,7074,0.015339563152479814
8510,37559,0.024413744368818616
8511,61241,0.013244263219919058
8512,56082,0.020677808315260175
8513,24864,0.019747930222712186
8514,50873,0.03676361514279599
8515,72399,0.07121983476615558
8516,50407,0.024427443487876833
8517,33778,0.018975618343914993
8518,70432,0.004805921976877781
8519,10314,0.008712021544591842
8520,79281,0.044236441348636156
8521,87208,0.030774333215366656
8522,29604,0.02314650621849867
8523,3089,0.0186964099747725
8524,95272,0.012784430021324953
8525,45926,0.007233183739959559
8526,35756,0.011832089531289718
8527,5998,0.03989131181757663
8528,87993,0.05371942401464896
8529,93548,0.02605996993565964
8530,3127,0.025547085148411808
8531,97926,0.03197681781459996
8532,76388,0.015762784284214328
8533,83793,0.008907713318573205
8534,49638,0.010944662541419566
8535,27116,0.012303055410390118
8536,23902,0.023383864782424567
8537,57296,0.02431613606328018
8538,24744,0.025561188677856346
8539,31280,0.018760877575450523
8540,68751,0.015917714612427976
8541,77545,0.06385077298900826
8542,16892,0.019306535891893416
8543,15795,0.03271800866457573
8544,52729,0.03876707899962975
8545,34634,0.02642704695185826
8546,2561,0.009532393420200787
8547,4052,0.02104124899660466
8548,50532,0.034830125684191644
8549,56701,0.020146503803047246
8550,3437,0.012203596586890615
8551,84474,0.009090057421319138
8552,86294,0.010747183569776312
8553,52226,0.01748886731955597
8554,24302,0.028847077338286484
8555,4092,0.025033058275147957
8556,93494,0.021772790648937432
8557,79681,0.02396434204095565
8558,73638,0.048363093313197714
8559,10934,0.0625398924176108
8560,5519,0.03457015178627555
8561,84164,0.07087121266111937
8562,63756,0.04213471470567883
8563,74874,0.03788125159224221
8564,71861,0.015448953689085151
8565,99060,0.03708202375323411
8566,80039,0.0188736864307506
8567,71681,0.03977627377864394
8568,33201,0.02661592331608362
8569,88744,0.04149427371476247
8570,45250,0.048380464026046316
8571,95258,0.015471985325110776
8572,78642,0.021332578004516375
8573,6577,0.04257530470182322
8574,7294,0.037809252401145264
8575,92493,0.03178307452783228
8576,86246,0.02714328561605386
8577,10164,0.03583031952064055
8578,59301,0.042457333649135315
8579,28584,0.027573908709040078
8580,15526,0.05348217196047515
8581,85267,0.02080433240484291
8582,33581,0.03267803627477901
8583,5766,0.04761117192725549
8584,76396,0.016999253114224167
8585,78200,0.08219685773869617
8586,67373,0.022818114972624884
8587,27630,0.010985998292101923
8588,10510,0.028001375826132498
8589,58394,0.026492230913497318
8590,6398,0.015428519751377412
8591,73639,0.017666096758083782
8592,64696,0.05051202733675258
8593,75033,0.05086791792991494
8594,6614,0.024206824931059856
8595,71117,0.039572938863904526
8596,32218,0.02258618812927763
8597,91479,0.0163113790598359
8598,61894,0.0861439761475062
8599,5723,0.02170606462346166
8600,41054,0.03370682605255669
8601,99059,0.018702763966591093
8602,25194,0.02228019038665118
8603,94993,0.06929824722129871
8604,22772,0.01758006604751692
8605,63166,0.01764438479854676
8606,88200,0.017964794607774226
8607,34523,0.013972118132259948
8608,65028,0.044422615898367074
8609,65347,0.0240966873690301
8610,36893,0.03128046436187871
8611,72684,0.04417440317837647
8612,36601,0.03086661299218304
8613,81761,0.028281998607901204
8614,55356,0.008273710528247135
8615,5408,0.007819047354726175
8616,74224,0.04796666277772429
8617,38557,0.021956382967068526
8618,18409,0.025234953357843724
8619,28602,0.022365520410851773
8620,48973,0.032288408596898174
8621,73705,0.025261039256379177
8622,39009,0.02000866939270525
8623,61837,0.01317265419028287
8624,46010,0.06291631185633403
8625,83524,0.012661602709563534
8626,38629,0.03356563720236223
8627,66130,0.011645823527938788
8628,9427,0.04580207559939861
8629,3057,0.01826728663904048
8630,65848,0.07693428048898332
8631,41204,0.017262989641154584
8632,70130,0.014327685146771088
8633,85862,0.019014853667115562
8634,95846,0.0069527558220861445
8635,4975,0.022769038441327497
8636,68515,0.014730944349391675
8637,14148,0.04017704877603645
8638,70175,0.04262017898404431
8639,98786,0.027632304572338777
8640,51398,0.029006745084414847
8641,49256,0.015170615999650921
8642,89733,0.01606953048841433
8643,79015,0.016019079831373264
8644,86370,0.026995528305713775
8645,5443,0.03503684503784273
8646,85996,0.01061438144877623
8647,59815,0.019581239712177886
8648,63297,0.023481439755675834
8649,32430,0.06574494475030412
8650,48554,0.030202664416536365
8651,99687,0.04191045823012782
8652,75726,0.04530705882376426
8653,32944,0.024704190444246314
8654,46722,0.03651799758079984
8655,72157,0.026642366607352343
8656,89586,0.018338412049473108
8657,33011,0.01968370650615974
8658,60839,0.004250737157436912
8659,93201,0.01442402949410581
8660,16469,0.026646186883854797
8661,87790,0.01749850238292465
8662,58579,0.03566589180898233
8663,35884,0.027753922308652052
8664,40995,0.02124528925793528
8665,80147,0.010946913219009521
8666,2085,0.01568810812838263
8667,26418,0.017661130048678468
8668,13195,0.041491604113581486
8669,46730,0.020628709290667315
8670,61178,0.009962883889009028
8671,43,0.018863518860030595
8672,57888,0.011722010509872812
8673,46547,0.007006273874225255
8674,33507,0.00517597446978396
8675,55204,0.023773844657634012
8676,27931,0.017158249273636884
8677,89158,0.013380965408955834
8678,30540,0.01798227325297761
8679,79671,0.04627414808482831
8680,86973,0.023530265441459062
8681,22450,0.07393564104738043
8682,3085,0.01899357313157436
8683,71037,0.01969061428266701
8684,83336,0.032585229852991185
8685,25375,0.02748814933713115
8686,97848,0.007840477982097253
8687,6537,0.020492219224559995
8688,71169,0.04046972203116046
8689,26102,0.015779089252553655
8690,23785,0.0300851260813557
8691,41669,0.035990582649610574
8692,11917,0.038429587731101576
8693,31629,0.019627286006678957
8694,86270,0.0344487939333671
8695,71001,0.018147236980047592
8696,54815,0.02974935669705606
8697,24567,0.016509751005489494
8698,87620,0.006812709362076458
8699,51268,0.03145974848295787
8700,34622,0.030046335452562193
8701,84241,0.09362868120883375
8702,20372,0.029797737912952753
8703,38523,0.05036362053061769
8704,55293,0.02412246803818569
8705,21842,0.06828487066682959
8706,82096,0.021536022038233772
8707,38,0.02352493900200052
8708,37826,0.023543728684791335
8709,79020,0.01593403397784092
8710,55426,0.023109716016891532
8711,14517,0.02357576046162336
8712,53971,0.031765108642110094
8713,51615,0.02042978928743963
8714,96732,0.02046947156427843
8715,90280,0.02530195045525781
8716,24677,0.03645364416880408
8717,26250,0.013316108970992942
8718,89907,0.02541100624052697
8719,80318,0.011320268934215602
8720,23188,0.02731495143360212
8721,27410,0.020804502336769122
8722,20605,0.03422302198825534
8723,77183,0.00874665364420776
8724,63607,0.014594188712286535
8725,55267,0.022487990765627453
8726,70155,0.026283232246454225
8727,36052,0.02348374946170108
8728,50771,0.020225165135337578
8729,93622,0.012887264781379353
8730,29034,0.05629587762955725
8731,8743,0.01254744135152171
8732,15639,0.022093855316532705
8733,33859,0.01724570988084391
8734,78143,0.033166831767695415
8735,38342,0.014708160382763711
8736,38207,0.020172359767518508
8737,65183,0.01842346070448375
8738,50957,0.026330472144677243
8739,14328,0.02196508180744559
8740,20806,0.03590460489102326
8741,97855,0.029457470040917956
8742,53064,0.008341074894439922
8743,32082,0.024407858831936136
8744,58866,0.016764518600264854
8745,11184,0.031553170116730186
8746,82716,0.06141891111141194
8747,78608,0.041536705370133285
8748,75869,0.016573446969766016
8749,27695,0.048274839610826806
8750,9346,0.04825206980815308
8751,60340,0.019378500805746712
8752,22822,0.01548880646393231
8753,287,0.015963473666390192
8754,15151,0.040017216000299255
8755,92442,0.04222334380882115
8756,53005,0.05166553282021881
8757,97488,0.01810685042762735
8758,32653,0.030351534925196075
8759,57516,0.016761989825775113
8760,12714,0.04137005616498767
8761,44897,0.03650474650876692
8762,50277,0.033750689413451926
8763,67761,0.02449432728883745
8764,10373,0.011224886948393763
8765,72937,0.016881339440718946
8766,45598,0.030741288085930223
8767,71833,0.01617960750472504
8768,2158,0.039535565986355777
8769,36378,0.037282255649827796
8770,70083,0.022388604403822045
8771,77511,0.03568968027973976
8772,87120,0.008189422145983036
8773,34193,0.017604270048180583
8774,92756,0.03522700261074458
8775,12616,0.015199440852325607
8776,73375,0.04144375713650892
8777,8111,0.017781759880157583
8778,6909,0.032676773517704705
8779,35594,0.027687348450247486
8780,92338,0.017315703006366614
8781,98166,0.03327199215253408
8782,12411,0.013090755247510875
8783,73449,0.015461210594424006
8784,97738,0.02379878541536526
8785,16243,0.030036124163847412
8786,80010,0.031444788394347424
8787,77405,0.016423863960273663
8788,87064,0.026584914966303618
8789,32189,0.01940003076161516
8790,34245,0.0292174120681558
8791,23142,0.03328807184067735
8792,76813,0.03085108813618681
8793,59160,0.03987147424667803
8794,1306,0.05464653516806479
8795,87601,0.05493609232191558
8796,39110,0.034673309346403614
8797,88648,0.03352443125433826
8798,9770,0.036112115110357126
8799,69664,0.02337718948602025
8800,76919,0.014735646425110677
8801,69859,0.02567502010017993
8802,89330,0.030999987730752146
8803,70407,0.024867115036421618
8804,4906,0.03168377074809993
8805,49916,0.031434060964448965
8806,50603,0.03268899705607957
8807,22912,0.03990403243160699
8808,24590,0.012955033526412415
8809,58969,0.019741028934489608
8810,84964,0.04181222923875384
8811,95314,0.0118772145720029
8812,53798,0.024749878323195175
8813,5133,0.02307472201349673
8814,25404,0.0083189479600955
8815,35202,0.019847720539146997
8816,28058,0.0222485770977525
8817,28407,0.012870711265431801
8818,54299,0.05032278492680162
8819,50319,0.016091632873986253
8820,86846,0.05076421296018246
8821,54530,0.03646903795753134
8822,72512,0.017138170835456195
8823,24081,0.027232423602017646
8824,35167,0.02902216735611829
8825,39420,0.020458553224922134
8826,27613,0.04830066055777238
8827,22228,0.01431802994548927
8828,2203,0.03024330986611141
8829,79789,0.014083681407100104
8830,44044,0.013894038160282365
8831,4731,0.023133147767662288
8832,27573,0.016582895449916837
8833,43760,0.04880416390677667
8834,5854,0.037052531552667245
8835,17615,0.022828342426700884
8836,69678,0.024466507656383835
8837,23216,0.032119112340392574
8838,16467,0.020009082202450183
8839,39000,0.013558364458503178
8840,2076,0.009364965539274846
8841,67307,0.030724172922864654
8842,7488,0.02394472231644132
8843,74154,0.021336725810274314
8844,47141,0.016735294674734474
8845,93461,0.02903129885792688
8846,52493,0.021599218888262592
8847,32892,0.0731126815721979
8848,26376,0.01783731357926148
8849,20534,0.08299626557846126
8850,26659,0.016611768290132323
8851,13540,0.04005190723612832
8852,21496,0.016069330577806126
8853,19477,0.017645410975920928
8854,23959,0.021710919866444654
8855,63559,0.04845963577871169
8856,56331,0.05058660111435623
8857,15225,0.04606330760122815
8858,99840,0.026088585071979725
8859,50136,0.028072875461542534
8860,94506,0.021633684603460913
8861,38060,0.058564995521676294
8862,13938,0.06548441946875852
8863,74837,0.02586149046940632
8864,22395,0.01183090755883896
8865,34618,0.013990914965681693
8866,6064,0.010835572450822723
8867,83154,0.03926014647550033
8868,52391,0.022332158140664797
8869,67928,0.018960379286818776
8870,61954,0.051658939381265284
8871,36491,0.03062279272328531
8872,24186,0.04854906906155598
8873,27200,0.016733211558968092
8874,4797,0.014371823454846139
8875,20902,0.009441967245328907
8876,12925,0.0243465539315194
8877,80625,0.057031310917340275
8878,20840,0.020068494191456912
8879,4363,0.024556669947724853
8880,97222,0.027438176384214256
8881,91592,0.0301004963368186
8882,51567,0.013885350662653994
8883,29153,0.03495178596748724
8884,29204,0.06160829106746461
8885,36417,0.021180817649044642
8886,2213,0.022675619748589164
8887,3520,0.02610946624152139
8888,76134,0.01417028142918082
8889,2737,0.02872483679715238
8890,48834,0.026552464273703107
8891,97028,0.03193093437308668
8892,86810,0.012267798202795032
8893,45394,0.03733547901227498
8894,82540,0.030904606576946565
8895,47560,0.020255354217295997
8896,46746,0.041330118660377266
8897,42908,0.04292144651616351
8898,18056,0.028883036565537038
8899,55523,0.03339582091578912
8900,59076,0.009841073079973377
8901,15482,0.01674549892059071
8902,87133,0.020905401903497354
8903,34533,0.016062704901716775
8904,3262,0.026706940610589484
8905,76826,0.03611648493440643
8906,64452,0.03771431727295087
8907,75355,0.01046805701798398
8908,1750,0.02680135626347319
8909,32491,0.023722021749457183
8910,24742,0.03595081624903497
8911,87500,0.011219085902984031
8912,8937,0.02324922018549437
8913,12006,0.061012793972611605
8914,70585,0.01971528075279072
8915,94627,0.020421926691593265
8916,4586,0.028475098699238463
8917,59191,0.011974644139566724
8918,34528,0.016342944463304747
8919,17830,0.021551399412544442
8920,58311,0.05391421112160284
8921,79318,0.02056284592965984
8922,56582,0.04970799769254859
8923,26284,0.06188811785510926
8924,58570,0.018193718948857924
8925,55860,0.06805673126903791
8926,26534,0.025866056419154217
8927,1262,0.02004888536393993
8928,82127,0.042265444148063866
8929,88763,0.020342216508378266
8930,38517,0.05098679708268686
8931,62761,0.026619154590115848
8932,7452,0.016061064388761696
8933,18637,0.018280124551013494
8934,76583,0.016598060452887163
8935,43565,0.03678109183217919
8936,87228,0.020792319393061528
8937,64073,0.04029785076238032
8938,21186,0.017796838215276046
8939,75721,0.013726195016883646
8940,84867,0.008925483364794977
8941,13778,0.00869029299312596
8942,74085,0.011754598479847743
8943,83106,0.016654108210071416
8944,56874,0.07302897736700381
8945,97767,0.07184139170060314
8946,61255,0.01432447604395351
8947,30838,0.057260213870694306
8948,90694,0.0506879390341744
8949,61716,0.08183489595729837
8950,8456,0.011654287475645016
8951,39504,0.06540482431543816
8952,85347,0.053554663124989625
8953,42235,0.014133289394257828
8954,76483,0.029561336279579308
8955,8944,0.04035173635239154
8956,50901,0.023526513798561167
8957,52479,0.030836318899991066
8958,27362,0.015814710722701214
8959,5157,0.01724644938105011
8960,52666,0.029509180073740673
8961,31486,0.09029665621221977
8962,44222,0.012783407186811166
8963,58598,0.022612676027190408
8964,338,0.05009895016455505
8965,34728,0.028233757806995396
8966,76692,0.042178710891554894
8967,79668,0.04424736629574513
8968,18044,0.052150596543883744
8969,96149,0.05123562902543284
8970,90902,0.02855906827474321
8971,85284,0.016007213630027405
8972,21290,0.01362143781398394
8973,22423,0.014685235380992331
8974,78611,0.029126868475416727
8975,28719,0.02097158525991986
8976,61247,0.026843067456284772
8977,8950,0.052852893702177675
8978,33393,0.02827887697270457
8979,80541,0.0381301958313056
8980,24798,0.02823047943507576
8981,34692,0.04712000810919702
8982,84984,0.04344856231016518
8983,97972,0.019548715516366527
8984,89917,0.020824813447244527
8985,34490,0.038211603384943026
8986,86509,0.027439592602270687
8987,57226,0.029386794354041897
8988,55545,0.013397835521314499
8989,8718,0.013349777196819025
8990,39411,0.0316529585232365
8991,34293,0.017616157902187964
8992,90540,0.0396561079647819
8993,43382,0.03186379505987381
8994,79545,0.03759807759693383
8995,5592,0.03818371310502999
8996,4713,0.04156540220329036
8997,91198,0.0155886077609169
8998,77348,0.04304408404509545
8999,85386,0.05072893959487076
9000,90357,0.06185252579048049
9001,49103,0.01591599915766575
9002,74769,0.007001789812349072
9003,32149,0.023945483591563024
9004,25839,0.02960420230521778
9005,59792,0.06973057739497368
9006,25300,0.02949478320544885
9007,49869,0.014783644594605436
9008,45594,0.024587577802113448
9009,50087,0.01861063725058276
9010,13646,0.02102532162911769
9011,68721,0.016906720059040002
9012,49202,0.022482659386544254
9013,21864,0.060211184399451154
9014,90052,0.029092684750649637
9015,60080,0.010465760885659838
9016,28934,0.01627822975535398
9017,41299,0.05263009830182841
9018,93450,0.013375978872705446
9019,13356,0.040856520245395954
9020,98733,0.02277544467126882
9021,72298,0.014017324578577238
9022,28660,0.04062995649637961
9023,62414,0.025210331806544972
9024,75563,0.014044458686722331
9025,95377,0.023747880523194615
9026,36604,0.009378324220919937
9027,38454,0.06126330176582739
9028,41193,0.014002496129247114
9029,72679,0.01953069123299289
9030,94115,0.04545341948750789
9031,45477,0.020562275588669222
9032,33904,0.03923059344354111
9033,42254,0.02434332947334685
9034,45261,0.06821668404433574
9035,28308,0.018210116317508313
9036,45198,0.02790441905740526
9037,75798,0.019931665902454213
9038,43187,0.007480531290797245
9039,43071,0.016933649633795754
9040,81397,0.038032957964758835
9041,39630,0.012489400457464758
9042,30097,0.03152422352993275
9043,2817,0.021406518291142086
9044,25912,0.032905303846918615
9045,92528,0.057977979252603236
9046,46566,0.03090251037351146
9047,98987,0.050876610448948735
9048,71421,0.02004496558518057
9049,89428,0.018506498522807717
9050,83684,0.017593711710604285
9051,34164,0.04198679605733924
9052,92577,0.05696619077112888
9053,7429,0.00649880480834873
9054,67338,0.012136102387724175
9055,34830,0.018303355952059144
9056,61928,0.009137703839586488
9057,12858,0.014075625306781447
9058,48006,0.040839976998981
9059,80414,0.032241213522367876
9060,163,0.029790203598394967
9061,50503,0.045208024381762205
9062,27730,0.019635168244867784
9063,63315,0.010732005240905639
9064,51101,0.013613257757898192
9065,34099,0.020580306454780675
9066,54773,0.02806391823322725
9067,84272,0.02068296411020518
9068,94238,0.017501325122331077
9069,76612,0.021764246687808318
9070,57799,0.03210135998694695
9071,1807,0.010821414295669364
9072,71201,0.012202185434571591
9073,45601,0.020018175891707936
9074,20636,0.03400970897820927
9075,62224,0.01934911571629007
9076,28807,0.028658551067169063
9077,8778,0.008050697792427793
9078,20446,0.007057676532514271
9079,99168,0.04673840165303992
9080,55655,0.027410024676537602
9081,91956,0.06269842874011208
9082,22266,0.028250144777065788
9083,57393,0.006166781811000869
9084,49790,0.01600256743014189
9085,8375,0.012682934044284574
9086,98709,0.06221820205639057
9087,46456,0.03518265031735051
9088,99453,0.02681104181801889
9089,65701,0.025772045378406605
9090,81984,0.07221175188799261
9091,55923,0.019453631353068195
9092,95186,0.016141827714418636
9093,76347,0.02696323574150731
9094,44147,0.030388866528756952
9095,10208,0.02061368226672273
9096,16473,0.0538761678763324
9097,96598,0.014627399283793974
9098,24237,0.025300990583870198
9099,55936,0.022016408178454315
9100,53067,0.02798988166210041
9101,40407,0.023225585077087288
9102,61,0.02715225128727519
9103,44729,0.03284749638101454
9104,18374,0.025728252968351427
9105,28371,0.01895861803422646
9106,47651,0.023554844037351048
9107,42342,0.04722064022079587
9108,27566,0.009713208194724696
9109,46910,0.016881902569036277
9110,46018,0.017634510231029653
9111,47733,0.04137218885395044
9112,41909,0.02253109439871344
9113,25746,0.02363556646368113
9114,30302,0.01632688319004265
9115,58802,0.02386304198789475
9116,7899,0.04642968606862098
9117,66772,0.0499698090029072
9118,95744,0.014604548900547014
9119,95097,0.030385594083579145
9120,5730,0.030344037144853522
9121,46200,0.03347285190525479
9122,4182,0.04622888502737801
9123,97046,0.028753406328300462
9124,99582,0.037012640437647654
9125,39030,0.0595653149708018
9126,31091,0.034598177134879615
9127,54430,0.029767054714066904
9128,49834,0.0397272890724017
9129,66356,0.025407283394644525
9130,80081,0.037737000009545524
9131,81288,0.03676992363332241
9132,37641,0.02263661323583465
9133,25253,0.01489688965254625
9134,9727,0.026682686249195887
9135,48417,0.03362624227406559
9136,60140,0.0141255495020164
9137,33467,0.03575988726019621
9138,6369,0.047305952624330364
9139,51712,0.01709832709910896
9140,85295,0.01473419705513078
9141,85816,0.019427316380593466
9142,10010,0.025879117719938973
9143,48044,0.046270372073438724
9144,66000,0.055600665182212634
9145,72454,0.024082430896445288
9146,51030,0.043954625140051475
9147,22862,0.024660646909488177
9148,76339,0.02177310865695204
9149,35601,0.02372270366067481
9150,78437,0.023580067467902196
9151,81718,0.025334374643263977
9152,76244,0.04230551551572552
9153,33595,0.03668490479101089
9154,17462,0.028288669303918518
9155,48979,0.03718835062910664
9156,47455,0.01599114544788855
9157,6233,0.04202814622833636
9158,26026,0.01955405101643247
9159,96611,0.00992854811949968
9160,13605,0.015988841070410806
9161,10436,0.0074829616514675915
9162,47071,0.018987208707202982
9163,12695,0.01711381735075944
9164,86352,0.034552247829756674
9165,34192,0.042547400762669246
9166,38210,0.026643823438159582
9167,66778,0.0239000930718467
9168,93928,0.03022571742118585
9169,95027,0.028991322563275496
9170,15826,0.031129252409370495
9171,18722,0.06254296879630047
9172,61870,0.017830690920846742
9173,58827,0.028748555110453565
9174,59096,0.02250639372466794
9175,78637,0.05329702369659718
9176,93458,0.029149955521906013
9177,18537,0.016188555625105662
9178,46542,0.013443435358767753
9179,57010,0.01828890106127199
9180,67152,0.0767201503348022
9181,92195,0.010647979300266529
9182,93798,0.02570539401364162
9183,96014,0.023671990175007256
9184,35567,0.01627990384067326
9185,17293,0.029662966063826207
9186,91797,0.03160314310606556
9187,16933,0.01602394740874049
9188,33210,0.01777691458334478
9189,47390,0.02377857021167755
9190,45458,0.01173543310520607
9191,69551,0.018149631883868225
9192,21733,0.02611473433712856
9193,20141,0.03848720595591606
9194,4602,0.037668307038563734
9195,73597,0.02771430329604876
9196,81967,0.03242892508554902
9197,76667,0.016624983081194356
9198,85560,0.021043703762800563
9199,97315,0.04228506867693549
9200,77463,0.056129398740235384
9201,47671,0.012722272862566275
9202,81991,0.02118730783805719
9203,42188,0.02832636556602067
9204,44447,0.051820967859056
9205,10117,0.03560508010104928
9206,62652,0.024938212947997324
9207,64403,0.021481957398202384
9208,6335,0.01809577543860995
9209,8476,0.026341176833370228
9210,53688,0.060046846696142485
9211,69594,0.03395062726125558
9212,75141,0.02849906773754901
9213,64351,0.025332415536903463
9214,35556,0.008148523806144583
9215,86765,0.024019163323503616
9216,58376,0.01885370069853571
9217,1780,0.018967897769244152
9218,14974,0.01837879001923132
9219,55444,0.016138703054573093
9220,91616,0.027855863931023774
9221,1068,0.018581325477148213
9222,37986,0.06244786828976491
9223,76495,0.030762883382789125
9224,33352,0.03165359034180117
9225,88912,0.012857596081325244
9226,54144,0.04440932815581656
9227,95046,0.04294761387173016
9228,86928,0.0179082502872815
9229,53920,0.03006643932341099
9230,54399,0.024556966561706802
9231,24933,0.012904412935527979
9232,47365,0.017915960451194497
9233,6793,0.03699463566715075
9234,76877,0.01115599697435717
9235,71738,0.018129291202417457
9236,29451,0.01795810204471819
9237,40316,0.05299827402917656
9238,96724,0.04149380083104183
9239,49689,0.02461163306030122
9240,47934,0.052695900678981854
9241,52558,0.04252073569368666
9242,74029,0.013801337952639964
9243,12459,0.01545337310698774
9244,68551,0.009606509990902436
9245,83181,0.023167739469535504
9246,82502,0.024948299053216744
9247,95227,0.020005860602289403
9248,80278,0.01575154589123806
9249,2087,0.007706866760791738
9250,50438,0.03453793192799832
9251,35700,0.02691574023138761
9252,76113,0.02760605664588908
9253,93960,0.05569304480633362
9254,11285,0.049497510028267674
9255,67986,0.015037349656803095
9256,21859,0.02850242750211427
9257,75239,0.05847418719130265
9258,88650,0.016785413076396485
9259,60548,0.03443145336918436
9260,99340,0.0598692721429483
9261,32159,0.01908853479281849
9262,80752,0.038612687555756725
9263,2667,0.016594690607814516
9264,56062,0.018025421427274466
9265,14753,0.016194962979553626
9266,44006,0.025687975325523346
9267,85021,0.013983824562544175
9268,743,0.03304229618587653
9269,51150,0.031571935601284906
9270,2450,0.08977236770953528
9271,83577,0.03859678736515311
9272,87124,0.007602326934112967
9273,49140,0.06526073477677324
9274,28397,0.08750944425857397
9275,24492,0.029532979308586775
9276,23930,0.025912355359250152
9277,99634,0.058132207766778875
9278,29861,0.015309848052350245
9279,72450,0.036764055127685435
9280,74714,0.01095734695988082
9281,78516,0.027035493542518135
9282,37196,0.06753440724686824
9283,78766,0.04132948017950136
9284,44893,0.0396962712557775
9285,15994,0.011414439081665204
9286,56442,0.020900191327302226
9287,10854,0.02963242757253217
9288,27371,0.04210865285351749
9289,37458,0.012961088776347326
9290,46771,0.03140069678618532
9291,62212,0.012335606530131032
9292,157,0.10057385940180855
9293,31527,0.026315064411600336
9294,36218,0.02718996873060823
9295,67521,0.05090851029818989
9296,2225,0.03985725925662549
9297,59784,0.010853577066334637
9298,47032,0.006064962663269944
9299,89153,0.009022615201456788
9300,97624,0.036957752233450186
9301,79301,0.03217531614533011
9302,74431,0.012589974628186432
9303,57104,0.04327970382186211
9304,90256,0.022396342316377278
9305,98629,0.02714777350528308
9306,33963,0.04260892556488566
9307,66353,0.03030317264013053
9308,54377,0.019261409559671226
9309,57136,0.031652249729248044
9310,32481,0.014730151462010807
9311,6188,0.048527634891938495
9312,26646,0.01759894003446475
9313,8465,0.01819470265216034
9314,66125,0.010663305179900346
9315,13880,0.047331592585022446
9316,30168,0.03751139066164744
9317,20865,0.03824314982059225
9318,32344,0.022912543601280123
9319,47393,0.03221265034481604
9320,22277,0.01596405116429761
9321,30909,0.038203342227443496
9322,68328,0.009351271590985736
9323,83136,0.05305731182180994
9324,43085,0.025591724673059976
9325,26002,0.017270759004788923
9326,929,0.032395762372393465
9327,10637,0.02103777235362233
9328,47022,0.028598955191827757
9329,99309,0.0175890209862854
9330,79414,0.014155036590807628
9331,8600,0.018628069349484928
9332,78362,0.02983914946291698
9333,32949,0.04622369101350398
9334,63054,0.016843403825437094
9335,34083,0.04317856209074094
9336,54898,0.01610962729901379
9337,9747,0.019900988696910975
9338,93084,0.016624232287729156
9339,81507,0.03554706618422814
9340,48794,0.03648277336378329
9341,61007,0.018138478335686145
9342,34002,0.03936642238073033
9343,24420,0.027592512376018882
9344,52287,0.030798682497273328
9345,23146,0.01396139146308038
9346,23166,0.013468238087802726
9347,58081,0.036756939873275184
9348,80528,0.03866707074926204
9349,31998,0.05221884508490368
9350,86654,0.048336679346022614
9351,78322,0.031466626216784574
9352,29890,0.029743967649371966
9353,79836,0.0411128198714801
9354,11456,0.02853641584829956
9355,71720,0.012255586238176533
9356,82199,0.0094374954972211
9357,17998,0.011857555577443587
9358,89199,0.009300949467731924
9359,92775,0.016751263431952903
9360,5608,0.029250557075536577
9361,11552,0.015216298800825118
9362,79938,0.033624134815073106
9363,92524,0.027628134538008938
9364,82138,0.030479843409971074
9365,52200,0.04432773269226679
9366,84599,0.04208631844308294
9367,43494,0.018706264005552014
9368,8564,0.015937068572269
9369,10405,0.05932531621625925
9370,41840,0.01173417060238865
9371,16004,0.02638927267290899
9372,80659,0.037628503557705736
9373,85797,0.037025974917448363
9374,13128,0.0266104459546585
9375,9478,0.037242421252269745
9376,30296,0.04816649624598338
9377,51624,0.01203503452135899
9378,85020,0.04951295230821307
9379,77131,0.009088351667679167
9380,70311,0.020940799034990618
9381,45241,0.02476959379746406
9382,65108,0.013713522121198056
9383,61360,0.0394267746711872
9384,70544,0.0077746227302250195
9385,15326,0.03282981968130296
9386,57921,0.021228836975569963
9387,29687,0.031641623128990874
9388,4094,0.013908810061685144
9389,4760,0.05452131641420736
9390,19573,0.01533605504640783
9391,71972,0.03409544750481164
9392,63222,0.06036489883447299
9393,65642,0.03159541629371828
9394,79266,0.034092236448594326
9395,12185,0.0363534429029186
9396,66526,0.015565411382066975
9397,87970,0.053080081332866146
9398,38997,0.029670394266314192
9399,32364,0.04396762948785996
9400,60473,0.027666945707770854
9401,69286,0.026283714939984264
9402,10122,0.019432659650070315
9403,65612,0.01855931723624213
9404,29323,0.01232736965971827
9405,24548,0.03707683425343139
9406,53583,0.015234490709613824
9407,9443,0.01852846876685237
9408,4041,0.017159177778079737
9409,70938,0.02256089553212202
9410,63506,0.024328641841419266
9411,36929,0.04952196585404243
9412,16110,0.029043177055921493
9413,51070,0.016055556996590545
9414,91297,0.09490030852721455
9415,85559,0.03415473303987249
9416,98363,0.027619585827101032
9417,63246,0.03390603974923427
9418,42889,0.017404010115651555
9419,50752,0.03002416744843067
9420,13818,0.02122687695275698
9421,28307,0.03190506192887308
9422,56776,0.011023792919412734
9423,80880,0.019446151022462606
9424,29737,0.034771544363833104
9425,92666,0.025085128410572748
9426,61021,0.03017013650826118
9427,51874,0.02822963493134944
9428,16181,0.021906899442165527
9429,27075,0.018389248429682762
9430,90163,0.02177121970927389
9431,42818,0.02151441179485085
9432,57819,0.03184902879630108
9433,63695,0.06364964583147655
9434,93282,0.03842536554646826
9435,15307,0.03461314567048823
9436,74856,0.02746200754033524
9437,48505,0.06013811835654905
9438,9297,0.029504423220562157
9439,12342,0.01811582041300787
9440,2335,0.04043198634007329
9441,84542,0.03966723583324548
9442,23527,0.054488288461568626
9443,84497,0.03353016102832807
9444,5660,0.06076598857505505
9445,92697,0.013844389865535389
9446,87666,0.04554411025591546
9447,35142,0.03170306163388535
9448,87841,0.03816718168385559
9449,94166,0.018965665830572746
9450,82021,0.03334467845875578
9451,98423,0.02148314338858591
9452,5435,0.02382190684877556
9453,5903,0.010891754777170269
9454,78507,0.010363599429550053
9455,98957,0.015691678144475675
9456,56361,0.01907072788742437
9457,80374,0.01965192850850908
9458,39578,0.025290421814840633
9459,53865,0.0233903488478014
9460,67762,0.025495812672037994
9461,63896,0.04928355506229874
9462,88716,0.019606145853962757
9463,56988,0.020511276771571413
9464,39259,0.04329331120346146
9465,81332,0.014777973687410618
9466,71964,0.02742715329179461
9467,23804,0.02970040083641348
9468,11653,0.021775348216203663
9469,98558,0.01836582005203707
9470,37478,0.03352437326146818
9471,53669,0.03903323532025554
9472,4659,0.03505235280943621
9473,85236,0.05458254744130589
9474,69806,0.057890313105244666
9475,36547,0.01162663089893536
9476,1526,0.10388472699268725
9477,32530,0.048137268482516725
9478,15302,0.06025800677463057
9479,19840,0.02887956682065555
9480,92347,0.020784625007340237
9481,58560,0.04200211484173998
9482,35578,0.006158626277368625
9483,69787,0.01855804517430932
9484,2239,0.019007736960863646
9485,71382,0.007596361873228716
9486,46132,0.020193842317740258
9487,99764,0.05418652194051959
9488,6220,0.04047714537462481
9489,50172,0.05369030002206512
9490,80396,0.04938887118863028
9491,47619,0.025497138464720986
9492,20796,0.020446972650759725
9493,4722,0.0338381000233677
9494,92388,0.025422018496546413
9495,11705,0.012266804443492487
9496,81680,0.024557479722003915
9497,85088,0.01266723020864581
9498,54084,0.04825889922521548
9499,43507,0.021029408533141215
9500,33877,0.040352348784062686
9501,34102,0.02837340770051958
9502,19272,0.03523616343765915
9503,18917,0.010829769509192995
9504,78785,0.016125183090036254
9505,56092,0.011215010170962155
9506,14199,0.04496982136131422
9507,85460,0.016152131531299838
9508,13946,0.04407098391349986
9509,55641,0.029096856003262988
9510,50744,0.031186296549518665
9511,69368,0.04209623335675327
9512,98985,0.017766905758708988
9513,40004,0.015174723727539743
9514,7410,0.047819236734447455
9515,97251,0.009352784795919711
9516,80491,0.026186858937756546
9517,76372,0.02371687811630233
9518,82470,0.015246233206973754
9519,72766,0.05900919151443222
9520,30538,0.031009506978856526
9521,36949,0.021421953942087013
9522,4169,0.033654284069833236
9523,68210,0.01431027999818198
9524,10018,0.030553729933801982
9525,79255,0.012486851780076094
9526,91634,0.022189955871362365
9527,94349,0.0378047226463629
9528,2677,0.02907123385796358
9529,10362,0.03350665650220619
9530,58002,0.025315466699225256
9531,68145,0.018801268425112885
9532,48806,0.013114768139663328
9533,62697,0.051584263445739124
9534,5500,0.014349997420661838
9535,96351,0.018335464459167543
9536,21928,0.023709542024618523
9537,59274,0.008004297633741718
9538,67518,0.08570022446268151
9539,46530,0.024942879008675273
9540,91576,0.01357191842603402
9541,64325,0.013246125631432147
9542,31494,0.02493536760241544
9543,12988,0.017328637112271048
9544,30423,0.06049512560596546
9545,28302,0.010864301240170168
9546,16910,0.038317598488927115
9547,80832,0.02102965023565903
9548,35860,0.0318164897622155
9549,66800,0.02256540490737582
9550,53155,0.018396887660328137
9551,29989,0.031059162278242892
9552,99366,0.017594872077410534
9553,86714,0.038423017486335725
9554,8202,0.05209855444942728
9555,51873,0.011717757668372623
9556,30706,0.0287919930008105
9557,67156,0.034984041560546034
9558,20065,0.04409269061341295
9559,82221,0.04148042964176091
9560,23922,0.01922655455872689
9561,53618,0.014439632188820693
9562,87535,0.008098232478079247
9563,61640,0.04953479717877837
9564,96800,0.011834460950563752
9565,2629,0.017849479325752846
9566,13573,0.013430175110614829
9567,61146,0.031926686174806936
9568,34039,0.010579174773759316
9569,65366,0.013916848012255494
9570,99199,0.04039968268885484
9571,30260,0.026654037835666153
9572,27411,0.04454575173826321
9573,56298,0.01620179429123292
9574,5876,0.039531270824039434
9575,52818,0.011672561272769744
9576,84098,0.009340878000246296
9577,85521,0.017955668419419722
9578,9526,0.022100109793581103
9579,96252,0.022118251318085605
9580,24424,0.03258483261296858
9581,82445,0.047105539242441215
9582,86055,0.01903956143423889
9583,43636,0.023916872528447382
9584,40177,0.027240802672656717
9585,58625,0.03436686224571488
9586,47481,0.03284229924098436
9587,12881,0.014309215580579912
9588,31911,0.04111759242210632
9589,98507,0.012497578659844698
9590,6405,0.02575820282214497
9591,91258,0.013201080027186535
9592,57709,0.04128115790219071
9593,1132,0.04940029328789532
9594,15585,0.019618688499983605
9595,59754,0.050057361481131095
9596,40626,0.012304038255484331
9597,49753,0.030945388840979558
9598,95006,0.021435336769426442
9599,17746,0.036870674804924834
9600,10799,0.035134753703659635
9601,64649,0.036541121191784307
9602,91236,0.017255517820153735
9603,73184,0.015825416582052127
9604,29876,0.06372751930858953
9605,20427,0.03783956365797814
9606,92931,0.03556366109776637
9607,34603,0.05951183578534232
9608,83534,0.014829407014667445
9609,24670,0.038594359943007625
9610,50014,0.028147354027380486
9611,97658,0.009049823204225647
9612,21046,0.0371382854221356
9613,33350,0.027659404762780573
9614,71442,0.047592926415208035
9615,91283,0.03384459863975505
9616,94002,0.02058184395287818
9617,88851,0.029267923318360124
9618,54395,0.03244298357404845
9619,60458,0.020037940507580832
9620,66700,0.013233482847692227
9621,97721,0.021628374304342883
9622,41716,0.010273068519315948
9623,27010,0.05030201974684015
9624,16330,0.00916026250050464
9625,64087,0.012934386853136862
9626,11700,0.04684836121705596
9627,65205,0.00867789864172629
9628,36622,0.024804305970883688
9629,82651,0.05507591888950556
9630,61648,0.02173535625029329
9631,80723,0.031881151779032654
9632,31581,0.010576026957221263
9633,66997,0.035108895845738126
9634,49919,0.07490352952285784
9635,79519,0.02353341874626306
9636,19075,0.02719062282211776
9637,94723,0.02329040947168341
9638,36428,0.03806620837098454
9639,69015,0.017105076402315757
9640,99285,0.03023902520607615
9641,99978,0.06832149194805517
9642,44101,0.017467395932813826
9643,849,0.010963944001245597
9644,90992,0.024149237001167237
9645,36636,0.018768598483590183
9646,43319,0.042463882497351446
9647,48700,0.026330228718871508
9648,28003,0.024168905789173495
9649,4452,0.03597581958246716
9650,27838,0.019811483200587104
9651,55926,0.0384873745003344
9652,46825,0.010611300994634528
9653,80928,0.03882048204595236
9654,26330,0.015615704264634808
9655,9712,0.03827758332936427
9656,79278,0.0608721245849802
9657,11923,0.015544022711104557
9658,3776,0.03269283595303708
9659,32091,0.020590164604524865
9660,55126,0.05301647289361799
9661,73823,0.029687499707212604
9662,99958,0.02061564311489922
9663,97050,0.04624450435406893
9664,26270,0.05648967329550353
9665,87513,0.028832055090789382
9666,90437,0.012674010292370148
9667,8623,0.049818711052036745
9668,15368,0.05945153979808637
9669,35618,0.029291754396774707
9670,42496,0.019496611315934744
9671,54079,0.027444600984527938
9672,51138,0.027574751722941986
9673,20241,0.01409399058689351
9674,53771,0.03561354188607765
9675,83908,0.03157906693777372
9676,21818,0.024033874420020283
9677,70902,0.02611536222244858
9678,54821,0.02220358341321034
9679,54205,0.035110397485796696
9680,23147,0.02418784504957407
9681,24255,0.014475294248615784
9682,65707,0.08391232451691177
9683,7901,0.04411867064608141
9684,58214,0.015478160123899912
9685,1378,0.03507968897149229
9686,17002,0.0753789697563099
9687,94483,0.05222906818547629
9688,12371,0.030289399204425055
9689,58084,0.02420349880772307
9690,44979,0.014015333653420937
9691,27721,0.008648870907238622
9692,13598,0.015622932169296055
9693,86474,0.026094834440907218
9694,62349,0.01779398093848862
9695,36649,0.040062968627323906
9696,40499,0.013382109592928498
9697,14290,0.04402023468231635
9698,57833,0.028908532563870323
9699,11004,0.021879316345789074
9700,48798,0.0450280499573195
9701,49579,0.014921768940295404
9702,79814,0.01581210061083587
9703,87567,0.027035088243766926
9704,65473,0.03827826794030596
9705,88235,0.01508441222329019
9706,63592,0.021844006979475195
9707,46719,0.024844962204695745
9708,19225,0.0233640365975107
9709,28618,0.008668398722174004
9710,6026,0.02068435939530253
9711,2121,0.01665195107245005
9712,58265,0.012084182392252098
9713,48039,0.0196846583282852
9714,62006,0.058074234525775294
9715,35105,0.04495630578721593
9716,46053,0.01426143199740288
9717,41175,0.010974426422100673
9718,27043,0.012621043318903992
9719,86646,0.013212980444606335
9720,16553,0.025926621168999776
9721,64973,0.08112824889288914
9722,44885,0.028179829492725305
9723,12499,0.011350402246669904
9724,35557,0.024432134617267627
9725,66636,0.03297691136798348
9726,37510,0.022944802692699672
9727,83151,0.016037651548712204
9728,14315,0.04245823782170968
9729,26144,0.029198180685399217
9730,42899,0.022173288392457267
9731,25409,0.011372168220133858
9732,94419,0.039692775692554604
9733,78997,0.02624529975328142
9734,49051,0.038264540587475124
9735,14603,0.03512605592929813
9736,81817,0.02147394716211094
9737,98627,0.020613949932435052
9738,80780,0.01507298980653703
9739,18350,0.022391742308138913
9740,72604,0.03420359302546011
9741,93735,0.027842115647871743
9742,49305,0.021510962155346515
9743,22282,0.011185160995046873
9744,90807,0.0244448041993065
9745,35621,0.06058295590944386
9746,30341,0.02293350365956837
9747,32916,0.04085573111091873
9748,93934,0.042100470092625006
9749,3092,0.012288606470211226
9750,96677,0.05170599658134288
9751,47497,0.028268641972027914
9752,45525,0.04417780064481872
9753,37249,0.015149381311007376
9754,90494,0.013385868249816538
9755,23932,0.03602921452044185
9756,36099,0.04228682806006405
9757,69795,0.0411591680158317
9758,99925,0.01885494833192198
9759,22847,0.01608195728368133
9760,66251,0.020309458982629005
9761,55224,0.05650870523701827
9762,2049,0.013237144093337825
9763,84161,0.021305056021236935
9764,84968,0.02533770521713888
9765,55093,0.05650172270839595
9766,64302,0.034587630925245486
9767,46060,0.01188320645016089
9768,35804,0.03139298612271256
9769,34452,0.02326623664486419
9770,27548,0.019863956392811345
9771,62213,0.01971361168183096
9772,20431,0.06711815276132171
9773,25873,0.010050981357650347
9774,10677,0.016786204592212126
9775,40588,0.0285957622271821
9776,61566,0.013012947218840767
9777,42085,0.04171914312707767
9778,41835,0.04717057389578739
9779,417,0.022010940524375883
9780,24125,0.014378695841225498
9781,75294,0.018822991714095814
9782,30053,0.05333516723036657
9783,56176,0.052883088639759844
9784,33689,0.024244171748008025
9785,35371,0.05575525740182073
9786,66280,0.015331163759989727
9787,79565,0.04885778599350064
9788,86423,0.011936512950222168
9789,92581,0.04667481618851592
9790,2192,0.025225941337313963
9791,26785,0.010569886904944656
9792,98758,0.0402288678186407
9793,12820,0.043948823965547695
9794,5689,0.014587559766535089
9795,13098,0.01977191511384357
9796,42023,0.01813574789918624
9797,5809,0.03679243066299091
9798,76665,0.04196238779566002
9799,64871,0.05706256549401569
9800,26918,0.02391456151524954
9801,54130,0.04564748574448381
9802,89255,0.030049462145319502
9803,37954,0.04937634152395127
9804,94991,0.009074071523002528
9805,95908,0.05351443702181283
9806,74283,0.021022849143194237
9807,52202,0.008669172148371065
9808,11365,0.05057835777184135
9809,55728,0.033744408311175624
9810,7013,0.060876001069712124
9811,53431,0.014100482843046873
9812,31328,0.03886374954007836
9813,64558,0.042514143860797785
9814,21213,0.013967131743297547
9815,55076,0.02243015864318855
9816,93872,0.060345775869563925
9817,10980,0.06261557202400583
9818,15750,0.030734007469930207
9819,83024,0.012022249881597433
9820,49306,0.028808733327673162
9821,90515,0.01952168933192445
9822,22184,0.04151692427411859
9823,74629,0.036605164540296733
9824,35373,0.01251594075738853
9825,15017,0.029103974784370656
9826,66815,0.04571281407757735
9827,16881,0.037470804664341
9828,54781,0.021830392796458674
9829,50170,0.012634404241645157
9830,65627,0.03582185546332033
9831,98831,0.011421790488756018
9832,33007,0.027481324273312575
9833,39164,0.035407992887903625
9834,44906,0.028430297688935575
9835,57126,0.0236763955209233
9836,54188,0.03325351221037702
9837,30591,0.01979193878752756
9838,63275,0.014768381144890656
9839,76585,0.01770776759515967
9840,90702,0.009117766640061538
9841,78567,0.01353547540666327
9842,42604,0.015972882961154174
9843,87596,0.02988300245309922
9844,49697,0.020004704361359524
9845,69096,0.022518196513263613
9846,77936,0.027714756436621298
9847,73101,0.03439942604593153
9848,37015,0.0393316167658523
9849,85828,0.03700495412448581
9850,70995,0.012628801298747395
9851,88336,0.01592660575233174
9852,79115,0.03853188644492468
9853,49806,0.030641929281695873
9854,20836,0.023845779995223217
9855,51843,0.011326024012754406
9856,83919,0.011690143233163565
9857,78971,0.022664184371877824
9858,97354,0.011295803045457065
9859,50602,0.015481518142561525
9860,21699,0.06468981862594794
9861,91777,0.038453241691164285
9862,42956,0.015842844354392167
9863,64861,0.01793338811608694
9864,27925,0.018336704347558956
9865,748,0.033515101835947886
9866,45971,0.020778878399360108
9867,36317,0.008210955039602633
9868,81235,0.026953125994470216
9869,76773,0.03342333275617675
9870,86190,0.01872700718101504
9871,47473,0.05072147260670798
9872,54056,0.020067300389652678
9873,66484,0.007779706803852033
9874,54296,0.017774869710948542
9875,86592,0.07963472093958295
9876,12327,0.03761370277586203
9877,27150,0.012769010761515678
9878,39069,0.04226214871515664
9879,35837,0.03645097584081159
9880,76017,0.01417655731718835
9881,81313,0.024757816212379265
9882,76207,0.008062194765284155
9883,66887,0.02760258543554419
9884,52365,0.01297226377093487
9885,63887,0.07258484154063033
9886,17407,0.01939623618889723
9887,42732,0.04029130645323854
9888,88859,0.013306694805604534
9889,52816,0.017996100222912405
9890,41706,0.0588704582714097
9891,34132,0.061116452146485166
9892,44443,0.052281033759704
9893,96310,0.028557768010146475
9894,65646,0.03133819328098336
9895,788,0.0683869796568514
9896,10361,0.01038894172769128
9897,78209,0.03074964480674118
9898,62622,0.017874378883184452
9899,11352,0.024114240882015955
9900,55466,0.015429431483095432
9901,69477,0.03440249258841088
9902,7517,0.02921118567404124
9903,86917,0.032197028923825505
9904,7634,0.01525918946996225
9905,40834,0.024100005751172927
9906,46465,0.021748016217729225
9907,64811,0.04049791807276268
9908,69345,0.07142831122184799
9909,42131,0.01715215151380033
9910,2942,0.025014904219458383
9911,74928,0.058469651500832734
9912,53113,0.03469985104734359
9913,38602,0.034828607030653796
9914,26960,0.014683048649250765
9915,13155,0.013994009472353998
9916,72109,0.061093448712992944
9917,42919,0.02492023214322661
9918,1091,0.0575365330157135
9919,7739,0.016041567186653973
9920,90392,0.020785802304740367
9921,55564,0.03358911228612887
9922,37397,0.03186790371833193
9923,14571,0.020178131461704288
9924,14856,0.03731386448468319
9925,11978,0.03821409668268646
9926,41998,0.03783882060685511
9927,79729,0.021816345279955334
9928,4644,0.019370502363166328
9929,88653,0.0373291364661089
9930,72244,0.03776394417106837
9931,27539,0.014815247324522286
9932,32773,0.04094873020593843
9933,12042,0.030790594121364905
9934,77441,0.046068099653384945
9935,37773,0.012334398877332627
9936,10650,0.01238357936273325
9937,65850,0.020312901770601258
9938,24758,0.038378745599038845
9939,88941,0.028089130552161053
9940,21152,0.008944453770033261
9941,52298,0.019044678751222538
9942,88373,0.02750504497616091
9943,49276,0.026568088654820694
9944,27003,0.021977269293736168
9945,15970,0.03180439656501435
9946,3008,0.025379801030982186
9947,19042,0.05261288439645903
9948,54167,0.02127723416027551
9949,1746,0.037353147094195
9950,71778,0.02860593976000068
9951,74944,0.018644887392702092
9952,95680,0.008931380483433992
9953,23355,0.016616823686566685
9954,78939,0.055769048811055
9955,668,0.029325595309047638
9956,74608,0.01645803085699143
9957,60810,0.03204584881572804
9958,98242,0.018334874083924035
9959,19509,0.016611943135141704
9960,48326,0.020912640140463415
9961,89091,0.02868566262884995
9962,50885,0.0690643794714766
9963,17082,0.021548650945435635
9964,42831,0.026999551951584214
9965,11264,0.012478234591316213
9966,63770,0.016656484215069017
9967,8195,0.03444106832138835
9968,74521,0.01946591037538889
9969,10248,0.03359658706195079
9970,99535,0.04584832685467484
9971,62956,0.017380974253032387
9972,5811,0.015024481112083564
9973,87433,0.026464081904675422
9974,6174,0.021464734484080317
9975,74902,0.014162071958717897
9976,91246,0.023213621301395843
9977,3654,0.016743400699028653
9978,67244,0.031686866235527265
9979,22802,0.012222973531227721
9980,94520,0.03807445802258951
9981,80627,0.026560592256372664
9982,25200,0.023459217398370803
9983,72084,0.01526128338156323
9984,6002,0.04859185969486478
9985,10286,0.05569092540747472
9986,76601,0.032392142809308654
9987,84306,0.029085278352072075
9988,18942,0.01668094727871143
9989,7339,0.050310123935155326
9990,18441,0.038512939069386895
9991,59198,0.03542906974966936
9992,33573,0.04079544151063619
9993,50852,0.06764618942038172
9994,95243,0.03571543522115957
9995,44993,0.057955646844349326
9996,8795,0.016423065984082354
9997,81590,0.031475321616867016
9998,99017,0.035936420743126335
9999,98849,0.03782320822815676
