ci_idx,ai_idx,distance
0,68758,0.008825446655659198
1,81076,0.014836458510275471
2,56593,0.012650712420432544
3,50709,0.010563761479291618
4,77083,0.01239346740493315
5,51929,0.014633839817483426
6,88366,0.009603448329047685
7,85588,0.01753508340868879
8,4539,0.014982309239042101
9,76709,0.015273202761113078
10,36307,0.013679637064898716
11,14952,0.014111750285886905
12,62514,0.008791166082111262
13,42419,0.011933552339354643
14,309,0.011272150580099984
15,12750,0.011220626744925832
16,84485,0.008671662989395834
17,20755,0.0074646706525543964
18,22246,0.008874731812065271
19,47727,0.009341879938763573
20,20779,0.00812139228256942
21,29234,0.008194972391136094
22,35566,0.008494435112516088
23,55766,0.009029249999482934
24,76413,0.012317641791301664
25,29988,0.011873618876144812
26,86942,0.012406546424012583
27,77871,0.01188909186241861
28,87219,0.013275434901764468
29,49681,0.014378634884955468
30,82477,0.011997247719962105
31,85340,0.013489791580629702
32,75343,0.011248791593545976
33,54924,0.010251227168076107
34,63891,0.011301349493071752
35,52781,0.011805376391406264
36,8187,0.028926495081092393
37,25846,0.027863252674442476
38,33684,0.034062913349607336
39,51797,0.03089969575045395
40,60550,0.013568449704722409
41,66079,0.012790025200901731
42,81939,0.027458465232998455
43,22528,0.020492157011217954
44,95229,0.04761414527328346
45,60661,0.0445090160556606
46,69024,0.05067388049788142
47,55624,0.06572629084817042
48,98496,0.005845406126818799
49,84643,0.005383924963150444
50,49984,0.007693915897703725
51,98451,0.00594538781796347
52,71272,0.014182991263059809
53,62559,0.013774526189807429
54,52858,0.010763800812606344
55,65119,0.009345851486630048
56,31423,0.031039736687767293
57,69803,0.03285100016173972
58,68371,0.03433697541940025
59,14942,0.036016066354520426
60,76332,0.008706473378287257
61,32221,0.008660686212902481
62,79802,0.008000853537627244
63,72569,0.009916539326034014
64,22529,0.00856092096529655
65,16863,0.009526161328037422
66,292,0.008752173577666129
67,47772,0.008584183126125819
68,94397,0.007086931923219649
69,30397,0.0058109333893055365
70,24182,0.012877593336653032
71,18829,0.007873657856381245
72,24769,0.025307868214395478
73,12204,0.02585438957713492
74,92386,0.027689630501085034
75,19330,0.02436977172047957
76,79323,0.008755577930648541
77,6049,0.011652925410523235
78,75913,0.007962529184719158
79,76123,0.009755635402998513
80,7795,0.004804498069892692
81,23843,0.008513122013822459
82,9225,0.00900834504149311
83,10011,0.011944968923299465
84,88312,0.01962839347167393
85,61469,0.02133630470184975
86,24128,0.01749519943031479
87,42271,0.022365900509227692
88,85500,0.008319860263939376
89,60770,0.008850705452992855
90,20468,0.007625584317653077
91,5435,0.0096768069969466
92,71949,0.009119698146349331
93,62671,0.011155333980689687
94,23061,0.010264126653556577
95,65532,0.00972155551650639
96,69643,0.01468682913247859
97,60455,0.016597175130600408
98,45530,0.0198282746268106
99,11524,0.01219787942438388
100,19762,0.005178081400076691
101,73938,0.0056465706704596046
102,96442,0.006926815392128097
103,28307,0.0073889192208118955
104,46027,0.006606940776719106
105,2447,0.009760956246203843
106,67150,0.011933021709770394
107,3747,0.01024953154010118
108,88340,0.015205201367798127
109,9139,0.016224293855379778
110,20917,0.020517418728620864
111,35560,0.017811952829440186
112,13265,0.009899724391287373
113,27151,0.016484257505659038
114,52329,0.01749536827789297
115,96450,0.01667633240037424
116,43405,0.016036633144204622
117,75081,0.012414361303054029
118,57955,0.015663296596204395
119,90307,0.012466530049904551
120,82375,0.012348753359546752
121,23396,0.013379488509395554
122,11031,0.014786873314675014
123,57007,0.015227397626416315
124,3969,0.013134935518946615
125,22743,0.013294231717022872
126,56929,0.013453195843446644
127,5860,0.013612710262672044
128,30786,0.006592245728067728
129,7957,0.007690175346395187
130,46405,0.009677799017351333
131,49104,0.009009040483780963
132,27816,0.007698278109397
133,2033,0.010431143573383376
134,64026,0.007543687484205789
135,79243,0.01067203906456569
136,74553,0.008751192721252986
137,67933,0.009073338565615135
138,24267,0.010874800926024813
139,74411,0.0085475477251043
140,8421,0.008147290647994014
141,30659,0.007895305461354899
142,76658,0.009815489304895463
143,1786,0.007709368398620114
144,67783,0.01587564259429971
145,72006,0.02043367928171967
146,80561,0.023594666715279506
147,80067,0.02113433618398783
148,97821,0.006687232990871091
149,73564,0.0045979783245082735
150,41850,0.004849244329283752
151,22212,0.006205713179875588
152,51895,0.006429583123007576
153,3273,0.007933985607702978
154,23243,0.009774977521148115
155,44115,0.00841127752315896
156,28730,0.008692816160410337
157,60988,0.00926223070379646
158,26581,0.009805321457314995
159,75520,0.012448377458514695
160,16531,0.009020730850628414
161,36135,0.009562185410550992
162,12436,0.012352703682396776
163,3244,0.010765018539545507
164,20528,0.0075952066870215605
165,10020,0.01222276666868857
166,8827,0.010448468550523593
167,3697,0.008502623125969198
168,21705,0.009607762086204511
169,60184,0.014626005474107317
170,14279,0.011031899422640231
171,45339,0.016536394011265564
172,89873,0.006369615261416558
173,27897,0.005647625427672852
174,60802,0.0066054964368023935
175,22889,0.00825405947885689
176,27267,0.020913888623138553
177,16104,0.01037950885806802
178,89437,0.019436656006611538
179,55239,0.016497557452584986
180,23432,0.008927327535878733
181,9955,0.00981186121783325
182,99287,0.010212745170150066
183,8566,0.011311921638695526
184,98581,0.026305446634784495
185,30635,0.026668821278196735
186,78511,0.03491365476312899
187,58394,0.03774314001328751
188,11676,0.019077709497467895
189,82623,0.01715677335003654
190,38309,0.016150037432931117
191,83048,0.01400524380560382
192,64232,0.009839679853630517
193,68649,0.00867187426045181
194,5823,0.012282046594059017
195,87975,0.009773364321399625
196,4034,0.016151925390033003
197,25836,0.011460540954191132
198,39410,0.015256792990721933
199,9618,0.0233532900824002
200,23301,0.005850805804753785
201,77892,0.010835220703264472
202,2304,0.01108986298127662
203,59439,0.011122553905166914
204,28032,0.014447400861860258
205,45316,0.01616398235868865
206,46722,0.020527527021973503
207,86985,0.01760419477182292
208,79437,0.006182456509590378
209,9583,0.007818182521839212
210,15510,0.0047609928142033405
211,93377,0.009166334985223453
212,13304,0.013668931730142239
213,5584,0.017258458897363653
214,39303,0.015576318328944308
215,94557,0.006440565157027462
216,56105,0.009681127519923385
217,36442,0.00946698107601569
218,10497,0.008801725293418498
219,5802,0.008821932650860984
220,94470,0.010102372109241677
221,24222,0.010142171958454528
222,37616,0.010748956793133327
223,95372,0.00881885290425665
224,63644,0.013839060435863774
225,97116,0.014168900467280478
226,25205,0.01308907813272665
227,8372,0.011387413735677053
228,18057,0.004833364361117816
229,99121,0.008576339558541684
230,72917,0.006208854223780777
231,61515,0.008884584563041281
232,95893,0.009660978673559154
233,52381,0.009680883021752608
234,64911,0.011790904693725165
235,6782,0.010650190713886782
236,48112,0.012014813468643975
237,1973,0.015954725745245635
238,39685,0.010619071683680831
239,80444,0.007936956181980842
240,67534,0.011386544384071016
241,46468,0.025036655909749298
242,12510,0.014950490392359553
243,33773,0.012238937919930448
244,90673,0.008724234344687273
245,92062,0.009292510581416571
246,57598,0.009612809583711985
247,66141,0.009661153812610936
248,48123,0.007783998324588904
249,92718,0.0077100248764880325
250,73542,0.008417375867558335
251,73130,0.009638526511797979
252,70594,0.010314055475063926
253,31303,0.008145535978582544
254,90793,0.010377625749372022
255,55947,0.010754064341566777
256,71249,0.0070416433228992405
257,3583,0.008310615029727655
258,8628,0.007950311178270815
259,93814,0.006628695236354949
260,17883,0.00867430121170338
261,91581,0.008895373161315157
262,15361,0.01055769384515252
263,61856,0.01039010351732656
264,47363,0.014257192316531983
265,40761,0.017080951436339406
266,85620,0.013807794584983036
267,21330,0.01570926022179782
268,9504,0.00697194730238564
269,35750,0.007865762014344357
270,24765,0.010991980615236477
271,1235,0.007073541943227197
272,22672,0.009111353185203909
273,39809,0.013819015802328924
274,28602,0.013959534593325723
275,48334,0.008472892954176275
276,33134,0.011781278763082837
277,43064,0.010938295392237382
278,79718,0.01089398200435243
279,45217,0.017644016399840638
280,72690,0.021012233487978777
281,13696,0.008996837836349816
282,19295,0.011560837550781106
283,34237,0.012398058783609885
284,64176,0.016892228100241644
285,29985,0.020677989801185563
286,48141,0.02169001230738324
287,90895,0.017142475935255235
288,9408,0.0329959288216193
289,15426,0.01948338391643509
290,35261,0.02269048441986506
291,74760,0.023661368616002994
292,85160,0.016503678760118424
293,67469,0.011429967776439362
294,30541,0.013388514723940134
295,99347,0.01890722678160419
296,77715,0.027584317395856348
297,84273,0.029628044260172567
298,52813,0.029706769848747455
299,79599,0.028140113858982803
300,8200,0.017312643452398156
301,56879,0.020811275444746896
302,46746,0.015533091397085665
303,19580,0.03136916557792745
304,83352,0.00785145977175373
305,39693,0.008624035653437974
306,85292,0.008599630205679477
307,31567,0.006010114222786695
308,84386,0.009539684221411007
309,57688,0.010044591860264167
310,77792,0.01006864632769881
311,52382,0.01808601716029681
312,22768,0.008337226139409673
313,11632,0.009988342596667468
314,289,0.010223904772696447
315,53383,0.013060626795047568
316,85188,0.014050917722169234
317,99222,0.011300726010871827
318,62018,0.01576833193186726
319,95138,0.017238912102437668
320,2044,0.007467852571918704
321,53005,0.0075956951650779534
322,26936,0.009027415925601662
323,27049,0.009790244709532787
324,53421,0.010236674508520505
325,84663,0.006405008429992129
326,36425,0.007625475245290085
327,81448,0.009380670956762134
328,44,0.01011200396778357
329,39619,0.009523459696033479
330,4745,0.010299147773745135
331,3148,0.010678159736506602
332,41967,0.04309082183629713
333,79393,0.043892095283655896
334,59266,0.043941656912596036
335,77910,0.03245829999535179
336,63972,0.019134798930932576
337,77393,0.009702965832339846
338,12488,0.015589711525444045
339,70892,0.018069559368815918
340,25071,0.006819734284063018
341,59397,0.008916401462919922
342,99569,0.008924702442131092
343,5405,0.010123712346375355
344,91312,0.006310709770703634
345,30627,0.007427790348153522
346,85837,0.006501043616077331
347,96636,0.0076644686382943365
348,13014,0.01916817407735917
349,95658,0.017749742886314195
350,89825,0.03460847346611625
351,32113,0.04407697405854248
352,68788,0.008271493654724273
353,2818,0.011165754935750283
354,73356,0.009672727852024405
355,1857,0.00844808886229129
356,7744,0.006383981576167035
357,18133,0.00756077613800781
358,13555,0.005706178055675957
359,33824,0.007762804289134206
360,75432,0.008202014774916205
361,1100,0.0065008123702101125
362,62087,0.010644348406077746
363,15504,0.011814611655377392
364,19838,0.014808505835004919
365,49219,0.01486808451490376
366,68954,0.016780579507692364
367,15965,0.018547232330262904
368,58140,0.02759676891055845
369,19963,0.030024003214248272
370,94114,0.023820561397649206
371,8548,0.023187989753476017
372,54418,0.011139258697144482
373,44498,0.012041715272675068
374,31300,0.017795653434856444
375,25229,0.01830938410291287
376,55094,0.006455428027661531
377,17875,0.008080416677740957
378,988,0.00845625741402332
379,15799,0.008334819145581394
380,37730,0.0068279732925145215
381,62811,0.0094296184357423
382,53910,0.009567373465668862
383,41504,0.010211813377328937
384,812,0.012363679666553436
385,33687,0.0130161222684223
386,48540,0.011178781563927303
387,45538,0.01215280795158697
388,33428,0.009196464751826915
389,28120,0.009585266986908935
390,69694,0.009271045854728563
391,78290,0.009076436783893487
392,13241,0.012533880780811083
393,99409,0.008112794376470112
394,90591,0.012027752451714361
395,85871,0.012516954015391695
396,4462,0.013429884094025245
397,94523,0.017819803661266936
398,1224,0.014044598753538935
399,26386,0.014429529413348054
400,52281,0.02291475752355303
401,88923,0.026081062496836904
402,81072,0.025168564393330897
403,54138,0.026392356201383787
404,88697,0.013309873349438176
405,98299,0.00810855903694413
406,98843,0.009649693701218742
407,22780,0.010318972366151986
408,90661,0.008551436023225521
409,84007,0.010655555865785524
410,89187,0.013432139375194406
411,98085,0.01355020932517616
412,60593,0.03616518051909458
413,78071,0.03346420487153773
414,20738,0.034411536202167164
415,44077,0.060405120062745524
416,85324,0.008189472007100771
417,94248,0.009827147803689389
418,75888,0.008029466663213145
419,69970,0.00933018924669537
420,95558,0.01199069513152097
421,53226,0.009891358351670411
422,14260,0.008976531039534543
423,79126,0.009958625157743779
424,97933,0.010869420319725287
425,25112,0.007423257166790445
426,26037,0.011491984768368508
427,98370,0.009925795840592782
428,99742,0.02108985010319061
429,26577,0.022421958883717417
430,91580,0.02148282520907987
431,52469,0.02569785121388763
432,81485,0.007216619410710454
433,370,0.0062508518075605965
434,58964,0.006500354705008876
435,1252,0.005492041048603622
436,43485,0.024086518735935328
437,13150,0.012038377416655584
438,85098,0.01447923397943477
439,62194,0.015967408473021957
440,63373,0.01930034678823519
441,37276,0.01918306738768431
442,35121,0.016579834047998693
443,98158,0.019681488246115944
444,54379,0.009554476862785356
445,84494,0.005884421797542658
446,48409,0.008807132568362236
447,53221,0.015230517533268723
448,13936,0.012376640255833843
449,98931,0.015959323281238943
450,72091,0.01225931937585841
451,67294,0.017057664154568112
452,44872,0.010429611576840437
453,42733,0.011223182003321511
454,77372,0.010913560042194966
455,70423,0.015480260359933565
456,49344,0.02329345182153119
457,57062,0.013498776929582484
458,51258,0.017211489578444733
459,38556,0.014955094820235751
460,55872,0.007652726417278004
461,71174,0.004475208362291901
462,2642,0.007019380213156746
463,4206,0.005568576623242104
464,326,0.006123186933056521
465,65983,0.0070051565433404414
466,8039,0.007995597335900585
467,59557,0.008429506002035132
468,75511,0.014800585474251024
469,3218,0.02619603025961563
470,73783,0.015937757579576467
471,73237,0.019841848048189788
472,46913,0.0060291738051805495
473,51812,0.006236053766423213
474,1430,0.00606784791841676
475,25752,0.010191692298138216
476,62891,0.008177611727941025
477,71761,0.010390172508465998
478,23761,0.010541276130194552
479,76890,0.008500549853585193
480,51674,0.007766611486824801
481,79546,0.010505541005116373
482,16022,0.010625052522863065
483,66171,0.010848857249719072
484,36133,0.009918831196161089
485,81192,0.010187685684901278
486,68611,0.008828424366050622
487,12785,0.009537120368433578
488,35839,0.011583259197459499
489,35216,0.016574709728849446
490,9366,0.010668282565248132
491,80700,0.017672625250329147
492,55402,0.011163671056755226
493,8542,0.010863169879735986
494,50645,0.010948550405904266
495,19101,0.010681864853742219
496,78102,0.008241645560258092
497,81136,0.01068752369124392
498,67541,0.007780367341833598
499,29765,0.011591698867141967
500,22292,0.013843486875770587
501,4262,0.019875031895563354
502,91939,0.017477306945496044
503,81013,0.01631074936787052
504,16327,0.008126581371556649
505,11926,0.007504038709621547
506,70617,0.005077150402789393
507,30953,0.009230789954988945
508,33442,0.014643603257962235
509,68183,0.018649303486946118
510,56564,0.020926678340395754
511,8267,0.022445321828946523
512,33745,0.023759734376016146
513,11750,0.01771925274754195
514,42492,0.020260848386204146
515,95052,0.02019903717261231
516,36338,0.009261608077782056
517,25313,0.006722516973284468
518,45390,0.006953966507957045
519,84318,0.00993003309028379
520,56728,0.008839239738386599
521,75641,0.007944848741298315
522,94643,0.006779179944153727
523,51703,0.00916676263220836
524,65820,0.008337550432292066
525,62371,0.009439047924180074
526,97435,0.005618647657638952
527,40392,0.006917952808770521
528,56259,0.021120928532993608
529,46028,0.03341397008493463
530,3898,0.027768828402764647
531,41245,0.02598299017701745
532,87889,0.008520687434877204
533,3830,0.008940607006809606
534,10948,0.01021880516219577
535,99377,0.00766131700615863
536,42143,0.008717679531366766
537,14090,0.008553907262430846
538,73059,0.008847934317845498
539,80440,0.008954619995429628
540,80389,0.0104695761170871
541,62794,0.01170384975952964
542,17515,0.011104733414913316
543,9404,0.008408075682899706
544,46547,0.01462433416960468
545,12564,0.008846610569954774
546,30724,0.011646620770004298
547,18069,0.010220954107622509
548,84894,0.014640586233063947
549,90190,0.015736393740223863
550,59848,0.0161913489046612
551,72304,0.016198155895924153
552,80725,0.01036055068608574
553,91277,0.012075486963592048
554,2993,0.010107793969302458
555,6736,0.01017170417847454
556,94709,0.01360519254638857
557,22801,0.009586102106125195
558,37991,0.01741326842454675
559,78488,0.0147219822850469
560,78714,0.02242664263883667
561,77743,0.021176878426820662
562,35652,0.014629139142781722
563,12580,0.026859196229629755
564,70003,0.01191548388445795
565,58270,0.010779718171959808
566,94692,0.012034283162031246
567,98095,0.012735550331762477
568,55644,0.009374733022888793
569,94719,0.007827335368921188
570,23905,0.005663747606373849
571,12401,0.008941188824029233
572,5734,0.009590729580060929
573,73241,0.010737146904064679
574,29346,0.010446121836833955
575,61610,0.00990940827335103
576,67144,0.00851142610481077
577,69560,0.00883012158443519
578,93344,0.010765519960330046
579,79981,0.01152026382612419
580,11762,0.011933873196623104
581,92773,0.00822304570551031
582,48264,0.011434379973627543
583,78942,0.012976007203964515
584,78247,0.006260594964481659
585,24091,0.00899740488663028
586,93508,0.009472207896117746
587,14079,0.01024463729101802
588,76579,0.008058006587297174
589,68369,0.008266510691203944
590,27185,0.006750062574940267
591,69444,0.007400971454040304
592,80028,0.0152370258294319
593,54279,0.017154655737087927
594,83627,0.008091473619065927
595,29460,0.017315486642216778
596,43476,0.010621122761879384
597,61111,0.012871166024808721
598,30301,0.011826141306800398
599,12779,0.013008399974963248
600,65230,0.014400996504255336
601,38314,0.01103014159517557
602,13396,0.008829664897723077
603,22126,0.00802938985803262
604,50814,0.0038541726150052203
605,8103,0.0059285095986437945
606,30549,0.006574022632889434
607,69509,0.006665693335174043
608,56499,0.004551427224731855
609,81806,0.0055715161891113415
610,9537,0.006852641958818512
611,10017,0.0074662529943713245
612,79877,0.018289460593553138
613,87162,0.019317334596317553
614,83455,0.016163459052094785
615,37768,0.015443918402565694
616,2881,0.011042367706086844
617,17214,0.01006414423118054
618,78392,0.013237187096860899
619,19948,0.010469593588143263
620,69077,0.021717525080837533
621,51548,0.023202543892451882
622,79854,0.023442978712572254
623,69412,0.013365755209690789
624,38895,0.013326845697088674
625,90180,0.014891749291919625
626,80422,0.014850146680304691
627,10359,0.015135464113821282
628,12136,0.00943176946716997
629,81149,0.0068988861174387375
630,71936,0.010335349656360791
631,36339,0.011193698604751874
632,23332,0.015001113674071895
633,15881,0.015134525586018879
634,17838,0.015956418685603088
635,73506,0.015492847796985093
636,31798,0.01089657889669638
637,19736,0.008836097147187779
638,25584,0.009063239554663935
639,53634,0.006219350497505443
640,44680,0.007402854897665748
641,59112,0.006978666007816094
642,75358,0.009220655456283932
643,93401,0.009482101396207011
644,84738,0.00935191417535046
645,18908,0.010144987904348746
646,62648,0.010473850596501258
647,14466,0.009154454539280706
648,96186,0.0181274707083207
649,89201,0.01721646079086032
650,15462,0.01766862768264209
651,28515,0.019842467209197617
652,62674,0.018100220244246262
653,43488,0.022933756412413055
654,3119,0.027470523015662312
655,53557,0.02180061459501544
656,41759,0.00982398285646845
657,25442,0.010100337177835306
658,7223,0.012164798662360534
659,37684,0.012566376885955141
660,34465,0.009197244717727487
661,3652,0.012033747409024215
662,82694,0.013891784185602265
663,78638,0.013732622891255476
664,50570,0.012856092592690533
665,85666,0.015319175134608074
666,18487,0.012350071228245232
667,5858,0.012789935792099305
668,45265,0.008992826107488026
669,93028,0.009253142076380533
670,62094,0.009333655257520133
671,78215,0.0103430833065212
672,14266,0.015515248474868055
673,69748,0.009180065150870852
674,30299,0.0110726195436756
675,7245,0.02069461762568394
676,12210,0.0035052926643199815
677,77309,0.004887049410107916
678,55245,0.004896252498369957
679,11354,0.007471266093226692
680,28112,0.008737122022008543
681,11989,0.009186632121906938
682,35577,0.010297605552999549
683,38693,0.010152823504813422
684,19110,0.008679929951955694
685,99850,0.008067935056464788
686,60538,0.013034294051485852
687,28069,0.010105265612130186
688,5930,0.00943962937260044
689,77832,0.009744299617118401
690,49854,0.010541188053458585
691,95513,0.010027121732541071
692,46104,0.01104569337876618
693,93875,0.012890751101693841
694,6515,0.009752519638714843
695,95109,0.018740794680248318
696,27316,0.013515212941838096
697,5718,0.011903009141773193
698,244,0.01451957949322267
699,823,0.013069619830231125
700,92749,0.0071180791162365
701,3250,0.0071569704549191366
702,24411,0.007197781829517586
703,30968,0.007914856930908307
704,89033,0.014153409353066235
705,92793,0.0060269826563217836
706,87898,0.009005041722240219
707,10693,0.01005444056424615
708,45780,0.006952728408184552
709,93779,0.008329406289449302
710,71477,0.007895245985902065
711,55475,0.009038287770362535
712,67434,0.02156213638890734
713,80575,0.017772797652358185
714,85203,0.01859622745878321
715,61714,0.026613435228226186
716,3449,0.008113448732637207
717,95264,0.009022620129328321
718,74191,0.009373891875924321
719,21370,0.009239631781740686
720,53010,0.007852101332460332
721,30671,0.006690787353162735
722,50403,0.01184404766128323
723,12235,0.01201139308654595
724,25110,0.007915842592066616
725,16983,0.008248921260796014
726,33724,0.008570559619825913
727,76785,0.008377931663970405
728,65224,0.010570025816466348
729,11040,0.010328130371387474
730,55405,0.014790248276560499
731,51650,0.010540652654664695
732,54073,0.00884809529947716
733,32311,0.009303028440727706
734,89236,0.010941369980946103
735,62713,0.009490103104202076
736,62438,0.020960752958454558
737,25907,0.018293772672582833
738,77111,0.018050631770296345
739,13033,0.02359033387551952
740,86286,0.01808562807025856
741,40354,0.019388076291419015
742,13295,0.019815592645640322
743,72713,0.03167315241400979
744,27265,0.016109242040695484
745,11275,0.012185458534918498
746,73508,0.016249387329160727
747,75180,0.01867620453868081
748,93572,0.005842924013196762
749,5873,0.008376806705610525
750,4090,0.01220861512536445
751,64220,0.010082237262296699
752,75449,0.010393356951053664
753,6058,0.011031106400847208
754,89702,0.011006069621547598
755,18037,0.011138517758059695
756,72284,0.013841476264090007
757,96059,0.013929483669975306
758,84520,0.013394009468858936
759,19035,0.01575409974392063
760,91888,0.011812854873378457
761,66670,0.013957134586693915
762,7828,0.013230639959967854
763,17308,0.012949885770392348
764,29702,0.00856599027749174
765,16206,0.009391035074709786
766,99128,0.006914964315402875
767,37163,0.010233347850284714
768,25656,0.005370029285852482
769,37920,0.005627729097360676
770,65879,0.011567513512989683
771,26738,0.00907348087261222
772,55354,0.008233054077133019
773,51912,0.007999090656000931
774,86986,0.008814412615136302
775,59351,0.008113635651438116
776,46704,0.019904333413341236
777,75071,0.030812312018000353
778,4081,0.0316535351975164
779,61585,0.03165749144198769
780,48755,0.01812146248723224
781,6839,0.01788497874786676
782,89466,0.02063530746921778
783,87556,0.00634579544259971
784,18565,0.023232955005963445
785,67953,0.019787116874881598
786,38682,0.018471076604874234
787,31871,0.02224243823076218
788,87991,0.005693876320697309
789,58316,0.008239797937898856
790,80823,0.01048665825980008
791,65657,0.004808694607350936
792,29579,0.02223347269743136
793,14411,0.023278519469519407
794,91612,0.023581221385409197
795,94311,0.024923435086082982
796,16512,0.009132185601929244
797,62221,0.012160924543585933
798,33313,0.008227376897354425
799,69526,0.013090270398203076
800,87080,0.012007025927820417
801,25266,0.011490974594711243
802,1615,0.0112190334478608
803,12606,0.010306903138472526
804,13953,0.024215603308762972
805,6568,0.028073446718387574
806,46866,0.03233987434407469
807,19064,0.033439886785301506
808,22573,0.010352027050286067
809,44135,0.017271012495495043
810,95252,0.0114468310280746
811,39535,0.01422293481099863
812,1533,0.006768728623679392
813,11462,0.007445439729771765
814,1991,0.008597784003045299
815,53724,0.008733999512940694
816,60457,0.0072600448620019605
817,9294,0.011526730265657975
818,33366,0.006843021009058415
819,88088,0.005378076283865523
820,83691,0.021953230168342584
821,15761,0.01767144404667774
822,49470,0.024036324986157705
823,60167,0.02206004810097145
824,42104,0.005662792567118816
825,2734,0.0061416258287496465
826,37691,0.006594046179516684
827,2391,0.006962995467770515
828,15678,0.020582418839908845
829,99112,0.020915173902194474
830,17921,0.021290608144229804
831,24662,0.022708863062494044
832,81438,0.0049094567849831145
833,19898,0.005408941609352834
834,72505,0.007304732816488244
835,88121,0.007751918929587531
836,60052,0.02562121830182676
837,72361,0.020799176365811023
838,53973,0.025850914964414457
839,59947,0.02407672382804209
840,64447,0.009089524482740748
841,21003,0.007480633247875988
842,29844,0.008376490404606557
843,73441,0.006816567691259163
844,28299,0.00850970300794339
845,35502,0.01009273609266114
846,88688,0.010374910147042041
847,95533,0.010156342045977304
848,23482,0.00987219087256386
849,65967,0.012969707077539451
850,96057,0.013565124604329338
851,73806,0.011795267056880469
852,31627,0.014606174500137082
853,76826,0.02216824576439967
854,21662,0.027839392085278403
855,44447,0.01593964086227298
856,80747,0.005195308916503714
857,30828,0.009999785479816347
858,87016,0.013067543924642266
859,20462,0.0120084944194171
860,28816,0.017446822713139166
861,13506,0.012285504190420387
862,68273,0.01786818105093259
863,27885,0.02515145704361072
864,50383,0.008215978827233223
865,74568,0.008668016070901806
866,59343,0.01186294806279
867,1141,0.014887185724490413
868,29656,0.01228729189336428
869,8802,0.019257585165650643
870,35212,0.012729471619652797
871,4740,0.011792766349081935
872,38404,0.010735393064056471
873,74670,0.013108988414149206
874,76869,0.007331198367166178
875,10663,0.013112460230483954
876,98197,0.010826663877062204
877,96334,0.012466175805209442
878,80755,0.009322973786951506
879,18702,0.011125453461285325
880,13203,0.01666653108495982
881,57674,0.01408333792224776
882,53237,0.01627748219337737
883,86965,0.017490703570162785
884,50169,0.009340125504212916
885,21769,0.0064131566505733735
886,35495,0.008479097000856129
887,9301,0.009866328856901734
888,79472,0.01775159388826817
889,29512,0.012085181919869336
890,22379,0.015149030612214589
891,40361,0.01589650219123056
892,37998,0.01079117277276698
893,11402,0.00958805037470179
894,13549,0.009449929057288817
895,45731,0.01087526613856996
896,19563,0.00839743492467742
897,34404,0.007772339901187796
898,77235,0.00918618683323142
899,34910,0.00867224341527971
900,93376,0.007501109684241484
901,18089,0.005751112357062143
902,78019,0.009981125739040373
903,79951,0.007896121681065356
904,46961,0.004931521050857396
905,49529,0.006675801567784287
906,14756,0.010668013046431203
907,39024,0.006409740495303011
908,22296,0.007140828852965106
909,24944,0.008138197195963294
910,51942,0.005469055544707408
911,36255,0.0083516451155181
912,86406,0.007329437265667281
913,66569,0.009530265489238701
914,67716,0.007844682440817454
915,24981,0.009969084334346172
916,35684,0.035703307890715956
917,51989,0.015220658597849067
918,29689,0.01754563900814183
919,91449,0.019688078179004316
920,39940,0.013725760537545777
921,69951,0.01313376462268987
922,10547,0.012615119689921812
923,58565,0.020127369082445605
924,84453,0.01349003990366264
925,64828,0.008587304376066135
926,12869,0.012892882351762197
927,4197,0.01047930299951551
928,24479,0.005271537264417866
929,8777,0.005868863281924631
930,93265,0.007944640024875185
931,59753,0.008611903621761969
932,47676,0.018672799168829305
933,74616,0.02001371002715081
934,85914,0.01946511015479231
935,3272,0.019726907501594712
936,94452,0.01901094453862602
937,21342,0.017033416702426467
938,24622,0.015175148894436327
939,29772,0.01678326349155063
940,71753,0.009183832282910545
941,9448,0.01280993242934836
942,90453,0.012442015489985914
943,47067,0.01686403932227179
944,46265,0.01741281810758169
945,77592,0.008761851112671085
946,27457,0.017812177864754766
947,16943,0.01400209513698679
948,67516,0.010703792189341425
949,42227,0.012024841315166578
950,88563,0.012193019775890088
951,88136,0.0072363602127246875
952,89482,0.010362529785626504
953,20757,0.010536277463130746
954,16665,0.011412464949614457
955,32968,0.011967337299106463
956,84503,0.015267845872553554
957,41926,0.015745963827858322
958,42276,0.0158937111758103
959,60910,0.016113832429585133
960,79288,0.014131338544313064
961,88069,0.018038976159192137
962,23496,0.0268110279291096
963,32857,0.022072554483262397
964,56163,0.006653180328118344
965,66915,0.009658692789532904
966,49121,0.010217945639081193
967,88805,0.010734622417375468
968,32302,0.009852671380380044
969,24232,0.010009173624005725
970,91452,0.011669110935478105
971,56932,0.012877485705504652
972,45012,0.007541206224197038
973,77923,0.010604932981334468
974,4768,0.010260929205628561
975,94123,0.00949652243410858
976,25348,0.005114815100722591
977,4437,0.005849274185524782
978,34530,0.0055896717399671085
979,88370,0.006121083388881626
980,29842,0.014256174151337047
981,17498,0.016115020700598753
982,2422,0.01564593326772397
983,13977,0.015689220043802778
984,25067,0.010067509196706684
985,99286,0.009689383829183044
986,17606,0.00976487002128722
987,97860,0.009814169567384335
988,40912,0.00649932307934137
989,66058,0.013464469384199807
990,17638,0.005389035791329622
991,18907,0.008935126377488473
992,80110,0.013460429292997579
993,48378,0.018063839517676306
994,5207,0.013354094820653816
995,28029,0.013236242288891073
996,20419,0.011369483633960202
997,98235,0.010649567862159322
998,64204,0.0095033485921539
999,81471,0.015765019920679583
1000,87915,0.013040481968130508
1001,70227,0.013923391909653613
1002,70867,0.014616723952967484
1003,18781,0.02271112227083557
1004,36538,0.01904411635856961
1005,90781,0.007428208208820634
1006,36318,0.010745688166825848
1007,33544,0.016367740627854562
1008,83585,0.01649139168984754
1009,10322,0.01788672575072072
1010,61502,0.01967882799906711
1011,74230,0.019763448413285076
1012,3202,0.00869111762142141
1013,72768,0.008241421319371918
1014,54043,0.008314187710648836
1015,95838,0.006468048848438043
1016,81563,0.007702791821322177
1017,63074,0.007861045494313063
1018,97424,0.00935274886897761
1019,71529,0.009323319212378646
1020,66568,0.008640586814931303
1021,51512,0.00930980045091567
1022,14572,0.0064213582469208495
1023,32917,0.003769923753110886
1024,41013,0.013924405292619737
1025,40835,0.013897991960218167
1026,91210,0.016418881580764686
1027,41958,0.015013983637102032
1028,36986,0.010291697512780744
1029,26074,0.01273836957534449
1030,75944,0.00953890172775016
1031,56707,0.012869901365604532
1032,75758,0.006854350281634079
1033,89473,0.007484222253786124
1034,67414,0.004343921394560775
1035,53588,0.008726150886208602
1036,43627,0.007667141424931266
1037,19039,0.007421610931575639
1038,88087,0.006202401515778383
1039,40487,0.006171510498986071
1040,62134,0.007660253854577489
1041,89053,0.011870604498200255
1042,6048,0.015525775284410723
1043,17490,0.008966654625454575
1044,92958,0.013732807146155556
1045,42657,0.01651926503933702
1046,64569,0.014910132651244152
1047,5724,0.013944141901315493
1048,26397,0.013008108372691176
1049,46566,0.02662899240624917
1050,50125,0.014592851253039062
1051,34967,0.01554674361438789
1052,65785,0.01664262485957597
1053,96307,0.019661426412930297
1054,71616,0.0179920870700698
1055,13717,0.015608239836413271
1056,26744,0.00690421897382552
1057,74399,0.0077298235132960795
1058,16483,0.007975375672823375
1059,96140,0.006027454007224039
1060,49674,0.007504198664679468
1061,5121,0.010476512803437345
1062,24437,0.01057229523430362
1063,70770,0.010662359201032257
1064,41616,0.009614919108454209
1065,82118,0.00671271274285839
1066,79751,0.009673013692296475
1067,87852,0.010281637131163986
1068,90027,0.01397863770689614
1069,76488,0.012362320670487727
1070,46498,0.01372051562991337
1071,57411,0.017056881438250203
1072,32804,0.012743582620440718
1073,62880,0.011357869264919312
1074,71500,0.009862239942255406
1075,32350,0.011986967187459664
1076,38715,0.01183895283996696
1077,12030,0.011824120288972442
1078,40537,0.007397598281295129
1079,6745,0.013460661460105
1080,76911,0.010461501866581647
1081,41341,0.010970833680187255
1082,44816,0.008844763611535078
1083,62622,0.014491104370136409
1084,87775,0.008860536343038822
1085,8967,0.009929878138342643
1086,33691,0.007778194888780782
1087,81463,0.008869304479685432
1088,46520,0.012070270855024604
1089,54070,0.017407807119738414
1090,63164,0.016762848246020597
1091,68907,0.010046179746463763
1092,47606,0.012780734550235453
1093,67572,0.013975974791547174
1094,1259,0.015582704321332314
1095,37373,0.015881789480257934
1096,17665,0.0073367657386380096
1097,9660,0.0073527315933915646
1098,39042,0.0067242873798896985
1099,23261,0.0026850997974707815
1100,62104,0.00811708182092365
1101,47588,0.010819152870989467
1102,80084,0.010156047984798477
1103,46257,0.012081692931609139
1104,66011,0.027439744323624202
1105,63956,0.026236454590904956
1106,47771,0.024199861258203014
1107,86558,0.02817317578624397
1108,38212,0.018329391980405826
1109,49989,0.01601576736538932
1110,70576,0.00888217963456803
1111,82665,0.018104742073214577
1112,13850,0.009039149398215159
1113,87635,0.00958402364084801
1114,16708,0.010516104512817984
1115,3172,0.00962198435244849
1116,70475,0.011774078547979882
1117,88000,0.013584757237438972
1118,51982,0.010678134062844256
1119,73279,0.014426741454876817
1120,32071,0.010576343746397869
1121,70408,0.008667571334980648
1122,28051,0.011650327594351594
1123,11036,0.028726703417556173
1124,29441,0.010413335264047014
1125,83818,0.012508701820935334
1126,67554,0.009727403491046047
1127,56568,0.010379509239490273
1128,55222,0.011293784778462237
1129,84653,0.01260876583589595
1130,65020,0.010340950086588875
1131,41690,0.013309715464549872
1132,56002,0.025422345773859652
1133,13935,0.01313463577417198
1134,46020,0.020304761600892396
1135,76953,0.020469231159768383
1136,87866,0.025836120287762547
1137,27823,0.027351754373896035
1138,58325,0.027107064270543237
1139,38910,0.0256063499209904
1140,68644,0.011699026703607285
1141,5640,0.006507212270750394
1142,4159,0.007866346434045029
1143,12589,0.008690418393502795
1144,73217,0.030633650937609627
1145,21670,0.03443043137483777
1146,41625,0.03588395269604443
1147,51165,0.03892225993689666
1148,26813,0.025444028490475647
1149,83678,0.032101057255064264
1150,7701,0.018071062611611607
1151,25525,0.01999008237453982
1152,34220,0.010265438255055926
1153,58076,0.0076343644579324865
1154,99511,0.011517725834667245
1155,50002,0.012654422097531693
1156,25328,0.010054660031688962
1157,85520,0.011705952517628977
1158,92240,0.014053323662360895
1159,69955,0.01598642644383764
1160,39913,0.010047363177310885
1161,41925,0.011116568289573941
1162,98319,0.018548225475280636
1163,92689,0.01357709362504164
1164,19809,0.014814147001095495
1165,93218,0.01662011409830977
1166,80865,0.02218760642163633
1167,1865,0.030380590542530027
1168,67105,0.013762486865941463
1169,86089,0.01969253216558971
1170,89357,0.014865451239412087
1171,34726,0.016885748554340684
1172,37512,0.011278981049456181
1173,44936,0.0097757855085304
1174,92207,0.008232014562475997
1175,44861,0.00964942957437329
1176,21059,0.03153723073076543
1177,85244,0.024097017908075547
1178,44281,0.029727706828419218
1179,40923,0.03236409836501795
1180,58109,0.017158600778951268
1181,83252,0.02179593893589146
1182,32861,0.02665075428772898
1183,55080,0.021889559922079395
1184,31071,0.013708487119852014
1185,96700,0.014161297889133305
1186,55459,0.016463578428046254
1187,2712,0.015770853501336363
1188,24068,0.010507579398747083
1189,37769,0.0100566271727677
1190,19748,0.009076668540410504
1191,43605,0.005558267733023738
1192,40046,0.020058964914311056
1193,22261,0.015637614792486123
1194,16701,0.021297647242040255
1195,3871,0.021474486172306
1196,78995,0.011229554856584332
1197,34267,0.01278859383016207
1198,63692,0.017397870900594647
1199,77538,0.013730129904369566
1200,85775,0.019340535067857823
1201,33872,0.01618660980155121
1202,72484,0.02043001435477874
1203,56801,0.021532406163656957
1204,77848,0.02039218278010156
1205,7585,0.021657488055699822
1206,45477,0.02485669527598332
1207,65442,0.02668240079882067
1208,18147,0.011873877739247531
1209,35154,0.012420398064228714
1210,59593,0.02258627000744155
1211,20499,0.017529890252499195
1212,23984,0.0057143072753003555
1213,57295,0.012534653184089514
1214,29054,0.007521069306725808
1215,79254,0.007800642408947166
1216,50269,0.007049347454578301
1217,12214,0.009239467269944915
1218,29322,0.010473355822815299
1219,94310,0.009645593309510002
1220,18810,0.008689679690461593
1221,5918,0.010878874328476923
1222,53798,0.007409061307236018
1223,95935,0.01013364802403506
1224,92799,0.017475229928470074
1225,70556,0.0179527498212846
1226,81410,0.012333895491807165
1227,2644,0.016030853478064294
1228,52929,0.014606128564315916
1229,82487,0.02272639834289994
1230,266,0.029126921455058057
1231,16404,0.021288103560607455
1232,20685,0.018476114530464112
1233,41219,0.017331742944372647
1234,2692,0.018369985201362262
1235,75124,0.01716647063764313
1236,8704,0.016295996745579376
1237,83175,0.0207076694149293
1238,1006,0.020360531737128682
1239,9601,0.016905287577549902
1240,63062,0.01169172546950966
1241,34242,0.012682667451455127
1242,49357,0.010672518845573893
1243,50853,0.013332728535584959
1244,38419,0.013468335665940993
1245,73122,0.009597326310832006
1246,73214,0.014105837942178496
1247,59856,0.010153826109799053
1248,5557,0.0083504961368227
1249,2290,0.010228383072485804
1250,1649,0.009965778344305308
1251,32738,0.009225427605986231
1252,70166,0.00985939641047447
1253,15244,0.008018590209185147
1254,21757,0.011360402242612228
1255,32498,0.008511171429980053
1256,53042,0.012100971941577738
1257,55057,0.006377733096292002
1258,64188,0.007762552459820658
1259,45769,0.008260737095769004
1260,7625,0.015840432870757953
1261,57054,0.013511964665907176
1262,67514,0.016453856575513473
1263,74162,0.015907218734147563
1264,48454,0.006001328954978754
1265,68064,0.006435177571108983
1266,12547,0.006561175356189721
1267,98637,0.006647546855405639
1268,3994,0.0059106267700996
1269,2671,0.0066381126108606215
1270,40005,0.007729811083592522
1271,39151,0.0110557112719984
1272,42856,0.007300127756426053
1273,20645,0.008445822016099246
1274,44280,0.004618140049094233
1275,87737,0.007446166408907927
1276,4519,0.009054144001903415
1277,90031,0.009568442060773834
1278,43945,0.009452530126693257
1279,37846,0.009100300681611854
1280,73773,0.006739437938491433
1281,96822,0.007950860485937133
1282,6991,0.009781112245929278
1283,1308,0.007188723220828894
1284,41851,0.005457576644766385
1285,24707,0.010612329734493695
1286,10343,0.019775034457835475
1287,54309,0.010351787328574018
1288,27373,0.013275611075331756
1289,82344,0.005526715245639161
1290,59296,0.010464631358824326
1291,89067,0.009630559911409728
1292,59957,0.04247888759999966
1293,37587,0.03584933297272069
1294,30128,0.02191983993324991
1295,80648,0.03668281892123099
1296,59362,0.005892374513014209
1297,72143,0.007873450650411415
1298,79364,0.007359336724043461
1299,93362,0.006088097581592365
1300,98995,0.02276031761660852
1301,2795,0.030216386695641667
1302,42859,0.02670609323069496
1303,26890,0.02963193228591365
1304,80177,0.02010371543397189
1305,41089,0.024878222000127237
1306,53031,0.01880930540153849
1307,81370,0.023795010224406145
1308,12543,0.007897538400481421
1309,69175,0.008042880658999052
1310,23367,0.008923110424292037
1311,48732,0.008939886307120313
1312,196,0.01041009088119968
1313,91078,0.012409440630601346
1314,42454,0.012528053932298673
1315,21488,0.012563799441671509
1316,71029,0.016610189580844446
1317,75247,0.02255173231288639
1318,62967,0.01783955302044911
1319,18202,0.03158218801710949
1320,80169,0.01874804956417152
1321,54065,0.020989435602285826
1322,88708,0.026504846431970198
1323,17102,0.014251717061927297
1324,59256,0.007490932882573417
1325,63876,0.011811611274134914
1326,54134,0.005675755892236472
1327,71323,0.009930193346775813
1328,25297,0.021239089874511993
1329,19752,0.01860234867458432
1330,51257,0.021140367074004233
1331,70598,0.019408970758926683
1332,2880,0.009992571176163714
1333,22837,0.0081613467643477
1334,46497,0.0065964106382933475
1335,51065,0.0105810950507615
1336,57492,0.012515848412785793
1337,156,0.011897209847659507
1338,54105,0.012085130236539534
1339,64869,0.00962697910268569
1340,7635,0.010035606438427444
1341,42122,0.009635644028293096
1342,53886,0.009387849366989685
1343,81190,0.010101943320565736
1344,52878,0.008141448192585221
1345,57980,0.008060025229309273
1346,23152,0.005369553287730835
1347,18254,0.008495481430643242
1348,71676,0.014107148722909208
1349,34396,0.014353939354627445
1350,34529,0.01441722856499482
1351,19357,0.014456912859799626
1352,92643,0.026833034043043383
1353,95673,0.021976367583547162
1354,55496,0.025109709863586065
1355,12943,0.024839082308749896
1356,92845,0.009266611742546473
1357,55355,0.005408127484868894
1358,34290,0.006208918101851036
1359,93630,0.007923374408257204
1360,68160,0.007341860097663494
1361,40063,0.010811218126843037
1362,56533,0.013350928963030393
1363,58036,0.013646297325248063
1364,29613,0.006858278973059115
1365,36004,0.00824723095957301
1366,58584,0.00683397518432534
1367,66402,0.0073020594103888285
1368,68900,0.005738179736695314
1369,79739,0.007769249326407489
1370,78222,0.005485286958255018
1371,28431,0.005849138947255664
1372,24489,0.01605453131056782
1373,94869,0.012968483083135777
1374,9265,0.010025896767920591
1375,52364,0.014005273831127246
1376,36951,0.00712189114705716
1377,96941,0.007602441848152038
1378,78882,0.006830082642365326
1379,97496,0.007996977717968277
1380,11507,0.01072568782839008
1381,26886,0.008589048050597759
1382,5947,0.010452981783665063
1383,81994,0.009284610098158248
1384,68028,0.004286958890109476
1385,66588,0.004396834484857523
1386,85108,0.005342237159065122
1387,20205,0.006076191623063099
1388,75201,0.021895580604822315
1389,23470,0.02295222283860021
1390,16818,0.023431643052118378
1391,45022,0.02414915339671696
1392,94827,0.018344951660491486
1393,6584,0.020713064331102104
1394,52795,0.022180400745414258
1395,63755,0.01610151985000218
1396,52078,0.013265838766032555
1397,76645,0.013079452258605748
1398,20119,0.022039657789756067
1399,78759,0.023106525521488896
1400,46409,0.012046317505108184
1401,58350,0.026304730522248958
1402,77930,0.012214370626268097
1403,16515,0.013979706796567652
1404,55343,0.02187213137479079
1405,24256,0.020090184120419317
1406,43149,0.025331513044634463
1407,12634,0.014865900157857328
1408,41258,0.004001350891686569
1409,96234,0.0074819724699904605
1410,13490,0.007139566136353238
1411,72441,0.00553730020669709
1412,12998,0.00721138788520777
1413,77325,0.007352359239756728
1414,54363,0.007407395067929118
1415,97212,0.009165470256021093
1416,36937,0.033796589595418015
1417,4392,0.0361083150611743
1418,74915,0.022777436491907263
1419,56912,0.04195062255625369
1420,8003,0.011550340236544995
1421,67558,0.007503702544954208
1422,15424,0.006955031211484884
1423,88076,0.009671422559920373
1424,90316,0.01279531777632736
1425,84680,0.01193167741663286
1426,5786,0.013075917973061155
1427,57073,0.014025547590328015
1428,90695,0.013236347734643297
1429,4457,0.016218051887521477
1430,25057,0.013973734333044694
1431,12373,0.014406821802414229
1432,77617,0.010118606451245942
1433,14615,0.010417169157012195
1434,13190,0.007789488991275994
1435,25732,0.010207004349366276
1436,23255,0.009241977001467817
1437,37334,0.01204129152951326
1438,34366,0.009890335392090874
1439,80602,0.011768744680024902
1440,92972,0.017507829625726716
1441,63811,0.00739263982365816
1442,29501,0.009524007511972748
1443,23829,0.01167160966565557
1444,74501,0.00800489020961204
1445,3883,0.008505435770258016
1446,4006,0.0095695100493961
1447,19727,0.015496173972973863
1448,6145,0.006641514865396663
1449,16724,0.009347294820917562
1450,15033,0.009149368925292509
1451,23678,0.008198153400707588
1452,41414,0.007987115652857767
1453,78289,0.013576064014904615
1454,91798,0.009518094559256647
1455,34146,0.012584869438580223
1456,14961,0.02793680584968299
1457,57622,0.029699284963153372
1458,34097,0.03166744801298502
1459,36889,0.026123106459461934
1460,75825,0.0179111210209709
1461,20912,0.033620723068682065
1462,99995,0.021865133552382753
1463,20247,0.02161351929486654
1464,98062,0.011742819013007895
1465,22485,0.012574978416561619
1466,537,0.012618732472093608
1467,30437,0.013158953958040558
1468,26039,0.012626660171368743
1469,227,0.01429634890509834
1470,93278,0.017509811528200157
1471,41,0.020881968700960395
1472,22970,0.01159223247339772
1473,26630,0.009017790278507319
1474,9619,0.010877959629392194
1475,10347,0.012266228633557804
1476,6746,0.00386691585591103
1477,34562,0.004455026897147665
1478,95812,0.005882164630425936
1479,8217,0.005713961029956252
1480,76993,0.007031322817227285
1481,39757,0.009906515763626583
1482,44918,0.012179793091609025
1483,87920,0.010250078239885062
1484,41415,0.006274281227630914
1485,19102,0.0065479699867949746
1486,4684,0.006796455280844505
1487,22275,0.0068473822548645895
1488,68834,0.006979271289562151
1489,52183,0.008894058737701202
1490,6062,0.00785376623987048
1491,24712,0.007913579167628564
1492,33026,0.007224294830434999
1493,20082,0.006797465734469384
1494,29168,0.008300135757533127
1495,92092,0.00712841658267223
1496,2005,0.012239306021396668
1497,188,0.0073155653162335545
1498,45987,0.007954756287585237
1499,23587,0.00738118102095235
1500,22774,0.00649244912290097
1501,69465,0.006876822777163021
1502,17101,0.007962930240133144
1503,73928,0.008416374151371546
1504,27829,0.005791054729666674
1505,11464,0.007299238342633249
1506,3156,0.006636612692839805
1507,97312,0.007987296155430573
1508,58084,0.02263023542758149
1509,56554,0.009846751634019879
1510,34393,0.009586467686945377
1511,80706,0.01693662712312501
1512,81091,0.0068147273858850605
1513,9021,0.006330970161796172
1514,43359,0.005856729821186386
1515,91840,0.007070965263610835
1516,55305,0.009702803677896391
1517,87495,0.011740618213535042
1518,80332,0.01190233059831199
1519,7478,0.009643808654867286
1520,40439,0.010522753198864128
1521,53614,0.011727239912907009
1522,96840,0.010633434238005009
1523,57040,0.01152653206324714
1524,77165,0.0076277981726915935
1525,34282,0.009186418628725828
1526,802,0.013808986610280391
1527,80327,0.0106250908017915
1528,70226,0.011570800146541127
1529,84080,0.0107424073440475
1530,58365,0.016901704925438996
1531,63633,0.01046832909973866
1532,11329,0.005869387791279351
1533,18940,0.010899554085564162
1534,49426,0.01277141297826754
1535,92156,0.008685663911775773
1536,15468,0.004555896286734197
1537,56679,0.00596213778834518
1538,32875,0.007304026515072564
1539,4281,0.006092885681270466
1540,88363,0.011245047497833357
1541,88784,0.007616365848187286
1542,80119,0.008832234855163172
1543,40400,0.009667698370304494
1544,72529,0.006002132232396206
1545,5426,0.006986918401616898
1546,1670,0.007482629312679406
1547,94507,0.008594900094642975
1548,63611,0.020530138289139247
1549,48822,0.02338939307255428
1550,46877,0.02795347962001488
1551,40994,0.020167605143189923
1552,1481,0.00821048566998472
1553,60334,0.00841395215886022
1554,42609,0.008736475349743086
1555,4485,0.010403767928037872
1556,65675,0.0105407351287851
1557,83333,0.008648310229915971
1558,69597,0.01156236382777769
1559,73336,0.009040595666605894
1560,71816,0.009469666616919267
1561,1658,0.011070447073219216
1562,78196,0.010400865094015
1563,14319,0.011249015368869943
1564,9457,0.007444830265832007
1565,75375,0.015232294069161502
1566,24367,0.012958641616659338
1567,80280,0.008691497308886215
1568,87177,0.00695917073910136
1569,97165,0.00902279065533403
1570,27233,0.009112677418443318
1571,46675,0.008367827058365817
1572,68926,0.006212457890903693
1573,15525,0.007117814301310852
1574,81040,0.008109193277457648
1575,1194,0.009455296379371187
1576,71586,0.010213359995242687
1577,66019,0.007256968469730673
1578,77367,0.006972559767131338
1579,74534,0.010590435581791166
1580,21410,0.007114647753583091
1581,44450,0.008298221829442225
1582,62769,0.012029877057341877
1583,26417,0.008800801626557827
1584,25652,0.008297517682971777
1585,34554,0.007339077807966476
1586,32118,0.00882522538228352
1587,2797,0.009540313675211607
1588,68531,0.01113788317529272
1589,73496,0.009839358377957984
1590,58396,0.011447715499790928
1591,71535,0.0116964261908339
1592,26629,0.013575553710418917
1593,50515,0.01385077371265475
1594,29670,0.013869407220737139
1595,41323,0.014484076917763994
1596,58329,0.00985890137468625
1597,61922,0.01578139101365298
1598,83842,0.016058532435004942
1599,15494,0.018176623445584728
1600,55969,0.012249590031631133
1601,67927,0.011359157628919094
1602,55570,0.010978816453465427
1603,97863,0.01908373689705794
1604,32669,0.006478579305263262
1605,7475,0.007992018857075834
1606,49609,0.00807714733817216
1607,48343,0.00864546216274151
1608,9299,0.012385459737649651
1609,91743,0.009095195630101645
1610,4397,0.010550300904189864
1611,22786,0.011000103200613679
1612,80100,0.007341947095670215
1613,90762,0.0040915113072314095
1614,47909,0.006763966531540265
1615,41026,0.006775782685302004
1616,77713,0.006547580006850455
1617,28498,0.007402592766140567
1618,68163,0.012257515789602096
1619,73470,0.0072170798637063325
1620,65762,0.0102932751316267
1621,57968,0.0094742379765102
1622,37727,0.009528710579966368
1623,57404,0.008905189302082511
1624,6715,0.009733097589670284
1625,49530,0.00934579353422706
1626,49365,0.009791266161501833
1627,72606,0.010711114640781904
1628,41242,0.00937427186801846
1629,74759,0.012069356936403625
1630,7666,0.011542453259399479
1631,60598,0.009820142169742412
1632,54473,0.01195735811732022
1633,12371,0.0169707365388138
1634,49445,0.017478564764519276
1635,87582,0.016825258762857693
1636,93660,0.0203016570651479
1637,28825,0.014260343335453665
1638,39869,0.015941352890622408
1639,10839,0.01556038243740609
1640,99908,0.01476783947010258
1641,17908,0.013836149595544996
1642,59293,0.019608635923154524
1643,60861,0.012579190282752837
1644,51999,0.012084481688023459
1645,66822,0.012071854013109947
1646,61084,0.012179088034746353
1647,17852,0.018078684712707897
1648,1876,0.007128486437061481
1649,21055,0.00998339393954171
1650,20078,0.009705185064460817
1651,20251,0.00956180449627993
1652,66925,0.015348731848015603
1653,91962,0.00858975678494504
1654,82502,0.010883403554358625
1655,7617,0.011473764849018814
1656,16270,0.008239859890713581
1657,24373,0.011082636185674226
1658,84105,0.011107675213631894
1659,83639,0.008350101955930498
1660,82852,0.012658744594581776
1661,60340,0.013678916905365494
1662,85785,0.013892409545702533
1663,14620,0.014502100818020343
1664,6339,0.022031804327457105
1665,59750,0.022594407645554936
1666,97409,0.02298108775659285
1667,28255,0.0222897825117453
1668,29583,0.008974421018756746
1669,59505,0.009392058224385328
1670,40854,0.01099100992273467
1671,27886,0.010999474363620101
1672,22751,0.010310922736506547
1673,9028,0.006288599638666532
1674,21501,0.012233741780915332
1675,41399,0.009157815967402871
1676,99192,0.006617285153382416
1677,35386,0.008997336796779963
1678,99488,0.009193486138013995
1679,29729,0.009568829155802781
1680,53947,0.024861041067550427
1681,92030,0.02462107424181843
1682,98753,0.01887645305300545
1683,87607,0.02506276729738161
1684,81481,0.0250118684436764
1685,74435,0.03118700117397976
1686,67202,0.03154022348378221
1687,97464,0.032511555335444704
1688,88496,0.011941314287648282
1689,75223,0.01418082768597826
1690,69920,0.012877037489733855
1691,9482,0.013852208138588642
1692,27039,0.014549673933516475
1693,54258,0.016571781203588952
1694,85390,0.011987824948352677
1695,1650,0.01975289364096338
1696,42740,0.004825650807146746
1697,62750,0.004607579451078631
1698,60767,0.005659689652544794
1699,22005,0.005870901365830995
1700,55395,0.01597866775700671
1701,58243,0.016255318521956077
1702,61996,0.017974498554457728
1703,64458,0.01156775775818371
1704,88722,0.006353419444504129
1705,1119,0.006163095781945955
1706,64765,0.009461383351652843
1707,20245,0.009972846812502212
1708,44050,0.008386504077842399
1709,1967,0.007564204075503142
1710,1914,0.008493598858975491
1711,72833,0.009933707661768132
1712,59768,0.019177516227525702
1713,68905,0.018134014097689687
1714,8247,0.027961847703557655
1715,71110,0.019356181452581164
1716,92273,0.013349425734875221
1717,17500,0.015334689207724348
1718,16776,0.015140609065154645
1719,5010,0.012069646966250113
1720,76834,0.007134745368337629
1721,24521,0.007383986535960667
1722,79637,0.0074756500419513715
1723,8315,0.008746993200736181
1724,65613,0.02512824149234601
1725,61269,0.014718034566939667
1726,53491,0.024852614695278913
1727,54152,0.01725719835451575
1728,23492,0.017201437884561178
1729,37465,0.01856772401282467
1730,77684,0.014761845341565263
1731,26848,0.018743281407010013
1732,37385,0.009456910790639065
1733,84709,0.010660181684632923
1734,93491,0.011823897412179077
1735,72223,0.013786435167991131
1736,26680,0.010702677135041739
1737,72254,0.012152262741380936
1738,50211,0.01316886663715416
1739,55912,0.01330865292413579
1740,68178,0.02324517342640009
1741,57110,0.01992165964164037
1742,89094,0.02294500177631802
1743,54417,0.02790500766690603
1744,59129,0.0187418919793965
1745,65093,0.01624574257546109
1746,82670,0.020088085304045957
1747,35000,0.02074009121570351
1748,31375,0.009668967186345623
1749,39292,0.00906901012946634
1750,10064,0.008141230939625014
1751,74825,0.006802242356883852
1752,44099,0.006584097518499037
1753,31462,0.00656629685026424
1754,7552,0.011065247990102419
1755,80838,0.005331397506892304
1756,74324,0.007756335113991256
1757,94062,0.006758867603877591
1758,73290,0.009577665550137771
1759,36643,0.0073030546447151725
1760,26276,0.020756459297102216
1761,72806,0.025568212839852646
1762,35267,0.022926543858364703
1763,13832,0.02217395401715804
1764,22457,0.008289879379866957
1765,35868,0.008308164071092042
1766,51004,0.012374584655560435
1767,28958,0.011028604098101143
1768,3291,0.00997376538038219
1769,10124,0.0161526565867344
1770,95430,0.016089972273551304
1771,88915,0.016863437211329876
1772,27223,0.009775153767691959
1773,28871,0.013515024995986434
1774,8647,0.00972452131993091
1775,36488,0.010801196855584026
1776,12422,0.00729502931369524
1777,79911,0.01439357589867735
1778,48254,0.007801271123593906
1779,29623,0.012406950518080998
1780,6440,0.02153313140182315
1781,593,0.019521428707073706
1782,41185,0.026780755684249168
1783,38104,0.02434585492055895
1784,25451,0.012485896718253134
1785,42660,0.015565252274554487
1786,90665,0.014064971419496466
1787,57741,0.014109516407900063
1788,75561,0.009885459882491352
1789,84968,0.009482523850818596
1790,36948,0.008281567750381984
1791,39058,0.01677327424887324
1792,44689,0.003986077914213446
1793,62537,0.005067602801017569
1794,32512,0.005836650547587223
1795,58804,0.006491218744745531
1796,75342,0.016122882290654856
1797,80913,0.021237818041554796
1798,1993,0.022031589784782223
1799,50387,0.02208435285062855
1800,66768,0.02594348476650448
1801,13533,0.029067644717980713
1802,28149,0.022894151810822036
1803,78920,0.02053847332065199
1804,90905,0.013854703180872
1805,42668,0.008518295884404895
1806,54111,0.011791714017341802
1807,22496,0.013826248276830183
1808,49823,0.008756466713892914
1809,73009,0.010158333687483881
1810,79677,0.009992563065244547
1811,66611,0.010932199275927104
1812,34368,0.0209486508794354
1813,18805,0.013503066262648395
1814,56910,0.02440684453902667
1815,25104,0.020756328129235543
1816,98106,0.00719079965701824
1817,91984,0.005668524105287178
1818,91021,0.00835926335194668
1819,9645,0.008713835267422365
1820,55855,0.008056445053574907
1821,65400,0.009003503834383062
1822,40204,0.009289061396917288
1823,66671,0.008246116535794825
1824,71618,0.014265788011246144
1825,80202,0.014292125290968568
1826,34534,0.014577710370485369
1827,37955,0.015335389811144035
1828,99178,0.007168084082072558
1829,93451,0.008444277662689206
1830,67022,0.008498519516410737
1831,38427,0.008620523083080974
1832,6497,0.010505812409131243
1833,76449,0.013129580685137887
1834,58319,0.015276100002728029
1835,90013,0.015590309781665503
1836,92654,0.018830005984973044
1837,27384,0.029123366226112495
1838,2006,0.0260499139399537
1839,59692,0.02862336598948344
1840,92165,0.01163995624734096
1841,38941,0.008560526961167362
1842,83774,0.009455156930309436
1843,15826,0.007299403517832541
1844,44350,0.015063796097007079
1845,54835,0.00881355083826804
1846,96515,0.013192630826535507
1847,27799,0.008998266207649477
1848,99360,0.013200758112510383
1849,91320,0.00978054255741191
1850,51959,0.010928363060175536
1851,13581,0.011886158143507458
1852,91587,0.013279389679313854
1853,411,0.014115409132511064
1854,78692,0.014080054094487225
1855,58720,0.015449277816314333
1856,60205,0.006102938618306803
1857,98805,0.006777227309982582
1858,38092,0.006349501288069484
1859,87848,0.007313940580017944
1860,22663,0.046205771050373594
1861,48209,0.04826495923119731
1862,41946,0.04738795815270217
1863,62353,0.04848665725703747
1864,27008,0.005200997835018371
1865,49223,0.007531409508101599
1866,33116,0.00881241494905526
1867,51363,0.012071408154224797
1868,89952,0.014712372714487117
1869,57255,0.020305069299808215
1870,43699,0.021207155903222218
1871,84797,0.022921212182296175
1872,94028,0.03249071203977419
1873,48143,0.030477122089472737
1874,71554,0.035678759806036256
1875,74132,0.04878938124960079
1876,70221,0.01102243347867515
1877,87632,0.008309858956898878
1878,25441,0.010084776295100108
1879,96253,0.009922197404326217
1880,48253,0.009846285728713948
1881,32372,0.009990381259084063
1882,96779,0.012227215483386292
1883,51324,0.011521697983632822
1884,15633,0.008089247275722841
1885,61012,0.009568810956819787
1886,26708,0.007002861123272726
1887,71673,0.004607433138231252
1888,44096,0.009581494381679382
1889,15702,0.007153987631784096
1890,20170,0.010618477640016407
1891,42555,0.008147558500367268
1892,14616,0.009301415318682409
1893,93750,0.010448188161871265
1894,50304,0.006937459618911609
1895,87760,0.010133944393771261
1896,26243,0.017481798384272402
1897,41235,0.02032974018509479
1898,23486,0.021758228586836365
1899,55138,0.015471794342945008
1900,53699,0.011535047312684309
1901,49920,0.013523227411751132
1902,53749,0.01408060858177488
1903,71660,0.010589838281638219
1904,66786,0.004759301945846095
1905,82867,0.005633267187883449
1906,36406,0.009012934363641199
1907,30620,0.009477076165491642
1908,8859,0.024980681984518742
1909,59690,0.02604206026538238
1910,61731,0.02616083634154618
1911,42567,0.026334436104191162
1912,71654,0.01706621910729139
1913,41963,0.016862015889698465
1914,58449,0.020527117693807204
1915,71779,0.03160941294503265
1916,11106,0.013632331319780387
1917,53743,0.011589100040943285
1918,75728,0.015785386978985353
1919,99174,0.016311545562165526
1920,42522,0.007852366361325528
1921,82807,0.005876374060778379
1922,28376,0.007846080128039194
1923,25106,0.008455730387018249
1924,53548,0.01196888989872961
1925,99315,0.010280657427529958
1926,37054,0.011788951371001478
1927,46768,0.011953653241269731
1928,26169,0.00945395775562095
1929,82708,0.009999907562961558
1930,84612,0.00883442009938075
1931,98310,0.011259679574283202
1932,49980,0.011643654137014665
1933,34198,0.013625074567779073
1934,26193,0.029494489234399086
1935,17691,0.01025815142162299
1936,33784,0.017433042316143395
1937,28751,0.012383798992632353
1938,97530,0.012452081906244403
1939,40576,0.01418955486454181
1940,92526,0.013307457249959331
1941,99563,0.011823782909278227
1942,98215,0.009102194482416455
1943,53361,0.009434792535576421
1944,60259,0.02285418617425368
1945,63221,0.021453543011104862
1946,52581,0.02251750369678934
1947,31775,0.023198199006157577
1948,72776,0.011693957153357859
1949,63173,0.013650726728763763
1950,12525,0.018937066577389573
1951,53765,0.014358713078282521
1952,7986,0.009287367977258255
1953,6908,0.011909654295673183
1954,67132,0.010873394397327674
1955,28996,0.011643234252644628
1956,50893,0.007714390877182897
1957,6712,0.006073328215604757
1958,77628,0.01023385744278546
1959,4385,0.011453934403929033
1960,65472,0.011745996921966647
1961,30158,0.012325259773297313
1962,75589,0.012024835421994349
1963,13130,0.014201779519187364
1964,27604,0.007647008155671202
1965,27878,0.00791806344940933
1966,33061,0.009332267825823191
1967,84470,0.005659577304328878
1968,65660,0.00938320074819981
1969,26948,0.01169132185045939
1970,20448,0.009519241076027106
1971,57305,0.007855968396562784
1972,63980,0.004714393861969919
1973,43361,0.005490300259752384
1974,58676,0.008052773130453439
1975,82672,0.0035411031848305075
1976,54092,0.011554436472825159
1977,64922,0.01357325332860965
1978,81165,0.014023819866745316
1979,83373,0.014034852221549593
1980,26317,0.013141492194566942
1981,5506,0.01864006221922371
1982,72886,0.015336230256945554
1983,97030,0.01579702742741377
1984,20438,0.01596546913638069
1985,32743,0.011791611268778854
1986,12250,0.012493251123009454
1987,15864,0.022058421237224783
1988,77747,0.017079492064416606
1989,21542,0.020190549182993022
1990,12043,0.01741646384236653
1991,17568,0.017845465913702944
1992,53116,0.0067950752319553085
1993,10320,0.007551358081548309
1994,49702,0.00872862579688168
1995,56240,0.009568575386028288
1996,31975,0.004804277488516863
1997,9927,0.006682203775534471
1998,53089,0.006155653014316782
1999,11639,0.006958263598169198
2000,32025,0.013829838344838898
2001,14913,0.011818335725717959
2002,3269,0.012007852046316499
2003,34567,0.010859580620063468
2004,20075,0.008895018200692212
2005,23150,0.007865763303651185
2006,29396,0.009039531491911956
2007,54029,0.009575183740929236
2008,51874,0.016630494397106815
2009,40311,0.015877435570574753
2010,95053,0.01700217828512052
2011,39041,0.011085315534520227
2012,51055,0.015242360039601239
2013,57330,0.032537701732260726
2014,88719,0.033387204494641665
2015,82909,0.04229325760865528
2016,15547,0.02096722912605511
2017,67482,0.018026391090070044
2018,67883,0.020993512837801473
2019,44080,0.020579629385924933
2020,6508,0.005339573838640322
2021,48282,0.005553773851085443
2022,82552,0.006418712988430863
2023,96989,0.005950498811783732
2024,44387,0.010106573965736882
2025,23293,0.013059697552229441
2026,85992,0.011615278256638332
2027,23119,0.007990429355633643
2028,38951,0.009941564909399162
2029,90921,0.013138688892893437
2030,47021,0.01316385609792622
2031,54958,0.013365322093966002
2032,71611,0.02702789947755319
2033,60531,0.012557844543792426
2034,78938,0.014187902083096898
2035,99929,0.02494820635900546
2036,98521,0.01408511857630038
2037,58783,0.02092386423196312
2038,61829,0.012033396182150678
2039,26571,0.021629176768032797
2040,73152,0.009185724243135917
2041,91952,0.0043284443467254165
2042,1563,0.011872788301680582
2043,34283,0.011405823024973496
2044,9428,0.018664500486586036
2045,38888,0.027458260977547205
2046,6414,0.021481677763099862
2047,57243,0.01565210829874164
2048,19253,0.00823804084173624
2049,34066,0.010182209177758172
2050,63869,0.012198351703595641
2051,66144,0.00813657648134453
2052,83617,0.008769101163765888
2053,61420,0.009501211338428343
2054,81212,0.006997978787618948
2055,4174,0.009761192607713527
2056,68996,0.00557343721174236
2057,57338,0.00845941109075576
2058,47820,0.009763845560281204
2059,41070,0.00978792272432549
2060,40000,0.009778075591619157
2061,21351,0.010306486181401302
2062,22328,0.010409563120102248
2063,87717,0.011375826685057298
2064,41663,0.01256786458308454
2065,97172,0.010085114572304273
2066,35557,0.01009521649641594
2067,92440,0.007107546613470275
2068,49063,0.012854125297732121
2069,79735,0.01335545091711849
2070,39273,0.013485465762417444
2071,91341,0.013636038736716809
2072,35798,0.00899993564506468
2073,70209,0.00590909534633529
2074,96678,0.012063613548746056
2075,89104,0.010824332849739807
2076,39671,0.007993292508295356
2077,75321,0.007340453876787986
2078,5878,0.0066991278780100805
2079,66187,0.006112440755265584
2080,5171,0.008095604751776453
2081,84023,0.010179462657501992
2082,17845,0.010360239664090986
2083,66023,0.010158994925613056
2084,64884,0.0049337809278032045
2085,31419,0.006670694441007728
2086,45735,0.007686417091998763
2087,28925,0.00789135826027703
2088,32158,0.012023245277526773
2089,82147,0.006018068736915235
2090,57363,0.012615085939815297
2091,20155,0.013502460652421737
2092,9675,0.016705395029292268
2093,93803,0.027191054061504044
2094,22979,0.015458138706001347
2095,56366,0.025311225606064264
2096,82993,0.016913646081447947
2097,36387,0.01112796864467129
2098,48261,0.005139374878957571
2099,16161,0.008461254119515722
2100,53232,0.011664763716926239
2101,81759,0.017860589859520444
2102,2541,0.015553390493291477
2103,89925,0.016073507984403837
2104,84411,0.008726166629553639
2105,54129,0.009524419372800574
2106,82278,0.011391818464449841
2107,35237,0.011625791557804266
2108,49853,0.005075147593266354
2109,76311,0.008194939434894797
2110,71888,0.007491496200852248
2111,69052,0.008246114247482686
2112,27675,0.00559864078550309
2113,66289,0.006693237070903671
2114,82274,0.0076898195984859505
2115,10800,0.00873694499761034
2116,70803,0.010889206575691203
2117,18204,0.011195308303820001
2118,36388,0.011619363360797256
2119,19345,0.00879487643843795
2120,33311,0.005942007429261905
2121,86404,0.00768516436291224
2122,14311,0.008754988348773418
2123,24962,0.007960674840555572
2124,3264,0.0073910020792231365
2125,21080,0.009701851192388714
2126,10993,0.006978593071262636
2127,33754,0.008322289532391664
2128,61722,0.013455601458721742
2129,44779,0.016327454491222384
2130,80743,0.021326834974982466
2131,19142,0.01346373311786951
2132,28539,0.009444017945147955
2133,51641,0.009596308816586057
2134,74873,0.012344711800971579
2135,17501,0.016244509147375706
2136,67289,0.006714699290478438
2137,56855,0.0057983044379227855
2138,98981,0.003950191272549622
2139,51402,0.007098094587398042
2140,37550,0.009098425932323137
2141,35549,0.004707944963259998
2142,43548,0.006940310237478417
2143,30444,0.008662679757502394
2144,18103,0.008693878313048544
2145,25402,0.008346719589794754
2146,29164,0.007878154730257242
2147,88751,0.008285658326422423
2148,96520,0.009557858283692173
2149,46766,0.008663352285192485
2150,10559,0.010430127796402962
2151,55335,0.010395940945670989
2152,24332,0.005312443491916582
2153,4929,0.005480410885034301
2154,36243,0.007448849620152518
2155,96622,0.007534469310694252
2156,65188,0.019541960296161464
2157,24427,0.01934879569930846
2158,21932,0.03378707830964168
2159,12556,0.027371188015103666
2160,43905,0.026276518346621827
2161,19054,0.02493363768912746
2162,4621,0.026810817959087758
2163,28124,0.037781715825294944
2164,18667,0.017393025675939755
2165,22363,0.020104970640588825
2166,85972,0.017582490896882196
2167,77494,0.014152329403732282
2168,33955,0.010093968304636516
2169,89376,0.00815235694579805
2170,2011,0.009617867798226532
2171,76563,0.00975561235368912
2172,76083,0.015566817011929418
2173,21368,0.017389270183829866
2174,95345,0.019573327364670823
2175,87132,0.020200373426353023
2176,45609,0.004662367843720434
2177,93322,0.016337139453388404
2178,53140,0.006697693383717162
2179,41426,0.013287786117413061
2180,40123,0.008134388867649079
2181,15409,0.011883481958477073
2182,54925,0.011537737148019582
2183,39574,0.01005730660330655
2184,5432,0.00822039812781571
2185,1590,0.00793267372144185
2186,41057,0.006577820191572733
2187,11350,0.007484248956407421
2188,42442,0.02173507762331166
2189,46291,0.016328643309881437
2190,22689,0.02274345439203632
2191,31899,0.016815825537567476
2192,88233,0.00773740756876814
2193,78701,0.007671827949282713
2194,35533,0.007410142998710809
2195,78337,0.009716829782366283
2196,30933,0.008102933530604395
2197,85360,0.008112276897208847
2198,82222,0.007681332410957557
2199,19423,0.009043814374833412
2200,72513,0.010038693496475567
2201,99580,0.010438520386733246
2202,59488,0.010803810385087431
2203,65767,0.012041696192428557
2204,28473,0.026839485278664584
2205,68466,0.03006700237400978
2206,26601,0.030136071330215446
2207,82920,0.042431513852283956
2208,33856,0.005168240862822963
2209,35664,0.006474232852949974
2210,10062,0.010022626523340612
2211,79932,0.009571372859770687
2212,14482,0.009143860548236371
2213,71600,0.007904335470524467
2214,25749,0.007692494911694149
2215,50273,0.007745943051205781
2216,35814,0.018584345345411896
2217,23198,0.016364989052861163
2218,46790,0.013855522356694952
2219,75092,0.03233997570617908
2220,69956,0.01669163827588528
2221,37962,0.02600899460137631
2222,57323,0.019731942581785802
2223,56444,0.021340297664934144
2224,58162,0.011488267476385913
2225,58252,0.011424054317535175
2226,39373,0.008495279373023383
2227,40047,0.012540318908896536
2228,41934,0.006932431701842026
2229,8224,0.006093601219163015
2230,59721,0.004447063906780378
2231,37239,0.008342704571517076
2232,58098,0.020192816771212464
2233,17784,0.010785853813092279
2234,51360,0.02185951537803396
2235,83494,0.02247602849023174
2236,4576,0.006700689197003413
2237,68902,0.0048151873747109015
2238,65561,0.006113565803689299
2239,42929,0.007326150166720618
2240,39245,0.01303213315179223
2241,21848,0.011563492075001371
2242,99348,0.01290309970157436
2243,84222,0.01184806405405597
2244,78436,0.014557220577017253
2245,21468,0.019548791829384057
2246,21000,0.016731154558810798
2247,50160,0.02025779957833247
2248,39753,0.025020622711183844
2249,95301,0.031225149247526632
2250,50890,0.0316541172573784
2251,71898,0.04391924968165803
2252,63024,0.010686853015434275
2253,33352,0.008960831609788243
2254,35851,0.008506403564238494
2255,1810,0.010754587161861857
2256,87525,0.019071053014976247
2257,6104,0.01314697672801661
2258,30086,0.014057448400447578
2259,15890,0.011790543548758057
2260,2050,0.006529273544403422
2261,1736,0.006356145655386977
2262,72563,0.010059928153328006
2263,53767,0.0059983137253040945
2264,67884,0.02652601276544244
2265,83128,0.02793826075540142
2266,34036,0.029415710187823785
2267,19541,0.02919616105529745
2268,41973,0.013408301009470639
2269,24705,0.012487781342443403
2270,56589,0.013543490091499789
2271,99648,0.013934181019579205
2272,7612,0.005524408996527118
2273,48908,0.005304289970598572
2274,35372,0.006863159276786325
2275,30379,0.006871315674541974
2276,459,0.01269204872406657
2277,54311,0.013593552704947078
2278,80091,0.013732796778097788
2279,91357,0.017291397979041497
2280,87061,0.005497639916637589
2281,90436,0.006166606918969865
2282,75988,0.008420158607233651
2283,17624,0.007163208799686644
2284,90343,0.012911050996094596
2285,42985,0.014505825111049494
2286,84676,0.016083528141539762
2287,83538,0.01605767990094225
2288,73205,0.004904991019397337
2289,88457,0.005845314119847416
2290,84410,0.007833860113931515
2291,2455,0.007629021875324761
2292,59445,0.011044305491492813
2293,12045,0.014529672618088072
2294,24362,0.014275014484252665
2295,90358,0.011051389574406989
2296,68537,0.012260650253686617
2297,71447,0.007894402838365667
2298,47403,0.012192237068201718
2299,14559,0.012459335794497754
2300,19971,0.010125473709852615
2301,4188,0.013968390850936473
2302,87402,0.019915495532755033
2303,22074,0.021506782047419105
2304,59772,0.01457688298315755
2305,18760,0.01262860234654915
2306,71256,0.011966669224706945
2307,19100,0.018733518010752386
2308,61314,0.0077370009661312245
2309,70874,0.00907264540555313
2310,18096,0.008018752472776104
2311,30100,0.009846939841952403
2312,27294,0.00859443241175039
2313,74451,0.013617218168849584
2314,66511,0.00860704880533
2315,98929,0.012785993321087936
2316,70207,0.014879303035494736
2317,1449,0.015380058969036664
2318,87706,0.016961253113800596
2319,79431,0.01017264079209836
2320,31138,0.00440784734604948
2321,97690,0.007208656654336293
2322,11826,0.006218848154033349
2323,50998,0.005046847135833275
2324,72281,0.005505859914469325
2325,14669,0.006844348430448026
2326,74890,0.008606146465347107
2327,42053,0.009368317834345283
2328,88707,0.020185325485463982
2329,26481,0.018382934232794555
2330,77145,0.017082927810575313
2331,97477,0.020557213782695212
2332,44247,0.00789911576903852
2333,57448,0.01202592070963567
2334,5368,0.009152470271830745
2335,31621,0.0080555093306335
2336,11180,0.00770729230699462
2337,65929,0.009583088477249029
2338,35537,0.013207454648528894
2339,30313,0.009927592010054578
2340,98128,0.004302526113483202
2341,3324,0.010198333697262313
2342,22772,0.01013021141649364
2343,86932,0.010402464818172606
2344,37649,0.013199412052892823
2345,63495,0.011997825897051017
2346,89713,0.013301233590974475
2347,29489,0.019579531163621114
2348,56835,0.009141894003100606
2349,66625,0.0076497948870961376
2350,55444,0.009375590478140926
2351,82600,0.009555188316429146
2352,57178,0.005069343186591737
2353,75834,0.005617081671014916
2354,4326,0.0082621701567437
2355,69627,0.006485716157388164
2356,41347,0.010656804751003026
2357,59183,0.012383420577129604
2358,19655,0.02267010223772507
2359,63551,0.012480957698324243
2360,55497,0.028038449615013263
2361,56907,0.022858412245305777
2362,97269,0.021756439118998498
2363,97753,0.03247455943469597
2364,83589,0.0092528434002191
2365,35126,0.017893753690577253
2366,33169,0.017202767599142903
2367,70646,0.01643995869779621
2368,21498,0.01486646904972996
2369,12379,0.013302627404538301
2370,68380,0.015400474626598779
2371,55622,0.015564323833620107
2372,80254,0.015626159012024625
2373,61751,0.0129484526082075
2374,85923,0.012998168149069688
2375,89935,0.014257987811377971
2376,91182,0.021023447993487012
2377,46594,0.014699969052472553
2378,27194,0.022028590284348483
2379,16006,0.012779415348194868
2380,24033,0.016367089966418377
2381,63969,0.03963512211766154
2382,58626,0.01788152672915866
2383,73587,0.0171488386120964
2384,76406,0.01784772763807677
2385,94147,0.022606133202222677
2386,24781,0.024142607776000392
2387,36993,0.02390660088567003
2388,81047,0.007349773072365551
2389,32452,0.006035773871408004
2390,18058,0.007286957723511839
2391,33081,0.005834731852936069
2392,48188,0.009872748206616787
2393,24618,0.011431147210670308
2394,69430,0.014897861936345744
2395,20515,0.010041185693437505
2396,78935,0.005974124933737097
2397,76372,0.006925399677465863
2398,41015,0.012696949859072774
2399,10293,0.008160376594673897
2400,53883,0.015050923304958464
2401,15699,0.016259079868937508
2402,72679,0.017924689908472766
2403,70290,0.015867906002132767
2404,35211,0.010561388868873006
2405,43689,0.011168154736081291
2406,45903,0.014912271705133102
2407,24965,0.01557417265189438
2408,41892,0.007381357341224028
2409,2857,0.007676573928104934
2410,78913,0.008892941601676224
2411,24631,0.010311372161614865
2412,97888,0.01883679827695719
2413,26343,0.01730768527525018
2414,72422,0.02050342686648785
2415,20990,0.014057037285470156
2416,53254,0.01108513871604131
2417,19055,0.012348411262943025
2418,69584,0.009800589559831468
2419,20188,0.011768618434665885
2420,18482,0.013976211741918957
2421,78814,0.016414063217142366
2422,31817,0.016457935300132228
2423,77877,0.01724425950093017
2424,95283,0.00862396747122094
2425,48457,0.0075737821032928684
2426,8238,0.014209425356771804
2427,93086,0.008728490927285955
2428,22245,0.00561547805166014
2429,91382,0.008699112427069632
2430,37478,0.00600605995128148
2431,39345,0.007621546812726561
2432,13718,0.0076728878678260694
2433,59719,0.005574731077629127
2434,900,0.008167877192925839
2435,55146,0.008352814949433315
2436,53698,0.010182769493723855
2437,48296,0.009948371425684003
2438,51523,0.009982293345394128
2439,71481,0.007998184542945989
2440,12383,0.006918963119558713
2441,85090,0.007887189629778357
2442,77013,0.008573227991729722
2443,51270,0.009634539919283132
2444,32709,0.04025448566728292
2445,23753,0.029748126564676174
2446,70081,0.03454075710490922
2447,30561,0.031152855522199305
2448,85223,0.007194553655014784
2449,87368,0.007282714007423484
2450,50747,0.010176627684581923
2451,73449,0.00864398946051
2452,19181,0.00605147949873812
2453,14839,0.005105803105553101
2454,95207,0.005596771483356593
2455,36887,0.006319595131454376
2456,62301,0.0255129902891105
2457,63586,0.028751153236961133
2458,87907,0.016744279719128036
2459,41440,0.019735794149095806
2460,4639,0.006401464500248724
2461,46694,0.005010814507223415
2462,95277,0.006733924380392978
2463,56598,0.005610453681527259
2464,63531,0.024352907053829448
2465,5340,0.0275226897335068
2466,78846,0.025390147910278386
2467,93101,0.014617053040804798
2468,44230,0.01461639747313604
2469,6928,0.015598085750176093
2470,40140,0.01583596610863836
2471,80041,0.016616423046668258
2472,42467,0.005559509998941815
2473,44959,0.005681039856919874
2474,45000,0.008512698736482133
2475,16089,0.0060893333364992796
2476,22766,0.007596087033520519
2477,94662,0.008259791938489022
2478,14129,0.009591588914190312
2479,3354,0.006461020810435722
2480,54992,0.005516997788206716
2481,99667,0.00722932283706584
2482,48546,0.007566412883526528
2483,26637,0.008025315263033291
2484,60456,0.009632123315551258
2485,53843,0.012084724991746247
2486,12239,0.009520522305806725
2487,86091,0.009677352997598379
2488,44735,0.010505443531587607
2489,96370,0.011082504430750248
2490,99416,0.013622331866662755
2491,33925,0.013798820907881579
2492,16498,0.007426068752486551
2493,14724,0.005725527557342214
2494,14704,0.006041378781818776
2495,82681,0.004924136129040018
2496,26337,0.00763352147874492
2497,32974,0.006928847678994307
2498,14774,0.008377579682031865
2499,52310,0.009942647048476392
2500,72277,0.030418140455352717
2501,8871,0.024798433948601636
2502,37701,0.025864766155378468
2503,51264,0.02556549001635664
2504,44768,0.008449144659316392
2505,73912,0.007676888360293151
2506,2750,0.008124773141957751
2507,62430,0.007761512957439734
2508,10684,0.009935538252863241
2509,34566,0.015381796346371967
2510,79307,0.015459795266302083
2511,60545,0.013808332817787563
2512,1700,0.017401533087655106
2513,16513,0.017924845197764803
2514,33759,0.025810632086704977
2515,49476,0.029140217613382813
2516,67900,0.02028007601048849
2517,44651,0.015578627375813382
2518,51886,0.01984405147348512
2519,99210,0.017397970943989843
2520,17862,0.008457570041757954
2521,21335,0.007867025994084075
2522,88140,0.009757103896939987
2523,69815,0.010328638706624357
2524,70624,0.023084414946986192
2525,7277,0.054758181782194076
2526,9309,0.02346697624184355
2527,72867,0.02382180887220143
2528,17177,0.00994994965587031
2529,95131,0.006366229378604225
2530,10214,0.010264678204766314
2531,66506,0.010371486163644123
2532,32779,0.016410343575428074
2533,83347,0.01840618820018931
2534,56539,0.017368600699485363
2535,65066,0.01750475955728816
2536,828,0.003497497135116633
2537,15107,0.007454766895665162
2538,80642,0.005190452704539694
2539,36438,0.005307792900565031
2540,20898,0.008550845374380342
2541,49715,0.00975185719268933
2542,53178,0.009857165711664945
2543,78484,0.010303777289566522
2544,15282,0.018013995234734688
2545,7615,0.016797121976986847
2546,16063,0.02199891713298711
2547,54862,0.020015045143654056
2548,81975,0.0047438983973061575
2549,60293,0.006876573918627433
2550,84800,0.008859466654828188
2551,31527,0.022817763059863237
2552,12113,0.012309028293753209
2553,10896,0.00961190266576212
2554,39183,0.012907114001355677
2555,54549,0.014106193735101592
2556,58294,0.007336718781938686
2557,31647,0.008707006253507236
2558,46052,0.007403374564904391
2559,566,0.008162003035088164
2560,57056,0.013211583048575313
2561,28695,0.013155377148903245
2562,41335,0.012142329544897433
2563,88703,0.013896935383465304
2564,32044,0.007091440358025423
2565,18710,0.006448349433612285
2566,50434,0.007395492318326865
2567,483,0.007700886299418373
2568,20892,0.012354035383924065
2569,55135,0.021060727519918023
2570,39229,0.018232338560321658
2571,41454,0.017400050133559927
2572,91476,0.004285413854957682
2573,64464,0.010254544255657527
2574,51218,0.01594485583105601
2575,46813,0.010776437432840662
2576,87041,0.010374804721192142
2577,69042,0.010412569969539959
2578,31411,0.014800671283600013
2579,18420,0.01041692320285284
2580,31256,0.018633921224263623
2581,75063,0.019166179038706207
2582,10434,0.01965800026841746
2583,98030,0.01980627394942204
2584,749,0.007180608956457545
2585,36639,0.007300575653697742
2586,14151,0.007682913265654892
2587,86357,0.008361883841896239
2588,20241,0.012127029682396902
2589,23860,0.013222534170044802
2590,11080,0.00793332793115366
2591,23111,0.009567425823225412
2592,87315,0.008423619975989725
2593,1975,0.009585099047783006
2594,4883,0.010164382328041718
2595,24138,0.011403085557609965
2596,55946,0.018964372637924356
2597,18056,0.015660244103133873
2598,97161,0.013485589882767475
2599,82195,0.01948966233681399
2600,71557,0.007680436222717817
2601,67399,0.007454899518647605
2602,16243,0.006504287579530869
2603,61708,0.012967143946238954
2604,47624,0.013917420355376044
2605,41524,0.014006040726757311
2606,49205,0.014128777255788597
2607,82870,0.012483857625346342
2608,56788,0.01235604537059889
2609,28991,0.01114211042493897
2610,2120,0.012783785785047972
2611,65394,0.012546923480688716
2612,66012,0.009138672749850713
2613,83014,0.008767482783302132
2614,80903,0.010241060329370315
2615,26519,0.010314158184878769
2616,37896,0.005591316804195818
2617,41082,0.006405367063838777
2618,24953,0.012228721972008322
2619,78682,0.005336678983042134
2620,97641,0.02233606898346595
2621,40360,0.031517531091116734
2622,94918,0.026195498393292486
2623,86280,0.026235581767491748
2624,11540,0.012124864611647034
2625,13783,0.013005985124543373
2626,96835,0.009767268321473867
2627,61327,0.011862477299258174
2628,69529,0.0060291354298265395
2629,1798,0.006349206754952739
2630,56720,0.007006900799961471
2631,81277,0.006954759100246212
2632,65432,0.015552087348764147
2633,71582,0.006396607728315585
2634,32307,0.009076430409908437
2635,18015,0.0098757663809644
2636,19622,0.01079051992404027
2637,84614,0.008382695395666407
2638,17089,0.014526017300534412
2639,8345,0.012797379740267968
2640,46107,0.008664148020309067
2641,3086,0.014871307478566262
2642,12221,0.008512391246922857
2643,33729,0.009395502756112206
2644,69850,0.010725774160607986
2645,8814,0.009617324258496382
2646,4243,0.006946381850108986
2647,75021,0.0074572408499163235
2648,42263,0.012927126383650555
2649,25996,0.010555020919636298
2650,60219,0.01156457076738968
2651,49843,0.011580871674633434
2652,18383,0.008036164438637363
2653,68530,0.008541475065691534
2654,806,0.007761533602386503
2655,89246,0.007064392503651687
2656,76205,0.00797211406095771
2657,50602,0.009097451160152044
2658,65486,0.009109395189906336
2659,97369,0.010650030774354838
2660,53235,0.006208658391865166
2661,8825,0.00942114196232191
2662,23541,0.009256002868266349
2663,74612,0.00923783048767855
2664,28548,0.009631874304544982
2665,80857,0.007553716718710143
2666,53301,0.011074291454400396
2667,46630,0.011696890728076871
2668,28381,0.005978823679705626
2669,58111,0.007734157166128517
2670,54980,0.006901419514455293
2671,82374,0.006931268667253831
2672,81735,0.01596914646218723
2673,82144,0.0175999259291395
2674,29011,0.01674309934559645
2675,17587,0.015821268016228542
2676,64437,0.008024575279976003
2677,67767,0.00675925149824912
2678,25788,0.008861888134106526
2679,11364,0.008982206564697014
2680,45248,0.012638996746569578
2681,16289,0.013415683604834845
2682,51460,0.014120905637512999
2683,22395,0.014110779223098713
2684,3082,0.009993951264782657
2685,55035,0.01096192852579418
2686,53425,0.010258703430103384
2687,6945,0.009840080856268897
2688,71179,0.006151082398936065
2689,84221,0.007386588702290951
2690,37406,0.007831210303058219
2691,70398,0.007912689891790758
2692,63018,0.01750037529963096
2693,98766,0.017956303458865473
2694,25731,0.018079040570100555
2695,23712,0.01853417452295153
2696,54330,0.007657375342036221
2697,9027,0.006980264244081193
2698,4743,0.011299725426531685
2699,81571,0.009630692112004149
2700,80539,0.006450878586801911
2701,87189,0.00821724355971681
2702,78728,0.008078101301324301
2703,17969,0.006819355753394052
2704,97529,0.0069058322736472765
2705,55473,0.00619944036704464
2706,21820,0.008192683785249056
2707,84491,0.008520466099075488
2708,3557,0.008238558969207653
2709,82549,0.009116586391406802
2710,58712,0.006992669272007432
2711,8968,0.00796418547370882
2712,85907,0.008126854993558467
2713,27243,0.01296648513084035
2714,97702,0.013834781162807529
2715,98135,0.017239514783409918
2716,70165,0.009039911920576908
2717,96325,0.01026034234580023
2718,21553,0.010096426118109354
2719,74718,0.009860669287782522
2720,40599,0.008213111909850829
2721,32126,0.010490234930648651
2722,42089,0.00800344389823536
2723,58174,0.0070894540623450165
2724,55424,0.016612737308902583
2725,84048,0.010121268764270733
2726,92976,0.015670417859927895
2727,60373,0.012533865602084769
2728,97791,0.014389182423683658
2729,81945,0.013409316777687256
2730,22190,0.013744468630442328
2731,83863,0.011733468746647506
2732,61567,0.008261783384456663
2733,43125,0.00805831872812196
2734,57324,0.00682154923649938
2735,50076,0.006704240384369616
2736,13874,0.004323532190302438
2737,77215,0.005492626926846597
2738,90477,0.00792463958392246
2739,47951,0.008199148118321498
2740,4795,0.014085818396557958
2741,85381,0.009988698504793768
2742,98329,0.016540193040862794
2743,28754,0.014163358012992627
2744,52998,0.020017787590379053
2745,10762,0.00985724692481182
2746,84461,0.014120587733535693
2747,11578,0.011411740370463948
2748,38569,0.006140226361803711
2749,9402,0.00480671675564363
2750,36657,0.008618955938249087
2751,13589,0.008219039741882763
2752,42602,0.008212862809883365
2753,28131,0.010461879530098113
2754,44734,0.006554245011957316
2755,6438,0.010526087018964476
2756,49216,0.005982501172765945
2757,79832,0.0066275509539556144
2758,36495,0.006870162005454434
2759,73198,0.007226548269386236
2760,83749,0.0073075537988998105
2761,46189,0.005717476808591103
2762,55963,0.009044452964765642
2763,91502,0.008283559610226882
2764,24551,0.017417704151848932
2765,57831,0.037776091528397615
2766,81901,0.014376690827374822
2767,52108,0.017434167830771407
2768,47530,0.010221409469789923
2769,6176,0.009878061991643898
2770,85658,0.010995397739934284
2771,30490,0.008652950330134529
2772,3694,0.009756868326227642
2773,10190,0.009628280986679758
2774,23666,0.007021535352314806
2775,58708,0.01099194197084927
2776,53543,0.012831870031747704
2777,19414,0.008919435644097636
2778,65949,0.01083683056327837
2779,88101,0.008534616672098158
2780,45928,0.010816369318436811
2781,43251,0.010818705210255294
2782,16427,0.009711808037378384
2783,66607,0.011498487346256811
2784,95726,0.0064061341621943855
2785,67846,0.009639571949733836
2786,89424,0.012652651890692099
2787,12226,0.007957166522779792
2788,71027,0.011534577103940402
2789,34210,0.013167262947191444
2790,21453,0.0057258420967847504
2791,61123,0.006476316121458466
2792,93594,0.011035818294915976
2793,98607,0.015363861269119906
2794,16725,0.013477065765710396
2795,48547,0.018322741579053208
2796,46666,0.014614412853031486
2797,88109,0.01557338907492963
2798,12696,0.015658812605907346
2799,60066,0.016436662934744713
2800,67209,0.028833170490469514
2801,90605,0.011187301459684055
2802,9229,0.014313041752194815
2803,12111,0.03740333555946246
2804,59796,0.00675027546144135
2805,51138,0.008294554205566882
2806,89756,0.005738450742723473
2807,69221,0.010111642548799234
2808,82452,0.0074597183557873845
2809,22404,0.010604305894768172
2810,84088,0.01173052259000527
2811,13126,0.008237066063177567
2812,42416,0.009752194204472936
2813,83973,0.00828912236239229
2814,40269,0.015557795587071467
2815,6964,0.011770794208715685
2816,92436,0.007574949202899566
2817,71589,0.006379086214838908
2818,73705,0.010220361582042654
2819,11618,0.008675979195956553
2820,48880,0.006242627141665622
2821,15287,0.005306411258640471
2822,68426,0.005717743900167955
2823,45148,0.01144114108249313
2824,2259,0.008496824870180554
2825,26606,0.009158265100595855
2826,5206,0.009737082708420254
2827,9326,0.011144886348376013
2828,35274,0.004502073049185788
2829,4483,0.00776492284750025
2830,31554,0.007927010370817828
2831,85533,0.008093997108116532
2832,70300,0.020941588902001314
2833,73045,0.020453035537887763
2834,3893,0.021771811845951623
2835,88481,0.023450836624999017
2836,47345,0.015957650715197714
2837,10531,0.017916821020020825
2838,19464,0.017110435906267357
2839,22264,0.020175780739721608
2840,92227,0.01210964402744838
2841,3385,0.010674783948218025
2842,41658,0.011094117571600125
2843,62861,0.014479468755931743
2844,82582,0.006793529318017832
2845,29367,0.00938423777801961
2846,90276,0.00858142827052177
2847,79214,0.009736620527310186
2848,20240,0.011835349754483282
2849,79722,0.011935439350950918
2850,53186,0.011534232635404953
2851,4999,0.011977417283275761
2852,89279,0.009287471583063494
2853,40989,0.006559844964812713
2854,76422,0.008659964174914058
2855,51976,0.009038016112546648
2856,80107,0.014083673057994954
2857,56664,0.015309244012143142
2858,38033,0.015766017522301758
2859,42534,0.016933916012869716
2860,24927,0.0038105143320466546
2861,22730,0.006723474996342469
2862,43801,0.007885406208660841
2863,64849,0.005899192889080616
2864,40458,0.013767709649857985
2865,84216,0.014974944757977992
2866,51524,0.01502457625747811
2867,60755,0.008962325261969686
2868,44808,0.007424862195896962
2869,99243,0.008626220234025317
2870,92746,0.007087918882685579
2871,14356,0.00735949788392669
2872,11600,0.009094486515673263
2873,30251,0.006315806384118953
2874,64756,0.007706176893298623
2875,18164,0.011073638602324973
2876,92213,0.01610492553241247
2877,85883,0.016283596583764416
2878,36844,0.021275578216331536
2879,64758,0.019151068173739794
2880,4411,0.014355169697647439
2881,94273,0.013894774725440486
2882,86191,0.013992283042123386
2883,56203,0.01096321991401287
2884,12553,0.00874852995914542
2885,64404,0.007861725265643453
2886,92910,0.006630936734414549
2887,26478,0.010596717488093543
2888,92184,0.007343238685295388
2889,74646,0.009827627804117238
2890,8269,0.01039728086661618
2891,74926,0.008905407470695738
2892,94655,0.008069278793919818
2893,50156,0.008029889862946157
2894,15558,0.007498072619361589
2895,30759,0.008363921170719263
2896,37986,0.012164918001306589
2897,4291,0.012978357374998868
2898,45758,0.012270719659273567
2899,48456,0.010050278962725371
2900,20490,0.008713180059635846
2901,19406,0.004795264003607784
2902,78828,0.007049798887132207
2903,42918,0.005507688680234189
2904,36474,0.004679337509136783
2905,37059,0.0067702996683661
2906,96147,0.009913235014558496
2907,94496,0.00928171732356051
2908,7692,0.008508254814597997
2909,247,0.005117650872603408
2910,10116,0.006282947761953821
2911,70301,0.004804909571139484
2912,38833,0.02598877217004116
2913,40434,0.02638217621304863
2914,82163,0.026515017405210044
2915,41612,0.02931872699099484
2916,5339,0.015228689769512072
2917,21707,0.016462749285138932
2918,31691,0.02584859057569808
2919,37971,0.018951884028588883
2920,97075,0.027306575243976942
2921,68553,0.02227454891108577
2922,66370,0.026378528622555488
2923,70072,0.016952082781810294
2924,88593,0.006162493097373178
2925,48025,0.007624576775355544
2926,57907,0.006721026796925428
2927,72377,0.005893306566516016
2928,638,0.01548495875934494
2929,7894,0.01355111284192723
2930,20452,0.01034803065049203
2931,30685,0.016664813991869865
2932,10847,0.02261033884779635
2933,97391,0.016717482942855008
2934,25042,0.018605794896909056
2935,21297,0.01878747551796664
2936,5066,0.01165036070194354
2937,15943,0.017081781790559563
2938,35460,0.01842547078941799
2939,78933,0.018038352470276294
2940,73967,0.006763534360486434
2941,55177,0.008185568045460924
2942,46160,0.007420403845763177
2943,40166,0.007891698150693132
2944,18571,0.009575646669058614
2945,49515,0.010429692332086779
2946,77813,0.009579252746663866
2947,53983,0.014551977410086549
2948,16623,0.007166146783801859
2949,72571,0.006730001130553751
2950,41843,0.010190694812338166
2951,58094,0.010729595499518081
2952,44671,0.00903933313403684
2953,1122,0.008739314795226726
2954,46633,0.010314353499299092
2955,48070,0.01180332100586364
2956,59579,0.008719881525866412
2957,86425,0.013762371881826647
2958,87518,0.01079497268711181
2959,40822,0.008556724384990666
2960,79706,0.00742402259515422
2961,38374,0.006641111221665066
2962,78494,0.0077080593211681404
2963,8252,0.0077422951929676884
2964,44187,0.010055960165246696
2965,867,0.012200227406641149
2966,52969,0.011442424062391326
2967,50260,0.009805245358636642
2968,85778,0.022658802379488845
2969,66943,0.023938986172707576
2970,54530,0.02450942015203583
2971,72448,0.02100325909083107
2972,73950,0.01981344552185866
2973,75053,0.013279700708475518
2974,34815,0.01960082318286466
2975,48015,0.016110462520551976
2976,23748,0.0070394002283770095
2977,64082,0.007849851515953537
2978,77039,0.0046588984815646274
2979,19786,0.013861435897009881
2980,5165,0.02482948758314487
2981,1710,0.02423282175651643
2982,66163,0.021479673972865387
2983,90136,0.027465831823920612
2984,99503,0.011684089728323039
2985,92603,0.011182920057516586
2986,57670,0.01186888609317981
2987,15926,0.017424114825760416
2988,42001,0.036676051855231304
2989,72522,0.035985636000012956
2990,4494,0.03641770916858543
2991,64495,0.03048484122150583
2992,21724,0.006271522027866003
2993,36926,0.0056953813355722915
2994,78837,0.008128843354712105
2995,27867,0.008008044665318185
2996,76379,0.0071926090884368195
2997,81162,0.007750924531260113
2998,21266,0.00787197684331008
2999,73052,0.008084852891508492
3000,95954,0.011222391155921267
3001,54818,0.01234428500350121
3002,20625,0.011861765822948291
3003,50155,0.010873115877205143
3004,70482,0.007020316799974019
3005,67363,0.008848566909863083
3006,6175,0.010521051409278824
3007,91566,0.011925963523316796
3008,19271,0.019579281348810963
3009,11688,0.014010240493457267
3010,84506,0.007859062689827962
3011,31501,0.017179358548491726
3012,68470,0.02150340727829745
3013,38337,0.026146707680795998
3014,21288,0.034366517743733505
3015,66383,0.019789513325273178
3016,65534,0.0077000362299384905
3017,45272,0.007695851491746539
3018,69254,0.008384658662695738
3019,77878,0.0069712031610072315
3020,22499,0.006704686214613037
3021,65883,0.006533185435537288
3022,35030,0.0077369640365919585
3023,57241,0.008055550414806559
3024,52699,0.011672568780038662
3025,44836,0.017031173667417337
3026,3073,0.02116672325414465
3027,77026,0.019206476534834552
3028,70853,0.014637195884329227
3029,83284,0.01812267633073368
3030,90525,0.014734267177166905
3031,82710,0.023614656524473372
3032,13145,0.007543143046315633
3033,35558,0.008612055910857168
3034,57004,0.00922538341101706
3035,45038,0.008731114354252698
3036,52860,0.009780359684891226
3037,65969,0.011539045920897393
3038,60375,0.01044455370726758
3039,30644,0.010699072602056964
3040,49334,0.00881585192895203
3041,25554,0.008313493549944788
3042,58274,0.007008344892475638
3043,47422,0.008902300078047511
3044,14551,0.009352199839417248
3045,21339,0.009244536299418505
3046,86791,0.009742851068101506
3047,57848,0.007283764906542272
3048,72115,0.01101702688879646
3049,22009,0.011662346683584957
3050,95437,0.007756320731932826
3051,53128,0.013849351954288637
3052,85399,0.006744165111583584
3053,31444,0.007706164848333762
3054,27649,0.009612650985123983
3055,25195,0.005246623148777142
3056,44485,0.011666174887424486
3057,64551,0.011517808338433713
3058,74831,0.012754118845021768
3059,91336,0.011821859265016405
3060,29056,0.01031785224355158
3061,54827,0.006484798720321601
3062,87371,0.009843193529636581
3063,96001,0.006489335257702978
3064,34751,0.012358550135577195
3065,37697,0.019425360447036865
3066,56029,0.014034969609050561
3067,7317,0.021617864004346145
3068,14867,0.005717312812960352
3069,11014,0.006742697440377941
3070,46759,0.0186649699863181
3071,75377,0.0112364829829634
3072,37818,0.022806742269120304
3073,94979,0.023010524167928124
3074,18727,0.018455153826757567
3075,4850,0.023214436379805733
3076,72123,0.011780444058725916
3077,46911,0.012074373349028073
3078,60208,0.013368111530021813
3079,23146,0.01637377487609419
3080,64894,0.011420509831104188
3081,835,0.01138230007127851
3082,41434,0.011437279747569525
3083,8936,0.010780204643785091
3084,13479,0.009131183614304208
3085,39201,0.005364116164236678
3086,43947,0.010373965343778642
3087,73155,0.012465859360896477
3088,36190,0.016921827938349433
3089,64037,0.014354115650404006
3090,33243,0.01129280002554528
3091,44523,0.01941526265844943
3092,95213,0.009813963300426156
3093,95022,0.010776089404053177
3094,19343,0.01176680060886387
3095,68909,0.011369177576560446
3096,6083,0.010093687175293752
3097,73107,0.0110262561270336
3098,12860,0.008905529812803209
3099,74784,0.009353916796746378
3100,7129,0.006823275423498917
3101,9505,0.012209435431796216
3102,20847,0.010132153056738667
3103,48274,0.014740654134740083
3104,89318,0.009834267814877045
3105,44005,0.009904738299578303
3106,57791,0.005358932852078689
3107,15508,0.005933493021649574
3108,2055,0.010537208595576213
3109,49990,0.008817250549749047
3110,65827,0.01167506104674064
3111,22789,0.010979543689394196
3112,25852,0.008889499367924825
3113,7925,0.007342417141350187
3114,13176,0.003996937487378033
3115,38110,0.014350314353250999
3116,69314,0.007592147140322157
3117,91811,0.0051336928675556216
3118,57288,0.006091468683806567
3119,9389,0.00785400413338901
3120,12714,0.00864013672010976
3121,31686,0.007152980096337035
3122,29900,0.007190288485682057
3123,97573,0.015472287162387103
3124,85434,0.01905486210136677
3125,52706,0.04004868617957268
3126,71325,0.026971914131109002
3127,27227,0.06284158130754663
3128,31434,0.01391471510438633
3129,61415,0.015688308323958303
3130,84602,0.017603157339601834
3131,85941,0.016884572032409725
3132,92709,0.006524367412499678
3133,52365,0.004148165702749863
3134,1839,0.0078048760923855685
3135,24173,0.007842888911933323
3136,45143,0.015541641077905172
3137,43201,0.01671944060216307
3138,66095,0.016530449153298547
3139,97389,0.015977776852310773
3140,77222,0.02199823282235929
3141,1748,0.021652925957059362
3142,72059,0.022224899961790136
3143,92641,0.015681585027371263
3144,90209,0.0058112706319038724
3145,12777,0.005613851654800056
3146,31520,0.005720057270088558
3147,92988,0.005894368278706094
3148,48876,0.01074882543032071
3149,26884,0.008051731598565558
3150,54615,0.009549119979091324
3151,9873,0.009557308709182023
3152,64178,0.005887175563725054
3153,53779,0.012536466452033313
3154,49093,0.011661310662869045
3155,72430,0.012077049834598562
3156,47651,0.01854944718123322
3157,47374,0.019886900853667476
3158,9605,0.019739463792927372
3159,37268,0.014830917170200967
3160,13638,0.015653933738753498
3161,36835,0.011146568851208294
3162,7998,0.015755605158865257
3163,41241,0.01781431026405058
3164,30579,0.00992461845124251
3165,56502,0.00845058505064299
3166,36848,0.011684421781669278
3167,1170,0.01720181967155969
3168,56944,0.009147164695895849
3169,72945,0.011322217776895972
3170,70483,0.009727442362473398
3171,3924,0.01810532216590769
3172,84524,0.007912003525092843
3173,80012,0.008581244551146314
3174,50895,0.008635385324226846
3175,35714,0.008088486557030879
3176,97692,0.007358480726915444
3177,90402,0.006462502080618599
3178,48184,0.008833647911146216
3179,96509,0.007704866138900028
3180,92141,0.014604111037467072
3181,85486,0.01954528007085936
3182,94479,0.011511777778221047
3183,750,0.01814598332543182
3184,39568,0.007471540944826002
3185,22719,0.007578709341375134
3186,31052,0.0069652759712934345
3187,25280,0.007789104546522517
3188,75078,0.021307932385960904
3189,10031,0.024945991484298196
3190,76199,0.027034364630686186
3191,23228,0.026479683135713673
3192,99887,0.004689276576130136
3193,23645,0.007004099731228187
3194,77021,0.011281436871046416
3195,98389,0.007497133702925304
3196,2368,0.012382869700471947
3197,21310,0.013254888650967647
3198,49994,0.0152817349088466
3199,63790,0.01478735416537718
3200,489,0.006528619606606856
3201,98435,0.007437595908200968
3202,64420,0.006994720601780389
3203,18113,0.007829850448548382
3204,31318,0.009152920824694358
3205,57045,0.00892053204404971
3206,88976,0.009214668130653794
3207,36453,0.01781284361870955
3208,81014,0.010577848492557749
3209,77415,0.011906715515264336
3210,1425,0.0114116673617649
3211,36346,0.0126863746379836
3212,54796,0.003365042784172958
3213,34506,0.0054559294445653515
3214,28701,0.005831215269513012
3215,16066,0.006195864350066794
3216,43231,0.006168158213791526
3217,97078,0.007225706531983388
3218,13754,0.009256300484202675
3219,85667,0.012379035211482564
3220,53980,0.008964938453629397
3221,11781,0.011734693288612095
3222,79442,0.012222179817988317
3223,91584,0.010730858236886985
3224,57977,0.007466490609148093
3225,95553,0.005079997236364086
3226,6756,0.005001394085531489
3227,71086,0.005623461871393121
3228,34597,0.02164579040838068
3229,87988,0.021835422996506298
3230,14851,0.018386266200841408
3231,67957,0.023973426876454512
3232,22509,0.010327298824803766
3233,47918,0.007314729961622919
3234,23049,0.008074292091942822
3235,65227,0.008128561690016918
3236,8535,0.011438230142304436
3237,25323,0.012758294506971773
3238,72490,0.01531214470349966
3239,96418,0.010157223862222087
3240,58413,0.009525901334484152
3241,8130,0.007057980166426318
3242,15951,0.008085017997766217
3243,6598,0.007659801557442522
3244,50424,0.019644657886579073
3245,16603,0.013834931093230637
3246,4108,0.01807542119374447
3247,89926,0.01821847816861264
3248,29397,0.007330959154363625
3249,54224,0.007722440947607948
3250,89504,0.004279782979390308
3251,11258,0.00845851732221818
3252,34838,0.011833860323150066
3253,69197,0.012483687606220987
3254,75070,0.014955446605267281
3255,37299,0.014747394962326195
3256,75957,0.01266173167031183
3257,6853,0.013379847236566825
3258,14663,0.015659043572636325
3259,21621,0.01597829693386968
3260,1362,0.009615324855365943
3261,82685,0.012421962157566717
3262,81872,0.011366265450418512
3263,90991,0.009880312614822525
3264,41555,0.005903398518231028
3265,50707,0.0064605231381848465
3266,50181,0.0026614757968127416
3267,52140,0.0066637673340785
3268,46461,0.00664710101381465
3269,10274,0.010356329942418842
3270,18192,0.005339055373103807
3271,53984,0.008443765279344371
3272,88072,0.006675986625801173
3273,55949,0.007428646333305946
3274,67199,0.008037478660769915
3275,15871,0.008257405097891581
3276,54322,0.009471737620254697
3277,64129,0.017820334081094194
3278,89365,0.009729346141845768
3279,22110,0.011066414162930402
3280,70420,0.011554890161908285
3281,67662,0.010142658257177665
3282,886,0.011460594410413784
3283,59676,0.012112907256293555
3284,89771,0.012189612803215693
3285,37045,0.012113017835091645
3286,97024,0.011854846481899245
3287,4625,0.01230950453203349
3288,14271,0.019488150087809984
3289,47008,0.024643124038722056
3290,97685,0.01985712238297313
3291,60878,0.020822606602378595
3292,67862,0.010696639854376324
3293,10191,0.00965949789761235
3294,52185,0.008111614861724323
3295,44852,0.00846008974932981
3296,79801,0.011111897841217666
3297,48197,0.01090534317501941
3298,75666,0.010574812822022224
3299,3268,0.008320362362962349
3300,11444,0.018168324861161635
3301,26866,0.023919806163538435
3302,71221,0.03323822101481778
3303,79769,0.02377729373249768
3304,25745,0.012609714305727509
3305,2105,0.01510084723557453
3306,84851,0.010472542885480591
3307,99297,0.0114736988242784
3308,32007,0.015201895980070506
3309,91485,0.017128889034287362
3310,35036,0.01476083056859209
3311,50699,0.0109057354602601
3312,66228,0.020266279747275392
3313,27206,0.01827493997688178
3314,54583,0.02035633247487837
3315,23606,0.024680746874129966
3316,21605,0.023699032292336893
3317,81264,0.015919038506547196
3318,18194,0.015943218761434737
3319,45099,0.024512130923799332
3320,29388,0.018005058814138147
3321,29235,0.017543892767992043
3322,59410,0.017118337181056403
3323,65470,0.019113156405867436
3324,34917,0.006378650861403098
3325,38278,0.010205576394957883
3326,86302,0.008517890402878701
3327,99366,0.008123608212210812
3328,86144,0.011073811733342157
3329,56507,0.010483118171209614
3330,4708,0.012067264573770161
3331,81705,0.012546813909383833
3332,48841,0.027073795465580704
3333,42384,0.0304190098201573
3334,46395,0.023279289527994514
3335,7304,0.026289040958101716
3336,47204,0.016047994860346575
3337,55661,0.01614085801081125
3338,84303,0.020536678909792064
3339,17270,0.016503523956135004
3340,10003,0.01056969913848705
3341,56315,0.0078107551106242285
3342,55643,0.007941203679223258
3343,710,0.010907149503476224
3344,2873,0.026527222784781906
3345,81941,0.022494108114125007
3346,94089,0.02369612427386352
3347,50917,0.02897701687534518
3348,96048,0.012452432643696248
3349,54617,0.014674550819255627
3350,16219,0.016584763933208242
3351,61171,0.017781278474523165
3352,7225,0.010670562423765457
3353,79648,0.010876687599565187
3354,40502,0.011011047571355787
3355,98409,0.009293155266111637
3356,63984,0.0112850686380648
3357,2505,0.008828276458703141
3358,97128,0.011597144580951933
3359,90011,0.011666544615067082
3360,16600,0.010462347234575512
3361,45303,0.010173336919865873
3362,38669,0.009625498623377027
3363,99547,0.009934149449158434
3364,79639,0.032856014228546754
3365,61494,0.02675748705931733
3366,20211,0.02980991811291916
3367,95382,0.03224761576321057
3368,37716,0.00980366868866318
3369,33475,0.0063371395806832
3370,91307,0.008370897273159258
3371,50737,0.00837138003801307
3372,92556,0.00874604241807926
3373,75101,0.011660325605364213
3374,23050,0.008375325799897453
3375,9092,0.009736599889237727
3376,58067,0.04468673037466339
3377,84701,0.024444687856162575
3378,15122,0.027281091587364782
3379,5779,0.0315041646749588
3380,38462,0.02034791203406109
3381,60617,0.020117767140942246
3382,54122,0.020521447187417774
3383,3384,0.020762808306494407
3384,34113,0.004464320703548401
3385,73104,0.00690415679882796
3386,32457,0.008117779225866541
3387,34379,0.007308835901574752
3388,85275,0.005735669863287693
3389,40897,0.005929350814959298
3390,6523,0.006842665532422655
3391,24568,0.010200692668482982
3392,27476,0.00785961546054922
3393,42947,0.006832686691686769
3394,29316,0.007463344458595596
3395,80391,0.008357714932396416
3396,37119,0.016726490157584824
3397,85433,0.017786318040464072
3398,47704,0.015960412566337696
3399,79223,0.010944682609882307
3400,61304,0.009401658968789913
3401,5472,0.005056426712404939
3402,25217,0.011689866097977685
3403,77293,0.009555321801789102
3404,96910,0.0033340491237654913
3405,27924,0.005494719705882695
3406,28951,0.007040732045189584
3407,18917,0.007454681420472295
3408,50948,0.020034335799812363
3409,10001,0.01802759322290823
3410,92552,0.020498965637262483
3411,94624,0.019617158234305213
3412,18055,0.009205419713964423
3413,72663,0.007390398687413575
3414,17903,0.00904231494949815
3415,76306,0.006635435069494818
3416,69460,0.015796459305252523
3417,40683,0.01584328728545821
3418,36624,0.017825358089676592
3419,16190,0.02102269120876372
3420,67162,0.011380657568765416
3421,7462,0.012276916730495656
3422,21457,0.01516965091005359
3423,86326,0.016776593388805203
3424,75282,0.01635736736755876
3425,23450,0.015033892383257225
3426,47543,0.01223436967735075
3427,26746,0.013966642534044385
3428,80932,0.012657138574003482
3429,57209,0.015090819725264583
3430,58478,0.016030445783118377
3431,30831,0.017710205630438344
3432,85577,0.011227407766599766
3433,78744,0.011892719667280564
3434,57373,0.009934953139130703
3435,98647,0.009760020748997612
3436,74897,0.0065346108623197
3437,13715,0.009537596270352175
3438,73023,0.012112904786728527
3439,34779,0.013825138883531908
3440,9398,0.005984193729258518
3441,34540,0.011892621151972886
3442,78209,0.006660160430320454
3443,1048,0.009840448106062584
3444,57818,0.009259104343867619
3445,61849,0.007414012650088528
3446,73186,0.01161277240750256
3447,17982,0.012992807955700136
3448,36942,0.016839218074859483
3449,73828,0.017167661898908344
3450,5591,0.020194176862120244
3451,52056,0.02123215888562926
3452,24913,0.011401384725214755
3453,36928,0.013191200961475677
3454,54962,0.007281703837377205
3455,10494,0.01409326769182798
3456,52150,0.016909139240281538
3457,4601,0.02220987082555519
3458,37284,0.024251732212396557
3459,58570,0.023300190054544565
3460,47455,0.009805736078101918
3461,70861,0.006957693439620645
3462,45178,0.011258844852794572
3463,62439,0.011031508202782288
3464,48527,0.014446049857737299
3465,72229,0.014443809572785276
3466,89782,0.014291577279791601
3467,22989,0.015017607348552198
3468,39694,0.012517092617268261
3469,54794,0.011488985361543327
3470,53675,0.014884001774464712
3471,1129,0.015964316912007157
3472,10807,0.009675102038770629
3473,41799,0.008111517363802754
3474,97509,0.00927347687586646
3475,75470,0.008448001932773452
3476,39718,0.021691967441277108
3477,18243,0.035885939198262315
3478,84079,0.02503971176746333
3479,14153,0.025221040674476097
3480,35093,0.010082197181385387
3481,98367,0.007893861528662185
3482,58668,0.008166469992854447
3483,29484,0.007164028288998294
3484,99577,0.007697882056269735
3485,90425,0.00787989132945982
3486,28882,0.007438160303546994
3487,34981,0.004609089520946139
3488,98218,0.008837903788818697
3489,7233,0.006891253016745976
3490,60564,0.009693927344124172
3491,35025,0.008063411804410822
3492,6153,0.01221105559098476
3493,97355,0.01032675995320504
3494,61211,0.015484217526232125
3495,18029,0.010071148857303763
3496,5144,0.007494154332260979
3497,1965,0.007985529067391254
3498,52330,0.00940195858178431
3499,2217,0.012776548098763895
3500,17121,0.026980144049650105
3501,73914,0.020012733670304393
3502,14881,0.02171682360669031
3503,24170,0.03141425426611967
3504,75744,0.005278640042819974
3505,21835,0.007082788514795564
3506,36909,0.009680179741348063
3507,1534,0.0066410891175729
3508,61888,0.006164043889570394
3509,8646,0.00917081180592013
3510,20269,0.008989336220012538
3511,79988,0.007402614252651039
3512,89001,0.008524779413187562
3513,12253,0.00856301257828399
3514,12700,0.009034523297586392
3515,54470,0.004824136078432232
3516,91723,0.005848715708402073
3517,29144,0.006766739510898664
3518,62304,0.006187311786445563
3519,62578,0.007945068829389654
3520,21272,0.03310553900739308
3521,44239,0.037542768981729605
3522,11904,0.017622369901178252
3523,993,0.03202221763783468
3524,32645,0.00914402436778299
3525,12601,0.008237821789994274
3526,23850,0.009289422047808658
3527,48858,0.00969075946760468
3528,49481,0.00768154242051974
3529,20548,0.007743162162055518
3530,13999,0.008321172359618016
3531,6478,0.00849334916788406
3532,21432,0.01190394505317818
3533,71608,0.013439609045541477
3534,96878,0.015619051659580156
3535,73540,0.01799108741431605
3536,38530,0.010034457455666819
3537,16696,0.009199763707900332
3538,23471,0.010912644818601887
3539,53247,0.011415051551223144
3540,46767,0.013646195720480111
3541,69218,0.017141257390337478
3542,14979,0.011102111503265271
3543,3601,0.014649327817709541
3544,78563,0.01253873016303427
3545,76277,0.011630614089323737
3546,90966,0.014177799333647153
3547,36966,0.014060587786400175
3548,80981,0.01130537660604162
3549,89271,0.012286216226114977
3550,38075,0.012212489767430727
3551,19475,0.01244639041871957
3552,86522,0.00917178297887115
3553,35662,0.01025783777754032
3554,31903,0.010701301212134091
3555,8957,0.011461866778515267
3556,25221,0.006567986141106413
3557,79615,0.0068973444283248935
3558,98518,0.008729601283506427
3559,10175,0.008118626731398619
3560,888,0.01620629815734341
3561,62517,0.014578203840730254
3562,52426,0.01564357299760857
3563,80026,0.019996368101295566
3564,65807,0.006028585812755784
3565,74698,0.006741469077930838
3566,67064,0.004550769028367175
3567,21734,0.006144884426143894
3568,86082,0.006819292166118467
3569,71423,0.005739744942646828
3570,86247,0.008273118000715996
3571,83715,0.006278747846430033
3572,26049,0.012134981843216718
3573,97637,0.00910428751765846
3574,48024,0.010963215449215327
3575,36475,0.009969785087606167
3576,63974,0.008994477732409772
3577,61548,0.010697557989869502
3578,52384,0.017746008502204105
3579,30114,0.011524231826117885
3580,95550,0.007174212838021581
3581,1659,0.003937308814826528
3582,89320,0.008304157358041703
3583,82531,0.008798197476760115
3584,36260,0.00935500872351234
3585,16085,0.010279759809794033
3586,69248,0.007165505633535164
3587,60510,0.009814273877606276
3588,44504,0.016719239626942998
3589,30785,0.015912738074310727
3590,21418,0.016505819215895695
3591,3471,0.01792619020018382
3592,12430,0.011437548600518944
3593,13663,0.011839603499776998
3594,49891,0.011894059125957257
3595,70477,0.012338513614058319
3596,84030,0.024740539558900244
3597,77726,0.03890630937857918
3598,61724,0.024135171006279443
3599,20846,0.026307861609691667
3600,85636,0.013754204165738311
3601,95715,0.014723167847030365
3602,56290,0.012123063289737635
3603,40233,0.014005998360505903
3604,58887,0.009691396401848816
3605,57370,0.009925082970117004
3606,69110,0.009169605573009519
3607,85027,0.00649755757428397
3608,43436,0.008038321245851653
3609,88865,0.009460905214945827
3610,24986,0.008789001772793143
3611,12367,0.009527005253474899
3612,67591,0.011366102746675748
3613,99771,0.012795567085421546
3614,95000,0.011811746310295615
3615,39085,0.012212101071841943
3616,55384,0.01058550879215021
3617,39881,0.016236532051558956
3618,5648,0.01069248630987375
3619,77987,0.010818575520891806
3620,57934,0.01964595242652154
3621,79284,0.018483603500887024
3622,45740,0.009076593682903516
3623,18645,0.014644118532384832
3624,98543,0.006627321526141566
3625,14156,0.008395454225591273
3626,3317,0.007126120432892565
3627,50755,0.009104433508343814
3628,25059,0.008832664440502675
3629,55875,0.012031870830989142
3630,71752,0.010960525411288797
3631,23544,0.013144925108313258
3632,48406,0.0105960441528123
3633,60086,0.01099658588197275
3634,68757,0.011095012590488309
3635,83611,0.014470100075071653
3636,22651,0.02197412748128704
3637,10148,0.028602601428033437
3638,66006,0.02631265030770385
3639,93112,0.020059117267261603
3640,52973,0.007658189093358939
3641,53015,0.009816969534684514
3642,55317,0.009848446367702084
3643,23786,0.010031910445201188
3644,30283,0.01911601225446859
3645,44016,0.016421875774929193
3646,38694,0.014917283160464272
3647,10563,0.020057303051528693
3648,77768,0.01314965322157035
3649,64750,0.01690674355961547
3650,28822,0.018463738880140718
3651,83515,0.021179238240678532
3652,84726,0.012912808034986496
3653,72579,0.010486354556240526
3654,82730,0.010265116591608246
3655,77716,0.013687493659066172
3656,4744,0.007756202048805936
3657,17597,0.006199936380158649
3658,54494,0.010036209451971803
3659,29815,0.009938568711856156
3660,20948,0.01566238753714687
3661,89593,0.01201635064477868
3662,30496,0.018264703268107255
3663,32308,0.020448900238353367
3664,50596,0.012703529287243453
3665,25386,0.011564700172532513
3666,94644,0.012019779018886515
3667,91934,0.009168554774159326
3668,56921,0.006092031846087065
3669,27596,0.0077497400753068985
3670,86708,0.00846027306437712
3671,37423,0.01085245414865564
3672,84622,0.008714992892319787
3673,95939,0.00801674556357073
3674,1977,0.007964606805868121
3675,20483,0.012572991544371475
3676,72715,0.007069908356439441
3677,65430,0.005308433212579136
3678,81296,0.00526370565511668
3679,93255,0.006882428789039793
3680,25630,0.016519492951020197
3681,88780,0.027064220322028886
3682,69236,0.024971916424747935
3683,85154,0.028485661628743986
3684,60639,0.020557440768930988
3685,40873,0.015277029551017443
3686,49116,0.015843186881898598
3687,81254,0.016660706315991446
3688,29497,0.006583026197683107
3689,2572,0.008090555838133673
3690,40375,0.008352143454849682
3691,31832,0.008675921915556311
3692,36385,0.015623588174438957
3693,24144,0.016849783086519125
3694,80569,0.017681273484063634
3695,33888,0.016341176216807207
3696,25440,0.012284176076728465
3697,87025,0.009217322670456388
3698,16551,0.014035018805614866
3699,2177,0.009250665353990094
3700,25618,0.013682502926386774
3701,80717,0.01585627105366848
3702,98156,0.015173474757388504
3703,40509,0.017327800077831034
3704,30954,0.009820438290624666
3705,56978,0.009504105734662593
3706,60924,0.006854691993248417
3707,91898,0.01029701314649047
3708,29198,0.012136406909955894
3709,24899,0.009837025830940932
3710,50358,0.013262757415676021
3711,53134,0.00840859860974244
3712,91430,0.0069472953910104124
3713,26785,0.00959758286473513
3714,37469,0.01004240377591474
3715,17552,0.007832792935640107
3716,86320,0.011212294211309816
3717,26329,0.012774039976103942
3718,71462,0.014823189683055283
3719,82280,0.01348101515745364
3720,59176,0.016000354950645654
3721,50427,0.012420432409880874
3722,39257,0.009662789175023152
3723,60616,0.010683172562979563
3724,81075,0.006402234070029106
3725,69093,0.005946118118128474
3726,64565,0.00646518103398234
3727,65646,0.006496859101673654
3728,87959,0.00862744394193272
3729,80044,0.010241518983357322
3730,96198,0.010195011876080209
3731,97404,0.010625373320738946
3732,39334,0.023867982636400678
3733,30819,0.028054339146984637
3734,85639,0.018490951175967142
3735,11255,0.02075681229422597
3736,45603,0.018371305215846654
3737,79540,0.010645858192620922
3738,13044,0.012200007256174216
3739,22159,0.012657882297980903
3740,83179,0.006111903311568714
3741,19390,0.007025310517970542
3742,51253,0.008103539347534102
3743,96724,0.008979046227539486
3744,42443,0.013289804410087036
3745,12843,0.01116887950824456
3746,31727,0.012056773772818153
3747,83986,0.009256924148096635
3748,79333,0.021220568157488566
3749,78411,0.02209861215184508
3750,86655,0.024515246986113945
3751,4155,0.020298674799198474
3752,813,0.012646531406423585
3753,79515,0.020171939383153124
3754,34177,0.023670609790575815
3755,37640,0.020162819608608985
3756,51805,0.020945014077990223
3757,3748,0.03178577444120928
3758,83185,0.021042652019144164
3759,8206,0.02286656588627685
3760,18212,0.012721250026070557
3761,1103,0.012507727113734577
3762,53686,0.012112112400820144
3763,35124,0.012775353645121156
3764,84089,0.01890955766693178
3765,52231,0.013849605098827262
3766,44198,0.021220631898040004
3767,77307,0.018739869800304697
3768,47429,0.011617647244875132
3769,60601,0.011931812208637576
3770,60596,0.012329326976263318
3771,72755,0.0125868437270076
3772,49894,0.005021866746744221
3773,85015,0.005073944773075146
3774,62125,0.005400106822819344
3775,34317,0.006814624678934801
3776,77781,0.012059779437076241
3777,42867,0.008882229108595527
3778,16570,0.01152014816794866
3779,83329,0.008522442023228214
3780,27239,0.011269693996349485
3781,50741,0.010289107400647684
3782,37802,0.01094670373627062
3783,88083,0.011718062921411422
3784,2431,0.006022373410073392
3785,2850,0.008374262703187753
3786,91643,0.008000845913676797
3787,94093,0.008050663935910786
3788,68152,0.007075531712256398
3789,37580,0.006331933459410114
3790,51788,0.004930017053910431
3791,8692,0.007394968280888706
3792,16411,0.007726006086179557
3793,89262,0.008882452544127154
3794,89936,0.008681713130937886
3795,8771,0.009199306834834843
3796,53913,0.018365264414466495
3797,16001,0.022682065230585302
3798,98274,0.025210406641586906
3799,91216,0.025857602150976006
3800,20026,0.009577159174398747
3801,82459,0.012745148222384203
3802,17371,0.012099788828070389
3803,78545,0.013290148170517895
3804,29306,0.01320806253111487
3805,1356,0.008804761326326791
3806,77964,0.012061924623481863
3807,34497,0.012517641117593242
3808,84112,0.005272376314406498
3809,13588,0.006628202743971056
3810,44363,0.006660759152438278
3811,73554,0.008177578492904743
3812,57441,0.005647525660079419
3813,63305,0.006088479291483257
3814,7910,0.006719401663735266
3815,73482,0.008497755129490745
3816,48572,0.06829972546374885
3817,94150,0.03643798804283885
3818,89857,0.03950032386840707
3819,53052,0.04102545892734946
3820,580,0.006002486317804281
3821,54825,0.011274258019964681
3822,85791,0.0073041303472446565
3823,75764,0.013900394821268855
3824,12185,0.009836810182133674
3825,81551,0.0063410092730546526
3826,11633,0.007273704005891589
3827,56376,0.00867776651265757
3828,25047,0.010587257556513649
3829,79392,0.010123224129615725
3830,91820,0.010729129798570106
3831,37926,0.009382107907861153
3832,98151,0.010476259815703794
3833,21378,0.00940716556107276
3834,96100,0.010699223614696864
3835,56378,0.01795190410901966
3836,5247,0.009953836114011943
3837,14299,0.0117924859072129
3838,91368,0.012083611920577414
3839,76959,0.01382337918001314
3840,32702,0.02584585620538777
3841,3554,0.043253576566697836
3842,68490,0.039035483760481514
3843,20302,0.03314032205764558
3844,12417,0.015182348731288518
3845,95545,0.019404667045859456
3846,53632,0.01666750786823831
3847,25903,0.021775839156237726
3848,15098,0.015152406586546301
3849,84531,0.01766764832716808
3850,86226,0.014866601627376854
3851,89203,0.017878645164505585
3852,20664,0.010173777938406951
3853,71471,0.009857330935017481
3854,46285,0.00976548920041788
3855,55589,0.01054213116593647
3856,85352,0.02732040006821666
3857,75110,0.04097271828784695
3858,71454,0.02684353057742895
3859,4758,0.02892087749823594
3860,9488,0.00847976330648311
3861,54623,0.008642333596690711
3862,36999,0.008748688276790338
3863,51918,0.008093600882300434
3864,29628,0.005912449391122689
3865,60423,0.009053195622187801
3866,89725,0.009619073309696162
3867,33217,0.012977094219700471
3868,36983,0.01032655171147135
3869,9359,0.009957324093849052
3870,83571,0.007740528671326793
3871,86487,0.008791907116487661
3872,73288,0.006665186254664878
3873,37289,0.011793844781628628
3874,56885,0.005662034656378187
3875,18616,0.009087522062807543
3876,24513,0.007045618996379314
3877,3223,0.005755864833395785
3878,98502,0.008862254216786651
3879,78978,0.00906443307307268
3880,21819,0.019790270112873112
3881,84870,0.01992805909939163
3882,45567,0.021784252735741683
3883,335,0.023388731199468826
3884,6146,0.025171145905710755
3885,81690,0.029302820474065863
3886,40214,0.0269792549817553
3887,64398,0.02633732704427067
3888,51841,0.016362538574058776
3889,86200,0.01732313165398147
3890,57641,0.017364749143835793
3891,15953,0.01767515446142378
3892,88554,0.014068632807122106
3893,76842,0.009938777557284029
3894,28212,0.016420941155504905
3895,25230,0.010702116400118495
3896,70337,0.014701933554854555
3897,3206,0.019646797596615685
3898,36479,0.017989679205693682
3899,7832,0.014988466793158881
3900,46948,0.015388280104303027
3901,75982,0.009708630553930665
3902,38703,0.01575925953451946
3903,1985,0.01593501863245548
3904,37833,0.009725850500579336
3905,74400,0.015885798341327667
3906,41307,0.013054361179720843
3907,85006,0.01586426260511462
3908,46935,0.00883627058580082
3909,44023,0.0022770318000393105
3910,73811,0.004433032687919436
3911,22251,0.014237959320827477
3912,33334,0.012141725818358314
3913,31307,0.008504358387518653
3914,39050,0.008705589880950843
3915,51382,0.00858964298384157
3916,60443,0.008882655129119628
3917,83432,0.009212201751203642
3918,31599,0.010017827921177343
3919,93530,0.008589715521383833
3920,61897,0.010085588611287895
3921,89380,0.011332769179760182
3922,82423,0.007044787499878205
3923,65558,0.009390540964716261
3924,97067,0.003915270360478885
3925,56922,0.004996028034735684
3926,64814,0.008107630597330578
3927,93593,0.009650572548036437
3928,55646,0.021408652384078186
3929,31200,0.023969244441292586
3930,1978,0.018657450495120936
3931,81527,0.022428418880911093
3932,85456,0.009230011229736147
3933,42745,0.006065245889397222
3934,71501,0.009719468397068803
3935,98984,0.01182756145357923
3936,33389,0.003862465365181109
3937,94231,0.004447445079972696
3938,81984,0.00515109278970938
3939,96068,0.006111611247199129
3940,27831,0.006861702057846675
3941,7999,0.011079453298143263
3942,60528,0.007169218367000484
3943,92126,0.0092433200089809
3944,6864,0.026814758160573167
3945,23422,0.027586873839640924
3946,79603,0.03739244621396603
3947,30073,0.02751606056477696
3948,96565,0.01626655670454491
3949,14496,0.01986379847815784
3950,79579,0.018930909890451902
3951,14968,0.01651881001238381
3952,45334,0.005733106285273201
3953,85958,0.007912989024085514
3954,38718,0.004399433018560805
3955,94266,0.005444239413589569
3956,79040,0.007169882135423498
3957,21451,0.008142132552173442
3958,92237,0.008802051913927687
3959,85392,0.008534832965267924
3960,98203,0.01077502782309949
3961,77815,0.01143897614141557
3962,11406,0.012700256476038708
3963,6201,0.015457774097779355
3964,13735,0.012137509511572431
3965,45484,0.010531810806348454
3966,14898,0.007479353053039391
3967,52438,0.006942118489241187
3968,24923,0.02220505916252901
3969,99022,0.018594121031036727
3970,32894,0.025570140379496346
3971,33939,0.020119297844187135
3972,53138,0.012245965481273404
3973,77972,0.0062161666337099426
3974,59243,0.006321166273289374
3975,64558,0.010900380282198346
3976,57154,0.02399281503115068
3977,24363,0.024878081473876594
3978,64907,0.02355506211926481
3979,18082,0.026357574490316983
3980,49254,0.011148246695342291
3981,57455,0.011469461945716942
3982,25493,0.008069871284434448
3983,99283,0.01031907913882791
3984,85237,0.01308919048789106
3985,66951,0.01837162550604083
3986,40745,0.030730015600388485
3987,27778,0.021382864217439432
3988,84211,0.007902853057970668
3989,73330,0.010225471508321336
3990,16401,0.010743157550472294
3991,80846,0.012680501736721852
3992,41802,0.018443856303491192
3993,42774,0.022567239323598685
3994,75633,0.02478338626583719
3995,18262,0.0257237945042207
3996,55873,0.00969570299135033
3997,23407,0.010198818317265856
3998,49557,0.009369114580229165
3999,77802,0.00915365332733778
4000,6668,0.012272649616077259
4001,55656,0.019077376993058323
4002,56490,0.018483342644625523
4003,21095,0.01907945036043361
4004,95164,0.006536176277132386
4005,31811,0.007471180051546062
4006,57632,0.008717548353228556
4007,1606,0.008750283443659655
4008,61440,0.009032384689262835
4009,73932,0.009239447944206442
4010,12085,0.014720576096238992
4011,44414,0.011724935744740449
4012,65411,0.01295762966410512
4013,66853,0.01069649391244415
4014,54300,0.010494492479461976
4015,57287,0.01049052943763017
4016,14600,0.03715721248956777
4017,86911,0.02811073391249946
4018,47595,0.028444467996720627
4019,9348,0.029055050052811494
4020,23652,0.01226269970339872
4021,71855,0.008998671289265032
4022,9802,0.010028659704491103
4023,73361,0.011497439746872291
4024,14549,0.01902762740456161
4025,6301,0.02329141737499347
4026,2630,0.017745499163093606
4027,48450,0.02534049825314551
4028,1949,0.009382521949139008
4029,85336,0.00662310035443728
4030,35244,0.009732070425127484
4031,40671,0.010181736446116285
4032,21646,0.012117419594814667
4033,57412,0.004107225296090839
4034,32371,0.004195823636872479
4035,31797,0.008259238842500648
4036,49882,0.01082486793068209
4037,391,0.010640350924364272
4038,36873,0.008986927358856603
4039,75308,0.01072981364012799
4040,96070,0.02565940345456701
4041,74091,0.029694084164396863
4042,3657,0.027847369615105012
4043,31912,0.01773273931318274
4044,78640,0.02637101835340164
4045,56381,0.024360269010571273
4046,98761,0.027473265211177027
4047,778,0.022445294910979033
4048,25249,0.015986401524478576
4049,83343,0.012983582213295212
4050,45875,0.013413748644141988
4051,97051,0.013145653664660091
4052,10464,0.005718798172486472
4053,33565,0.006763461717681937
4054,86428,0.006957693743702403
4055,13595,0.007493876102163599
4056,2628,0.023336303897845585
4057,18608,0.030655248899843952
4058,33637,0.035672835580760565
4059,56718,0.034693379813768584
4060,34777,0.004607991225355429
4061,40623,0.008423731299333366
4062,26748,0.011643770132903257
4063,97638,0.01170226442101056
4064,818,0.009305630308549322
4065,66549,0.010176044701399493
4066,62160,0.009630999765723408
4067,98231,0.010250491884956702
4068,56807,0.017258115988285794
4069,94487,0.011089927663988284
4070,76380,0.018081010861041715
4071,58123,0.022574346677894944
4072,270,0.019343588077761816
4073,81087,0.018981893612885457
4074,81232,0.015621202107097082
4075,75310,0.019386973970781513
4076,63017,0.02262269469142428
4077,70841,0.013471445756126278
4078,98941,0.014445598401166996
4079,4,0.014669330581068129
4080,89159,0.01214206419064863
4081,51599,0.01957976811251376
4082,58207,0.01978443576021084
4083,74064,0.019822879788133848
4084,61844,0.01505734573646572
4085,47207,0.01173313372781479
4086,20446,0.00897046371672802
4087,41190,0.009192462253044665
4088,76466,0.008370191520027428
4089,62122,0.006660417107899639
4090,324,0.007526056493156312
4091,69525,0.007801574764951317
4092,58807,0.013714559383320118
4093,69470,0.012798550389811692
4094,82018,0.007799693459829019
4095,38782,0.014417410655222944
4096,48799,0.014395923265126906
4097,87353,0.011515020700954441
4098,21092,0.027692117221750183
4099,40793,0.01747488358511148
4100,88415,0.014716467105248926
4101,8054,0.011930759697134944
4102,61112,0.011644738379037019
4103,94730,0.012022797462730836
4104,52172,0.018728775410726966
4105,91451,0.014460131921839706
4106,49612,0.01642983105956842
4107,97038,0.012917613567890372
4108,29601,0.017843176939358146
4109,58434,0.026786500488368302
4110,39682,0.020126796842391673
4111,37131,0.02058401312557688
4112,73121,0.017682789726664483
4113,4125,0.022653088492293395
4114,31267,0.019333307034948226
4115,91800,0.022090174488974317
4116,93160,0.02138286641150288
4117,30978,0.030575357191511037
4118,10088,0.029928062085584024
4119,8063,0.02761022462284684
4120,36701,0.02948906646349386
4121,84417,0.02686712611583674
4122,50654,0.03545528000894357
4123,1216,0.03200345495714999
4124,96834,0.007487871177949818
4125,56795,0.0239055220856996
4126,69615,0.013735843074038195
4127,46837,0.008801496971400627
4128,51880,0.013548825813683694
4129,7675,0.014187539720855926
4130,61932,0.01565146246480948
4131,55639,0.01840040589981786
4132,28248,0.011511111655739037
4133,3981,0.008581257142443642
4134,70397,0.005338147447697861
4135,53414,0.014799124405732583
4136,15020,0.009957070356672619
4137,53664,0.010697072595032765
4138,86092,0.008262615861840244
4139,259,0.008592606023318329
4140,91234,0.016852764157800897
4141,56175,0.009324305380815913
4142,51489,0.011442008343030784
4143,56816,0.014437506415685183
4144,46843,0.022130137225379987
4145,36753,0.017999290300579108
4146,82854,0.017793928578244994
4147,51295,0.018315405264939487
4148,69769,0.009088871525344497
4149,60723,0.012582951630416473
4150,65672,0.014491706938488603
4151,42970,0.017712393685175902
4152,14203,0.00910024359420567
4153,52270,0.010587819726397912
4154,16761,0.011530557506771939
4155,64603,0.010444223133264562
4156,5412,0.017438722212245742
4157,43259,0.021406310183646183
4158,66174,0.023701054631909683
4159,79536,0.024778908287536885
4160,75759,0.006217440972035841
4161,63750,0.006338499390331174
4162,72675,0.007081815706618971
4163,9573,0.007185027613663868
4164,73747,0.005120501591714
4165,4681,0.0054154167433210325
4166,13158,0.010690303165449711
4167,6942,0.010733383840090847
4168,43587,0.009334348532655473
4169,49353,0.006771261020787809
4170,81870,0.01018247097043639
4171,66985,0.010625507371399126
4172,31610,0.005181927655341758
4173,3474,0.006544553816627287
4174,62113,0.005425922193886356
4175,5843,0.007763573284668897
4176,5028,0.010379346541480858
4177,37611,0.01086861993398697
4178,60893,0.012908241934492595
4179,98248,0.020965461151717466
4180,4703,0.0062562049420449364
4181,4992,0.007288395646272278
4182,82610,0.00866401506286504
4183,70134,0.008075493330202771
4184,61223,0.00963351163914277
4185,16003,0.010095019979095936
4186,92625,0.010506492213345554
4187,93985,0.009495515475562929
4188,22947,0.0067916224121460055
4189,4772,0.0069641544326302755
4190,40425,0.013199753227653419
4191,975,0.00658424492126648
4192,46964,0.019738366238071774
4193,49672,0.015084273599859895
4194,33711,0.02276502726443647
4195,70264,0.020719036431750257
4196,35579,0.009259423698417056
4197,35116,0.010950306017455617
4198,55456,0.010310734362389426
4199,63111,0.01417163754888683
4200,1420,0.013169185498991926
4201,45167,0.013071642712439865
4202,32830,0.011817324722939056
4203,25522,0.013366861598336732
4204,33266,0.006048999324241678
4205,77845,0.007909247487318596
4206,37187,0.00822546887620381
4207,6017,0.00788779627697292
4208,92146,0.01960565064685553
4209,95930,0.020922077927219864
4210,95934,0.032085825069568565
4211,37427,0.0232928672073989
4212,98313,0.015194878030760122
4213,34187,0.010772233790031721
4214,12591,0.012311777653450633
4215,95312,0.012384490682828521
4216,35355,0.00759773299156909
4217,93609,0.008028610438318384
4218,75523,0.008800858146796667
4219,91270,0.00902110051592457
4220,95968,0.008519373514225013
4221,16387,0.009713543931378136
4222,84686,0.010705228871895865
4223,45076,0.011078515337710065
4224,13413,0.013451355272453237
4225,35109,0.012864665393981333
4226,49234,0.01268681486601966
4227,89448,0.012980037670490564
4228,8072,0.014021174911942413
4229,63870,0.016848962469282965
4230,1829,0.015083808316482815
4231,38416,0.011678262746245787
4232,28270,0.014003917247356092
4233,86405,0.017183068824160052
4234,40747,0.02374268591799484
4235,68885,0.015572514446052918
4236,26061,0.01335823249008047
4237,84631,0.016669359394857683
4238,55591,0.009995324642144754
4239,3168,0.016828192881926225
4240,12862,0.008395787391964903
4241,95831,0.006203050521778031
4242,97423,0.00720760861347673
4243,88189,0.010497583159438818
4244,22960,0.015383281323612111
4245,78166,0.016487285982356898
4246,94146,0.0218703743344757
4247,90075,0.02057973682773135
4248,3573,0.009530271618542654
4249,74134,0.007686666000429124
4250,16462,0.009634821416977872
4251,34658,0.009526947165915773
4252,33921,0.01803627337643418
4253,2154,0.01996186674762512
4254,26580,0.024293268594132413
4255,87674,0.019852769214399393
4256,66092,0.006469061116019992
4257,67994,0.0073280321071161995
4258,18297,0.008398930349278627
4259,25206,0.008275745605613595
4260,30604,0.009714421992368138
4261,18956,0.008476497887419016
4262,18515,0.010519990628475716
4263,55696,0.010567115466896666
4264,80644,0.00730058252547682
4265,68664,0.008954145092101795
4266,62628,0.008240975960172231
4267,85589,0.004555244639521611
4268,14821,0.020650515646028524
4269,45872,0.019047181474249292
4270,84335,0.021844505295279724
4271,11985,0.019414647354194483
4272,38139,0.007955949024808014
4273,93078,0.006589800761858986
4274,5281,0.0083203645058821
4275,36870,0.007571747133057824
4276,62090,0.017201541911199436
4277,795,0.01730149394350354
4278,87453,0.017902898726716417
4279,7466,0.01705337279462244
4280,10455,0.00674197435736705
4281,6422,0.006032245794590487
4282,99216,0.007653393058279135
4283,49711,0.005953078104388433
4284,76231,0.01318316215611216
4285,14149,0.007127301512356035
4286,92886,0.011220411316203084
4287,79643,0.004142262681574538
4288,79782,0.010592117962960931
4289,17193,0.01101208893431253
4290,22036,0.009914003301802062
4291,30573,0.008671238012763047
4292,95554,0.009737030236871745
4293,71560,0.0077559578396935855
4294,42591,0.01032984499094321
4295,64635,0.009224016228158034
4296,54964,0.008207937336794471
4297,24720,0.008961027454323416
4298,46098,0.0095184023619993
4299,72575,0.009961441234728611
4300,59052,0.012167141312327028
4301,44884,0.01155552706199127
4302,39105,0.010915385417083645
4303,66901,0.009072573455922453
4304,8813,0.007906054355558469
4305,59696,0.007489693415716036
4306,6121,0.008139100511752366
4307,95409,0.008275328160545615
4308,35143,0.013275605150891179
4309,99257,0.018348241375135115
4310,19114,0.01902031213330048
4311,75405,0.019212109960045028
4312,27089,0.03435268141614338
4313,86382,0.03645052398759684
4314,25242,0.03626523999098773
4315,28957,0.03587007155245574
4316,1399,0.009455077400379205
4317,27931,0.008778531233513517
4318,55568,0.008915841514739254
4319,21500,0.011951773068098324
4320,50031,0.011212861303459429
4321,32057,0.00951756719953044
4322,98140,0.008248266184549777
4323,50380,0.011736758642099476
4324,49645,0.010481308690415476
4325,96853,0.005943555937044658
4326,18869,0.010033481163988266
4327,15326,0.006576758651185571
4328,73416,0.005153129096904654
4329,91647,0.008497351944400747
4330,61198,0.006281710594792398
4331,15691,0.005996653519626563
4332,77647,0.010269783970332144
4333,32358,0.010466961997519819
4334,93791,0.015399823764113047
4335,2736,0.006572057470133643
4336,8742,0.00990069006620993
4337,21620,0.014435280616355382
4338,95304,0.014983430186808675
4339,91194,0.01802907355584385
4340,53644,0.010679958576957166
4341,6887,0.010627628046929608
4342,65531,0.008964091328868617
4343,68206,0.011672721827455644
4344,95386,0.016105782821690524
4345,92391,0.01847635604790047
4346,59286,0.019600295082493255
4347,67628,0.018479489194940905
4348,10966,0.009224797792929723
4349,14004,0.00915957943767821
4350,30716,0.008804387677875246
4351,44035,0.007949848920830388
4352,91563,0.014647113011847922
4353,82297,0.01916122937586859
4354,58232,0.017825976956144074
4355,87622,0.019578268803177222
4356,23319,0.016166297463139398
4357,3039,0.01815258280122415
4358,63884,0.020094325215814748
4359,7569,0.019004147800862264
4360,54354,0.021219507872308627
4361,92131,0.029893758640131666
4362,59366,0.02655346947070623
4363,82904,0.03160866012651824
4364,52790,0.005096344002698609
4365,8361,0.006406005672509695
4366,37946,0.0079841471420782
4367,58910,0.008306392725288055
4368,59668,0.007785213478155885
4369,9868,0.008890164979244313
4370,17124,0.008232292350180052
4371,41059,0.007821279292418114
4372,21258,0.005749118097427337
4373,96929,0.009754407653097208
4374,16803,0.011150805409228134
4375,39262,0.01065310910614237
4376,81171,0.016247505193296
4377,14588,0.014114787202951973
4378,15746,0.013013740149567958
4379,39952,0.01847646676706391
4380,13078,0.009828069216508587
4381,21828,0.015226581028411495
4382,60848,0.015694877702162453
4383,98252,0.01789598316651243
4384,36572,0.006818162646665609
4385,34111,0.007688897629034134
4386,8261,0.008113296904670428
4387,88781,0.008120982031606154
4388,8053,0.01422193096836326
4389,73444,0.015329062565774206
4390,8533,0.015749421371854873
4391,36128,0.0158430877414801
4392,53563,0.00506877246494921
4393,40272,0.005409847269886417
4394,32079,0.005839947598973151
4395,86846,0.007040280843764808
4396,7124,0.006830242146534636
4397,85465,0.011993777492751425
4398,59632,0.012097546622876744
4399,552,0.013021041928133328
4400,12003,0.02479589498302272
4401,18856,0.015757391654961574
4402,89303,0.02494727863100133
4403,20930,0.01405633063924859
4404,86888,0.013016321767905976
4405,64686,0.012368548354088722
4406,69293,0.013743348897074306
4407,38215,0.01682406167612581
4408,72038,0.0083713594872304
4409,26262,0.009283655605315307
4410,22787,0.010366423014071924
4411,65634,0.014569627598293375
4412,89995,0.010647843586258591
4413,26616,0.014131773019591863
4414,96483,0.014747272043950793
4415,78081,0.011452765461327088
4416,43066,0.009013945765467074
4417,67225,0.00792898022915636
4418,56555,0.007356475469992211
4419,56455,0.00806414319762578
4420,79038,0.006139539347966579
4421,27274,0.007002585760567477
4422,10342,0.005276304945829785
4423,98009,0.008852201544704154
4424,78229,0.007887102065452806
4425,21005,0.008359461026439308
4426,16510,0.007033274596666559
4427,16180,0.01078210439991749
4428,66970,0.013644600082871496
4429,28122,0.012293515546370336
4430,55082,0.014337367084957666
4431,95895,0.013139375434710308
4432,11920,0.009790152502945283
4433,22601,0.010492223319853576
4434,58171,0.009938574227457787
4435,4811,0.012214816529591823
4436,48474,0.01683143768000447
4437,37123,0.022066684678952835
4438,2069,0.02188782383196692
4439,44231,0.00670840701240003
4440,9423,0.0076420477988040384
4441,24896,0.006004247660635684
4442,10972,0.007354873952272878
4443,33070,0.008314822631910126
4444,64151,0.016166241661440196
4445,40033,0.01486398257476493
4446,77837,0.014804045593618828
4447,80194,0.015833366464873724
4448,28522,0.013627471618799989
4449,71876,0.0136337373816602
4450,94569,0.01894421023996479
4451,82421,0.016438580260477707
4452,24251,0.015066031761110842
4453,10049,0.018780788262792662
4454,71644,0.021209056378337126
4455,16284,0.018837517847625124
4456,71246,0.007284491115991112
4457,71153,0.009754002118006463
4458,71398,0.004191509586631488
4459,41581,0.00975483865332781
4460,19339,0.018175996236642775
4461,86431,0.018943760679348418
4462,46920,0.018733935942875462
4463,73374,0.01651017405352142
4464,45412,0.006212740204626557
4465,63104,0.007467359987753859
4466,85580,0.00843384585316557
4467,25571,0.00877876262937236
4468,80276,0.011557519429731083
4469,85348,0.009997895417488752
4470,47188,0.012160976648191435
4471,68305,0.008944257638059791
4472,21230,0.003175453802976278
4473,41957,0.004513524230662241
4474,57910,0.006283687968878586
4475,43797,0.006323344237939583
4476,4311,0.006471367636407311
4477,44684,0.007596544375331155
4478,32399,0.008586432403414558
4479,82234,0.009543989905906849
4480,7622,0.010931276314187062
4481,83817,0.011841205675332844
4482,73600,0.012407182081060805
4483,19075,0.011693679385514261
4484,36037,0.005564428386644503
4485,25329,0.007092825898567936
4486,30761,0.008130865005941927
4487,66938,0.013051139195340285
4488,87880,0.026882736426663754
4489,66157,0.030985685415161054
4490,5042,0.02760401501295841
4491,41448,0.022830618941650824
4492,12517,0.006593290941802308
4493,17427,0.006991481818838179
4494,32368,0.007912557120470839
4495,50048,0.008172982409283417
4496,74018,0.019077630255531587
4497,62524,0.024975542421962305
4498,5605,0.02108787184828584
4499,24161,0.02298197086721009
4500,81198,0.005500187150622207
4501,76832,0.009052253475080154
4502,5971,0.009463126773701666
4503,9787,0.010394880404318681
4504,35103,0.013522011351992828
4505,55719,0.017387371344630597
4506,40631,0.014754127521446975
4507,58470,0.017063185481394887
4508,89523,0.006434644974042702
4509,28611,0.0036626892987866536
4510,3192,0.006089219184950522
4511,56041,0.010183180342555439
4512,13372,0.01258284425770571
4513,31031,0.01181086246867522
4514,28567,0.011676798901010154
4515,32082,0.01121522679986689
4516,74288,0.008197348356865121
4517,68162,0.007404876393566532
4518,53084,0.006670312115951611
4519,91332,0.006628453408074933
4520,44101,0.006790532884958268
4521,48287,0.00633728492817714
4522,19816,0.008657248207862747
4523,5876,0.007782504400076537
4524,95019,0.010165550291276923
4525,61749,0.009631884155432369
4526,29722,0.01022494138504127
4527,46015,0.0115008280737693
4528,84471,0.021525746834376795
4529,72057,0.009796845405901134
4530,48345,0.0069208924200720775
4531,41464,0.010840727866230252
4532,57650,0.01128268474573738
4533,80863,0.01206789673838947
4534,27811,0.012076190201948386
4535,94694,0.012031179896612627
4536,23448,0.017558833690926746
4537,14779,0.014779311234918314
4538,92815,0.01732688490990894
4539,92745,0.015575589650460188
4540,74194,0.009555361464413135
4541,88238,0.011550089726670133
4542,22641,0.011994750357230643
4543,7085,0.013892447939268183
4544,24914,0.01267142698957023
4545,15963,0.021868028909984582
4546,28027,0.022509580697762942
4547,37225,0.021805613478025086
4548,57104,0.010325967521375089
4549,29000,0.009212835858178945
4550,40,0.009167499411856826
4551,85078,0.008602274562859866
4552,16638,0.008181337740729856
4553,53501,0.009699031499010342
4554,84252,0.009395062932841383
4555,82264,0.008650130777805003
4556,53217,0.014493932334419432
4557,74786,0.014420197363581955
4558,60234,0.011865241794142035
4559,95261,0.013885668017121633
4560,38484,0.009605104419154426
4561,65213,0.016785212939994205
4562,37016,0.012013650354011878
4563,59250,0.01587744686872987
4564,87849,0.002744105773961837
4565,38117,0.002904145721943784
4566,69074,0.0047403509072825815
4567,92316,0.005928711342408105
4568,42874,0.008977221455755729
4569,21331,0.009296718409023708
4570,95669,0.008174095080773845
4571,86265,0.009568623053962565
4572,40124,0.013726329252468243
4573,3246,0.011279000297394372
4574,66849,0.011226626059849625
4575,66729,0.014714878208965053
4576,17522,0.005276325475545025
4577,83524,0.005336983719122108
4578,44685,0.005481644710767461
4579,72381,0.006420910890307601
4580,95808,0.007323801468584731
4581,81972,0.01306357243251607
4582,43667,0.007939897779403845
4583,72315,0.008586813001605683
4584,61599,0.013266270394339932
4585,45063,0.007299541151980527
4586,33884,0.013341089946677967
4587,3821,0.019424372345009433
4588,56281,0.008154634611936959
4589,48049,0.0088432890551327
4590,40177,0.007637151245638101
4591,70508,0.009315628646452707
4592,22297,0.019780793909779167
4593,97894,0.024958044618631648
4594,40862,0.021344876715576347
4595,92690,0.025271339388565166
4596,44426,0.020299610701557644
4597,19259,0.022077577606538105
4598,15179,0.02325293400820996
4599,88158,0.022929925591301227
4600,89313,0.010114534452725936
4601,34190,0.011451003264398792
4602,6580,0.004762481010744755
4603,13144,0.006745134293156511
4604,22579,0.024628542515035295
4605,11064,0.021415253407084417
4606,11217,0.012614085713245678
4607,29417,0.02341020319447521
4608,58439,0.01040023948655516
4609,13622,0.016566525226171032
4610,8377,0.015344650542393617
4611,89971,0.010732610495115502
4612,89289,0.007151973800521143
4613,74978,0.008579050708902282
4614,41150,0.005755862712369639
4615,15961,0.008416525332126919
4616,95189,0.00940624556447525
4617,42137,0.010702482253195868
4618,45596,0.011159362203292196
4619,39532,0.011422549087557129
4620,9466,0.01141744811547985
4621,38655,0.011418251653139701
4622,47846,0.009114228761810228
4623,95836,0.010768387535151929
4624,1963,0.007031911737509281
4625,95653,0.005000097057375884
4626,48415,0.006294830875455725
4627,26843,0.006955859073984889
4628,81378,0.009984252058178409
4629,16049,0.010740762886475252
4630,90171,0.011124995471043547
4631,94684,0.011857360109300283
4632,61128,0.006092404479232205
4633,90464,0.008373948314973017
4634,14840,0.007682186150082027
4635,91640,0.005747938366064639
4636,98063,0.011462750040972114
4637,15884,0.010484713306341691
4638,58789,0.011127527658882896
4639,1228,0.00945731045202553
4640,26990,0.015005470154159466
4641,10518,0.02104271850693914
4642,30580,0.02213662475948271
4643,51743,0.01483570225813482
4644,16139,0.013659206462372361
4645,98439,0.01245263308286165
4646,39289,0.015882206028960996
4647,74600,0.014929658347871503
4648,17153,0.025711345571739142
4649,79727,0.026845406260759784
4650,45197,0.026031950555093678
4651,83071,0.032366000996548766
4652,12726,0.011088791418988662
4653,71623,0.009415578938175028
4654,41205,0.006931343034614066
4655,63529,0.004082888569465243
4656,17565,0.013052468606006104
4657,41578,0.0160438880506224
4658,69047,0.016542304906435858
4659,78967,0.024452397285760395
4660,66917,0.00807434211135249
4661,91945,0.007990229009963776
4662,6692,0.008316769549454149
4663,85703,0.008127870238975082
4664,39451,0.008835961640536419
4665,48016,0.005382185482153857
4666,54713,0.010585756215857152
4667,16403,0.01094815187027081
4668,99052,0.01975151088336694
4669,39297,0.014423443484508806
4670,98322,0.01831846246416157
4671,41863,0.01875686550608787
4672,73163,0.023635900614892145
4673,86213,0.015547076924656235
4674,10526,0.016519350808265935
4675,33557,0.017666971825325152
4676,56085,0.011486402621443077
4677,40756,0.01119866697768899
4678,22659,0.012356999081988215
4679,71794,0.012359100913440951
4680,70053,0.01099357628550441
4681,74707,0.019710528240518475
4682,97875,0.024341109482599037
4683,35428,0.026392261767473106
4684,62773,0.014570728908665176
4685,16399,0.014710799684834235
4686,99452,0.022548617385137637
4687,5444,0.020961464130138354
4688,55761,0.013808267356381446
4689,45611,0.012966749868535327
4690,71806,0.013940428213355397
4691,21505,0.02204321549919057
4692,23109,0.008924535445864223
4693,16155,0.012028234400542572
4694,92138,0.007953709497192117
4695,40162,0.009230451566703358
4696,16739,0.013057405614946564
4697,45655,0.011200376894177829
4698,14883,0.013428342561267995
4699,16068,0.014514090020533908
4700,78930,0.006155696744023427
4701,78688,0.004978960112715618
4702,20724,0.007812700008377655
4703,31731,0.008072384669773214
4704,7250,0.0065376466707783515
4705,5221,0.009145780679915077
4706,18190,0.009940117317930321
4707,55892,0.010209856019243176
4708,4451,0.008839222910877732
4709,26709,0.007591913923908914
4710,29858,0.008848282990735423
4711,86393,0.014835907765610262
4712,26687,0.0037092043986985315
4713,46657,0.006416712916809293
4714,25063,0.006648901687569837
4715,61481,0.007423900612725695
4716,41661,0.01653987718446628
4717,54433,0.01693035918449017
4718,59718,0.017045243099968296
4719,17399,0.017259851527737177
4720,47685,0.005540986759247039
4721,7168,0.00447011000026561
4722,86307,0.008862854957486066
4723,89161,0.009788067158583413
4724,14360,0.016128897781394
4725,29946,0.01788423894644136
4726,84072,0.014105781153186097
4727,42344,0.019753761096035508
4728,92580,0.010357964795119922
4729,59367,0.007495084276228768
4730,57986,0.010127521252762822
4731,1937,0.01003769593149189
4732,3346,0.005990098739014968
4733,99903,0.007773586856555163
4734,30375,0.007259292644127401
4735,92734,0.006881416580856424
4736,15920,0.014286459166016598
4737,8812,0.009213485615122287
4738,66100,0.009498593366763047
4739,77427,0.007571374754600645
4740,34434,0.004535289301873583
4741,75928,0.008829808541335065
4742,9399,0.009323263538801474
4743,62853,0.01012951544898183
4744,17255,0.015337432265731114
4745,91661,0.01559586921469172
4746,46981,0.014072906315615957
4747,16163,0.017286725403665604
4748,17598,0.02705563575257494
4749,75644,0.02981000746002455
4750,85908,0.027287213155509513
4751,24621,0.025850292306291652
4752,26022,0.016518384010381484
4753,73462,0.022088838123860043
4754,49268,0.01713736478562945
4755,70059,0.014159131575975533
4756,96381,0.006059905507811351
4757,71496,0.007925994806980018
4758,41136,0.00879538956439269
4759,37314,0.00918152617317156
4760,75969,0.00555978429366411
4761,79239,0.0048599619439036
4762,71039,0.009213539948121961
4763,37051,0.009968903454393822
4764,95182,0.009338382195160262
4765,81641,0.011569106753102187
4766,23914,0.010425272097826902
4767,43131,0.011998291756149977
4768,30017,0.013484095479024391
4769,23191,0.012149310740571401
4770,16248,0.01106618381201619
4771,99040,0.01752611631109396
4772,22783,0.014912684821222936
4773,94285,0.015191867117495034
4774,85575,0.020022453788087705
4775,184,0.01508983819986029
4776,83916,0.011636435503597536
4777,36221,0.013088880394758844
4778,49544,0.022658446737388482
4779,88152,0.02416245718098916
4780,97296,0.009131788733131035
4781,73771,0.011664950156240828
4782,16351,0.011292675464290398
4783,11934,0.010900476442107936
4784,19601,0.006744995496123039
4785,4488,0.00832826602074397
4786,60309,0.007202653827142881
4787,57808,0.00914675047226667
4788,97218,0.007051036423228857
4789,61236,0.009596682046438803
4790,20870,0.007818254299048873
4791,98759,0.009264985752760458
4792,16538,0.015599114911320213
4793,90052,0.014015585163437948
4794,79626,0.020676517178216034
4795,29323,0.015906295738425537
4796,28762,0.005765360463682239
4797,67048,0.006726300754682178
4798,58099,0.007569228239892821
4799,17703,0.007180914315164096
4800,23989,0.01683089551724898
4801,28232,0.039883522154024124
4802,41407,0.016876502895186423
4803,81032,0.02305251333129608
4804,90,0.015899263292588554
4805,55440,0.019834772775102497
4806,71487,0.022009547246737284
4807,69952,0.016253649843695095
4808,10759,0.008192490001938285
4809,41272,0.006240368351445085
4810,40749,0.008743447895564124
4811,37172,0.009397872241472628
4812,78159,0.009212764072348478
4813,84532,0.008944047168483533
4814,63783,0.009920877929991396
4815,64561,0.009371673813353349
4816,37355,0.011734000690578023
4817,25113,0.012128303640078957
4818,13737,0.015058280082119766
4819,70495,0.013676949106627423
4820,54739,0.01450076928520613
4821,30421,0.011293776836580971
4822,19228,0.016037492942464843
4823,94574,0.01759869364246104
4824,27670,0.011817943740206917
4825,63814,0.007162678445521686
4826,35435,0.012620378096146165
4827,58531,0.01097540313953632
4828,19292,0.008915014035711946
4829,51544,0.01114718658198499
4830,29409,0.008444128022607439
4831,99902,0.008551712922157846
4832,120,0.025659255065499605
4833,43965,0.02365168310944431
4834,27431,0.03578206862823988
4835,89068,0.025980623543325584
4836,22850,0.006944991947376939
4837,52295,0.007250348762655073
4838,29128,0.008674839605991682
4839,5402,0.009486026792818616
4840,38803,0.008224024678404709
4841,45363,0.011431820599967238
4842,37735,0.011818580668874704
4843,90588,0.014560274642822243
4844,27005,0.017068904227089475
4845,81845,0.015152779289340373
4846,12674,0.024971222276012374
4847,38698,0.02509532219494684
4848,47956,0.00842957609196352
4849,62906,0.0068455412958584
4850,2980,0.008201991523528743
4851,38476,0.008889480568785336
4852,22302,0.020689094632230853
4853,11885,0.023215935866195154
4854,85820,0.02316199290648739
4855,41244,0.02348838707489844
4856,65650,0.008484520932131924
4857,77510,0.013453081741666331
4858,21246,0.015226990614219213
4859,66861,0.010256896093986263
4860,9262,0.010811663701953026
4861,48495,0.014072638699892248
4862,41007,0.014007307367912999
4863,15430,0.011413541091602215
4864,31620,0.007203132702289439
4865,34985,0.008762438539035858
4866,70242,0.007782525831816973
4867,23500,0.008980744585069379
4868,8707,0.007101291824231195
4869,23382,0.006677522373265933
4870,97061,0.008092514172090644
4871,22614,0.0087851319079871
4872,5604,0.013467858929295792
4873,20092,0.014036496930676719
4874,25895,0.014719045186165345
4875,20356,0.019608723565477826
4876,24126,0.003909468567611623
4877,80883,0.008004350634686245
4878,27917,0.008550998764944182
4879,53126,0.009395780406646457
4880,7831,0.009734573362715047
4881,40097,0.01010319176579787
4882,7464,0.010715390441590983
4883,98227,0.01023784451686361
4884,98595,0.00866037782620015
4885,1709,0.010652092525725528
4886,10596,0.013587248223169177
4887,52351,0.013935399936293912
4888,66816,0.018518872468415545
4889,39486,0.015884550661155232
4890,56036,0.017795094280001377
4891,88842,0.01193984710112238
4892,97210,0.01473907247999923
4893,53551,0.012998297349739013
4894,56327,0.00941812865650805
4895,27820,0.009001233337828802
4896,34151,0.030871074870096396
4897,97938,0.01768917019290402
4898,2875,0.024061136893081737
4899,24073,0.04034055967523809
4900,76726,0.011672440888924267
4901,74512,0.010742013921379048
4902,86047,0.010677653887223136
4903,75430,0.01024567447908472
4904,77891,0.03950725268472804
4905,85287,0.031209953690968753
4906,47176,0.032149215002508696
4907,82129,0.031044699361106275
4908,70202,0.017937467831188346
4909,5721,0.024505807977327095
4910,48529,0.018156409010487165
4911,24908,0.01869770758088133
4912,11266,0.011871137422574176
4913,39839,0.016079040992108162
4914,5398,0.017983895538844274
4915,76060,0.014245787864629702
4916,44335,0.05296281920503448
4917,7415,0.023624479539812168
4918,47911,0.03928461222624976
4919,82995,0.037096636266823475
4920,95690,0.020067360924101038
4921,93347,0.013125512490179873
4922,99193,0.0076538130197410514
4923,77481,0.014378160993131769
4924,19016,0.009029196547720279
4925,36040,0.00845069882811707
4926,3672,0.013157904946131076
4927,34830,0.007237884788882372
4928,80581,0.012677155885461762
4929,38978,0.011033228441086085
4930,84218,0.010638145830650298
4931,89570,0.009167051168348893
4932,98776,0.014449207894413386
4933,66271,0.00823362009480606
4934,93005,0.012534554144785673
4935,40907,0.011781587580063872
4936,45074,0.019172812773225707
4937,57903,0.013476416232757298
4938,26182,0.014094324282412187
4939,53136,0.015427506203829544
4940,83374,0.013184042022705771
4941,38353,0.01343347413119772
4942,71489,0.01364859863550871
4943,26480,0.014289597191689086
4944,25277,0.005619015882794454
4945,54110,0.0060154431192644305
4946,27701,0.008118727674799858
4947,29562,0.0107826781357142
4948,73282,0.01808365414319816
4949,27512,0.018470469735810714
4950,84005,0.03283288074763224
4951,75572,0.018851685314371383
4952,42703,0.008120196953446427
4953,71193,0.009691352468008821
4954,73266,0.012827030068233795
4955,8246,0.013788133876241273
4956,28576,0.008571703853661461
4957,37247,0.010002244454977443
4958,60391,0.009914636426734746
4959,73353,0.009558808007432213
4960,78112,0.011433363159081677
4961,2558,0.009020950915359403
4962,6350,0.007994880108412592
4963,86755,0.007834239736328559
4964,48656,0.004025987900867938
4965,53586,0.004834601109140889
4966,56277,0.006777811806456899
4967,68773,0.007107327018565545
4968,11213,0.01238487061313758
4969,49496,0.012070705470282099
4970,5850,0.012532100893159943
4971,16672,0.013140464821079119
4972,61192,0.00843691928586625
4973,91558,0.01254109437575639
4974,67868,0.011804600773608486
4975,13133,0.013631956180078963
4976,94427,0.008440063203219451
4977,67042,0.008562828826488346
4978,45878,0.008422105565857992
4979,19033,0.006428093783324266
4980,81289,0.011317015989652818
4981,26543,0.008332482967463138
4982,30434,0.011165630662086295
4983,30709,0.010669602569962619
4984,67258,0.015442499679740873
4985,94633,0.009211378058286751
4986,75035,0.007178576731876947
4987,30964,0.014181639174573633
4988,29214,0.0102743773172144
4989,47856,0.011929925811895397
4990,27890,0.013244547306452645
4991,81599,0.012005841493392087
4992,42806,0.017187516998588146
4993,62969,0.014606363961189417
4994,7174,0.012187250825410905
4995,86953,0.02092266396893303
4996,38909,0.0053440090307631674
4997,72721,0.006908509367590331
4998,50873,0.010208346682988659
4999,14316,0.0082345615445144
5000,41356,0.009123687294565879
5001,80962,0.009598717014109446
5002,50939,0.009797976787238817
5003,28512,0.01028879832048617
5004,56405,0.023726915401397593
5005,46156,0.03117267002301382
5006,77642,0.02916564946085842
5007,62144,0.0320721726591643
5008,41127,0.015392986168228857
5009,76618,0.022650325912847942
5010,58691,0.016046818249066258
5011,219,0.017203603996046278
5012,8753,0.01847688724625609
5013,4622,0.01936087399782812
5014,84106,0.016417111561035
5015,49110,0.021954554768920574
5016,77637,0.011625445824114015
5017,6026,0.011813805452476586
5018,93448,0.011511707625208218
5019,39006,0.012407669750389597
5020,31760,0.019326441989895197
5021,7243,0.017981473733030037
5022,90970,0.01711776390906112
5023,98084,0.01564680882032805
5024,78427,0.021281689457360455
5025,27442,0.02755480604256883
5026,47784,0.02354124368782404
5027,26000,0.030542135049416157
5028,7792,0.00751302933752903
5029,26441,0.009823430627589103
5030,24695,0.009521778471034938
5031,15754,0.008029099114215314
5032,11503,0.0067718811886102615
5033,12129,0.006800912340289707
5034,44896,0.007569318937092007
5035,53500,0.008010898486770411
5036,99390,0.012792016397486467
5037,93675,0.013669399827919995
5038,37377,0.010708743566360973
5039,17929,0.018322057565177293
5040,7867,0.010221377936013316
5041,14206,0.0136998119652043
5042,25185,0.018078753370387127
5043,1620,0.013457451379913882
5044,68869,0.03496702905861263
5045,22451,0.02633372479071831
5046,3995,0.026104231940891346
5047,87153,0.02660352308433714
5048,63361,0.013464055067388894
5049,48563,0.017348233767858587
5050,67052,0.012483564736901123
5051,5972,0.013734507632526358
5052,72797,0.010749585149675356
5053,25560,0.005935927007495101
5054,14954,0.009567721051579672
5055,55918,0.010497795313457032
5056,95159,0.008887441687863672
5057,5138,0.0067552201518532185
5058,41139,0.007349277559037939
5059,58282,0.009692494827735279
5060,80963,0.015488659271070425
5061,99687,0.009172435837270102
5062,37680,0.009594063007885404
5063,99680,0.012195249301743726
5064,73762,0.01247236271660913
5065,50396,0.015232301191136405
5066,71504,0.017586675636573682
5067,663,0.016487701160791266
5068,86906,0.009639503829484315
5069,6442,0.00806162043393013
5070,8795,0.01014501773818248
5071,75548,0.006499743889092706
5072,53299,0.022400855778542055
5073,97291,0.03634159961583515
5074,16965,0.02347724656486185
5075,60162,0.0229597556734579
5076,76351,0.014744879869377055
5077,80891,0.017746160127035733
5078,83922,0.018075039767420763
5079,71142,0.020268659331176084
5080,54799,0.0036448951307477807
5081,15188,0.005186210160395138
5082,72864,0.006521880312967769
5083,91346,0.006597338915082697
5084,9908,0.005246999761255204
5085,24749,0.00960062359990514
5086,21985,0.008175765441712005
5087,32428,0.00952601267686253
5088,57420,0.012258544430649762
5089,37336,0.008955131770237983
5090,28607,0.010909844250605169
5091,14436,0.012299151413728747
5092,7544,0.0047124867764841375
5093,16165,0.010622971184590024
5094,61987,0.005655336851811169
5095,67904,0.00830606867896693
5096,87591,0.006592397355359334
5097,94169,0.006709602919553157
5098,1957,0.008334677616767708
5099,59429,0.005439523277079269
5100,27234,0.017701303817982912
5101,88585,0.023099519680474634
5102,37567,0.019713931657038292
5103,94143,0.025477198633792043
5104,25161,0.01087635720183483
5105,53336,0.01175062353364147
5106,85751,0.013344139422717291
5107,30308,0.01170160838346439
5108,5590,0.012971421668670078
5109,35647,0.013872456035062118
5110,97763,0.011470652810189432
5111,10523,0.013718923662695484
5112,36524,0.0068523121277447915
5113,34720,0.008192154989835318
5114,27486,0.008606404038037882
5115,73347,0.008542953450036684
5116,47759,0.009718121337292464
5117,39931,0.005601955403847125
5118,85738,0.010206108134109364
5119,32100,0.009198756065652599
5120,75091,0.011680676091490162
5121,41444,0.01224297704851193
5122,6404,0.0109978536797689
5123,61632,0.009925610009933836
5124,75609,0.0128402548385704
5125,6233,0.01490823555405227
5126,83173,0.015675649367496176
5127,75851,0.014083307718678453
5128,50253,0.004536169207552174
5129,24283,0.005802941576970366
5130,74910,0.005623478104297063
5131,86506,0.005243828679737244
5132,53568,0.011739170295524758
5133,38403,0.011449913356685828
5134,37032,0.011304072933824065
5135,97699,0.009921842477650671
5136,59922,0.012597054956042374
5137,16608,0.011353416339599345
5138,44004,0.013413007270649448
5139,66017,0.014676944652718509
5140,64406,0.006659900918214381
5141,28643,0.005829714612913778
5142,65238,0.005107634429527442
5143,49819,0.007629105291685479
5144,16456,0.008355164282739153
5145,4182,0.005915350596102419
5146,15687,0.007448326128589261
5147,84009,0.0017973448841428089
5148,21879,0.0075531703215040566
5149,92434,0.011661507238281674
5150,68254,0.008144590606497921
5151,19416,0.008652778136318484
5152,23771,0.0077652868948734875
5153,59818,0.007798035847575861
5154,25639,0.008715618021992059
5155,43937,0.010730534501439674
5156,54338,0.021941917970198004
5157,5016,0.01172178022425943
5158,84038,0.021917953699515467
5159,3234,0.021936846797530607
5160,39595,0.015073548056167098
5161,21908,0.017267344783713445
5162,60837,0.014471689948463352
5163,33150,0.017726905067531627
5164,86516,0.009049275974380027
5165,95098,0.009691070930209388
5166,23648,0.009270853279111087
5167,28852,0.012078800047431311
5168,91087,0.013213191408409104
5169,98869,0.011031470820446008
5170,20375,0.008735078922757033
5171,73394,0.014577963159677802
5172,84575,0.008804513690099812
5173,94805,0.009589146308574378
5174,81659,0.006755081453875886
5175,2890,0.008869923221416486
5176,29699,0.006190445050807633
5177,55040,0.010133215447315155
5178,75786,0.006545633820812738
5179,75674,0.008768425439737305
5180,57665,0.007432725536116343
5181,62917,0.0073278884179583115
5182,89986,0.0051992843905014985
5183,94891,0.01025426143706587
5184,24606,0.04927097836425614
5185,12814,0.05605311724445333
5186,7602,0.048126940202446664
5187,88409,0.03658238068807778
5188,96865,0.0080461044974376
5189,67786,0.012987346577170478
5190,61916,0.006446313510123402
5191,15620,0.007895592265664358
5192,31971,0.009397330307133325
5193,29473,0.009700756357384434
5194,55458,0.010087546040342078
5195,50008,0.010993981496961904
5196,46133,0.018905533210312592
5197,69731,0.021233354689504148
5198,18078,0.016370381904716354
5199,87210,0.01898109748948085
5200,61096,0.008624614509720088
5201,61926,0.009058290520842453
5202,13339,0.00937265456871267
5203,29961,0.009475998331974145
5204,83787,0.010983330307441202
5205,12141,0.010707045877615767
5206,56233,0.011124474993187297
5207,42726,0.009551420479201465
5208,32132,0.007653773165561843
5209,47550,0.00886259465727774
5210,12925,0.01011004632922509
5211,85579,0.010187685872288929
5212,85043,0.011757249786333225
5213,75093,0.00710083196125094
5214,58258,0.012414879398800201
5215,48364,0.006228508867611462
5216,90041,0.011052094162612937
5217,20335,0.013814224291342663
5218,99833,0.013000913159692474
5219,32139,0.02123206088374562
5220,28867,0.010497943733406765
5221,10944,0.011384018953965184
5222,38835,0.013823662734628105
5223,32251,0.013861873435178241
5224,27405,0.006789182133631635
5225,9245,0.008683550275448525
5226,27850,0.011015979940432925
5227,36089,0.010297804765005891
5228,44315,0.033554935479815286
5229,61433,0.03150225248559868
5230,88244,0.029392704602174795
5231,6326,0.03416811746706935
5232,54967,0.010027103230422961
5233,145,0.011359527592511041
5234,51292,0.01148939794670048
5235,53152,0.011165006778544838
5236,59828,0.013802346390316198
5237,17359,0.015173165656365646
5238,92081,0.012732098422396941
5239,60380,0.015068474513340584
5240,25208,0.011415384756048773
5241,39512,0.011417324329224909
5242,8567,0.011558328597857664
5243,69550,0.01454417077155586
5244,53362,0.012003597805368596
5245,13501,0.012271569265036694
5246,75815,0.012356046034892841
5247,53777,0.00906552273371926
5248,98475,0.007805371027677215
5249,364,0.009169759433418698
5250,97703,0.010926571452656516
5251,22518,0.011465387748602063
5252,5581,0.010781513374092727
5253,13657,0.010403039593333972
5254,86750,0.010077130768173102
5255,66388,0.011623464148654672
5256,22038,0.008766841669953805
5257,96578,0.013255219021217323
5258,53351,0.013571746927868729
5259,8359,0.013625505276823768
5260,21313,0.007776004835669561
5261,88320,0.009644240511949467
5262,87716,0.010907492716857366
5263,48765,0.011482490763972288
5264,56064,0.0154748869587777
5265,20100,0.015333214693722784
5266,60655,0.019094010365076262
5267,99752,0.0168065884535552
5268,17604,0.008091516400670212
5269,41787,0.00923338726862729
5270,94915,0.007365417451585991
5271,66798,0.009527869351808573
5272,98517,0.012582074489825934
5273,41810,0.009527889662056598
5274,88210,0.007834885167467017
5275,7946,0.012619404109653025
5276,47393,0.0047881868697936085
5277,48257,0.005361801729284039
5278,60722,0.005395372226283483
5279,37475,0.00547839368388861
5280,64104,0.01389670956697842
5281,30841,0.011168453846456022
5282,41420,0.013742813797779299
5283,90386,0.00816340119450797
5284,5507,0.022551334145610415
5285,31373,0.02083028308382593
5286,70293,0.02347423420887235
5287,39769,0.02182478337861205
5288,16445,0.004802337694405471
5289,55985,0.0061075832264049675
5290,75552,0.00642377491840234
5291,31939,0.005478782029759155
5292,24152,0.011217726017852692
5293,16301,0.008530357795227364
5294,66499,0.008338819433633621
5295,48075,0.011329263340140231
5296,96091,0.02258143447379833
5297,91849,0.021252301131748988
5298,62078,0.02573571042798747
5299,79315,0.02773115854344139
5300,99707,0.004840485475983728
5301,689,0.005194465737835404
5302,901,0.0057475379891722255
5303,76707,0.007718456552651524
5304,55218,0.012024717366818647
5305,48577,0.019927221739072493
5306,45874,0.024617823624286765
5307,87909,0.025496713377225352
5308,5713,0.006921111621389444
5309,20482,0.009421309991117992
5310,12016,0.007943510631353385
5311,91232,0.00958124089048787
5312,77453,0.007237273843548328
5313,19201,0.007414446907397775
5314,178,0.008478630189610965
5315,45141,0.008698949571572275
5316,60473,0.014987261145963297
5317,69713,0.016773517707329932
5318,11063,0.019693658100206957
5319,97539,0.015482054069623389
5320,9051,0.010399482955140836
5321,98273,0.01757257549603589
5322,30370,0.010035995938135285
5323,77201,0.011585443520411881
5324,90249,0.023881462261505816
5325,36023,0.01920728955155899
5326,65748,0.0170058075447812
5327,51133,0.022618846853815416
5328,61090,0.0436760921218442
5329,88762,0.03841950602261407
5330,39106,0.039085820177948774
5331,54447,0.031012582363509057
5332,17438,0.0247713479121211
5333,46411,0.015805397814849395
5334,19534,0.01932882275204153
5335,52088,0.021325989550089318
5336,4406,0.007783784604202276
5337,12964,0.009692576342543283
5338,58688,0.012103909152689015
5339,20122,0.011307670257393303
5340,82620,0.00905286071196983
5341,79966,0.010601425310232289
5342,80449,0.01067963626950344
5343,21402,0.010808872406273335
5344,18359,0.014881606899039522
5345,1570,0.012473256373743595
5346,62868,0.01579385227695629
5347,20616,0.01587623534196588
5348,20842,0.004116591619057208
5349,24419,0.007546507127420035
5350,81664,0.010832820945649697
5351,93683,0.008588759348169299
5352,44401,0.012494076737589663
5353,16897,0.01163731631690835
5354,86239,0.012652982241362316
5355,36859,0.00839690997616443
5356,46816,0.011275373980666551
5357,13327,0.0106942392534302
5358,67477,0.008774367529774802
5359,35980,0.011707335246910918
5360,79578,0.010015521224822375
5361,28830,0.01014582469914666
5362,64290,0.016625996067801595
5363,13123,0.014864916637924637
5364,24462,0.012700848027297342
5365,73929,0.01372712166248425
5366,61696,0.013909204281180306
5367,38233,0.008434511167924796
5368,59752,0.00740246824351646
5369,32784,0.008817374698677117
5370,11218,0.010284845714967943
5371,78779,0.013182367128276886
5372,87734,0.01277842938337039
5373,25201,0.009585514509586213
5374,36031,0.00835565860619466
5375,53708,0.011639278614316743
5376,63542,0.016486769089089255
5377,97361,0.02381515406383175
5378,80592,0.016078559461591386
5379,21859,0.023968290716116093
5380,66441,0.013833948698907179
5381,25705,0.010099720331337953
5382,58079,0.011805941313851823
5383,33154,0.013448937835947233
5384,11221,0.01000533698334914
5385,26356,0.011412117221488024
5386,55284,0.011472364465442765
5387,32703,0.013933373223599516
5388,60004,0.02669186064939625
5389,3057,0.018335033786158465
5390,40064,0.027308821189316938
5391,64091,0.024914269845677003
5392,61658,0.016463181897726772
5393,99439,0.01669606637324428
5394,57549,0.016039499347054384
5395,602,0.016749469985379364
5396,71188,0.015774157127791715
5397,54209,0.015092190573297384
5398,99417,0.01734456466345049
5399,56229,0.01690216820599031
5400,69586,0.007916850936402871
5401,58840,0.008266723643345061
5402,93667,0.016470715446118944
5403,90612,0.009489517389994907
5404,65695,0.01610723298607859
5405,99335,0.017093956659693942
5406,36202,0.017818378043842564
5407,55693,0.027307054038453567
5408,4853,0.032272621779238994
5409,4353,0.0331585417198105
5410,29768,0.035284845453975394
5411,65932,0.03579589689301853
5412,54646,0.006644043901261547
5413,12975,0.009393965156373446
5414,30751,0.008770661926746153
5415,85442,0.008517781928833474
5416,33542,0.010463590348319061
5417,19585,0.010021554195729919
5418,22070,0.009632096800364618
5419,98955,0.008890627232087701
5420,71261,0.008210569718351695
5421,10571,0.010213219763834769
5422,48311,0.0104772407061929
5423,96754,0.00959736431159327
5424,44088,0.011897933131814978
5425,90138,0.010828147957932596
5426,61186,0.012962679539147724
5427,92396,0.009938924567509083
5428,30593,0.015810627824122913
5429,45247,0.01829854120982379
5430,58639,0.018617621295140743
5431,89642,0.01668156024770159
5432,52247,0.007401372592231536
5433,71606,0.01190743969854241
5434,15044,0.010524815084189145
5435,90001,0.011075448153677666
5436,11851,0.008896144439886025
5437,49521,0.010831313862137834
5438,45338,0.010720025593399147
5439,62979,0.011349990457765798
5440,57475,0.014400076680726058
5441,94609,0.018620380852725018
5442,75547,0.01870745218385438
5443,67889,0.031740054109617465
5444,14000,0.007585763225671418
5445,78342,0.007788342455282574
5446,54996,0.008551301564723255
5447,41450,0.010256316181773605
5448,22978,0.006413858528736488
5449,92884,0.005815799432530455
5450,97500,0.006572391320023393
5451,65011,0.009805763895289518
5452,81964,0.01039221924065937
5453,39490,0.010003434639022004
5454,37572,0.00986999651636974
5455,756,0.00867296438709457
5456,92712,0.009855260135720866
5457,2947,0.007570813802589578
5458,68344,0.010630766836013102
5459,47147,0.013265387083057405
5460,40506,0.01936875688177007
5461,97775,0.019312118956309444
5462,73838,0.02176241504387415
5463,56045,0.013743676738257058
5464,31205,0.011936779548225435
5465,42822,0.011315264402432829
5466,35838,0.012130048989859168
5467,47055,0.011396335707542376
5468,79419,0.008921090421056183
5469,61590,0.009810015841304448
5470,69671,0.009801544343155779
5471,92783,0.009534919661826662
5472,58117,0.01408822181245904
5473,76664,0.013831133129785875
5474,18905,0.0186786714990385
5475,67403,0.01578205944621751
5476,66050,0.007464006961254671
5477,77155,0.005871948833490539
5478,77170,0.010442906887295215
5479,54047,0.007967201733200677
5480,22064,0.010658898764327763
5481,69003,0.010813378618374772
5482,42762,0.011199683817553152
5483,32884,0.01302680451860571
5484,70998,0.005239079793370737
5485,85429,0.006501441516281909
5486,76510,0.007090679702833894
5487,21929,0.019418713771696298
5488,28030,0.010290695484540691
5489,57789,0.00847267664420239
5490,75808,0.014690243787264448
5491,63180,0.017471574776033973
5492,29293,0.010556398576718692
5493,28493,0.008179747039932399
5494,36739,0.009482323509317096
5495,42128,0.009108191220754836
5496,12798,0.00934838935252591
5497,97907,0.01000552585145444
5498,90645,0.015992853063957663
5499,35527,0.010286873480541886
5500,38824,0.012159185610155483
5501,87479,0.01252990424543364
5502,32810,0.015202664166882183
5503,74608,0.009063881001630697
5504,71069,0.014299617040032494
5505,42447,0.00899931761453895
5506,50877,0.020714274942787308
5507,29975,0.019889607667864836
5508,82203,0.008483256973154468
5509,19877,0.008542520950894934
5510,288,0.004855922070931634
5511,13932,0.008999195467093721
5512,80521,0.008467694267823749
5513,35826,0.008308674036154998
5514,12548,0.011519588028947564
5515,35905,0.009471100734188376
5516,528,0.013730775305956299
5517,13646,0.013287058477724947
5518,48426,0.018558043004915783
5519,62825,0.018582799130318805
5520,20068,0.01937607673113309
5521,53156,0.014140023822663644
5522,38438,0.01457270120830564
5523,56033,0.026423163161988658
5524,4692,0.009069173759725891
5525,1580,0.015864624177394093
5526,15355,0.015585000762533111
5527,49065,0.010275641947113709
5528,99419,0.013299797735686854
5529,43349,0.012294184727545024
5530,44831,0.011248536969332765
5531,85199,0.01314872391801327
5532,28256,0.010876320154034608
5533,35694,0.012712112106871634
5534,20695,0.01102692698390912
5535,13042,0.011517156231563273
5536,43974,0.021623399359502946
5537,47924,0.012472351360780145
5538,2203,0.013398303426611436
5539,45319,0.014177387081304272
5540,33112,0.008755380263840491
5541,76221,0.010329506511816574
5542,35018,0.007238551117312666
5543,5100,0.010444786216867053
5544,25688,0.006267234715828364
5545,85501,0.005561578219828947
5546,33414,0.008757649309607731
5547,68239,0.00945252435196916
5548,49089,0.029015132465669873
5549,84638,0.02977403521397924
5550,67731,0.03221057806166422
5551,78142,0.04305356257779477
5552,69225,0.00504489916948974
5553,44885,0.007544041333223281
5554,8815,0.007920717786724981
5555,78182,0.008637454021100657
5556,94831,0.017559790736392435
5557,93171,0.022062857781925908
5558,73432,0.023105371011355683
5559,65637,0.01729228273802936
5560,53992,0.012148862477263208
5561,29267,0.015422861664497352
5562,45908,0.012880469074066429
5563,18226,0.013652085789426015
5564,62816,0.010385320816363872
5565,97008,0.010647120186352114
5566,297,0.012319179572190468
5567,2697,0.01240442027075503
5568,64194,0.0074934599922903515
5569,18222,0.011906990859690743
5570,40754,0.009557195271568883
5571,67366,0.012111270005994126
5572,70599,0.005187466609331597
5573,56742,0.00894470938321045
5574,51409,0.01715492860741814
5575,63236,0.014439889956290877
5576,14843,0.008161016308429648
5577,45431,0.009130611207986868
5578,74414,0.006444339950426044
5579,46000,0.008989759648657534
5580,8245,0.0049583313786076945
5581,35661,0.008665655018410944
5582,31688,0.008782906852555464
5583,49792,0.010137339856892302
5584,65426,0.016264300672453998
5585,43711,0.023497654059005554
5586,9440,0.018073912381518724
5587,2925,0.020511249907291272
5588,30402,0.010814168274530845
5589,67739,0.01847690152059276
5590,99653,0.02257329608731409
5591,67624,0.017226367506729696
5592,67740,0.012840582478380165
5593,1238,0.008893666469398669
5594,94871,0.010189863018106244
5595,45231,0.009275857231192185
5596,75545,0.010099360641142712
5597,75897,0.008010005204996652
5598,83637,0.009459581833355102
5599,56443,0.010292837153522734
5600,52916,0.019203158497697013
5601,23420,0.01925297423375033
5602,2994,0.020429863616468806
5603,56941,0.02261247093069155
5604,77266,0.008390154984701487
5605,33066,0.008435593644906217
5606,9807,0.00954232764860604
5607,40916,0.010185398922319806
5608,38575,0.011262686663179707
5609,17251,0.014495699717326968
5610,9197,0.01165474987236984
5611,13873,0.012055428662794328
5612,92616,0.012142875282760904
5613,10975,0.013933696358800774
5614,46695,0.014466379279559776
5615,69068,0.01633811445391621
5616,65961,0.016325290158884
5617,74304,0.01049848804535966
5618,23801,0.01411711653243074
5619,34061,0.013427949578483955
5620,27153,0.005571025156789474
5621,74968,0.006784421612374292
5622,15958,0.007134215726195286
5623,93227,0.007576255345705398
5624,58532,0.007056652121540773
5625,9860,0.007536733484980862
5626,3731,0.008179853908063802
5627,8796,0.008454712704366736
5628,90505,0.0088739649196892
5629,18889,0.008421072228860745
5630,27971,0.008044981625759524
5631,9237,0.009521334524010404
5632,30411,0.008767960545674695
5633,29837,0.009139963896560296
5634,59827,0.008564832117918383
5635,6755,0.009364085096725837
5636,79240,0.008080457390933944
5637,15221,0.007449703317414229
5638,14340,0.008214636404063063
5639,93975,0.008302054697966103
5640,80542,0.004949671010390108
5641,36496,0.00813323576904302
5642,79910,0.009153841748527777
5643,91223,0.008659512097260801
5644,82429,0.007315266555838934
5645,36636,0.010615118924023195
5646,8040,0.006548724300088805
5647,31121,0.005059289484322129
5648,82945,0.005471499526905231
5649,12800,0.007226043868162377
5650,70279,0.010802015921417945
5651,9834,0.011146741341499442
5652,69877,0.028982265886714716
5653,64563,0.02917010222930381
5654,41312,0.03226548507566634
5655,41456,0.03037044582512559
5656,55536,0.023012409005040226
5657,39681,0.018616381292687584
5658,9598,0.01864206649345941
5659,897,0.018933206227372518
5660,82241,0.00973156031596862
5661,95985,0.015065789236569656
5662,93558,0.013737731744760522
5663,74232,0.012225810142817758
5664,12949,0.00887067910497573
5665,44114,0.00785046616888599
5666,18425,0.009412227118002273
5667,38292,0.00893582815354352
5668,12423,0.016875449498799877
5669,63046,0.01576418617782549
5670,60732,0.016293668702705415
5671,52838,0.01874769179092593
5672,78985,0.026555637546759936
5673,28878,0.027638288037502165
5674,5196,0.02836035893034491
5675,75902,0.02863795747571861
5676,35708,0.019963177274404758
5677,19817,0.022728882972972736
5678,83733,0.02576925127256553
5679,56623,0.024445281850449606
5680,87656,0.013361231951712217
5681,75746,0.01288808075113917
5682,48573,0.01374824747807969
5683,61654,0.01378112475409423
5684,59787,0.005181912844451842
5685,80735,0.006832713158018556
5686,23994,0.007299931028271499
5687,15312,0.006669134764431688
5688,82938,0.005463842200191072
5689,38288,0.005980356833567856
5690,25626,0.006801576352278269
5691,12215,0.0075599962728347195
5692,50795,0.009019215742170277
5693,85060,0.008855528216205109
5694,41197,0.012974612549065356
5695,57145,0.009508398985234619
5696,39740,0.008143440129220627
5697,9454,0.011033830427639895
5698,60060,0.013666443699283598
5699,97841,0.011663568040939548
5700,9799,0.010663247994151803
5701,38528,0.011187845443761854
5702,11690,0.014185970507889755
5703,65265,0.014467934460210743
5704,95463,0.009007807523969756
5705,32546,0.013300119397201358
5706,56911,0.012337231250535137
5707,63225,0.008445391753100379
5708,78232,0.008278851938571544
5709,53622,0.006099109725321756
5710,84478,0.009859090441985328
5711,37950,0.006945996256225011
5712,32154,0.019329511473813232
5713,41645,0.027061669050307754
5714,89888,0.018271125573911067
5715,89661,0.0185046219612607
5716,38592,0.007721219043353092
5717,85999,0.0058775543260526876
5718,59916,0.01008917810914351
5719,75717,0.010113718670239233
5720,36169,0.009387188109641046
5721,52686,0.011128563453679735
5722,53050,0.008428797390368753
5723,58477,0.011938428058647541
5724,72065,0.02789061304843864
5725,99567,0.025775669949252945
5726,21390,0.028226228267736343
5727,85180,0.030336882933103652
5728,70240,0.012878733451032777
5729,62840,0.02204876286062209
5730,29660,0.016942146285757784
5731,26513,0.015140734301968503
5732,85904,0.012262763851837999
5733,89084,0.011612254095701052
5734,28003,0.008378064642131273
5735,14320,0.009975874592226434
5736,34699,0.01147175067802184
5737,61535,0.010443064881004462
5738,68941,0.013174479557120387
5739,39045,0.011984786391776076
5740,35760,0.011383214753423947
5741,76986,0.012959331391875401
5742,69587,0.014980393241585427
5743,49280,0.014627905885006568
5744,42149,0.019393827842656863
5745,72535,0.025766079009158404
5746,49740,0.02833350597895612
5747,58248,0.02664175629065467
5748,53348,0.02051818406339452
5749,99310,0.021314354125117226
5750,87260,0.02133231316037053
5751,25537,0.0242862918781193
5752,32049,0.013685544534435103
5753,65000,0.014969859009428427
5754,48790,0.022436300441653262
5755,18864,0.022693824635950897
5756,44460,0.018386640369679616
5757,70543,0.014537697445123569
5758,52188,0.012057569655366095
5759,37349,0.02000607964519899
5760,88619,0.009151927664758797
5761,75972,0.010830507893832043
5762,80826,0.0098560547787836
5763,40908,0.00863454249030318
5764,82764,0.018236888860787906
5765,9883,0.030111511502461212
5766,92715,0.03012222023296876
5767,42141,0.027945467624941902
5768,11813,0.010153520647328263
5769,47334,0.011957010339350625
5770,6135,0.015829846256383014
5771,68496,0.011207456125097909
5772,66120,0.006264711147306193
5773,15106,0.004405804193949923
5774,66358,0.007056687733829008
5775,52288,0.008778729083553196
5776,50163,0.008152588962204279
5777,18933,0.007945310939790652
5778,46177,0.008884454433891945
5779,17004,0.008295547159662393
5780,55263,0.018306135105526058
5781,32822,0.0196819098402587
5782,14788,0.01712340296573813
5783,82342,0.016510400669693382
5784,42239,0.008077585294849136
5785,21033,0.009026295877192277
5786,53327,0.006485749522153193
5787,26308,0.014227514649355759
5788,73428,0.013579593272278723
5789,29261,0.011085089095164764
5790,97392,0.013179170391319397
5791,54640,0.014017266330478645
5792,9498,0.016487165693368756
5793,36531,0.024713943203860285
5794,42003,0.019670214146773723
5795,62424,0.02205264195835292
5796,91703,0.01925063557885903
5797,90867,0.009483528311989347
5798,64407,0.015150007806671303
5799,45041,0.016137153905867604
5800,70760,0.0068806314591520045
5801,3454,0.010045251839261098
5802,86166,0.008007911618665882
5803,8254,0.012159883617896623
5804,83813,0.019301675324434667
5805,12555,0.015282322981881147
5806,43413,0.015900366394708848
5807,84543,0.012759202647478787
5808,1589,0.02158838327730143
5809,41058,0.022453869259593053
5810,73697,0.020201207429034716
5811,93545,0.018821108978138455
5812,34865,0.02431018534725208
5813,36545,0.029517209687520307
5814,52725,0.03578570283678911
5815,47604,0.028307454455025458
5816,5978,0.011990030547950706
5817,53815,0.013575784468946528
5818,79902,0.013105115552073106
5819,91830,0.009769896985551824
5820,28600,0.015085913681383135
5821,57927,0.015558436559223477
5822,83942,0.0127164198781843
5823,32592,0.016521290343664334
5824,62468,0.0070378975117091225
5825,8555,0.00710111584073181
5826,31309,0.009012177299517738
5827,20706,0.00938124508537471
5828,60503,0.009478587047053094
5829,29611,0.020217929284599794
5830,5298,0.009261876137601906
5831,29701,0.00953423833468422
5832,76866,0.006971328533758172
5833,34119,0.010263973617273686
5834,17443,0.010965603584785402
5835,93847,0.010582342867607326
5836,17361,0.0061896512024938784
5837,12088,0.0071758236420496075
5838,53524,0.007486005720822909
5839,42975,0.007823352752412444
5840,96871,0.019017719267461857
5841,54911,0.012769182412241004
5842,78637,0.012189437908505017
5843,30976,0.012892865337933278
5844,4224,0.00773441680917267
5845,53905,0.005256655636256781
5846,54703,0.007885773951203247
5847,74382,0.008112971262564328
5848,26768,0.013724408306135239
5849,18746,0.013308028908953764
5850,34982,0.01741576555640785
5851,33088,0.01747962142641158
5852,85798,0.009387217076157153
5853,10668,0.00906929812201373
5854,98391,0.013037854871307514
5855,51734,0.006050139167175417
5856,38975,0.008856227210566942
5857,77274,0.006784681223928503
5858,50800,0.008075657134930844
5859,71710,0.007520928301888933
5860,80776,0.03010994596635838
5861,45251,0.024800868903153587
5862,9183,0.03011971978718064
5863,98446,0.022400587043187595
5864,12263,0.008049840697051811
5865,4504,0.008498829494433811
5866,13134,0.008378799165223275
5867,90281,0.012886088204595903
5868,48470,0.019562440069283427
5869,79764,0.025650729637379664
5870,18682,0.0228184168294311
5871,34711,0.03172223247160342
5872,75938,0.03412722132620119
5873,82472,0.023801168615989767
5874,59091,0.0344748959180025
5875,30057,0.034879221457888646
5876,83496,0.01891487173684593
5877,4434,0.01710155888722244
5878,35698,0.016336048938820368
5879,21439,0.013578253826914036
5880,55526,0.010143674167292524
5881,48568,0.01202970210711151
5882,2623,0.010150856753403565
5883,89681,0.011768809602098985
5884,6249,0.006770747736728902
5885,87601,0.01116330530013872
5886,37951,0.01161137867963888
5887,693,0.008369719936472085
5888,42507,0.011652633365318844
5889,54033,0.018380741862222768
5890,63638,0.0199371214228042
5891,28961,0.012328165708451142
5892,64712,0.01975482698454481
5893,22713,0.02053626022791682
5894,36960,0.01336070243363963
5895,22054,0.014263422576683098
5896,64331,0.011783124971272449
5897,87567,0.014454546449102504
5898,65129,0.012419620420097534
5899,49468,0.01615368729521622
5900,45408,0.01079614700940538
5901,48622,0.005998374620517129
5902,2658,0.008690142699218766
5903,33582,0.008758671557422378
5904,61576,0.012064215819210956
5905,70112,0.008046962911252994
5906,3548,0.014710522406674205
5907,83500,0.013667352330337567
5908,15677,0.01141695786865377
5909,61453,0.01419492571103813
5910,66702,0.01362653714182924
5911,71854,0.01349163509243685
5912,23345,0.009590108082676673
5913,46975,0.010636123070313143
5914,49923,0.0067040131447011105
5915,70969,0.012223860608265875
5916,10782,0.01081835960781699
5917,34413,0.009663084937146718
5918,56906,0.010518097977404975
5919,89056,0.008383778951092864
5920,14646,0.014415992099047224
5921,37943,0.013072515356832196
5922,31957,0.012946853347871408
5923,23911,0.010656863446835254
5924,38969,0.00856568922002394
5925,87558,0.006416082958596411
5926,16372,0.005615179197948011
5927,66218,0.007845347462851687
5928,75299,0.018046871441341032
5929,73316,0.026852699664559637
5930,60109,0.03530791484765967
5931,54012,0.036575299124860364
5932,85865,0.009685537088651257
5933,54763,0.011183032437629107
5934,1484,0.010311684454442086
5935,78603,0.009662194812033112
5936,3037,0.023863421517007037
5937,96108,0.02484481336729627
5938,25224,0.032816851014644356
5939,36841,0.03202772813305486
5940,38787,0.005873800940921853
5941,65570,0.012143425530179774
5942,36900,0.008566995832502677
5943,32734,0.00873522031935778
5944,15773,0.0077306551546167885
5945,44162,0.01206718883751702
5946,11954,0.013280265800013088
5947,67754,0.008191302922566274
5948,93604,0.02436836765065318
5949,13885,0.017823677281126053
5950,41676,0.014422193927514145
5951,13222,0.02254859184136634
5952,27710,0.005596851603193249
5953,58057,0.005716050040901578
5954,44144,0.006027437105538056
5955,55604,0.006357213115184287
5956,15451,0.01412632518062493
5957,50407,0.015444495878806629
5958,78707,0.01624656495413881
5959,49651,0.016567336454241445
5960,7872,0.012278208938978005
5961,51219,0.013529635935940703
5962,4855,0.013220485332527
5963,51439,0.013115117112158889
5964,98016,0.009636277958905872
5965,36950,0.009478162425455426
5966,83023,0.012380716866492624
5967,35779,0.012138238197409617
5968,36884,0.006711874503546624
5969,4376,0.00777997773770678
5970,55564,0.007861845189279959
5971,87764,0.006939129232547183
5972,46390,0.0046816099615046725
5973,6022,0.00679369964308778
5974,31983,0.00767254301947358
5975,38024,0.0051806002067035966
5976,89629,0.009834467620402347
5977,79581,0.009819521756045411
5978,21150,0.008044767851891729
5979,43526,0.008667233802510058
5980,71051,0.008324938323994722
5981,8810,0.008206922951140274
5982,11753,0.00724056812548991
5983,53593,0.007642322853198415
5984,59423,0.02526097808716115
5985,11908,0.024135916210154058
5986,25482,0.025093279197860013
5987,88319,0.02304517574595113
5988,34685,0.015761890958342958
5989,54091,0.012234775075715227
5990,50374,0.024226447842687085
5991,24031,0.015980977724389223
5992,32687,0.007743204155143608
5993,70217,0.007443614092410788
5994,27647,0.00406193820181578
5995,76702,0.006479530791586422
5996,20995,0.00823009337939158
5997,45897,0.009717015004973448
5998,8785,0.009876549099653176
5999,83621,0.009237833887672181
6000,30684,0.013274991993752778
6001,60555,0.014351149631160423
6002,57039,0.014179362340439138
6003,3157,0.01713164298608973
6004,4008,0.02329658036494541
6005,49240,0.03714106516438361
6006,94619,0.02421534341208422
6007,27972,0.02567089436422779
6008,65721,0.00869247909195546
6009,55002,0.01303763093007514
6010,15422,0.007954533739650724
6011,44696,0.012281164127461962
6012,34746,0.0064343275874011
6013,5227,0.007409694709334883
6014,55942,0.008221002402651653
6015,77470,0.008143684959795425
6016,61083,0.012819175289787708
6017,71791,0.009128044735220518
6018,34811,0.010711780634640487
6019,27546,0.00823343989982238
6020,46985,0.018405589510419654
6021,39083,0.01900250359353033
6022,89338,0.019074973174541817
6023,76733,0.024068452027582423
6024,57572,0.008221916169708965
6025,37236,0.009270907200623605
6026,95448,0.0060285931940426175
6027,54968,0.010096358696017181
6028,36631,0.016537834403268042
6029,67070,0.0208380231046683
6030,54090,0.025665275797917716
6031,19325,0.02667392038146721
6032,39444,0.02359453326381723
6033,46021,0.020268048220529022
6034,65847,0.03166765731271122
6035,53465,0.021877875117481363
6036,186,0.020068729187965945
6037,55447,0.025080344163519952
6038,79341,0.022135150287125503
6039,46046,0.02388373504222452
6040,74025,0.012013190070937013
6041,61241,0.011308132938339835
6042,79379,0.009275955673504858
6043,96563,0.01104082885666004
6044,89578,0.00905919979993679
6045,5021,0.010150801815654868
6046,52120,0.010474987578346383
6047,74563,0.01049790490503846
6048,93981,0.009909906213002886
6049,50835,0.012053786516545317
6050,63190,0.00783000558188206
6051,67802,0.01303262642812943
6052,40491,0.03282362213853042
6053,94205,0.02171653449244208
6054,74497,0.03528644510014582
6055,19025,0.03563444279850271
6056,37301,0.011176867039473834
6057,32535,0.010860410851629799
6058,49714,0.0169510741162805
6059,55851,0.011987830042942505
6060,39972,0.020471731198533263
6061,57973,0.02176174222665932
6062,58874,0.02353606843899351
6063,24457,0.018171599336745656
6064,26805,0.008043408484210686
6065,29970,0.008794662837855977
6066,99008,0.00904888011689414
6067,49657,0.0077575955422574915
6068,35063,0.01210308263389008
6069,93395,0.012575576027252958
6070,52401,0.0110644895335634
6071,64323,0.01436910278546043
6072,28595,0.008275474538306843
6073,5356,0.005930756869563208
6074,47211,0.008972017356514858
6075,50782,0.009164384502766569
6076,40142,0.012873441933260015
6077,6277,0.012134675842930064
6078,7487,0.018293827210348817
6079,64039,0.016160367274123226
6080,32000,0.008451735370064297
6081,77700,0.009793416742599514
6082,64371,0.010761236228556239
6083,98269,0.011228514774421987
6084,62351,0.018323629180021034
6085,64705,0.015240691461392775
6086,76676,0.016036033421978655
6087,66832,0.013886166567044887
6088,35059,0.010576295492265667
6089,87009,0.014332629248224836
6090,67819,0.013889398195910382
6091,57948,0.012465004609013218
6092,42972,0.011783701726222666
6093,23862,0.01089827524385873
6094,31751,0.010468785691622056
6095,58941,0.011085706937210801
6096,88376,0.015053040221430107
6097,12082,0.012948231570586869
6098,89293,0.02465600280954941
6099,33766,0.024928922474223774
6100,48558,0.011249638863626685
6101,59870,0.01247479864167674
6102,61124,0.014614717940851639
6103,30699,0.015441848695462577
6104,82140,0.012311482756982996
6105,30866,0.012897027078297343
6106,33697,0.013655373366040745
6107,88396,0.018046006711477547
6108,41435,0.005919268648101256
6109,87501,0.012749690342147067
6110,75208,0.008200725409296039
6111,48104,0.008999069688236234
6112,80938,0.0069716775378743075
6113,23837,0.0067757551911838045
6114,40860,0.006493789900240545
6115,55738,0.00668728059311311
6116,25303,0.013698841284541352
6117,81104,0.012507580081159129
6118,13948,0.012209536835967417
6119,49705,0.02640783107351509
6120,19868,0.008981234243153469
6121,90530,0.009632071248102692
6122,64643,0.012511172642239159
6123,32070,0.00970421390019759
6124,23875,0.0072834646064323496
6125,51822,0.009024876064004811
6126,94881,0.00834233345859893
6127,94940,0.008094191075545433
6128,87388,0.02973498522977472
6129,13748,0.027496874572389127
6130,18775,0.024982271177942987
6131,54305,0.025957980717913335
6132,59561,0.013784740471872715
6133,21025,0.01696557095132949
6134,48166,0.01469363245382744
6135,25805,0.017526774128808587
6136,13450,0.007279142363218276
6137,96218,0.007068227917455613
6138,73915,0.00838907681919203
6139,31792,0.008000664187790822
6140,72656,0.004867360421624304
6141,1113,0.005341310601009016
6142,78219,0.006645639835147007
6143,19158,0.006209006240081385
6144,11284,0.01047798446830104
6145,51033,0.008306186285042183
6146,63457,0.00862059843706431
6147,78733,0.009429897272563667
6148,9898,0.018664994604881923
6149,86450,0.006843157534374705
6150,16976,0.008179666998582726
6151,95296,0.01964728041014492
6152,92937,0.00860526568616344
6153,20961,0.00704990688456204
6154,23932,0.012931371158631525
6155,9330,0.014401542186435266
6156,21178,0.010587525767465512
6157,59254,0.005530906887272539
6158,95781,0.00803768451544353
6159,58204,0.009411276247587183
6160,81584,0.03510956981231337
6161,22607,0.033684839422873536
6162,23114,0.028458873133916558
6163,27552,0.05320886407150773
6164,4760,0.017790393121635082
6165,72272,0.020039427991762206
6166,50883,0.01845179148176191
6167,54350,0.02524304479522063
6168,76240,0.008236754257225639
6169,26315,0.0076415438637849106
6170,6528,0.011134514233527664
6171,23027,0.013579024819650704
6172,1415,0.006668553695145601
6173,27203,0.004755659456688445
6174,68181,0.0071985705314480015
6175,83098,0.006229491990747992
6176,113,0.012059946798702233
6177,96867,0.011655273926414758
6178,79363,0.012843201215267455
6179,13525,0.013440808463411665
6180,33739,0.0091847279153138
6181,18146,0.010667632955409803
6182,65951,0.00715984757092937
6183,81490,0.008255048726915211
6184,3649,0.01669137637177523
6185,7570,0.01629809348972912
6186,54109,0.016525748013855084
6187,50059,0.012710116370742697
6188,93335,0.00643054147232022
6189,2286,0.007321761755110824
6190,98701,0.009080653568187656
6191,54252,0.007908755288152167
6192,413,0.023759637072120775
6193,50321,0.01524913329758191
6194,25694,0.019195102224689883
6195,92056,0.020089332186928065
6196,69469,0.027464234939527443
6197,25845,0.02051177541388418
6198,56972,0.018901489164250156
6199,68290,0.02179160695620657
6200,52562,0.00586286228386276
6201,25134,0.006459741696163777
6202,78048,0.006756201651240113
6203,3198,0.00695558851208707
6204,48951,0.0066529664427164075
6205,96660,0.007466876032858514
6206,22604,0.008188434452422368
6207,33641,0.008197741595528753
6208,44278,0.005179719513217901
6209,73786,0.004005102261729687
6210,98419,0.006841017756004434
6211,88539,0.006984908438676836
6212,2569,0.007084437675949481
6213,92170,0.009713169021588718
6214,20387,0.00916114490402259
6215,60951,0.007646348242389684
6216,46649,0.028229854191983716
6217,31535,0.04436648046467196
6218,16874,0.03140430977904719
6219,25761,0.03285085798417667
6220,42768,0.009604404540985018
6221,56714,0.01278125417400584
6222,32361,0.01179931667137901
6223,40598,0.008270702824045283
6224,18209,0.023529004632467196
6225,51545,0.025732472107083012
6226,43951,0.029673737885414334
6227,9289,0.015007705892519988
6228,49890,0.013445803470383233
6229,83292,0.011140530330334714
6230,77438,0.013914166188394805
6231,19442,0.014403672928408707
6232,13777,0.0077423291368280914
6233,32812,0.019792000946011273
6234,87575,0.02740324084548762
6235,10709,0.022572047547652484
6236,25629,0.01735327329110958
6237,68889,0.02003529620883335
6238,46622,0.017851513022139196
6239,80901,0.01883724075450577
6240,61933,0.00783564845558719
6241,68209,0.009386403469456748
6242,85158,0.0089695639050236
6243,15154,0.008307901610796076
6244,33461,0.009802814198091099
6245,31175,0.01196267073412502
6246,23615,0.012154204565092325
6247,84697,0.014590847340208714
6248,41870,0.00943122518491257
6249,49179,0.009867488038030055
6250,19776,0.010956613458139652
6251,67580,0.014656530814876306
6252,98575,0.007088083087464475
6253,45474,0.007781534175289908
6254,90444,0.01012268374349481
6255,53181,0.01122401147916942
6256,57239,0.030165598630150288
6257,28446,0.040624943180319326
6258,95916,0.028150082405623236
6259,64925,0.036300714018388455
6260,83961,0.008962158852238732
6261,2868,0.009108532478326093
6262,40818,0.008111136428433906
6263,35589,0.008463249589296418
6264,44241,0.010467142574541741
6265,4037,0.012762780916368757
6266,79508,0.012861026531318822
6267,79855,0.013466775717920229
6268,54268,0.004789905131325271
6269,98286,0.006011314909685797
6270,12997,0.007192717177705985
6271,85799,0.007761171670355297
6272,62295,0.01626362706583059
6273,35906,0.01743828107445112
6274,7290,0.013876908070013022
6275,82227,0.017486323489595987
6276,62003,0.012702910138636154
6277,77271,0.020172825609822087
6278,30151,0.011904618348244508
6279,10679,0.01219428022636848
6280,44704,0.005430291818579017
6281,47286,0.007892425549874342
6282,74097,0.007935146135969844
6283,14568,0.008128552622737177
6284,16307,0.01468287649445038
6285,48170,0.009963252931382983
6286,18168,0.016016137272870334
6287,89142,0.015233633167775
6288,29,0.009002310100956338
6289,29777,0.009246588456398312
6290,63278,0.009863157102955428
6291,68571,0.007196638163478413
6292,811,0.009528503399890526
6293,6759,0.011046900759273361
6294,85546,0.008841418069303528
6295,79759,0.009361312857144248
6296,60671,0.006112163489060084
6297,2096,0.00692518351462592
6298,82065,0.007819255079963793
6299,81178,0.008994404741871263
6300,75524,0.006316802031272852
6301,96716,0.007256847895710921
6302,92736,0.008008361399431362
6303,6180,0.008563468758651393
6304,36237,0.02776874304985585
6305,73466,0.0431335904103006
6306,70399,0.04164900360248595
6307,66329,0.033017978866935624
6308,8249,0.009336257947995457
6309,15836,0.00787745740229426
6310,16920,0.008314612660099505
6311,60047,0.009318002105675238
6312,13020,0.010494545867471216
6313,82987,0.01721327559905011
6314,36863,0.011431855967889513
6315,95665,0.01368285701976579
6316,69787,0.006709853202467291
6317,11732,0.009382060986026123
6318,5613,0.008769517861459516
6319,48380,0.008905791427531569
6320,98946,0.012870694027078227
6321,98256,0.014747098631517346
6322,82380,0.01437591373303025
6323,53579,0.011652075341818278
6324,61727,0.009047707461661482
6325,25671,0.008939386601463423
6326,39178,0.010179711542332664
6327,44678,0.007954411837697167
6328,97266,0.025187710201409832
6329,72070,0.021857571241240013
6330,89958,0.020012447658271763
6331,71961,0.04715848019979228
6332,54294,0.009578663255810738
6333,92035,0.00948348989884249
6334,60241,0.006984752333610716
6335,95216,0.010213513154631782
6336,32482,0.008430893640374885
6337,30892,0.00622540493584369
6338,55595,0.008946257227285332
6339,89912,0.009888598029504904
6340,66599,0.012649823476758082
6341,95570,0.013908172204970154
6342,87646,0.014612105683570789
6343,6585,0.014648566133951794
6344,51210,0.013014820740383678
6345,48250,0.013413269531871917
6346,604,0.014408322539655594
6347,86112,0.016666270545668525
6348,94958,0.009323717396007795
6349,22403,0.007157656183318072
6350,32506,0.010864144678449462
6351,84893,0.011391473227495768
6352,80522,0.009653103991978246
6353,86222,0.01928836727277342
6354,63177,0.013613419958586729
6355,62000,0.01917745762929678
6356,175,0.00748783839988937
6357,2344,0.009941879079768068
6358,7689,0.009949328800976959
6359,41857,0.010199029382889798
6360,72839,0.0077416739956252395
6361,47033,0.01194257266532164
6362,52691,0.009269566619009913
6363,240,0.012298407248268972
6364,22398,0.0068155666326615095
6365,78419,0.008072732153975495
6366,45814,0.008775577716714195
6367,17343,0.010584198962361823
6368,59042,0.011432340425751732
6369,28902,0.008420213843971822
6370,31364,0.006137544442956864
6371,99972,0.006413184883993525
6372,69742,0.005480423845320843
6373,43798,0.006768407367239444
6374,58401,0.009920507079598963
6375,44880,0.008019676234885474
6376,24515,0.008443203544206124
6377,39908,0.007000124297737095
6378,40550,0.007133158436840465
6379,72515,0.007133784776644449
6380,78879,0.027124662143580898
6381,91827,0.02775677450848107
6382,53434,0.027182916316278276
6383,77664,0.0254886911248017
6384,78361,0.012957292678543293
6385,24514,0.013803821044723722
6386,32668,0.013488947065649631
6387,41665,0.009064196304230972
6388,70272,0.009074030330915887
6389,79434,0.007084023832621154
6390,22632,0.01399874232922208
6391,56808,0.009198770832513995
6392,32094,0.02597869763209917
6393,95926,0.024937462237978596
6394,44682,0.026384669681182832
6395,13417,0.03654799529435133
6396,43634,0.014858417206358708
6397,16909,0.010579607896998858
6398,1213,0.01230183624198511
6399,62772,0.009802698490342229
6400,15350,0.007589873069695847
6401,15248,0.007970819419374437
6402,24008,0.008514763596326818
6403,77651,0.006038603915161808
6404,32889,0.01667190974309038
6405,88726,0.011963079352505821
6406,40521,0.016683879250377637
6407,94139,0.01864068325096489
6408,36521,0.007989035373989479
6409,29002,0.014387838001369375
6410,16904,0.009562699822443914
6411,29787,0.008318324124879269
6412,90572,0.004512873113436599
6413,96219,0.00459233818704455
6414,42604,0.00583959052103805
6415,8574,0.00712321120757217
6416,80000,0.011120950159186812
6417,68,0.005673122166185356
6418,32785,0.010068567911209147
6419,81983,0.00805154711601562
6420,88120,0.008209232409400797
6421,70132,0.007899959410057542
6422,127,0.0072127662230467736
6423,14637,0.010753754548141817
6424,43174,0.0076466442998434836
6425,41856,0.006601772912095556
6426,55410,0.007603696524300851
6427,66494,0.006076294635691646
6428,68694,0.00691417712858727
6429,789,0.007582145388878324
6430,56457,0.008522485885112546
6431,68882,0.00865047907704928
6432,2128,0.006620379178365126
6433,50882,0.007446638618330413
6434,2252,0.008641109694595278
6435,35193,0.00901431369550874
6436,57925,0.008029353358042342
6437,24282,0.011322510514548622
6438,29454,0.010691563458969426
6439,88364,0.009701762367753261
6440,17272,0.008505671476445622
6441,63698,0.010815692674919735
6442,48673,0.01028887796866225
6443,73297,0.01174242244746955
6444,45794,0.013970071162512651
6445,92178,0.016254649802382903
6446,7033,0.019756125644134835
6447,79361,0.022494888409302142
6448,11658,0.007287600077887431
6449,22105,0.00809055726667944
6450,87214,0.012216112770520302
6451,11775,0.009714990229789276
6452,46513,0.015772476954863945
6453,7921,0.013537283473051935
6454,26340,0.013445626642692247
6455,7401,0.014679828374944758
6456,82137,0.024649286566615768
6457,49173,0.024700351170379595
6458,39906,0.026192233209661433
6459,16153,0.011659311795279417
6460,45996,0.01730377915751267
6461,38162,0.017491517534450062
6462,69390,0.021870763550741548
6463,16328,0.02534340838445609
6464,53790,0.0074228718831137845
6465,44321,0.005684743683875644
6466,89510,0.007741713019388421
6467,68086,0.008607322239233606
6468,84935,0.01755655339734776
6469,83168,0.014482412682316856
6470,93071,0.011574254123234694
6471,33839,0.016621331007188433
6472,45733,0.007271652585385879
6473,67959,0.018815235559195353
6474,76653,0.009831013487337718
6475,89923,0.008817075155159247
6476,19177,0.00780979740577561
6477,91564,0.008109331791990991
6478,87813,0.0087445952073038
6479,43286,0.012266460655217415
6480,39981,0.006302843094793669
6481,66132,0.005255231443347851
6482,91386,0.004592440422142546
6483,58758,0.007165354371252989
6484,52286,0.007892474786333575
6485,58588,0.010021740025991537
6486,5,0.010379015377250965
6487,15447,0.014967571831054682
6488,81810,0.011902866300794741
6489,10355,0.011700278422698504
6490,30554,0.010937892620313265
6491,99804,0.01174000634069004
6492,24439,0.004417696233920176
6493,66750,0.009090752165614304
6494,91879,0.006465421900014123
6495,16678,0.009437680796000672
6496,29633,0.006389064732038192
6497,2869,0.008000687330853464
6498,58850,0.007926208634574584
6499,71986,0.00762894965174715
6500,68901,0.013519118890429862
6501,19819,0.018535153883390113
6502,49824,0.019402772169633105
6503,93904,0.03021680219607302
6504,14220,0.011211385897480278
6505,65894,0.0153128075230449
6506,11837,0.007963928613086686
6507,3713,0.009317673711850374
6508,75286,0.007343535780944985
6509,2004,0.0087226344594368
6510,19882,0.010182039290129077
6511,79294,0.008983418305322838
6512,90677,0.011273522203313449
6513,35734,0.01138859809230968
6514,54893,0.01213617239691923
6515,34651,0.012221411390546687
6516,51930,0.0062587448245082335
6517,34732,0.006193349094336595
6518,75853,0.006522322541150066
6519,17369,0.01014220073628469
6520,40169,0.008736147022586054
6521,65973,0.008424413967336383
6522,40026,0.013737182779286768
6523,2589,0.00963418027540142
6524,51447,0.009654024962094552
6525,5299,0.008810865000747167
6526,15769,0.009277115761103596
6527,93503,0.007082141310222916
6528,10139,0.009113473700265539
6529,35809,0.00815720982978503
6530,87885,0.00888646086407401
6531,45693,0.007616042552828098
6532,44075,0.018725136355112325
6533,42950,0.013221693785221644
6534,89143,0.02104321192565141
6535,76862,0.021651336864190195
6536,18570,0.01635180696785367
6537,9712,0.01906227909642871
6538,33868,0.01662860202805604
6539,41202,0.015667918233534
6540,47935,0.021110243550559706
6541,44977,0.022650754312029377
6542,95383,0.022265801027552917
6543,86541,0.020821473304473342
6544,74574,0.006874011413507032
6545,4577,0.007478555853255975
6546,56238,0.0038966987955065743
6547,49429,0.007617251984582907
6548,56711,0.008611413362606042
6549,37474,0.012066379097261618
6550,38553,0.009979682267376298
6551,81750,0.005353596484107137
6552,71881,0.007063205644464717
6553,85467,0.008115113506928978
6554,76211,0.009260032478595241
6555,51024,0.011572389467553464
6556,66692,0.005183387632851578
6557,16628,0.005866152346655039
6558,27797,0.0037349297621489643
6559,83584,0.005987198910515637
6560,76404,0.009714247403097322
6561,5279,0.01171150603974154
6562,65313,0.012415127571184806
6563,12424,0.014336310687225868
6564,13307,0.008635058001860456
6565,10276,0.007189020096216562
6566,90141,0.008112713918762724
6567,52728,0.008342511432984215
6568,20427,0.007202312080284691
6569,24275,0.00949358973814481
6570,97602,0.008818630117142977
6571,92668,0.008291209346778525
6572,86647,0.007398025980861405
6573,92804,0.007780413822064476
6574,8512,0.008684043475148074
6575,73200,0.008283154171757727
6576,71403,0.0055655876828542864
6577,85118,0.008149463231437202
6578,39638,0.009154532100167334
6579,37028,0.009871379062046853
6580,39790,0.008579165956757645
6581,96272,0.014776898550803077
6582,1877,0.00861658457935801
6583,38371,0.009175719829077559
6584,7557,0.009792605981603045
6585,47711,0.004358343901539613
6586,15927,0.008212781157867905
6587,14150,0.008670293402331703
6588,98116,0.007403320523246978
6589,50980,0.014665298512905208
6590,91925,0.01986404426400503
6591,3009,0.01783342776102852
6592,20816,0.007390043751759548
6593,82663,0.009987643443839666
6594,23965,0.009547401160099691
6595,61526,0.01053632736291993
6596,63834,0.013248406534135278
6597,88690,0.014982774926053113
6598,11955,0.014303149554812754
6599,98936,0.016100047383060246
6600,9671,0.005860703913928542
6601,15514,0.005680447598616083
6602,87758,0.0038894159995427635
6603,19732,0.009394535301980346
6604,68840,0.012626067858279702
6605,70923,0.014578628720103081
6606,59581,0.021416186459935115
6607,79930,0.018059145873900718
6608,76679,0.01090014539113902
6609,10228,0.01379369629105493
6610,86192,0.009472765216176925
6611,67748,0.008339412437447574
6612,60950,0.011790308708974382
6613,3327,0.011991013968775378
6614,87012,0.012079199469523523
6615,19794,0.01475679784165063
6616,94453,0.026912627412333006
6617,91740,0.021834604974828836
6618,4864,0.01717841204653587
6619,45288,0.020777284849277114
6620,74841,0.01752207517708579
6621,37112,0.022685195670021436
6622,5702,0.017470648655843607
6623,180,0.020224848345421313
6624,57497,0.008512702394964598
6625,18534,0.027520735262344692
6626,503,0.0307808086348348
6627,91146,0.029440573331812096
6628,87181,0.009360965483422192
6629,6541,0.008943588138318331
6630,1571,0.00979820784485276
6631,91203,0.013248645436731238
6632,788,0.008835214177899516
6633,94914,0.010348505695589823
6634,50516,0.014095169614326669
6635,53506,0.010534090779935437
6636,4905,0.006325680425148796
6637,72781,0.006707258828354414
6638,5699,0.007696140323555446
6639,81443,0.007744043832725794
6640,77018,0.00950198952043581
6641,47293,0.011782705791633208
6642,13129,0.006159171171957311
6643,59724,0.011261382273486721
6644,11756,0.011032402073612552
6645,22757,0.009768258275852964
6646,80087,0.010760300522922733
6647,98829,0.008424611846770819
6648,34944,0.005605195894896444
6649,20111,0.00450816718939205
6650,68564,0.0062738228255543455
6651,89841,0.002178080695188981
6652,98038,0.006849679977959947
6653,21103,0.008769291214511466
6654,60076,0.011916015050016968
6655,82916,0.011286431272847201
6656,98613,0.00640771801466007
6657,52369,0.00808482368096704
6658,852,0.008294759755596326
6659,16866,0.008456523420997461
6660,60656,0.02494477810827214
6661,42216,0.02093070012021325
6662,32744,0.019603167067634177
6663,38287,0.022979189216632355
6664,94985,0.020595000327381242
6665,46950,0.02049207047873234
6666,16259,0.021075175937481015
6667,74035,0.022596763856346846
6668,35659,0.006930621686916595
6669,45827,0.006767969014675468
6670,56587,0.00814423382052943
6671,7902,0.007213210938647171
6672,29377,0.009047130844772246
6673,73116,0.008410235086197431
6674,14068,0.008154060651105806
6675,96168,0.008125055689713718
6676,27926,0.011704851608704136
6677,8374,0.013017111156789968
6678,62630,0.015194499212895668
6679,82475,0.01416245384734825
6680,38850,0.008518888735243427
6681,41249,0.008626400130591428
6682,21894,0.010048954868637732
6683,57678,0.01008753568920855
6684,16425,0.017330359252187386
6685,89019,0.018440145954090673
6686,48972,0.015448216891934664
6687,88299,0.016193634838217272
6688,32263,0.012523484356239525
6689,1220,0.010263951799909044
6690,25777,0.00971621258543714
6691,5041,0.012916453292463366
6692,49380,0.011245096400785805
6693,66767,0.012610560272389373
6694,27622,0.013054014425940145
6695,67432,0.013470688270117145
6696,88967,0.014329013011910275
6697,78106,0.008414957385084656
6698,6677,0.013147996138913293
6699,29546,0.010016102734433244
6700,51401,0.0031826724749967716
6701,76177,0.008485889932722429
6702,18497,0.00831851587381149
6703,56706,0.006422340942112402
6704,76554,0.014352610221938504
6705,27717,0.014396909076472748
6706,49139,0.013291927667841947
6707,24561,0.01856994479200676
6708,92939,0.01621517506403149
6709,25905,0.015038472997341179
6710,23698,0.014022691599772666
6711,45726,0.015115995184119262
6712,52440,0.0171274668729107
6713,87627,0.01715212588335043
6714,96899,0.01086600934681927
6715,71657,0.012154363869712213
6716,15060,0.026361429988570297
6717,13001,0.03611658635123868
6718,96709,0.040201475170655435
6719,57031,0.03834202178802847
6720,94606,0.013657205601928991
6721,50991,0.013978948329973855
6722,70925,0.016992532268745975
6723,18679,0.012389455960146175
6724,35772,0.016554332576349154
6725,18340,0.0167006741926898
6726,83971,0.019231776152203815
6727,30106,0.01819095917725036
6728,89223,0.008928654282044252
6729,17248,0.010619410114173512
6730,26902,0.010858788393675982
6731,44357,0.009157104747053007
6732,64021,0.009118583217976567
6733,124,0.0077048572687239015
6734,45026,0.004834293776754059
6735,71994,0.0102812630329301
6736,77413,0.010568801970431967
6737,5706,0.010858031465187733
6738,29389,0.011696692290911876
6739,12320,0.011719765135415571
6740,41343,0.029180118601748288
6741,63995,0.022416346199282774
6742,54021,0.017504490174416007
6743,3111,0.023892411108255292
6744,56020,0.013768977981827833
6745,53786,0.014529375271556802
6746,23627,0.012886582516255194
6747,21641,0.015264993725391099
6748,48976,0.007857692130456184
6749,66002,0.008243001084887961
6750,455,0.008961223959844276
6751,52709,0.006336279394872524
6752,87931,0.011021189161933311
6753,83957,0.009242284923382194
6754,88776,0.00954192505917342
6755,47925,0.012504934503439546
6756,531,0.023706464395684534
6757,63733,0.014590727008095416
6758,74351,0.01919239514621443
6759,50554,0.02196116072748971
6760,95497,0.016290552378241247
6761,48475,0.018907889816706124
6762,33818,0.02111114965621723
6763,19421,0.014750008013368326
6764,72337,0.02463833605207763
6765,51185,0.01814644619829726
6766,88277,0.024141724574207313
6767,25566,0.020992978201194154
6768,95986,0.007428225635802558
6769,86380,0.005078857197194106
6770,91511,0.00718829574188693
6771,72584,0.0074745906341864244
6772,78015,0.012109715949337685
6773,55248,0.010176067636629116
6774,63977,0.00479856467052283
6775,85927,0.008859160330228466
6776,53628,0.009119396938807426
6777,21782,0.009589598435840466
6778,88835,0.009316017986344863
6779,3813,0.010262847099293398
6780,35060,0.011415681919104342
6781,27279,0.01431994481782745
6782,26972,0.016058721998286302
6783,31379,0.019125237693787597
6784,78812,0.005938637569343158
6785,82166,0.007654874334457707
6786,96975,0.00860701087507856
6787,59767,0.00952192617618949
6788,41959,0.009585298542845571
6789,65552,0.011287089857394628
6790,46789,0.01022972624100214
6791,8503,0.012732799141148474
6792,60038,0.006140797095952466
6793,56044,0.007603685609792493
6794,39132,0.007294612721528026
6795,95113,0.006155449242270834
6796,53802,0.009974675645093752
6797,827,0.016938057450015753
6798,72210,0.01329961868879746
6799,24578,0.013471017857501048
6800,58837,0.0167149171588615
6801,11211,0.020146309059944353
6802,29879,0.015430392594355904
6803,58083,0.029200201863125323
6804,73798,0.012222622826868137
6805,88394,0.012668822990811747
6806,66230,0.009535031658711727
6807,23177,0.0132548808291784
6808,32363,0.008875142452604092
6809,48064,0.00880652162934461
6810,26103,0.010063570143224376
6811,77185,0.01164691280327377
6812,24380,0.01549958747849262
6813,33749,0.016135008241132183
6814,78117,0.01746593811772462
6815,74326,0.021093903359770943
6816,29431,0.010383026502711043
6817,29848,0.015442012824693398
6818,46941,0.014522129186407292
6819,36043,0.01599567032876302
6820,60254,0.0314891660656077
6821,63348,0.040221578324824446
6822,62212,0.037205592674025095
6823,3633,0.03497693772643151
6824,77100,0.008283004406312806
6825,98833,0.011820989675999047
6826,63925,0.01116363097284715
6827,98232,0.00976380978900542
6828,21959,0.013959094512948158
6829,47127,0.011140187491867652
6830,16455,0.006015661474514802
6831,63157,0.008347335528957067
6832,58862,0.007595808092087275
6833,82187,0.008062598976535334
6834,9638,0.008103494211156357
6835,12163,0.007510366474476952
6836,30930,0.007703471524730009
6837,87103,0.010840335484455824
6838,68666,0.012167337161282573
6839,50072,0.014067995691334332
6840,49154,0.014842210290116337
6841,50525,0.01421849565667533
6842,81347,0.015506091298844976
6843,68620,0.014878173234618652
6844,21960,0.019293902996219723
6845,9095,0.012740317016267056
6846,59745,0.01697398026027768
6847,65453,0.01734384214316518
6848,77570,0.015938433109316887
6849,78315,0.01693570865847285
6850,97973,0.018604367879672058
6851,97310,0.02040138554465018
6852,35767,0.008041153774296043
6853,87928,0.008733954832639135
6854,3049,0.009083262235132701
6855,78158,0.010361528148219449
6856,67190,0.015080038540927225
6857,65759,0.011935983242840037
6858,73627,0.01511416378612612
6859,29343,0.012953596463422387
6860,16804,0.00610159785681787
6861,82012,0.007652534695781057
6862,49086,0.008737108314111449
6863,20701,0.009459628093868227
6864,22255,0.009052286112047
6865,34101,0.00958446610026978
6866,52651,0.011087710113956182
6867,89007,0.014579637765415591
6868,55485,0.014749694072332105
6869,65554,0.01660259160963128
6870,14464,0.018772618412469168
6871,99649,0.018852536784607597
6872,80532,0.006566946658438087
6873,14822,0.007404493273893129
6874,58535,0.00581404629192849
6875,99277,0.007704805647806122
6876,15851,0.0037796282860562296
6877,23970,0.01323952610970908
6878,9686,0.006832667151503048
6879,4226,0.005998401024980836
6880,19835,0.019195712740009117
6881,15474,0.016527856387394277
6882,1692,0.02956022743799022
6883,58858,0.021062987251724254
6884,76828,0.005659880997533767
6885,26437,0.006352886693156158
6886,99801,0.006680860014607211
6887,25364,0.006383515371026207
6888,38318,0.008426154034967924
6889,20700,0.006247819773895532
6890,562,0.00933953015917117
6891,26594,0.009138507951666298
6892,8731,0.01837952767937696
6893,68207,0.018997105424773703
6894,82293,0.022687524084692406
6895,73622,0.024010638402760312
6896,18426,0.007286870682610713
6897,61103,0.010296654567606638
6898,32183,0.015832683749548774
6899,49165,0.00892525005986416
6900,43287,0.007698340454186225
6901,83688,0.008174454949845554
6902,85594,0.010891187490933901
6903,51543,0.011832133125589934
6904,81880,0.014306039772712642
6905,15999,0.013243458133865078
6906,36165,0.014607194150167677
6907,29307,0.01787949576143985
6908,78998,0.004500130664865938
6909,13485,0.006029322226498916
6910,30550,0.0073893547355239585
6911,56904,0.008303178738539831
6912,48575,0.008261917485477582
6913,51132,0.00591943118362037
6914,44546,0.008326625262719966
6915,84544,0.006056325673803262
6916,67578,0.018646244487158164
6917,73642,0.021001095049912006
6918,24676,0.02248540240827667
6919,14940,0.02047966080600022
6920,90321,0.008743434313312908
6921,95031,0.010056380520311353
6922,90614,0.011053656860637749
6923,12780,0.008989834875796084
6924,4027,0.012069852818150338
6925,571,0.012983563475809503
6926,35682,0.007229020374859526
6927,26251,0.014037738591668611
6928,16807,0.009945182721382877
6929,15944,0.010481288914542046
6930,70026,0.010503814649701878
6931,29830,0.011081111241941579
6932,33534,0.010506288222302549
6933,17601,0.011112185772771965
6934,55042,0.011292465255141356
6935,67718,0.011375314163288944
6936,69454,0.011403505749857117
6937,1284,0.014482991917950699
6938,19251,0.014492868436648758
6939,68176,0.014612401743982163
6940,33636,0.010450593914719905
6941,36482,0.0077253339958644
6942,40849,0.012215025624226161
6943,19022,0.009195501772398765
6944,56118,0.02588907029096423
6945,66266,0.026943778521523288
6946,2350,0.021134350560401777
6947,63993,0.027916189944511335
6948,99044,0.011620172300703975
6949,94025,0.008265974484487171
6950,40848,0.012897749539721491
6951,83926,0.012799064847795586
6952,17931,0.02271249413064701
6953,37804,0.016561960751366147
6954,16959,0.016960750999529085
6955,79682,0.01362200047738569
6956,7839,0.014737777439019134
6957,27440,0.017897079011145768
6958,27094,0.012491681862282528
6959,52240,0.014231986688736993
6960,62548,0.00888919406375072
6961,77752,0.010380809879849254
6962,6590,0.010509086596865747
6963,94787,0.010401788400537682
6964,19853,0.016472887160969774
6965,62195,0.016098769317335383
6966,65447,0.02087759240251528
6967,60155,0.02660065990920786
6968,91462,0.02194186781151175
6969,81798,0.020109397192068224
6970,54767,0.03538714119703259
6971,17244,0.020535880301041264
6972,58710,0.008956425412300375
6973,77197,0.011232781104301235
6974,95324,0.009506489963024244
6975,83897,0.007649832664327864
6976,2789,0.015079350291679802
6977,34677,0.012950570626322109
6978,936,0.013736625041833542
6979,30484,0.011604293250528613
6980,371,0.009753341642446543
6981,24072,0.010306356942217793
6982,1246,0.010381581136597281
6983,26247,0.007628719182338291
6984,13713,0.013786893939895127
6985,88141,0.018914925594725927
6986,94094,0.013281702033983
6987,66469,0.01782501550316397
6988,70591,0.009762941603637706
6989,313,0.009846833913659724
6990,79533,0.00901778280197241
6991,12358,0.010287805515424246
6992,75334,0.02250722073882969
6993,22517,0.01760231326735567
6994,60059,0.017836348560878037
6995,46264,0.019803082968237254
6996,32244,0.019522787308762855
6997,62338,0.020417435084379532
6998,84501,0.029838776715819488
6999,93728,0.01613755561421222
7000,28971,0.030802202507043894
7001,16452,0.03695719950917677
7002,54987,0.03678646622197389
7003,86928,0.035242377026722685
7004,3749,0.013948448694046609
7005,27684,0.01225890063261803
7006,95069,0.010300544766892062
7007,71605,0.017004184342064556
7008,75273,0.018720373137561436
7009,57461,0.011896693674275816
7010,44205,0.009751044546558707
7011,83095,0.01933271314726141
7012,49087,0.013670083180110742
7013,16731,0.013995839915607874
7014,4095,0.014609059240034649
7015,44122,0.012356555018470472
7016,1149,0.013712059827903269
7017,23934,0.012262106548478344
7018,21926,0.011851365412376849
7019,88220,0.011840867177653508
7020,1607,0.016701610614901406
7021,72570,0.020714321279402318
7022,59199,0.021639566187994525
7023,5653,0.0164820757806963
7024,89591,0.00909815656815802
7025,1147,0.008955342976423395
7026,98421,0.00928110168532786
7027,79234,0.014182896842301071
7028,19810,0.007200004838241602
7029,17831,0.011067181994177298
7030,58674,0.01184163025372055
7031,7490,0.012901512868383713
7032,87332,0.01440588127759985
7033,10542,0.012253951577303452
7034,83879,0.010766900810827765
7035,10299,0.012461494902616096
7036,65006,0.01206469086099467
7037,71545,0.014455955539207544
7038,96913,0.00898520393885996
7039,18939,0.015104898836776785
7040,13284,0.010443278360432143
7041,24857,0.009091648237757302
7042,94423,0.012071306212052877
7043,52428,0.008172198854417816
7044,52597,0.010877788938777484
7045,83469,0.010852680601198966
7046,17127,0.013299003820397646
7047,32970,0.012357247534394008
7048,55349,0.006891951276641691
7049,83784,0.009664653004254618
7050,61337,0.0074999917112722
7051,29807,0.010544430589632269
7052,5076,0.014960077198235248
7053,31324,0.015916903457226995
7054,19213,0.018977176047987893
7055,18795,0.01902415763921088
7056,34570,0.008648979336100534
7057,27159,0.010066533330693633
7058,35157,0.009594319343471044
7059,39136,0.012540400955482596
7060,66004,0.013114180803415759
7061,13399,0.01496148496220041
7062,12238,0.012899832988950576
7063,63182,0.013577614222987455
7064,24798,0.009698340839965213
7065,39056,0.008553326899908922
7066,63709,0.008254531167853277
7067,19825,0.010166306788735363
7068,7365,0.017121069525632436
7069,12585,0.01916423295172804
7070,42960,0.020819221595092564
7071,17689,0.02205303323562894
7072,52155,0.014255820836585536
7073,43061,0.012404458039423426
7074,52757,0.01258093695849917
7075,1338,0.014647573255170725
7076,43204,0.023110701871792348
7077,32973,0.020865199750155154
7078,41695,0.015251968685576468
7079,98880,0.014429238902885482
7080,71598,0.008841330755204182
7081,2934,0.009739114746412711
7082,89234,0.007830682592308832
7083,72651,0.012005351557593075
7084,20674,0.01697330611714883
7085,44248,0.011804760882378513
7086,27739,0.024762193978884097
7087,83217,0.017643509994079265
7088,23777,0.019256367278307866
7089,42371,0.02180850958459959
7090,87343,0.021388860443872428
7091,52545,0.021850164725870373
7092,44725,0.013141070703609497
7093,29574,0.016680562960690926
7094,81771,0.015371538177468957
7095,42605,0.014548092492829196
7096,98530,0.008248525107405915
7097,97902,0.00901097635028407
7098,39441,0.009018143363482284
7099,29639,0.006984602526121058
7100,92981,0.015574296453518538
7101,14481,0.01415338724433364
7102,16932,0.016672330660791677
7103,96136,0.01701826782846447
7104,5890,0.008235768873007566
7105,91281,0.010130269313556239
7106,59741,0.013982407070505824
7107,98190,0.014129938975852218
7108,53968,0.011730762133307537
7109,56028,0.012602001685909643
7110,79595,0.0167555997850542
7111,3191,0.02259518867397915
7112,78047,0.008430408487648516
7113,18754,0.00905680337462286
7114,7288,0.009301753042397411
7115,64920,0.00950109762550307
7116,58646,0.008392623371679014
7117,56007,0.005916215847791313
7118,34275,0.007342594867340433
7119,85157,0.008753867332686852
7120,22012,0.010032321977863967
7121,12816,0.008171289447028517
7122,97774,0.010273570333393859
7123,63678,0.009962425451769083
7124,45298,0.004445870083583654
7125,8925,0.007344020847460716
7126,22696,0.008771977707949862
7127,50022,0.00899971546763996
7128,72096,0.016521056058546837
7129,6849,0.014845087119981391
7130,27583,0.01426970737867502
7131,87804,0.016770759489066672
7132,75003,0.00795851636732255
7133,16135,0.008417614635081103
7134,17448,0.008799495370886421
7135,36933,0.00894297200364873
7136,64474,0.009073963181387847
7137,21529,0.012625701543624565
7138,55586,0.013183600464622308
7139,55805,0.013352568756693044
7140,81565,0.005668297993307053
7141,21112,0.005784770086944658
7142,64147,0.006510540467946
7143,74442,0.004771649757660326
7144,67517,0.013610644151450111
7145,36441,0.014115474698624154
7146,50468,0.009920522384317182
7147,21946,0.01476930370966245
7148,74344,0.020566759417946147
7149,73779,0.020795255236905452
7150,3659,0.021653063222381357
7151,64328,0.020459355078475096
7152,71520,0.012784529337396055
7153,52619,0.010845627695468384
7154,97755,0.012907264865547637
7155,77913,0.016055733625934848
7156,33764,0.008094792221554879
7157,7778,0.007166433802980937
7158,89818,0.011716339702950428
7159,22556,0.007511551554843293
7160,72862,0.008501678381399947
7161,43755,0.009058412373852024
7162,1953,0.011266221703879005
7163,18718,0.010378032581086551
7164,61076,0.012361569566092613
7165,1454,0.016976546994272923
7166,21079,0.01511416648225644
7167,2946,0.01737286261336992
7168,31122,0.011075896816743862
7169,94345,0.01275219504085089
7170,92007,0.012951939050970777
7171,37020,0.011523720584098531
7172,37009,0.006861694847306105
7173,54676,0.008854344474019813
7174,8386,0.008055265101354457
7175,41449,0.007356271553657012
7176,13618,0.01330002655023065
7177,70109,0.013338363924123147
7178,63892,0.012819821487637932
7179,71186,0.014746871773210607
7180,1621,0.010293206458929177
7181,21805,0.011612271379710569
7182,68289,0.006898698436690843
7183,97122,0.009210372528618966
7184,7379,0.009567497657639777
7185,69461,0.00807189320536455
7186,63158,0.009920830790150782
7187,61157,0.009440945597700364
7188,71144,0.006365187730679284
7189,18696,0.00836336912508048
7190,12622,0.018078113945025454
7191,86027,0.004347798245296081
7192,87154,0.005819911051197381
7193,81334,0.006046543784544584
7194,63514,0.006421067550705017
7195,70935,0.006785277816754199
7196,44625,0.01735935723027692
7197,31160,0.02317272803865883
7198,97761,0.023757811498792965
7199,82949,0.02414419465743541
7200,65498,0.009194939021620408
7201,55425,0.005867966214698922
7202,76780,0.011146146532332464
7203,61990,0.007750694934884508
7204,6037,0.008762395246608094
7205,833,0.01118171673102845
7206,80869,0.01138343360575646
7207,55227,0.014010601760858759
7208,10936,0.0089476671931267
7209,1925,0.009762145871180065
7210,90273,0.01330947262063714
7211,95990,0.014277546949220656
7212,53510,0.013882295662612794
7213,69294,0.007640225896525717
7214,36082,0.008981249975882327
7215,50220,0.010201015207002898
7216,46399,0.005603829494592735
7217,63820,0.011672254126882484
7218,50954,0.010946698561069423
7219,12575,0.007271468871746961
7220,79856,0.009490033852293588
7221,14252,0.01004914096382793
7222,5382,0.011539893799254007
7223,58984,0.009920620435258268
7224,27142,0.010822899140385625
7225,20936,0.010994381144742268
7226,47254,0.01003384018931749
7227,62460,0.014952662980252477
7228,40657,0.00792292767622757
7229,54284,0.010132422701722371
7230,65005,0.01016312881021498
7231,80680,0.00982702538700185
7232,318,0.05925062980722444
7233,49755,0.06590414277080207
7234,32950,0.05240126761697517
7235,70383,0.05706782211515043
7236,91695,0.014083369886870072
7237,75817,0.012068269031520654
7238,82896,0.012250018336930353
7239,67343,0.013216596077976551
7240,5244,0.010498791488642542
7241,84053,0.010641877887765527
7242,72204,0.010248051225340806
7243,2748,0.012928731646556318
7244,1466,0.018461264194798217
7245,43753,0.019158237079442537
7246,8605,0.02515874504793358
7247,88811,0.03626872270327779
7248,66267,0.020949139785587316
7249,4518,0.019846114524488544
7250,10755,0.022102787447161407
7251,36721,0.017650259309333532
7252,8931,0.004039869298292892
7253,43956,0.006975718690729208
7254,90843,0.006835879197727693
7255,5815,0.007394024145185588
7256,55752,0.00791617324797284
7257,60352,0.008261781650352115
7258,15967,0.01088698699739105
7259,7886,0.010921423848988667
7260,54096,0.008561117012387306
7261,914,0.008836926881934961
7262,72761,0.010647536983929843
7263,51511,0.00870727117942645
7264,45915,0.012005339981505473
7265,97689,0.013525488491158828
7266,38920,0.012978118546020937
7267,38176,0.013481786858887932
7268,31642,0.02543431113687187
7269,62798,0.033424268626383126
7270,45756,0.027292017542073926
7271,95306,0.048900990084962376
7272,9945,0.013026319351011059
7273,81326,0.009779001855846878
7274,48762,0.00826957832050195
7275,79858,0.007032940261732608
7276,27377,0.011743935754197465
7277,70400,0.012461081055226152
7278,24472,0.010645500816929481
7279,61246,0.011455378831768713
7280,73332,0.022276633039054746
7281,77363,0.018929025470385503
7282,76875,0.02287807189451399
7283,43197,0.02303844902459106
7284,55803,0.012160463771682797
7285,29205,0.015355591443194904
7286,59273,0.017656971456646058
7287,66108,0.017493134398687403
7288,29429,0.03300776148045134
7289,98751,0.035959955951759395
7290,40594,0.020929519119116773
7291,20508,0.021006846621982746
7292,5586,0.005312385958884457
7293,82296,0.0067224050557371596
7294,2959,0.006554408005251106
7295,5898,0.00575458701079928
7296,37245,0.004889325173122655
7297,72400,0.005527372273859311
7298,15834,0.007296363800012246
7299,65600,0.007339850560383703
7300,54545,0.014675276913714707
7301,13291,0.01506848975342337
7302,10444,0.018439096693512125
7303,85190,0.03212618826047442
7304,58769,0.02271838706408089
7305,84064,0.025217554475757374
7306,82090,0.017814589175338465
7307,70536,0.025796519255126965
7308,44888,0.009047148315135041
7309,94174,0.010260662991774229
7310,81201,0.012351547915146567
7311,84253,0.013246850960179244
7312,98079,0.019734064134202423
7313,55013,0.016253785704100854
7314,68095,0.01738812586463288
7315,50648,0.018766164015729964
7316,36602,0.016015349281929922
7317,92020,0.016329549683857563
7318,28393,0.018726571458448412
7319,81894,0.025961440488423117
7320,96508,0.006570810201968159
7321,75145,0.007993401001973863
7322,88411,0.004315214593138238
7323,91126,0.007910108197610162
7324,4379,0.0065595158364919574
7325,11947,0.007646155723039527
7326,55857,0.007385019715873693
7327,77267,0.006684159199300432
7328,72031,0.01801447984301932
7329,69192,0.019215072840661165
7330,33984,0.024040045697334207
7331,55148,0.022126854097517062
7332,12828,0.006779477935262297
7333,48175,0.012279969639523878
7334,39827,0.011506878115133182
7335,92111,0.011322532240785877
7336,57378,0.016916713176181455
7337,26717,0.010849368369453721
7338,64636,0.01865662031155411
7339,74063,0.01926315245851667
7340,14824,0.010365295339669765
7341,50834,0.00909860348425463
7342,88462,0.0065618496322653735
7343,94207,0.010345309671791503
7344,36055,0.01533039654987093
7345,187,0.013212089428799598
7346,61730,0.011271802226904883
7347,82076,0.031191267745979058
7348,72775,0.009794690705470871
7349,28036,0.01008798058115228
7350,47920,0.008820976311068414
7351,73300,0.00882609107690974
7352,20308,0.0058166493168711215
7353,41877,0.00737847561002592
7354,30797,0.006605725996781662
7355,6170,0.006912694780144583
7356,80153,0.013664201174660315
7357,31901,0.01036339317250646
7358,168,0.013895087473219167
7359,93123,0.009368284852894409
7360,78092,0.011057733591703402
7361,53671,0.009432467646057156
7362,48557,0.007982976874499574
7363,63737,0.008927321087672484
7364,25921,0.007874289511426484
7365,49030,0.012293832596161855
7366,16825,0.012153033214181354
7367,70902,0.009177457685821535
7368,23543,0.011106607051147938
7369,52995,0.011408479178501754
7370,26533,0.012234488356824596
7371,39069,0.013024279540849722
7372,22053,0.019421807905126497
7373,19109,0.01250062171058788
7374,683,0.021283024806662085
7375,15324,0.01988079375125015
7376,31402,0.007890635714201446
7377,25551,0.009225895529126647
7378,99984,0.009196538792784228
7379,7545,0.010681734192477846
7380,94005,0.009838525655751508
7381,37096,0.011788177202213689
7382,7537,0.012116278417198962
7383,61579,0.01421086250821001
7384,62778,0.010215115255753422
7385,92202,0.013594983958115862
7386,7985,0.010935440399496633
7387,81755,0.012275151269119572
7388,12208,0.008917752216876232
7389,65092,0.00950137383022722
7390,65843,0.010496132185807625
7391,93361,0.007930153858458251
7392,39376,0.005876431680931745
7393,32714,0.008734527521107455
7394,2585,0.010069279411447423
7395,81926,0.006358652577392086
7396,94612,0.03597092799737498
7397,84754,0.02012632368930634
7398,39738,0.016878838867124546
7399,81031,0.02445384279572152
7400,5733,0.010929892332663485
7401,93578,0.013775159806574903
7402,416,0.015967556308401895
7403,38633,0.01714747327720694
7404,19529,0.006903753095009972
7405,56688,0.006228794571409217
7406,49817,0.010036747704259412
7407,42375,0.008011082931266473
7408,75652,0.01373941635387117
7409,98072,0.018151329949447625
7410,33905,0.027165197496968312
7411,69733,0.018329396105994662
7412,59880,0.019397182339638348
7413,87469,0.014773245742588835
7414,77498,0.014743568117547899
7415,63345,0.01994554242165626
7416,87281,0.009424087770516908
7417,55393,0.010401545314035589
7418,73536,0.009548189933039061
7419,52677,0.0069242079838385765
7420,70063,0.013468489447017505
7421,34225,0.012629985811466477
7422,42526,0.013849952311891511
7423,93200,0.01204900902860345
7424,85745,0.00829489523588502
7425,44893,0.009182464269350755
7426,28907,0.009250362893808884
7427,2705,0.014537145754312426
7428,94199,0.01828508675733882
7429,69580,0.019607755486763887
7430,68277,0.02110564157528021
7431,66966,0.01935775519232733
7432,64424,0.013785640760083803
7433,19252,0.015240874389022383
7434,68672,0.02093804417427886
7435,73418,0.022074724639350875
7436,73636,0.01393215168345325
7437,48390,0.012823854815575405
7438,44207,0.01207968964557856
7439,1230,0.013027114329294699
7440,35668,0.014302173688822107
7441,58465,0.033615490470371774
7442,5000,0.016646167293977047
7443,79070,0.018461345049883823
7444,45887,0.012136623346055808
7445,9460,0.013841845889932534
7446,22178,0.012267176913418562
7447,53639,0.014298389897618861
7448,3929,0.008184274294836789
7449,62462,0.0062384862270398155
7450,74337,0.006334989680874977
7451,53289,0.00935387182910824
7452,87560,0.01509969996976543
7453,3774,0.012549425860453465
7454,75425,0.015123055940328022
7455,82325,0.014909226410489668
7456,91289,0.008871491179175874
7457,50186,0.005403711057875388
7458,96875,0.009166548457813388
7459,84367,0.008434495023108727
7460,72289,0.006838275867543243
7461,49840,0.007452791012216438
7462,49433,0.008060819069473573
7463,98164,0.007990789067722187
7464,20221,0.007428927350103767
7465,8460,0.006352705209230089
7466,99387,0.007673659578077377
7467,42836,0.007992904393042542
7468,1191,0.011137186225295703
7469,95028,0.008828597588405795
7470,58432,0.011151638848701507
7471,30025,0.011268691130964181
7472,29958,0.010701017947437714
7473,78320,0.017424181892223358
7474,41740,0.021809664879596367
7475,65507,0.02228576095371704
7476,58543,0.01682309200640285
7477,58336,0.012195282314894569
7478,51381,0.013622134602743682
7479,7576,0.014085518450082907
7480,43859,0.00588431550653846
7481,54720,0.006834626491715311
7482,20593,0.008404122461426418
7483,33185,0.009251555010330863
7484,71139,0.005491006659606678
7485,14959,0.009079894372634331
7486,89915,0.011620372872697939
7487,92673,0.014730826166136007
7488,92232,0.021411753838983763
7489,17741,0.02490529384508359
7490,17138,0.015971120435102768
7491,63768,0.016211349957527384
7492,35370,0.0041849142433524255
7493,36727,0.01046701577387838
7494,48114,0.010367671801418767
7495,12285,0.009056097189555183
7496,47161,0.01021702061900489
7497,96959,0.011661089300742137
7498,87200,0.007804799438133299
7499,79688,0.01763317938377311
7500,4471,0.01201704760551944
7501,48726,0.012109094497318883
7502,55288,0.01360423298829658
7503,16577,0.02931798854413841
7504,97021,0.015940793581635547
7505,91422,0.028083719674161366
7506,23421,0.029778557691516848
7507,10171,0.02974329576300345
7508,72211,0.01887546412112924
7509,45957,0.0324929120641133
7510,1486,0.027058032958573508
7511,70633,0.03697644667704923
7512,69882,0.008912887340329356
7513,95840,0.0097724841840745
7514,50143,0.01104223670976641
7515,66751,0.011382784108650974
7516,8702,0.02239163832119342
7517,21428,0.010205871261047456
7518,33315,0.01905957747897294
7519,30957,0.013505160786740206
7520,68375,0.008985518928810773
7521,27963,0.012986244515734316
7522,82503,0.011782998495777868
7523,71291,0.010497585398865883
7524,76628,0.01739519726558673
7525,61117,0.02058234135500982
7526,83060,0.018698186191766372
7527,3613,0.011808481636138816
7528,76127,0.008239102556173926
7529,32318,0.015389184406356941
7530,27991,0.010858146212884752
7531,91205,0.00878819970364347
7532,77179,0.005649124840222598
7533,714,0.012846840817214208
7534,52769,0.009274278631773996
7535,22798,0.006844165713969268
7536,47500,0.01669797698522079
7537,2931,0.02246868186915093
7538,9129,0.022860514581910105
7539,23531,0.02290223418115534
7540,9557,0.01741561721451931
7541,45821,0.007512208024283137
7542,29603,0.007581662975103329
7543,46400,0.009151912353180778
7544,60635,0.006629292785529227
7545,95517,0.00976736938493008
7546,80410,0.010842920044872988
7547,59185,0.009113524283979057
7548,33767,0.036834028036243735
7549,59811,0.04764170619220389
7550,66096,0.03478710060702338
7551,40627,0.049754627798704
7552,98619,0.02200257498231336
7553,59450,0.010024336925503016
7554,95505,0.01222762997009099
7555,90480,0.017296475147302964
7556,36625,0.011798838051125145
7557,91062,0.014364825208647725
7558,44828,0.021221184390144178
7559,88827,0.01459384988221767
7560,70506,0.007858656719990982
7561,94204,0.008675730694239412
7562,42094,0.008514608082776485
7563,46838,0.007652858273993465
7564,8808,0.00566481375707132
7565,50007,0.007557532525923278
7566,4868,0.00538815971143308
7567,77886,0.006246750403901716
7568,99288,0.008873008689898099
7569,29185,0.008828116025030948
7570,87727,0.010120141616857151
7571,51538,0.008526507438590469
7572,53690,0.006890623119973254
7573,69770,0.013601375343245067
7574,40826,0.008257324054676433
7575,51040,0.008637350258013817
7576,11407,0.007083092468055803
7577,71966,0.007630103447074535
7578,38984,0.009402315763927135
7579,21506,0.008591572959832176
7580,16955,0.015311485949513357
7581,20141,0.015137408890313689
7582,99005,0.02478469418103635
7583,74007,0.01698152378448829
7584,96129,0.01251462581566353
7585,51113,0.01114969411342183
7586,15701,0.007203804043174786
7587,85320,0.011389133567538668
7588,94195,0.008148455670157682
7589,38952,0.011084479833898597
7590,74121,0.01137990029456059
7591,99316,0.012125427470551443
7592,38906,0.008335858399616015
7593,32902,0.010251954341115442
7594,74060,0.007220512755840881
7595,84444,0.007188375463405465
7596,89180,0.007521988083866889
7597,94969,0.008150695424553538
7598,58832,0.008108647853339939
7599,37090,0.00849676429207548
7600,5772,0.03537623347424276
7601,36249,0.04018808252897693
7602,12642,0.024398070760999004
7603,15048,0.040266223623185896
7604,49209,0.01142742666650555
7605,69673,0.01163832548601958
7606,99137,0.011701340642912953
7607,18619,0.01176566123184998
7608,77213,0.007474201856913061
7609,26167,0.004163604948430641
7610,46943,0.006355682184088517
7611,42321,0.006731805290388769
7612,65919,0.02454737781648259
7613,30135,0.02557262385763273
7614,57091,0.017759734447684597
7615,57734,0.01861709787285739
7616,23263,0.009791348683486512
7617,36099,0.012338073074912206
7618,42647,0.00894051112380964
7619,45883,0.0101862142671307
7620,37213,0.004121171476283991
7621,88463,0.016520456459256296
7622,35065,0.004795047437472732
7623,17408,0.006535984862935041
7624,81429,0.006294911464643066
7625,53241,0.006513340615300732
7626,5616,0.006882481603369916
7627,62592,0.007338630048181523
7628,37948,0.015878039964196372
7629,78760,0.013484910171333086
7630,63266,0.01050585529428341
7631,3719,0.012151669779042421
7632,31881,0.015681945326167394
7633,43507,0.01630942581098386
7634,97553,0.025837190714564667
7635,16055,0.02753973978431081
7636,62004,0.014163156249700617
7637,75289,0.008158209372760704
7638,37269,0.02188150368037118
7639,46009,0.01188274361621925
7640,9951,0.013942422208596672
7641,80958,0.01147150603008228
7642,63570,0.012091028164346117
7643,99849,0.011642493210020335
7644,84781,0.01263251116995657
7645,60171,0.0147345210447004
7646,43516,0.01683393061254245
7647,22820,0.013144077283772914
7648,69445,0.01962402993792946
7649,64952,0.02306830690138259
7650,78880,0.021964260613304084
7651,84557,0.02997137324767546
7652,77127,0.007183038691401947
7653,94620,0.005033314123616737
7654,14563,0.008468371373924106
7655,5952,0.009284191026793473
7656,50567,0.007859971933627898
7657,74549,0.010425805364020109
7658,58511,0.00824080455162272
7659,99512,0.008573341741504033
7660,39824,0.006197647795558309
7661,49635,0.0059938014067498655
7662,61864,0.0063287811517365915
7663,47248,0.006543366120439073
7664,70472,0.0067242551285665335
7665,3506,0.006022656400615304
7666,83795,0.0053266774625563085
7667,15322,0.006746940754582603
7668,57195,0.016206407362242235
7669,13465,0.016989391534005735
7670,26774,0.014473195579607948
7671,34002,0.01807229985078697
7672,86896,0.016777943144609404
7673,34953,0.017030697660389293
7674,45766,0.01809714345752134
7675,9515,0.01869666635707242
7676,59338,0.012995114582820506
7677,82581,0.010107527392850082
7678,22314,0.012074739962312142
7679,56356,0.012443086936060149
7680,19398,0.0015247226707473022
7681,34476,0.004283600942568546
7682,1134,0.004670094764052861
7683,89085,0.005241379615170458
7684,32957,0.02395337013412645
7685,4099,0.018932437395029894
7686,56054,0.02155075490677322
7687,96882,0.021030630556765524
7688,24424,0.01785601553200217
7689,13505,0.030353778033360167
7690,90760,0.017386536990103216
7691,33563,0.013057051362606625
7692,43940,0.014825077853419081
7693,59733,0.012761728939941569
7694,53417,0.01405004678225132
7695,97815,0.015002546584413561
7696,22715,0.005579614947056243
7697,74792,0.00701184645239275
7698,22698,0.007818750858785724
7699,96892,0.006016086440287346
7700,23776,0.010270364398522342
7701,43158,0.011066675692875678
7702,96895,0.01106787884866152
7703,15309,0.011743778141227294
7704,67971,0.015146553621544476
7705,28259,0.019012134411733248
7706,34587,0.016202618752828718
7707,60305,0.018474308493407893
7708,43834,0.020453190933695145
7709,13859,0.014681170658650105
7710,62384,0.015779127384799
7711,99794,0.015591410220862752
7712,42161,0.005981380761891185
7713,84864,0.008197544786353017
7714,82500,0.007829007301599532
7715,20823,0.00970015754124114
7716,45196,0.009866052841695352
7717,24757,0.011270158120496313
7718,35638,0.009648755169028666
7719,70079,0.0100982466589992
7720,55746,0.007182610391665718
7721,60933,0.004046948676914592
7722,21639,0.005509173211488015
7723,779,0.007909640696986287
7724,75116,0.02229300152684409
7725,10393,0.02361856032999888
7726,67848,0.02842406246278796
7727,70453,0.04616737100687053
7728,75389,0.011910808649392438
7729,38058,0.013908398548292546
7730,98437,0.015435085649358776
7731,42739,0.016936205896095898
7732,20570,0.01262252342390617
7733,30354,0.014646501047445647
7734,63939,0.01613797843302742
7735,86605,0.011632381928337172
7736,33591,0.0034089461604217487
7737,22134,0.008012854915397695
7738,3858,0.008427931952893375
7739,25349,0.009121954116161199
7740,81576,0.009002601682311867
7741,16450,0.014162043030195031
7742,74022,0.010648196043874892
7743,5069,0.012052207110758537
7744,29839,0.007607987368671905
7745,58806,0.004656056766284325
7746,32675,0.007724168243860394
7747,78076,0.010236256417885439
7748,62376,0.01844792438028822
7749,11840,0.01577577315747778
7750,89892,0.021134289682651707
7751,24664,0.02223938851622754
7752,74583,0.010503356362096228
7753,21924,0.007759411492192565
7754,32919,0.01838575802772549
7755,91025,0.005267913353086578
7756,82960,0.009213685470760926
7757,98249,0.007228957731826181
7758,2772,0.007643270939182921
7759,19172,0.0068005017004985424
7760,59982,0.00854826572684968
7761,49745,0.010846726770439154
7762,12724,0.011485875831250707
7763,55236,0.011504895910370136
7764,67259,0.006264688193365765
7765,68723,0.004389547221037337
7766,56379,0.009214027653882621
7767,46343,0.009436040161764891
7768,7251,0.029258488001458603
7769,64517,0.014785412245211606
7770,77588,0.01666768896487964
7771,18427,0.0215849576249301
7772,52503,0.005953786417068176
7773,48997,0.005463641003076763
7774,51080,0.008510903793420727
7775,2779,0.005552700304570813
7776,25356,0.013628656993573397
7777,50969,0.015109837040970317
7778,39101,0.020579949729305925
7779,64597,0.016977626652098114
7780,33842,0.012327233817390617
7781,36155,0.01818082158256064
7782,89835,0.016368341303840822
7783,25302,0.015587760906325979
7784,28449,0.011313749827515818
7785,49079,0.012372238345479437
7786,43849,0.009413687050843654
7787,71967,0.014333631673379001
7788,12770,0.005792665620939328
7789,77190,0.007829330159415487
7790,56058,0.009425262736758463
7791,66708,0.009429895463713752
7792,23215,0.02307662225529558
7793,27919,0.013281445630892392
7794,35573,0.011778531177471727
7795,84730,0.016010311140793557
7796,52747,0.01012388640032925
7797,57541,0.0057545973000127995
7798,37445,0.008582075645961428
7799,56556,0.008720160548293575
7800,92627,0.004900040046910399
7801,65978,0.00899384345392943
7802,2030,0.009528403694102284
7803,26676,0.011063057249650803
7804,37415,0.0071180713660484365
7805,72079,0.005695693805529519
7806,61775,0.007827322459128521
7807,22974,0.008286233625843097
7808,38181,0.012838637190862038
7809,54621,0.013196681625885411
7810,44572,0.020343308560801944
7811,88727,0.014743746678787636
7812,43010,0.01598752419043246
7813,32262,0.016366055859296198
7814,62869,0.020761906479183682
7815,79444,0.021555781478511466
7816,44489,0.017687235276731765
7817,13610,0.019439028676209544
7818,79197,0.020004882503462315
7819,94484,0.023041315447623445
7820,58473,0.006637222641148748
7821,42279,0.007470378513858822
7822,43589,0.0069750284732067
7823,56221,0.009065663617179235
7824,85672,0.00858309572814343
7825,85246,0.011225225599076231
7826,14846,0.010496943113246207
7827,92068,0.009616918099448967
7828,47857,0.00881684106866577
7829,48609,0.010396187021325252
7830,21359,0.01710693842494608
7831,57289,0.015437978218298683
7832,42795,0.008168886707283548
7833,11032,0.009745316927918614
7834,72090,0.00842450875000122
7835,93090,0.010068840423850924
7836,58876,0.013497692557144362
7837,32771,0.01251466472524718
7838,69072,0.015473396245991146
7839,22981,0.01995782140624305
7840,62951,0.015309107907553547
7841,98291,0.019120392626358847
7842,62166,0.02762117345227086
7843,12211,0.014395480567198627
7844,14418,0.008962855808184034
7845,46118,0.006861006369012984
7846,9625,0.008141481032766927
7847,58960,0.007042375274272189
7848,306,0.01810304367415434
7849,49381,0.008377912132146632
7850,81662,0.01318527584153174
7851,5075,0.01409149953288265
7852,67393,0.004153704205724459
7853,25593,0.011508786166051888
7854,62762,0.006863781472746374
7855,75562,0.006161021914988352
7856,22962,0.018803069865082848
7857,11565,0.025003137362917732
7858,18957,0.02054307420455192
7859,70375,0.022584698904565298
7860,25310,0.004362043099165825
7861,92851,0.010426253217689897
7862,57447,0.005885661034780217
7863,73096,0.007919432822011397
7864,38103,0.011688212139085774
7865,11363,0.008190658790973325
7866,82559,0.008470860549393574
7867,880,0.00996702549775013
7868,73556,0.02045885079870734
7869,41048,0.02392951467421495
7870,82521,0.01561966219484244
7871,3970,0.023354934619830146
7872,39193,0.030943054453499083
7873,10585,0.03368396000880872
7874,94342,0.033643952943430235
7875,5901,0.042191876729664686
7876,49032,0.013692899312373443
7877,53976,0.0068285499543822735
7878,12395,0.010883244775590876
7879,46929,0.015454668049263324
7880,49867,0.005515869849792305
7881,66839,0.005463873164158093
7882,89559,0.006232590273845622
7883,70062,0.005075663071442911
7884,72177,0.007551991557595187
7885,23096,0.014798694144457784
7886,80061,0.008457706629123363
7887,14791,0.008864433220849122
7888,50189,0.009517065865353018
7889,51760,0.0077678934555500566
7890,6345,0.01004200312813963
7891,1163,0.01031151457772572
7892,87559,0.002702598849059337
7893,23751,0.0063606082206293275
7894,23538,0.006655887109389403
7895,19011,0.007666014498821198
7896,63471,0.03411585140568305
7897,47694,0.03122347399143698
7898,10597,0.03991195372166572
7899,68118,0.016972837916813713
7900,90849,0.008353582007282066
7901,70459,0.011022319667565932
7902,27736,0.0063272774219934845
7903,36537,0.006711497611106041
7904,15043,0.006324532034407531
7905,63723,0.0075981122410638926
7906,85853,0.006932617644552531
7907,99666,0.006749596635926693
7908,84227,0.014023882406278141
7909,68266,0.017248041749255986
7910,40925,0.014923718510929926
7911,27215,0.018470153189645566
7912,86263,0.011867103079782334
7913,81703,0.015000168561399359
7914,77920,0.01192367059270324
7915,93852,0.017975818169566296
7916,33805,0.01141562167874291
7917,33096,0.01104181829857557
7918,47919,0.012216175856932503
7919,2235,0.01212504979409423
7920,12663,0.00710298230191933
7921,70517,0.00906816913906533
7922,32330,0.009628489561434535
7923,78553,0.01073360991331905
7924,90656,0.002907747024253517
7925,4866,0.006631553953553517
7926,37935,0.006785825422317928
7927,86031,0.007357633761658017
7928,43094,0.011148901022892021
7929,31570,0.012003768443925728
7930,72198,0.01263174946462737
7931,68126,0.010962433247989343
7932,6753,0.007456163889087624
7933,57763,0.007300155915154647
7934,31809,0.007473235301484591
7935,75419,0.00897093141485428
7936,72567,0.02106695309462995
7937,29007,0.020424480783597043
7938,67416,0.024031258565240545
7939,35207,0.023892711615316975
7940,91388,0.01583616673698327
7941,6396,0.008010468522333333
7942,12909,0.013287920361363998
7943,66021,0.01968998869834482
7944,90881,0.01586422360378744
7945,21558,0.022574847559992617
7946,81005,0.015813198744774003
7947,60776,0.024341124454660207
7948,67344,0.009604857246037095
7949,99239,0.010533462360865926
7950,66366,0.00747601287037002
7951,61006,0.008713892043713246
7952,3795,0.008177800825712268
7953,8382,0.01329535390480923
7954,30129,0.009997167312619881
7955,60875,0.009007833634287688
7956,35986,0.0053277257003624
7957,47255,0.007784363105480081
7958,82546,0.007530188976354022
7959,51063,0.009076221700942442
7960,58685,0.006955229899328223
7961,84240,0.007137639005981574
7962,5388,0.007147460768019698
7963,39758,0.007247182498416514
7964,81407,0.018805527978633777
7965,14992,0.017722498287999183
7966,38051,0.015317201141308842
7967,63390,0.02086640343307916
7968,7907,0.007754364403733928
7969,87498,0.007934224275936454
7970,35185,0.00896069848341764
7971,26778,0.009374012170032536
7972,21183,0.010746865138965212
7973,23397,0.00763056102965586
7974,90737,0.00818902253096062
7975,29105,0.011429749448729903
7976,84610,0.008960121330752713
7977,63601,0.007559641425832268
7978,86303,0.008578876646238288
7979,22253,0.009158606365324114
7980,91826,0.021123385667454767
7981,75166,0.015704149562789853
7982,46833,0.02652247632476608
7983,5905,0.025658070359765767
7984,24117,0.020126741079471676
7985,50623,0.012883285934918626
7986,82235,0.012915897947361376
7987,92716,0.016495103746694103
7988,53337,0.008506025649816734
7989,95718,0.009096109397457475
7990,11746,0.010394380599541035
7991,88137,0.012399982694369862
7992,77691,0.009067360746134972
7993,86473,0.009422654225800502
7994,53692,0.010939429685542613
7995,8991,0.011119771786535896
7996,23588,0.041321770966586756
7997,75983,0.026510399242834902
7998,26924,0.029039354645029367
7999,97441,0.030294268615499925
8000,26836,0.006736012037180156
8001,96273,0.0070080455074275835
8002,7579,0.007096814058105565
8003,23443,0.0072509311277747235
8004,62418,0.006484165337471976
8005,87060,0.008907203901872725
8006,48518,0.00818207020403188
8007,93011,0.007725709868284794
8008,17209,0.008422582307828622
8009,49403,0.00910141291899787
8010,14224,0.011027100224328595
8011,88571,0.011061182808617911
8012,42920,0.039176232514613295
8013,68320,0.03445501350738399
8014,20408,0.04224364762903292
8015,92553,0.0440478044916248
8016,75471,0.018099837405072438
8017,73283,0.01896633369960329
8018,90412,0.021025464726908943
8019,98655,0.017475146811812406
8020,35168,0.00971674715439123
8021,27697,0.008673472636539604
8022,73658,0.007858059968638226
8023,5151,0.00988888015524625
8024,2060,0.020393685338686456
8025,64023,0.017572482051977156
8026,99619,0.030267386447940796
8027,85211,0.01443809510071558
8028,33723,0.008923691574366425
8029,80773,0.007561909648137535
8030,58996,0.009771615282684817
8031,10801,0.011043294133108844
8032,45371,0.012779313009895692
8033,75783,0.014106965192094246
8034,48160,0.016639566183803106
8035,71458,0.01719943175483444
8036,33531,0.012812073522380917
8037,88694,0.034249848623300924
8038,67407,0.01197033340232712
8039,29041,0.02958618680904556
8040,14318,0.01173188783704928
8041,77251,0.011983171518213428
8042,95816,0.010621211391117684
8043,55525,0.014706914147634656
8044,92029,0.008378207596262462
8045,67677,0.009392536132264017
8046,45492,0.009460912801772506
8047,41093,0.009865363310470127
8048,78144,0.023644828964568855
8049,34588,0.024123645776594323
8050,12178,0.024273828608477932
8051,26953,0.026262645086799305
8052,24225,0.008444938036169539
8053,21844,0.006677396547663611
8054,9565,0.00817270016650862
8055,62755,0.006299310808102096
8056,6477,0.006060249805703261
8057,96736,0.007571062775888496
8058,45482,0.00770935261532588
8059,30784,0.009462662655159899
8060,57583,0.024425324689462125
8061,19886,0.021418685911515068
8062,61617,0.02585373710562939
8063,38274,0.01776778688309561
8064,8589,0.02127698603038674
8065,73563,0.026415954205907078
8066,95830,0.023019172430101445
8067,70476,0.03189439384145031
8068,27152,0.005357695029506393
8069,15657,0.006497159944014842
8070,27006,0.006531052132973921
8071,90481,0.00625978538845124
8072,21271,0.0070518774889783
8073,28199,0.009048431821040648
8074,1057,0.010403795737925683
8075,95215,0.01038658661215461
8076,15095,0.009233231532930358
8077,46549,0.0075025313308589164
8078,55426,0.008673293225515414
8079,48513,0.007572274132131297
8080,39057,0.01280676905536046
8081,83437,0.007598943418660641
8082,49619,0.011159273597259867
8083,99610,0.011520122483582747
8084,20580,0.018778703585050852
8085,47146,0.01699617552985759
8086,13617,0.019146681984468235
8087,63897,0.025843484452305145
8088,30567,0.007352636649706846
8089,50608,0.005598623878218311
8090,4128,0.008075439072342216
8091,15734,0.008423831748833436
8092,15959,0.015945873216949295
8093,83683,0.011731413650996541
8094,93623,0.01682494175276965
8095,58945,0.011585120767462443
8096,24157,0.0077073887796127935
8097,88080,0.009113867381797062
8098,79271,0.009056771547114446
8099,93617,0.009145810602820662
8100,29855,0.00946416160343403
8101,14989,0.012395249635021081
8102,42737,0.011141951982432506
8103,93762,0.010243401932976275
8104,70792,0.012419791683460628
8105,36667,0.013491534221302112
8106,46504,0.025699281131884206
8107,50093,0.019927813585627636
8108,89741,0.012436709653949902
8109,46834,0.013045713598888536
8110,39145,0.013008816710451863
8111,55476,0.01381409105622458
8112,95537,0.011859793054573667
8113,35749,0.010483930692715797
8114,25906,0.010641550053257738
8115,56006,0.006607018673367621
8116,3663,0.008773628238677972
8117,72539,0.017938310409372892
8118,72982,0.011887525267293565
8119,30519,0.013487253583501673
8120,21199,0.0073233196624923665
8121,14406,0.008525413046173679
8122,21642,0.010446122901863059
8123,89565,0.007911977818004802
8124,41493,0.014221922194020933
8125,5661,0.013567561960225133
8126,69665,0.013567318991728188
8127,47837,0.01467935306371714
8128,56696,0.004801766297302329
8129,82358,0.0067544789784715654
8130,20053,0.011281277068195577
8131,91728,0.007853277265424563
8132,27539,0.007806708657359223
8133,96425,0.0051535119469465615
8134,16844,0.009492617612447336
8135,10950,0.00997463117393105
8136,6476,0.006903699681010117
8137,56022,0.00777660482047565
8138,31311,0.00782226706545501
8139,3526,0.007249089186883936
8140,86411,0.014220374201540282
8141,29959,0.009095840323587918
8142,13908,0.01543438859745442
8143,68565,0.00916765713914062
8144,17402,0.007102890460071277
8145,43219,0.013858811190287255
8146,3331,0.013076689002350544
8147,90169,0.010244037361196154
8148,54505,0.009786522211836169
8149,37531,0.0130355267612439
8150,89980,0.013911555747589514
8151,88414,0.010626172674710116
8152,29998,0.015561963015415577
8153,55176,0.018538892364444927
8154,25615,0.014515189367623482
8155,15090,0.01495821344584119
8156,54486,0.01116199611646428
8157,71285,0.01151948754973351
8158,24257,0.012191688693396001
8159,20946,0.011740992784180858
8160,4266,0.006764254210765882
8161,38261,0.005024066091203927
8162,16893,0.006334237926798152
8163,86519,0.0018276597618043756
8164,83780,0.022846081727007573
8165,52256,0.012131248585302262
8166,89653,0.012846540317359406
8167,66301,0.01469456272637455
8168,33242,0.013044545681324727
8169,26232,0.012563145516234343
8170,76722,0.0153169680022214
8171,75975,0.013447617154492754
8172,79634,0.04964243610469513
8173,56695,0.06929985715509096
8174,19372,0.06774247291101634
8175,80980,0.045344085578741665
8176,69545,0.008595945338234854
8177,74053,0.012042920179641365
8178,59547,0.011516059882017883
8179,14820,0.008752562928992551
8180,26406,0.013889040008231948
8181,63009,0.020472902319252504
8182,80188,0.011999635373294073
8183,37899,0.02020358001743478
8184,24928,0.012957479007863324
8185,69906,0.017067127138594554
8186,9731,0.017014726839424486
8187,96562,0.016071708671403583
8188,46796,0.02453711466803176
8189,59421,0.02298104596794915
8190,27230,0.025174845024508476
8191,66055,0.02276417089304266
8192,8024,0.011295909194490056
8193,88454,0.009172546469623401
8194,59751,0.011563694064010829
8195,32516,0.011827259233029637
8196,73350,0.0245773124041962
8197,15908,0.026940424935437635
8198,63669,0.031195370254780554
8199,71094,0.0243089213247332
8200,93003,0.005731714690572211
8201,75146,0.007378437480714093
8202,61505,0.006155759298407829
8203,7686,0.008609100318033547
8204,28590,0.018639626313103657
8205,84596,0.013671943123404627
8206,54510,0.012871633338512559
8207,93817,0.015834061544199536
8208,50390,0.022127045460618423
8209,64742,0.025550879272341218
8210,55546,0.025342483628585186
8211,93710,0.02509610379081949
8212,22148,0.0066304950297265365
8213,50068,0.005794458639029873
8214,80925,0.007893849410059627
8215,68092,0.0072263626507141215
8216,16098,0.007081047563265119
8217,9298,0.00776860255906477
8218,47859,0.00792761347641422
8219,6699,0.00872571338734266
8220,12538,0.009332478493971962
8221,29636,0.0081907640745119
8222,86360,0.009954063919567312
8223,2548,0.008748514032789988
8224,32823,0.009886940510319603
8225,21045,0.012298483061065865
8226,80182,0.00881918758440402
8227,85496,0.0102066550828997
8228,20453,0.019118808487230153
8229,97776,0.019386372617555103
8230,90396,0.02249302943787019
8231,76401,0.01977857079699695
8232,60421,0.010517215862959828
8233,16309,0.021308658939074333
8234,48636,0.012570998971308044
8235,44515,0.011576064251153555
8236,12162,0.012733327057492508
8237,20292,0.008487190664946196
8238,1087,0.008853425254526485
8239,54909,0.012417566327318996
8240,73710,0.02473343769287499
8241,10036,0.03349775064919612
8242,61331,0.025724610288549277
8243,75727,0.02593859976726867
8244,50828,0.03326260115679804
8245,6471,0.033665962659847865
8246,44640,0.03149908476105453
8247,23958,0.03828585793296042
8248,58172,0.00542316241683166
8249,601,0.0071790555741105995
8250,79481,0.008190338047875624
8251,64110,0.008484182103706647
8252,50859,0.016485683451481284
8253,53304,0.016466524180055765
8254,58864,0.016559572425556668
8255,96674,0.01818534256230551
8256,24104,0.008656856346005524
8257,54151,0.008731517095312055
8258,81327,0.009423841971371576
8259,28218,0.009953394037395744
8260,43824,0.0069197477918440265
8261,71337,0.008145099880969786
8262,8865,0.009594376156203385
8263,58062,0.009786965828300296
8264,52332,0.012102277355219454
8265,33775,0.012640534676630486
8266,11617,0.013006692719304588
8267,34316,0.014186481818648506
8268,872,0.030229574625226446
8269,88315,0.027751796223005797
8270,96919,0.032836586484524956
8271,91854,0.031783235728835985
8272,73698,0.005031347822632664
8273,6789,0.006877764596390206
8274,63920,0.008405656897538649
8275,24488,0.008972393689976776
8276,53164,0.012321541648543863
8277,61930,0.011114271557395935
8278,18730,0.007134461573818283
8279,69777,0.008835814196537456
8280,65407,0.017148929938802866
8281,91995,0.02006316616751452
8282,59730,0.015111156187355992
8283,58973,0.014486825950215172
8284,6473,0.010205423743282977
8285,38905,0.011150384567993797
8286,16381,0.010770912309123895
8287,79116,0.012349132953046947
8288,90133,0.012222146351683356
8289,33659,0.011221863055019904
8290,80208,0.017692146220025722
8291,29475,0.018621734193478977
8292,48625,0.012020158931482167
8293,79448,0.010913269168942787
8294,11842,0.013789956485225303
8295,42804,0.01659414709379049
8296,49151,0.011006776791856365
8297,32217,0.015572261603416125
8298,30291,0.011742278289317547
8299,81239,0.011150696041237421
8300,42618,0.007651719535104136
8301,28091,0.004634257471090372
8302,91637,0.004174419519210291
8303,36067,0.00795667216310696
8304,69387,0.01130834839935712
8305,56590,0.009389237328229761
8306,21917,0.009196764483390428
8307,88448,0.007998634386354654
8308,20371,0.009504364801092811
8309,79388,0.008987564572673443
8310,34306,0.010917981896804447
8311,21381,0.010956557486703215
8312,22024,0.01712992220334661
8313,32828,0.019137445306435415
8314,89384,0.023722539780495357
8315,91280,0.02402384617024201
8316,23609,0.008944957346915031
8317,25020,0.00914182953093124
8318,45593,0.00989188473477779
8319,88637,0.010845414604963338
8320,58760,0.01273378183888979
8321,83798,0.013136999357645871
8322,2900,0.012775894093930033
8323,67988,0.016163932205402014
8324,34548,0.019851205876668467
8325,2687,0.025298784842195707
8326,34204,0.014334533224064262
8327,28848,0.02006628550030979
8328,45291,0.014758169525049013
8329,97632,0.009037226255507166
8330,51417,0.01851470135317478
8331,72393,0.01531115924904508
8332,35187,0.007894068434165648
8333,37627,0.008992995310614624
8334,36522,0.009814461054159455
8335,72186,0.010064756805479583
8336,17482,0.007210414338151781
8337,78060,0.009077788280170087
8338,15939,0.011684086251182856
8339,21571,0.00834692817729394
8340,39203,0.017055242948601328
8341,35306,0.013916933459259501
8342,36510,0.014669501687085248
8343,51787,0.012692476386164928
8344,88317,0.010324909458015714
8345,79644,0.012333720626046714
8346,92218,0.015039193075549998
8347,92248,0.013383900670231982
8348,75414,0.017163375205713212
8349,57098,0.019395792809090134
8350,5695,0.01990507917106229
8351,74919,0.017911233753944926
8352,23248,0.008487418113612148
8353,56968,0.0060150699765061065
8354,75348,0.006530987263356341
8355,68359,0.00641019478098181
8356,74862,0.008125636635343356
8357,37578,0.006755667750371159
8358,72436,0.010003905216280942
8359,70965,0.007406025438402139
8360,87027,0.00994413178669767
8361,7311,0.01043153737976181
8362,64361,0.009775362437281597
8363,86146,0.007404380990796438
8364,10504,0.008087848299400084
8365,68366,0.00877136972476935
8366,31542,0.008531729729383599
8367,77686,0.007256968439520522
8368,91120,0.01283657053807123
8369,90847,0.013990134385907654
8370,83666,0.015829264317708133
8371,96223,0.00852173061124138
8372,52162,0.0179312968272611
8373,17431,0.02128788173287155
8374,24375,0.014575674971308492
8375,97214,0.019463880239241414
8376,23638,0.006221648243246305
8377,61598,0.008550889797542578
8378,19361,0.009543712671321829
8379,34369,0.007063102675122656
8380,79928,0.016608080936109333
8381,29212,0.014844059253849417
8382,30351,0.013276432053509703
8383,60474,0.017214422241787312
8384,34667,0.008727091061840648
8385,10364,0.008583286826947725
8386,83764,0.010323754113599521
8387,49809,0.009651154959904016
8388,819,0.008411565539405398
8389,61199,0.009848281248330629
8390,21687,0.008930997652641999
8391,46869,0.01043478438013698
8392,69572,0.017724823350345864
8393,73946,0.01843174992902099
8394,61390,0.015178619854217628
8395,53242,0.014708740750238992
8396,72695,0.006056952416314241
8397,18221,0.007601536917246068
8398,96213,0.009446377448183364
8399,90671,0.007035805994842661
8400,55030,0.015039346420656696
8401,33138,0.010605459648254455
8402,57637,0.016298378300324018
8403,73193,0.01650191493423261
8404,53756,0.013373268470267076
8405,13121,0.010520600074509633
8406,48615,0.010587856316029036
8407,43278,0.010854774493308177
8408,89297,0.0032077709100812833
8409,56628,0.003932925764713513
8410,62260,0.004632375433323326
8411,47850,0.0058538606088109745
8412,648,0.009311158519156608
8413,57304,0.012992390360148064
8414,92933,0.014842084572067881
8415,63276,0.01257267744145168
8416,51126,0.011815808271978335
8417,35473,0.010422297068134405
8418,28556,0.00958415953482901
8419,89569,0.009785063594704681
8420,49176,0.012405360185312788
8421,1707,0.008077518314139314
8422,46952,0.008165938721395477
8423,190,0.011359392360557174
8424,1896,0.009015977640413054
8425,16928,0.011142493973881722
8426,40362,0.013835005086045155
8427,26207,0.013942739490737325
8428,75450,0.012356394568481952
8429,9449,0.010534387368975561
8430,4082,0.009115466656935455
8431,60902,0.011443507751132592
8432,72097,0.007872810523438255
8433,99120,0.007431158220433541
8434,31075,0.008614441783077681
8435,27597,0.010317022510408311
8436,66834,0.006862445505401124
8437,41055,0.009510385703076923
8438,70849,0.008496953891785647
8439,82943,0.010919998787343213
8440,54239,0.00819592585490773
8441,43950,0.007133885554412496
8442,30858,0.007745882270595509
8443,4856,0.008842105458339519
8444,21747,0.00850398317936426
8445,45292,0.01017349013200281
8446,609,0.01018034354620219
8447,46281,0.009168033353647659
8448,69234,0.008036654443843144
8449,50704,0.009329177577437522
8450,58480,0.01157189083767116
8451,46781,0.011391944613465514
8452,80817,0.01159477940990901
8453,81299,0.01604638701905275
8454,66153,0.01842763383723617
8455,18260,0.01569088174468141
8456,83649,0.010634925286984849
8457,28551,0.012116481241801945
8458,97510,0.0061417400649388405
8459,8038,0.014745791124562153
8460,92711,0.009770178472326179
8461,63841,0.011877985539387147
8462,42801,0.016262563092734043
8463,84157,0.016417345365518844
8464,51766,0.008766150396651518
8465,56247,0.01292002462176766
8466,32688,0.00758167669656487
8467,39413,0.0059660223559360025
8468,73143,0.005931237240959161
8469,2481,0.012437756023467512
8470,7559,0.0069805329442977375
8471,34591,0.005436311889837205
8472,27205,0.01271933326213518
8473,8019,0.018952477156211844
8474,95629,0.020792214255058013
8475,23913,0.023246169574064814
8476,89913,0.00956428589621584
8477,21755,0.012093500554196642
8478,47238,0.01550140451497625
8479,43896,0.010381813206982785
8480,37781,0.04802535371929688
8481,93125,0.04806994947940607
8482,13982,0.06157118433349937
8483,38011,0.06393490748552058
8484,15352,0.021375561522470044
8485,50849,0.024067003930193117
8486,66893,0.026021861516687877
8487,89430,0.023897918334338332
8488,98254,0.005067351267766584
8489,94576,0.005193493530542933
8490,53093,0.005708872984937684
8491,97107,0.006357849802715556
8492,83338,0.003837395074755152
8493,3665,0.005943401284771209
8494,99522,0.006143852932207265
8495,8676,0.0076769008454201215
8496,16626,0.006638583407942772
8497,67040,0.006168308307251565
8498,15513,0.005923234528966067
8499,31962,0.005591366574429729
8500,611,0.011801098414423351
8501,91101,0.017791186267115774
8502,11808,0.011351039760098866
8503,83163,0.011845279563074284
8504,63760,0.01632176412942993
8505,97211,0.013673587752824422
8506,33647,0.010759806347651668
8507,24060,0.01638683906204983
8508,376,0.012955695539659064
8509,21375,0.010689484600173814
8510,15184,0.009474800530026676
8511,26560,0.010187881464942785
8512,53826,0.006817191142579879
8513,15626,0.008254358559334766
8514,43767,0.008833965179554018
8515,87731,0.008319705710283502
8516,75455,0.009592105706887134
8517,90765,0.007632467326765275
8518,29969,0.008511353891300682
8519,31667,0.008673444769835142
8520,65311,0.009918735106876509
8521,74498,0.01013361488054064
8522,49208,0.01048324948268493
8523,17232,0.01062399202600034
8524,10235,0.01675171545475903
8525,89668,0.006815493516238985
8526,77814,0.015162373677368153
8527,26711,0.01602757630178883
8528,78256,0.009193483377012108
8529,96741,0.006511939151725666
8530,16439,0.009090916600841045
8531,8684,0.009603217218468008
8532,2972,0.020390232280979307
8533,87384,0.021474318172498848
8534,45512,0.022739664499768213
8535,80196,0.02284910000983373
8536,91795,0.019294966281979874
8537,42937,0.02216956844393037
8538,82811,0.025888440727546775
8539,43250,0.023078396385225585
8540,84587,0.010006400060131286
8541,84153,0.008798252929653078
8542,63518,0.006987182430621438
8543,82438,0.008635974157895139
8544,24077,0.015087558042004894
8545,40156,0.016132664207778882
8546,43570,0.017302737030089305
8547,72805,0.01586608901748783
8548,87100,0.008202895290745919
8549,23284,0.01034467329262886
8550,38531,0.015208032573680082
8551,54985,0.018911637495059752
8552,87106,0.014400349210599399
8553,66932,0.017469189782208763
8554,42912,0.016827875499909124
8555,686,0.017562808880460405
8556,1068,0.01265445332397029
8557,42307,0.013805205021594857
8558,77746,0.012561104146108355
8559,99515,0.019631263303395284
8560,99693,0.008657270403780698
8561,22189,0.007595319951040223
8562,71310,0.008757905297946521
8563,91267,0.008632034712788427
8564,37166,0.012069109695207338
8565,69080,0.012567048375645064
8566,91755,0.012926616891694548
8567,74730,0.010595913688294782
8568,62541,0.012040973450980423
8569,45591,0.021297101194195527
8570,50295,0.015368454643360037
8571,13331,0.015537038846722261
8572,18739,0.009966111977602539
8573,27855,0.00909960535230461
8574,47469,0.012091069042206703
8575,80777,0.012773236665584645
8576,51374,0.009023101466441962
8577,29976,0.006658107888717446
8578,45128,0.009934683295702278
8579,98949,0.011388041733787903
8580,37473,0.0062982152797027
8581,18176,0.006871304535627634
8582,24663,0.005486848891144552
8583,98928,0.007009588183009084
8584,77379,0.01335396930651847
8585,70172,0.016302730423170392
8586,78440,0.01822170557567338
8587,14640,0.01884540108867673
8588,82840,0.008305405103775228
8589,92359,0.006280688778147724
8590,25235,0.006759560562785765
8591,55189,0.007573324353593492
8592,96830,0.011491622616033915
8593,29741,0.01112820878907402
8594,47654,0.013252313721419471
8595,38520,0.009289968319893219
8596,47175,0.007046038596212058
8597,79573,0.00674190248712022
8598,28681,0.00696534567622805
8599,11367,0.009554849531563957
8600,28481,0.011197207081202046
8601,96098,0.015938718229929996
8602,54371,0.01597801139986557
8603,60831,0.014736764029809226
8604,31568,0.01794719825396318
8605,5970,0.020217934808285862
8606,91065,0.018457123326564233
8607,78873,0.019821121911640573
8608,29681,0.01925037556609058
8609,17990,0.023232175361314604
8610,74541,0.024057046237086037
8611,38680,0.023503124839085773
8612,80649,0.010467733445671996
8613,79155,0.01319299389289217
8614,89251,0.011167487743435721
8615,30319,0.013764334855708537
8616,92908,0.008765213293409
8617,17629,0.011913028911784482
8618,22625,0.017801825083241796
8619,30612,0.016002565857351717
8620,36326,0.026800228757443537
8621,11336,0.035944802445287916
8622,59961,0.037659075250347965
8623,58922,0.04841264647422942
8624,15366,0.009571425212568539
8625,35828,0.006187944025400181
8626,54781,0.007576540702000328
8627,15614,0.009467541591100324
8628,16849,0.008518826072840727
8629,99373,0.010975660177897941
8630,45121,0.00976103765780848
8631,53979,0.012435361575320839
8632,96396,0.018988589136343964
8633,41697,0.02259242315669922
8634,43864,0.020604790043047536
8635,64219,0.02399385420485368
8636,12450,0.006880137522745042
8637,26265,0.006216815945065743
8638,31857,0.006177076215094153
8639,71312,0.008067941965200585
8640,40981,0.016626396628200986
8641,48272,0.022738072411637562
8642,59533,0.02688557234823867
8643,53358,0.027108198929349583
8644,1184,0.019201634307962793
8645,95568,0.019569203970395847
8646,7191,0.019606155708156478
8647,38667,0.019681022431850808
8648,81137,0.017839609470268025
8649,52495,0.02200788003587724
8650,14119,0.022247110460047216
8651,94712,0.018993450482989536
8652,22886,0.009912209144622746
8653,92095,0.007750282516191927
8654,74513,0.010063052831234163
8655,52435,0.005890078231508292
8656,61783,0.013725718454095634
8657,96063,0.014471559649731201
8658,40202,0.01230287469065368
8659,55800,0.01428283938785815
8660,78527,0.009729489746287727
8661,58220,0.004534112916625166
8662,88612,0.007719104763575951
8663,49807,0.008657271653384726
8664,25293,0.0068265053304182345
8665,2291,0.011788646526969336
8666,82689,0.010056583576200108
8667,10640,0.01255190687483599
8668,27077,0.01881119720211026
8669,79107,0.023736692783948795
8670,62961,0.022248924894663243
8671,95951,0.024083493799161904
8672,17983,0.013769181467451031
8673,39055,0.014004654282532999
8674,81887,0.00975200514043871
8675,54936,0.014008853001307775
8676,33988,0.008138494105373657
8677,61195,0.004474088307387543
8678,7329,0.008861730632913728
8679,75685,0.008670264606951694
8680,97726,0.010615908592177158
8681,16264,0.013104895918969281
8682,28759,0.012435701523264727
8683,43611,0.015933208538177146
8684,48705,0.010115231952759594
8685,41289,0.008616021755510715
8686,98333,0.008920827130035704
8687,44686,0.009104101273944697
8688,86039,0.00921309846269504
8689,46037,0.009989774223758198
8690,279,0.008736734969392614
8691,83088,0.011078782588265931
8692,60434,0.00951940170618761
8693,19318,0.008876882683636997
8694,96417,0.009058229585864563
8695,36192,0.009093073628720302
8696,44482,0.024744397219257912
8697,33439,0.007693277908041984
8698,87826,0.014036533682249053
8699,62675,0.014792464469035167
8700,58042,0.011961379561208909
8701,5942,0.011023941379151705
8702,77908,0.013281460648407585
8703,1550,0.013640286844712203
8704,1601,0.0061944037799887795
8705,86237,0.007021407925679662
8706,32235,0.007710539356384483
8707,60180,0.008604358904377947
8708,82522,0.006709860392155427
8709,9292,0.008487351472383902
8710,31778,0.011551469638443362
8711,6392,0.00879144746860023
8712,40664,0.017991112639910663
8713,61547,0.028459897780180834
8714,42623,0.01678438732285492
8715,56197,0.028949161643621987
8716,16428,0.011229645538723455
8717,46715,0.01072354550663631
8718,90637,0.012155552527169248
8719,74410,0.012174580948279645
8720,33919,0.017745636184509677
8721,67804,0.01570559472538207
8722,6595,0.01835608010339623
8723,48481,0.01852738825912013
8724,48791,0.008881955997310662
8725,91617,0.008750290312507939
8726,30272,0.013954129309346724
8727,67113,0.009935907451633965
8728,65658,0.006103884577826033
8729,70443,0.008690294544148706
8730,34772,0.007611658990535612
8731,41961,0.011569304093336015
8732,66672,0.008582670198193372
8733,77828,0.007857021426539173
8734,8456,0.009492609070059685
8735,35293,0.010108977992069888
8736,5667,0.010587904073774686
8737,79582,0.01266510593887772
8738,99396,0.008326348015336167
8739,94715,0.013187988701031206
8740,17612,0.013933268985438991
8741,7349,0.012527448227064569
8742,63552,0.013946972004134412
8743,70916,0.013475933334321429
8744,35236,0.004644331085109588
8745,31147,0.01152250673309318
8746,78667,0.008500677907608813
8747,55461,0.008782558625336914
8748,77844,0.008753553116892276
8749,54078,0.00777472347149297
8750,3807,0.008552399088154111
8751,68238,0.009839715261348789
8752,95899,0.00888505467553595
8753,96733,0.008124549415806356
8754,79788,0.009016267732164893
8755,48386,0.009303203792582228
8756,78797,0.0063533264076613685
8757,16454,0.00859775968015753
8758,33199,0.007118805957684302
8759,88405,0.006994536675396227
8760,70766,0.01289110624881682
8761,57635,0.010563467001544334
8762,99143,0.005556092270701196
8763,42315,0.011141972579153447
8764,77554,0.008087476763356033
8765,39302,0.010863208906987791
8766,48185,0.008910040912538893
8767,40971,0.011188688878746437
8768,91880,0.011259160884470256
8769,86100,0.00883749867288397
8770,28452,0.012185659816119021
8771,32525,0.013330804524675019
8772,43133,0.015067061594490842
8773,5433,0.012172102073344668
8774,87158,0.01588689467358191
8775,93918,0.011442803158307058
8776,5137,0.023383406826542705
8777,54336,0.019115210820164992
8778,67853,0.028419521441849505
8779,8928,0.02963472013790846
8780,75818,0.009519649622571586
8781,83955,0.0072509209655323235
8782,74877,0.012982441780453739
8783,1992,0.009409237634575792
8784,96384,0.005429598623648444
8785,14208,0.007180955282596897
8786,79676,0.006652393851963603
8787,25276,0.007826645767517728
8788,14025,0.008433942483353923
8789,40088,0.01010463474156864
8790,90236,0.009913099067206738
8791,6467,0.013397880651270955
8792,33397,0.009777707023858268
8793,60816,0.01123487715689981
8794,70987,0.010184765824550872
8795,6335,0.016956792305772024
8796,13808,0.009651095644775827
8797,85796,0.009692643053240928
8798,68542,0.009701808346736295
8799,52588,0.010272714125018689
8800,31493,0.00883570465463922
8801,30808,0.009972380931964165
8802,73454,0.010000738188946654
8803,78480,0.011104797681405997
8804,70974,0.014177829549661094
8805,45144,0.011707340992826155
8806,23622,0.009806401960234485
8807,2800,0.016699154295174868
8808,64414,0.008283016238077624
8809,80351,0.007678312588437259
8810,44823,0.009025290496168337
8811,62205,0.008818643801374086
8812,7911,0.00881678459181012
8813,51144,0.01271043187742149
8814,49670,0.010093815643988428
8815,77761,0.01147459218529126
8816,49918,0.007200677503206578
8817,56676,0.005562239869065725
8818,38411,0.006608912604910896
8819,87483,0.0043248844165365554
8820,89463,0.03705202023390298
8821,19571,0.018223678963750517
8822,2047,0.020436498582774618
8823,9928,0.02173241390972224
8824,87401,0.008765234832716677
8825,33495,0.012677107980301168
8826,46408,0.008692168519691889
8827,53952,0.012177811992695827
8828,13504,0.006314926163774902
8829,21138,0.009177119419860985
8830,63208,0.008814034714437535
8831,45752,0.009262526666515229
8832,97951,0.019353097794472477
8833,57772,0.018078427040969968
8834,81815,0.02346845149197546
8835,76402,0.021205674583284845
8836,768,0.007041695089714446
8837,51119,0.005636293233766107
8838,77805,0.011654066923533869
8839,56610,0.007269487697901895
8840,78306,0.022109517868860583
8841,41838,0.02125420521626712
8842,88647,0.02416286375908812
8843,32625,0.023488781698787833
8844,16422,0.007327681280958808
8845,71602,0.00997080898366444
8846,1497,0.009025398675740013
8847,19890,0.007944551108298984
8848,49789,0.006480100569332353
8849,8690,0.011203517566743516
8850,80464,0.012873406347218445
8851,32588,0.013146667683655501
8852,24968,0.01395394150835927
8853,71576,0.012209706847932338
8854,67360,0.010508405686761526
8855,92259,0.012234204111780566
8856,64586,0.009564173044744691
8857,36811,0.009781620562970283
8858,25354,0.009478307611975476
8859,54475,0.009888263645050875
8860,69065,0.0114420643434737
8861,83545,0.015413422832481975
8862,94412,0.012487510487306407
8863,8079,0.01755405945906051
8864,16732,0.006482566587863734
8865,89093,0.012140273824158138
8866,94324,0.008313331256937886
8867,43822,0.009262286859725393
8868,51943,0.005331291799480624
8869,76313,0.007158356121717743
8870,85265,0.008509739565995163
8871,21961,0.0078045126633766206
8872,98717,0.00725412830950196
8873,66442,0.010403990516250745
8874,15591,0.005855834600789098
8875,51803,0.00886033710932467
8876,12282,0.010052303711060404
8877,94674,0.011135897129166242
8878,49428,0.012069881892370554
8879,62722,0.01236513268682489
8880,20144,0.012135713902946436
8881,46476,0.019154207052295393
8882,95610,0.017161682853538255
8883,49329,0.017539135112155435
8884,92752,0.017511567559010052
8885,47303,0.019388613826947988
8886,17561,0.021828388963580806
8887,1943,0.020867567074901932
8888,30821,0.005369989492742737
8889,48533,0.006642190491938501
8890,52131,0.005409117319389004
8891,54881,0.00475215206845288
8892,42521,0.007277732136043066
8893,67721,0.007118354206996399
8894,49354,0.009448421722644304
8895,14014,0.009347151691964999
8896,26555,0.01847073261198371
8897,15305,0.0184792041749199
8898,99556,0.03095809504474996
8899,90284,0.019761139906391948
8900,16112,0.006818502927312768
8901,38532,0.009264685522052427
8902,72552,0.005438795350686008
8903,73172,0.005722544394057538
8904,30764,0.00856254198979278
8905,42634,0.007809260880432951
8906,50536,0.008766693687516789
8907,73308,0.00914652584490288
8908,3420,0.008899384429771897
8909,47517,0.010007610252861874
8910,26937,0.008155692280346877
8911,81724,0.014559994832624788
8912,81598,0.01036610665914623
8913,51074,0.008218847003184468
8914,42292,0.007962468407973313
8915,94171,0.008921009021607227
8916,90898,0.013268150532023345
8917,15167,0.009670093945631363
8918,69522,0.013830055716963264
8919,55846,0.012454873688781135
8920,40510,0.019518329943426102
8921,70089,0.017982641210436242
8922,70698,0.01974538443714555
8923,6379,0.018386809087915786
8924,86070,0.005873788512892855
8925,24134,0.006341453717029006
8926,87130,0.0059934464896667355
8927,94274,0.01043379841943125
8928,26102,0.006796757657595298
8929,77912,0.007355526538213957
8930,63983,0.007608182553965689
8931,81960,0.007126012417951865
8932,71207,0.008184968226557541
8933,55183,0.006558788700165262
8934,24851,0.007878709850346903
8935,70921,0.010263275649095472
8936,35782,0.014715112968584864
8937,14787,0.01689298265005257
8938,40192,0.013582694407994858
8939,46041,0.016416239399303815
8940,21626,0.017173452210891095
8941,21101,0.016107124209637665
8942,17483,0.013425890130900443
8943,65581,0.02069931375011337
8944,10924,0.006309085133991005
8945,83206,0.010460777331844643
8946,2451,0.008205137019260683
8947,25395,0.008176454242117798
8948,47472,0.018517055333424768
8949,86733,0.01401226206499797
8950,46971,0.016499425876164157
8951,69515,0.0174143125556863
8952,10712,0.006486842673183072
8953,75339,0.010942612475608009
8954,80097,0.011027341258982071
8955,70431,0.01106103592882118
8956,49607,0.010757546135753152
8957,65117,0.016809455794248352
8958,5670,0.01147925162716689
8959,49499,0.013423436320383859
8960,41217,0.0047193298205465885
8961,26450,0.005027504843315971
8962,53975,0.0056380548876003595
8963,60214,0.006102413959269659
8964,91227,0.015160821348991448
8965,67111,0.016040898260078477
8966,40629,0.015638889533757607
8967,85409,0.014829220487293826
8968,74297,0.010265873617319583
8969,73307,0.012563997426730672
8970,55994,0.012319362581366082
8971,80973,0.012129896288377283
8972,6899,0.009321164309424597
8973,72162,0.007106207020901299
8974,24166,0.010438386902741733
8975,42638,0.01084933572717054
8976,79804,0.008638928310875732
8977,43708,0.009210358755255586
8978,79471,0.010156718307346664
8979,71799,0.010547338182839112
8980,21518,0.013593515858283781
8981,26079,0.020691044100371106
8982,86909,0.01374141484953581
8983,4478,0.01601629658103449
8984,60253,0.005291343575447113
8985,59483,0.007314457637385638
8986,4980,0.006026695329084102
8987,97739,0.005601000639804748
8988,36401,0.01001448431150915
8989,38369,0.008907309143722807
8990,84700,0.005964360311325807
8991,77970,0.006935543803956756
8992,32862,0.007734270666863979
8993,87285,0.005938055500559563
8994,18542,0.007575213340148966
8995,93193,0.004015175095387295
8996,72356,0.010895863160459807
8997,27677,0.009477205567956793
8998,11771,0.01259690706584127
8999,99845,0.00966840748329711
9000,49497,0.008912512524546699
9001,29814,0.008819756312387057
9002,86940,0.007498036713694782
9003,71956,0.007758447222121302
9004,30442,0.008634709566956694
9005,20731,0.011264456974028942
9006,80694,0.00965046302427338
9007,97992,0.009120770911330772
9008,50757,0.01375118143404648
9009,48953,0.019194307863278
9010,25718,0.019230069080443092
9011,77269,0.014116617263591091
9012,12249,0.018339055136020913
9013,17551,0.021621317917543362
9014,8227,0.016451809937964763
9015,60398,0.015695901626713145
9016,12911,0.008927156962532969
9017,76088,0.011328136978903803
9018,22587,0.009193259924865298
9019,57408,0.011605478307122975
9020,84734,0.005950709716413207
9021,39339,0.007905597013447565
9022,96885,0.007911597075501941
9023,45219,0.007745166882782419
9024,53070,0.007499653413299631
9025,74425,0.007379762183057268
9026,67931,0.008932668466494336
9027,45428,0.007341962357570876
9028,62796,0.007839273243415596
9029,90922,0.02001452612855775
9030,14041,0.004713456938845887
9031,2651,0.006688560227550234
9032,91947,0.003919807784129838
9033,84608,0.005527179846657107
9034,91151,0.006513839582441623
9035,71689,0.008400607467100593
9036,80676,0.011167618037527773
9037,58908,0.00877808585892469
9038,26780,0.007804508789166732
9039,3723,0.008507710580975903
9040,530,0.017814199103693838
9041,90087,0.015694626368030415
9042,83089,0.01787081303573656
9043,99451,0.01649148664548813
9044,92002,0.012330881213327111
9045,23640,0.01703080941756866
9046,35856,0.018994387917437867
9047,36837,0.019038376807873618
9048,23824,0.006911114622006774
9049,17357,0.00789171893757497
9050,72519,0.008228482818482322
9051,16145,0.008442055733853603
9052,10708,0.009585497216866811
9053,51574,0.009139778999991011
9054,17920,0.009479879547147354
9055,7178,0.009810152121227463
9056,24467,0.008099548834655053
9057,10338,0.017393634958839395
9058,16648,0.012684855195238735
9059,38450,0.011701106093471348
9060,21964,0.012686425203050439
9061,93704,0.018512947766298613
9062,28740,0.01970516795930046
9063,96521,0.011123176791218029
9064,86775,0.006019369384118654
9065,59956,0.010494588975100153
9066,80206,0.011766767357448913
9067,23534,0.008181099467945282
9068,86508,0.014361234578443011
9069,77160,0.01875493518515419
9070,40840,0.027334266985254676
9071,75444,0.016471218701964996
9072,3576,0.017229525250392126
9073,14926,0.02087281223506871
9074,2388,0.020713842795380667
9075,14557,0.01881804999375333
9076,90697,0.019055104917902608
9077,55903,0.019640782186795217
9078,69648,0.019828593899297645
9079,97852,0.022827870410889566
9080,56303,0.014634681459429946
9081,32472,0.01331870860118888
9082,76786,0.011394619345703148
9083,50356,0.014256478932522819
9084,89197,0.008762371622214419
9085,22213,0.0074558177513203315
9086,51145,0.007300194048608404
9087,39576,0.00906053748908099
9088,7941,0.01890597778160926
9089,34297,0.02076336008060325
9090,63126,0.020534083330560067
9091,43614,0.021274319567432497
9092,32967,0.02526767177708121
9093,86583,0.021475832892846578
9094,34487,0.029077338418386306
9095,96391,0.029161411719961977
9096,83051,0.03352196019040175
9097,79954,0.03168429817657288
9098,69357,0.03637696550023525
9099,35530,0.041632477344006505
9100,60894,0.02138637507225883
9101,12566,0.02187502225107928
9102,49528,0.012141491278182006
9103,73033,0.017124883133514488
9104,55448,0.009115118549993095
9105,53094,0.012502583447823174
9106,37997,0.011211195723332207
9107,95130,0.011142486854215344
9108,16975,0.009822360646979866
9109,50177,0.009413063072052561
9110,74913,0.00578030514512937
9111,29182,0.009928466062529569
9112,78167,0.008002653790294429
9113,387,0.009249684468304294
9114,4628,0.009908408513745965
9115,81394,0.011941050032932018
9116,22210,0.009589113790348672
9117,27022,0.009793527421290247
9118,72119,0.010018542160203639
9119,28865,0.010313243195215115
9120,95299,0.018261416719870586
9121,1182,0.01306857738355189
9122,9115,0.0071736907246181345
9123,39668,0.013121454467246009
9124,53569,0.008484863181976561
9125,12160,0.008026764610929327
9126,2040,0.008370674839689628
9127,80159,0.008927767198354936
9128,58216,0.01882479785987201
9129,12734,0.019746447496698287
9130,67488,0.022325628507405895
9131,5468,0.023935118895459587
9132,83802,0.011089784246688383
9133,54697,0.009329441990725485
9134,14915,0.012504431927733282
9135,45912,0.015912687407244223
9136,38377,0.02729440071688207
9137,55941,0.02113404868110804
9138,86978,0.021132901714507584
9139,65233,0.02247760893896764
9140,14115,0.021987657137812318
9141,98327,0.02487810510627316
9142,27435,0.0269461841768211
9143,94634,0.04366979936022299
9144,78963,0.010955636143720119
9145,35243,0.010968600230583766
9146,17960,0.011041580589018909
9147,56641,0.011536264656099138
9148,79366,0.0078051260073105635
9149,9998,0.007280670549547728
9150,78008,0.008907023694595145
9151,77940,0.008972599249141532
9152,57476,0.007926916545543054
9153,64807,0.004090885391879549
9154,51104,0.00723394668593462
9155,90636,0.010400750238823501
9156,21357,0.01650823522457313
9157,5883,0.014710037195575225
9158,68706,0.01557683677909421
9159,92066,0.01231443789137261
9160,77240,0.011123353427991181
9161,14006,0.011354332110955304
9162,13635,0.014187530904141755
9163,25098,0.014547274605156826
9164,80092,0.013697484133007969
9165,88242,0.009356218207715929
9166,42309,0.01354032302639999
9167,56161,0.014448155342540538
9168,33649,0.005040591915869575
9169,26101,0.008363004857509487
9170,63833,0.008980837468358094
9171,54608,0.009431876729236737
9172,71713,0.007728930962832755
9173,72647,0.010972461707234048
9174,94527,0.009661897829138063
9175,30770,0.005994934601657456
9176,11816,0.02157240418863584
9177,93208,0.026332942756027343
9178,37369,0.030212276796963457
9179,81667,0.031392190426276945
9180,73442,0.005419936112217978
9181,5856,0.008227359219407345
9182,38423,0.008062764688083042
9183,86529,0.007037604443300228
9184,58003,0.011442102310024693
9185,5096,0.011390106553341097
9186,18533,0.013584056087316469
9187,44866,0.012121068225162734
9188,39230,0.019353062836864672
9189,21834,0.025196637721500267
9190,24364,0.015741342313255045
9191,18436,0.01682888875406391
9192,36817,0.008086050776813512
9193,8135,0.012479190618622994
9194,30833,0.012806363893877189
9195,63185,0.013006479689365398
9196,9702,0.005954067534143406
9197,78547,0.00914116721869561
9198,37410,0.009870640232886824
9199,98260,0.01008626487674744
9200,393,0.006647918271908979
9201,10192,0.006978926432000482
9202,98473,0.00817105190740363
9203,31061,0.009258912830713225
9204,99960,0.008295108920322631
9205,78192,0.009770093396716376
9206,94741,0.008985613188600214
9207,42882,0.009645590092081765
9208,12799,0.03379383265757909
9209,14878,0.02958734988057611
9210,64491,0.03428793362234004
9211,58538,0.03803504104242945
9212,49393,0.014521295770833373
9213,97996,0.01574680408176487
9214,17075,0.02470279816598146
9215,80198,0.022632238395118052
9216,38578,0.009470692948444749
9217,36440,0.009475277513374403
9218,86927,0.010764683011375049
9219,65025,0.011994844771410997
9220,12327,0.011099776507784594
9221,35830,0.011502908082849973
9222,61767,0.012114754101539716
9223,75115,0.008810061264653439
9224,64819,0.013945148899604078
9225,59837,0.01923010901058185
9226,94498,0.020999657698950343
9227,80437,0.020745683932617647
9228,25455,0.006483167401689563
9229,76943,0.004522611997257108
9230,72339,0.011320233495097858
9231,93754,0.008985758954724223
9232,19080,0.006123588475004112
9233,54315,0.01387267565042143
9234,16916,0.008852072899907436
9235,41694,0.012148753291664132
9236,19513,0.008532144882335993
9237,42999,0.00850282382436041
9238,60397,0.005700801526693519
9239,58075,0.00947197006569785
9240,67768,0.008163432096435797
9241,45574,0.009658233107636648
9242,12213,0.007171523638484277
9243,69554,0.005305307571026577
9244,12293,0.011014593804420492
9245,20040,0.010638080718761145
9246,17410,0.007413449498003639
9247,63566,0.01085674498298273
9248,10881,0.011732541302783624
9249,47776,0.012252098325095542
9250,61029,0.012206785647191801
9251,9034,0.012775030658140623
9252,93139,0.009268379985430258
9253,13529,0.013933772516335943
9254,2901,0.014759716019033912
9255,91132,0.014959267709764443
9256,51494,0.023231023688539396
9257,9950,0.025662172930887982
9258,59013,0.02694126897824796
9259,9052,0.02251754529374281
9260,17313,0.010498831650860765
9261,16294,0.012016461217133343
9262,88151,0.010863406751059505
9263,31606,0.011605155019003454
9264,25388,0.009844382776929547
9265,43401,0.012709256498002124
9266,10066,0.013426442867564094
9267,88239,0.013365687734172129
9268,62781,0.011754026494058732
9269,98487,0.012726025346955112
9270,30309,0.013135212845185259
9271,96530,0.01011976903603542
9272,64628,0.008727652612390184
9273,96199,0.008904117436405002
9274,98860,0.00699630263459919
9275,63836,0.005891291715120807
9276,22504,0.02850175425768789
9277,43568,0.02514595068850648
9278,63333,0.027501128372040072
9279,57205,0.02614197239456911
9280,38779,0.01000518958041376
9281,16870,0.009879518200306038
9282,5054,0.011413382025082658
9283,91877,0.005203120478184092
9284,98709,0.010224032842914343
9285,22321,0.008838797222188083
9286,770,0.010409787728648152
9287,12739,0.00823196400438222
9288,15340,0.010867233925325369
9289,87859,0.015327783309002231
9290,14204,0.013128957367460857
9291,42057,0.012118835426753754
9292,17828,0.012240006159757687
9293,31322,0.013007312959240123
9294,73994,0.012847265690743747
9295,19384,0.015153734772697085
9296,17577,0.012428696328717306
9297,71843,0.016960884552093564
9298,16220,0.011231628289104989
9299,26408,0.013497897725487016
9300,1370,0.01350645167900449
9301,55108,0.018364050467678483
9302,92614,0.01715464477964109
9303,86724,0.020092075649497717
9304,48781,0.018485393128806885
9305,79317,0.01855375126926135
9306,40951,0.02441726051198198
9307,31887,0.025354293114987304
9308,6968,0.0073800274655385825
9309,53432,0.015070485459939593
9310,79731,0.00997532801175672
9311,9349,0.009360757696594921
9312,6504,0.0059095066414825955
9313,81907,0.015351025239481753
9314,47336,0.016528550852031143
9315,89130,0.01816999962364143
9316,30553,0.010565283738111062
9317,7696,0.008770459843240385
9318,8951,0.018750575356544497
9319,36943,0.012627397425812682
9320,76791,0.007539643550417208
9321,47659,0.008081904813701071
9322,72634,0.009500695391952235
9323,37766,0.008481167004947035
9324,27833,0.00866673744315539
9325,83288,0.00856025844221546
9326,547,0.010178189478285079
9327,55687,0.00965544044746042
9328,36450,0.02949661426305702
9329,96122,0.03206123519190546
9330,8007,0.032799594299494514
9331,83592,0.033797820950201875
9332,77660,0.013760312063260099
9333,20950,0.007228892312992279
9334,94462,0.008839196931899886
9335,2544,0.006991333088107861
9336,48978,0.0036860225396586725
9337,31746,0.0063720848965455705
9338,62449,0.006845977996406476
9339,40869,0.0069503692004021424
9340,45260,0.029384040588964908
9341,76642,0.032203568386454114
9342,18798,0.035399808429922894
9343,66476,0.036852976373864935
9344,89132,0.019198177675122913
9345,37086,0.018867563374086876
9346,31748,0.020866593672538805
9347,67252,0.022137364493537447
9348,32409,0.0061833521161079145
9349,13576,0.006602927088301825
9350,95924,0.00742146913864056
9351,96601,0.008527601131877189
9352,9531,0.00736668564520567
9353,9634,0.007435075283290749
9354,76670,0.011289220944892146
9355,61194,0.006061540634787108
9356,32256,0.008981557858325917
9357,40121,0.010811515529345105
9358,1559,0.008387409856589423
9359,95900,0.017785086831612704
9360,45015,0.007490511424471784
9361,31921,0.008189295647173217
9362,69181,0.006524910704370494
9363,98847,0.007873727640749154
9364,70728,0.009548752309063043
9365,18574,0.01131892014299983
9366,92511,0.011337806090713182
9367,52573,0.00990099441851338
9368,43780,0.010425339958100684
9369,87211,0.010846322580492153
9370,17520,0.010318131106278513
9371,75895,0.011243985580407791
9372,14336,0.013601076037727063
9373,39760,0.007924698211484792
9374,20786,0.008536548143716197
9375,29318,0.011019901937344603
9376,81457,0.007265450161242825
9377,83265,0.007506700688134592
9378,32116,0.007509400973240432
9379,90988,0.008754152266869965
9380,29119,0.01373725056417232
9381,70754,0.009015752785552108
9382,75788,0.01081081763530476
9383,45132,0.009510677844175364
9384,36269,0.0072209870894994616
9385,74473,0.005977446279904142
9386,94131,0.0073618103539265884
9387,5212,0.008134197233886222
9388,41035,0.016328563990156107
9389,43041,0.01231528806281268
9390,87322,0.016847504608878426
9391,72412,0.017178664505283478
9392,54010,0.014729530915624149
9393,86552,0.017583736578470344
9394,79077,0.026671440931139916
9395,42531,0.016440895365531505
9396,78147,0.020407557053177525
9397,77158,0.01748779093326908
9398,76393,0.023496921738125152
9399,98799,0.023331556969224773
9400,4852,0.0162833699030552
9401,70943,0.018436818034174733
9402,13298,0.020783092327908315
9403,49885,0.021530792446177918
9404,86680,0.013137747996892775
9405,51882,0.013320646903800502
9406,13254,0.014951481441005339
9407,3941,0.014689213269894641
9408,52343,0.008513731723522808
9409,97190,0.00889315996896893
9410,97713,0.00953012043938423
9411,76864,0.011979125999644541
9412,26057,0.017074926573800067
9413,42951,0.01905518292841533
9414,75765,0.018883652390192823
9415,25165,0.019988220034462864
9416,60360,0.005285746041217827
9417,65862,0.011879658292253157
9418,81884,0.012078125897993765
9419,30509,0.007713114238753643
9420,39149,0.013517186038869665
9421,51361,0.007693979158449377
9422,9823,0.014449945953569566
9423,93874,0.013328272306146693
9424,451,0.010271970294898958
9425,17584,0.010263919298378232
9426,31652,0.00990427380528756
9427,11801,0.011667559527395486
9428,15723,0.007189262931898245
9429,44591,0.009227536747450105
9430,96980,0.00828940489621876
9431,77663,0.00958253575046418
9432,72470,0.022728574331498434
9433,24755,0.01784132666317772
9434,39349,0.026326629805208505
9435,89481,0.027691086507427066
9436,15741,0.009365258343137766
9437,56280,0.012799777759987977
9438,13562,0.012668305050002483
9439,49517,0.013744377341240229
9440,52846,0.009002688937100857
9441,78026,0.010089188210589918
9442,97516,0.008868567195837954
9443,73091,0.010669354979849258
9444,15195,0.01455883174892296
9445,48758,0.01578138143633622
9446,90877,0.01714927889641118
9447,26451,0.01778467117615275
9448,67177,0.0069291057140197015
9449,95199,0.006790526049451812
9450,22438,0.005511370434766854
9451,44204,0.0064873219542153785
9452,40531,0.009876804639031497
9453,46854,0.012333160638886304
9454,29042,0.008781607324313066
9455,2160,0.010022432456361183
9456,72939,0.007138949051871724
9457,89151,0.00964680778936073
9458,2846,0.005828467413216151
9459,73894,0.009266035360045773
9460,70733,0.012877126506695646
9461,19159,0.013740847139718407
9462,40070,0.014473059439334631
9463,65128,0.01495571448388933
9464,52676,0.008390284280577975
9465,7654,0.010628079996935574
9466,73259,0.008519475721109662
9467,66926,0.008830044506388388
9468,58568,0.021653314852301903
9469,64168,0.01682011377288423
9470,93890,0.016728776170262166
9471,32012,0.018369146411352136
9472,92966,0.010922622151477854
9473,30020,0.012427640360845853
9474,22926,0.011764192400440427
9475,97353,0.013095321589110344
9476,92477,0.009783234980086574
9477,64962,0.008614053721488987
9478,66682,0.00716399796688357
9479,76469,0.009791505929795257
9480,48140,0.012518460957395686
9481,59675,0.014871462532474672
9482,67461,0.01675180365043328
9483,41840,0.012565190472487815
9484,52674,0.012205349362209229
9485,36146,0.010470522726794626
9486,54360,0.010392061487698216
9487,81417,0.01220308764298381
9488,47989,0.006538099955493669
9489,57573,0.00761846996017449
9490,93170,0.008326262719700947
9491,67696,0.007001604402328712
9492,74448,0.004253540700667469
9493,80050,0.004992989457956998
9494,37774,0.006907373627056103
9495,5283,0.007737699579126624
9496,78598,0.004617190614474249
9497,61659,0.01091666389280934
9498,20361,0.011792463954741907
9499,28064,0.007603384094929876
9500,14558,0.008858578475257915
9501,86275,0.010061959342361914
9502,6381,0.010463997814479738
9503,16152,0.009849990004690133
9504,91761,0.009371927885769047
9505,92390,0.00916447197000069
9506,81258,0.006760679671160598
9507,24827,0.009485483191684898
9508,49478,0.015943595487965326
9509,56431,0.022416749418770393
9510,94774,0.021931534200277717
9511,63569,0.015318826139973322
9512,19419,0.012491939511805038
9513,52653,0.010254831792193452
9514,23113,0.012702807716489664
9515,88209,0.01840521011796849
9516,65304,0.008837991615834774
9517,72193,0.010853282621218516
9518,18854,0.012954492263338512
9519,13028,0.009313868207344886
9520,23612,0.009290435303108238
9521,28838,0.01053852491963221
9522,11608,0.011273418067828181
9523,78504,0.011307284702412016
9524,96705,0.015062591557584057
9525,16837,0.01488086300331607
9526,77624,0.019343029299182933
9527,3366,0.015245067193451475
9528,9917,0.007005889708827249
9529,83013,0.005661850900594626
9530,1405,0.011243161010037906
9531,41203,0.008271960426927061
9532,2013,0.006249688348701096
9533,43574,0.010133353239674353
9534,90210,0.006899048114883153
9535,13321,0.008039588445063351
9536,74285,0.009482134634695893
9537,41570,0.010632513290237726
9538,52055,0.013724413715090235
9539,84981,0.012544970241395188
9540,90035,0.00981412322131998
9541,17370,0.00987471240962612
9542,18418,0.01189973422325107
9543,89956,0.011192503826687458
9544,61972,0.00872814667958186
9545,97843,0.01178277912134127
9546,8365,0.010139832679068598
9547,3669,0.009727436955102137
9548,79545,0.01254429251783181
9549,63832,0.01622709722789914
9550,67194,0.015126305556250042
9551,92492,0.017324073463598072
9552,97705,0.01764401280573082
9553,7030,0.016579744661878483
9554,65881,0.01566241600323319
9555,21216,0.02289387808718758
9556,73015,0.01179652792645065
9557,17161,0.012496225211056507
9558,76732,0.012876631594811446
9559,96992,0.01290794537712437
9560,31547,0.02040985102325875
9561,33560,0.019576913344152992
9562,74805,0.019117635822137474
9563,13887,0.019518155011429828
9564,80301,0.012633246431060766
9565,79008,0.005519570855399002
9566,46236,0.010455772785262
9567,86993,0.013401861994785425
9568,29237,0.02446567923356919
9569,57862,0.01732791781012334
9570,23314,0.018246250022576356
9571,56839,0.020625048166484382
9572,20941,0.008179838290076392
9573,44618,0.00875081147656166
9574,56218,0.014178323363782502
9575,56018,0.008392964025556598
9576,64618,0.008319876153774218
9577,68147,0.008301079948779919
9578,30909,0.005161414227040257
9579,33129,0.009771366699947768
9580,16681,0.006873154950854171
9581,41292,0.00676841402785129
9582,39911,0.008153883903847556
9583,27652,0.008663438892804822
9584,70037,0.038198602318176005
9585,46194,0.034171870250119474
9586,6678,0.038188164061654664
9587,83331,0.03358372561780311
9588,3153,0.0051784405531128605
9589,52034,0.0059532825093982986
9590,60953,0.009797678250240693
9591,71303,0.009443206866064572
9592,21154,0.009510106512486629
9593,74634,0.009221206898781267
9594,84505,0.00956483393719898
9595,91567,0.009915731250409555
9596,42816,0.009229501887925264
9597,12258,0.010886338300887989
9598,38691,0.008184952153601748
9599,96739,0.010988881428743942
9600,87836,0.014065157031980122
9601,79412,0.014506491815067342
9602,24758,0.021217842606183326
9603,32309,0.018544527717375962
9604,70785,0.018202668191936968
9605,4691,0.018108305002186652
9606,31651,0.01434252592762893
9607,3343,0.018385884352112056
9608,33144,0.006232420526954212
9609,10783,0.007107818012326585
9610,80696,0.0073445018342210774
9611,17122,0.006246570084715618
9612,10582,0.008127017847459096
9613,46349,0.009951274109389662
9614,46456,0.010079640547421592
9615,77633,0.006118385046906047
9616,12041,0.009277017097218329
9617,79651,0.01109133652065462
9618,698,0.008951278546359635
9619,57440,0.010040961198268205
9620,35361,0.009272858638297432
9621,57919,0.009398098591410746
9622,59717,0.009606978948641999
9623,95393,0.009732256515719101
9624,57278,0.01051009402661041
9625,46110,0.009312220023206861
9626,57918,0.00620265314426634
9627,84350,0.011153240408169326
9628,40438,0.014941086813982112
9629,34520,0.015788777439049426
9630,49170,0.0195080412161319
9631,34818,0.020705035734567417
9632,35918,0.016223897265450118
9633,60569,0.01746970511450587
9634,27018,0.017997710363112634
9635,96227,0.01952579407473294
9636,21061,0.008352245743567301
9637,91979,0.010076391394921223
9638,97504,0.00877812444011904
9639,90986,0.01080331028570683
9640,15407,0.0191106661537354
9641,95978,0.01431832282869512
9642,56525,0.014313124824196707
9643,93153,0.018216925940190625
9644,93277,0.012479984450776416
9645,9897,0.0081563632302619
9646,2282,0.006704012347675532
9647,29158,0.011005456094776265
9648,64174,0.009740166984759132
9649,70305,0.008937673931247864
9650,72206,0.010554602658568214
9651,58998,0.01142855304074836
9652,28374,0.028359403773402393
9653,34645,0.025095524601963418
9654,60822,0.02850445447876944
9655,82611,0.03217015586467421
9656,89242,0.008097590343107025
9657,39137,0.008157618360508944
9658,58077,0.014314994608776964
9659,66579,0.011166943657626086
9660,2632,0.00949001178823056
9661,80224,0.009597572230978513
9662,23230,0.010158456305092437
9663,29539,0.010629330026118254
9664,80778,0.007266007934147237
9665,62335,0.011189195874450133
9666,96472,0.009671421537188824
9667,61039,0.011473064642924215
9668,26254,0.009085253265518269
9669,30876,0.011702028166713617
9670,10662,0.011884543464391646
9671,97630,0.011417155646471316
9672,96788,0.00567229834557377
9673,51189,0.007495283839598809
9674,84127,0.008203230465939432
9675,88769,0.010298004259643804
9676,642,0.005979934590300384
9677,4444,0.007589821514282581
9678,8639,0.00794236467823706
9679,41400,0.01066468462073026
9680,76397,0.011142128070200302
9681,19448,0.009357394608139778
9682,29043,0.010390425936833632
9683,77709,0.00925019428228002
9684,16647,0.0148259988507064
9685,24236,0.022412971807815815
9686,9195,0.01613258654182751
9687,36804,0.014630710075874154
9688,99276,0.019481096483140663
9689,62560,0.011122689611637678
9690,11661,0.010945287552442819
9691,39534,0.019434299070567353
9692,61771,0.013761424155342527
9693,41597,0.013114813169608545
9694,51209,0.011245360974329805
9695,81680,0.022784324300941232
9696,80796,0.0059008935533507376
9697,45880,0.007193973655222884
9698,98662,0.007651856106784133
9699,3372,0.007645795504517808
9700,54492,0.009602383420366352
9701,94789,0.007526785381549252
9702,10040,0.009893904498450184
9703,64126,0.010263981928733927
9704,33743,0.01633339974535446
9705,76178,0.015128487157618081
9706,15137,0.017296059206282462
9707,10201,0.017517596925078614
9708,44785,0.004935688838761691
9709,81607,0.007772911754742182
9710,17656,0.0068826200964204306
9711,48795,0.004487811193473207
9712,8471,0.025900309545969277
9713,80906,0.024252870322051083
9714,90240,0.02709485658379962
9715,10105,0.050086563242325376
9716,58402,0.007544052811398812
9717,26858,0.007491188886229021
9718,49736,0.008226688093662693
9719,38624,0.00875314559499588
9720,76147,0.020255038357264634
9721,71525,0.024247392009524707
9722,87079,0.01068372544316247
9723,98820,0.011455890279314235
9724,10407,0.00893404192838406
9725,32783,0.011023630029939249
9726,97057,0.013765752107687611
9727,22373,0.013854010200178988
9728,88051,0.008935027270125812
9729,8430,0.009925510240724205
9730,96353,0.009171881875102907
9731,90151,0.010315953897131972
9732,2829,0.014898390947094622
9733,4762,0.015137891157840587
9734,62243,0.01597437241382986
9735,88629,0.01599163738530103
9736,90631,0.009023333072578618
9737,55470,0.008961574996770702
9738,2742,0.009719500458250707
9739,35872,0.01149294427253384
9740,94642,0.009384843373749462
9741,94137,0.00955861895584594
9742,30127,0.011695373511623494
9743,41012,0.012359749748457645
9744,67166,0.008226783652903958
9745,59442,0.012513597058580269
9746,13335,0.007728655494943004
9747,26640,0.009799903463674174
9748,67383,0.03841304047624092
9749,95705,0.016360065998620825
9750,55906,0.01759491318649037
9751,94358,0.018069651985824615
9752,90672,0.01598430049770834
9753,62039,0.01612738093311516
9754,68241,0.01655039724429068
9755,9025,0.017409592892692775
9756,85690,0.0038259042218313673
9757,12110,0.005396120660125172
9758,81817,0.007588516521540424
9759,32447,0.007820225651117275
9760,87320,0.011196635628704429
9761,79119,0.0217344416044135
9762,2941,0.012585524303596208
9763,4452,0.013608944983722416
9764,52928,0.006236840632967381
9765,35465,0.00836701754018034
9766,60757,0.0064952962084097515
9767,31713,0.008851477352309524
9768,8090,0.004904285593253007
9769,95759,0.008785353512265257
9770,63520,0.010999759763691084
9771,96561,0.011316024854808523
9772,81051,0.025495460842528676
9773,61428,0.02201821024540122
9774,30,0.022778622294446764
9775,94383,0.02469404850770144
9776,22219,0.0168267035941678
9777,36838,0.016142888562886922
9778,21807,0.015481438902533047
9779,82879,0.010727762042868136
9780,81079,0.004092493064529443
9781,19166,0.006789278650486589
9782,72125,0.00727350363099011
9783,66930,0.007570084711497291
9784,26454,0.013934252072970069
9785,36961,0.015060329339425953
9786,54362,0.015227468331821838
9787,63352,0.015480396341985964
9788,72558,0.008800124586319933
9789,56236,0.015610897676458457
9790,4210,0.01032223646176271
9791,60827,0.010295805486330764
9792,43262,0.017768021027575628
9793,24189,0.01675894025481309
9794,33536,0.016563346523360282
9795,55972,0.013081262424203901
9796,83086,0.016848494127889885
9797,15672,0.015178712332325654
9798,96157,0.02755010423885296
9799,35358,0.017371147686204236
9800,60284,0.016871889589719573
9801,70404,0.019667758432929647
9802,22290,0.01980767477818329
9803,69900,0.02172252444258761
9804,21113,0.013064743466714837
9805,76182,0.01344921352102592
9806,67701,0.012918734901932983
9807,21628,0.014045838877327656
9808,91516,0.005883454895973941
9809,7310,0.0062867515379093925
9810,30254,0.006435450259839383
9811,92419,0.00811911490303745
9812,32693,0.012092422636617002
9813,49870,0.016404965443447293
9814,52282,0.014966389338406716
9815,74264,0.022673420971143436
9816,20697,0.01141615188311476
9817,82160,0.013650107074386162
9818,94002,0.016918646201738802
9819,85729,0.015480498627851079
9820,20449,0.009954725134587918
9821,61644,0.011332617963886963
9822,85676,0.012995842514763177
9823,47322,0.013222063611315468
9824,21792,0.009243246983628143
9825,37989,0.008675854483545558
9826,24442,0.008048833227754515
9827,76106,0.008432414678704979
9828,90074,0.017028993004570038
9829,98898,0.02017033168665464
9830,23431,0.02164499573660295
9831,63303,0.022298561296257322
9832,19057,0.008381024197314147
9833,49765,0.01173975108462746
9834,73732,0.007560263974320288
9835,2960,0.01269120113481777
9836,75175,0.009120400655746281
9837,57825,0.012735108368262464
9838,66736,0.012079548375506908
9839,83054,0.009882824005491293
9840,45318,0.01973456157751234
9841,19536,0.03977441349486023
9842,51313,0.014567706222110014
9843,74505,0.024623446526384495
9844,83355,0.011786228471611808
9845,86273,0.011828192633714405
9846,77816,0.012172484223596878
9847,5731,0.010351585640344024
9848,47014,0.009616041786288327
9849,30859,0.009875212769788864
9850,34933,0.007318881056159181
9851,70977,0.007349461163017299
9852,39706,0.009987076849771336
9853,21362,0.014831686991630545
9854,55418,0.014549704333854207
9855,24702,0.015756723840865162
9856,39527,0.008293212591365538
9857,44244,0.012498379833008824
9858,70222,0.008572096911776047
9859,98958,0.009824486061165563
9860,68138,0.00879019872697602
9861,72811,0.008199305014536466
9862,41003,0.009061001571130612
9863,51661,0.014188035440348627
9864,7521,0.0156268959507352
9865,34750,0.020631976118083577
9866,99086,0.009644871024738672
9867,31248,0.021741645854875532
9868,32874,0.012069290358268748
9869,33676,0.009892769166346575
9870,83553,0.010395335965805734
9871,62159,0.006747803568241243
9872,72248,0.005865445342426022
9873,29588,0.007356646004495199
9874,40852,0.00771187382129793
9875,33107,0.003784561802765851
9876,53409,0.029655827299352948
9877,52789,0.023210904814422974
9878,62802,0.027502463555819742
9879,84154,0.02572743247525203
9880,85770,0.023818332441309844
9881,74190,0.022731575209012575
9882,13300,0.021802357146341933
9883,45093,0.022740582129905873
9884,29674,0.009026037922908962
9885,86076,0.010965628387735831
9886,39445,0.010505151211553994
9887,36695,0.01025921995707234
9888,90861,0.00749623447467466
9889,17821,0.009235041980327057
9890,48486,0.01279658893676371
9891,61857,0.008136118855980796
9892,83271,0.0336075719996099
9893,33320,0.02765371209509572
9894,78961,0.028767481642171987
9895,77287,0.04060797123865184
9896,42524,0.006515180449611049
9897,39948,0.008273564786854055
9898,34524,0.0066213330322261715
9899,99279,0.00817344849054726
9900,39982,0.012502749142201938
9901,14752,0.011804321438115552
9902,10344,0.017179115311015142
9903,81554,0.013577823581186886
9904,53955,0.013558000442744482
9905,57018,0.020127761097005033
9906,72004,0.020092557007791577
9907,39690,0.015593572113878008
9908,5224,0.014113067199942307
9909,59536,0.01476842648505985
9910,52266,0.019232021447703997
9911,62240,0.01797793454742371
9912,34946,0.010949663103496833
9913,27891,0.015289543587168946
9914,30247,0.010250866060355784
9915,98598,0.009855666820333061
9916,38339,0.007715856785258814
9917,22697,0.01371114994135813
9918,33239,0.019639490536296895
9919,62319,0.0194872759176606
9920,84778,0.008548185419187485
9921,89520,0.009377623468131332
9922,26602,0.011518704703136094
9923,95780,0.006899428298339104
9924,55026,0.016348569670031038
9925,29459,0.01335181961820711
9926,31395,0.01645285643229427
9927,99201,0.016800718432116044
9928,66977,0.01391569310002704
9929,42617,0.023506693182988467
9930,41474,0.018941595883515867
9931,80300,0.019197454089756132
9932,6698,0.013216675543101318
9933,82371,0.009683911531474524
9934,72288,0.017791291711141386
9935,70274,0.01448930526565681
9936,47192,0.02536471190735807
9937,696,0.00668958419038149
9938,45746,0.011370789766964188
9939,72532,0.010803664251286059
9940,27436,0.025066750496880088
9941,9369,0.02838369360132152
9942,15714,0.029932878139399464
9943,24120,0.027216468361097354
9944,2711,0.0086310201030273
9945,39177,0.009418299207458219
9946,21645,0.00946967557303974
9947,42797,0.009895091168270812
9948,81127,0.006648722358692235
9949,59193,0.006893322147199277
9950,43378,0.007673681713736526
9951,7977,0.007926842625348991
9952,18567,0.008951445316127713
9953,52742,0.009613239472157566
9954,97722,0.01026970298106889
9955,71355,0.009783235348442661
9956,75581,0.006994104822467678
9957,49292,0.007281929761826534
9958,95243,0.007677682474061734
9959,38519,0.007920488879715104
9960,23133,0.008574520594348857
9961,58673,0.010578671800148536
9962,69837,0.010151931570984098
9963,86649,0.009304880578165418
9964,5754,0.0166571387882141
9965,97757,0.017784181667201984
9966,43768,0.018509075702221822
9967,53419,0.025200782137832285
9968,26501,0.005328544122453977
9969,11647,0.008075903639768008
9970,21690,0.012592109979895197
9971,93392,0.010190309389283444
9972,32107,0.022041651636390675
9973,88442,0.034768351966930656
9974,741,0.025994106427503882
9975,58555,0.02695744372305604
9976,52431,0.023574668932718357
9977,27744,0.03440128367179838
9978,41898,0.026873601964225762
9979,79504,0.02097415967754553
9980,6938,0.013964052730350519
9981,78588,0.01398418568599483
9982,27510,0.013548453082987367
9983,31639,0.010623054817810881
9984,26684,0.012762409082036491
9985,20756,0.010412291173052467
9986,50198,0.009705110398166211
9987,98380,0.01060179504350194
9988,92818,0.008718007281653017
9989,75682,0.009485555533424464
9990,8256,0.010166834867377728
9991,32850,0.010520194889817782
9992,84539,0.0071799390526191675
9993,61790,0.0056256567172793
9994,32879,0.005260606097065718
9995,64237,0.008106862124056865
9996,36304,0.005774480328164511
9997,70970,0.012326001079579802
9998,88977,0.0085313930450053
9999,73535,0.009190674456432568
